ISO-10303-21;
HEADER;
/* Generated by software containing ST-Developer
 * from STEP Tools, Inc. (www.steptools.com) 
 */

FILE_DESCRIPTION(
/* description */ (''),
/* implementation_level */ '2;1');

FILE_NAME(
/* name */ 'hexStand8.step',
/* time_stamp */ '2026-09-13T04:47:48+03:00',
/* author */ (''),
/* organization */ (''),
/* preprocessor_version */ 'ST-DEVELOPER v20.2',
/* originating_system */ 'Autodesk Translation Framework v15.15.0.0',
/* authorisation */ '');

FILE_SCHEMA (('AUTOMOTIVE_DESIGN { 1 0 10303 214 3 1 1 }'));
ENDSEC;

DATA;
#10=MECHANICAL_DESIGN_GEOMETRIC_PRESENTATION_REPRESENTATION('',(#13),#17375);
#11=SHAPE_REPRESENTATION_RELATIONSHIP('SRR','None',#17382,#12);
#12=ADVANCED_BREP_SHAPE_REPRESENTATION('',(#14),#17374);
#13=STYLED_ITEM('',(#17391),#14);
#14=MANIFOLD_SOLID_BREP('Body2',#10063);
#15=FACE_BOUND('',#1669,.T.);
#16=FACE_BOUND('',#1670,.T.);
#17=FACE_BOUND('',#1671,.T.);
#18=FACE_BOUND('',#1672,.T.);
#19=FACE_BOUND('',#1673,.T.);
#20=FACE_BOUND('',#1674,.T.);
#21=FACE_BOUND('',#1675,.T.);
#22=FACE_BOUND('',#1676,.T.);
#23=FACE_BOUND('',#1677,.T.);
#24=FACE_BOUND('',#1678,.T.);
#25=FACE_BOUND('',#1679,.T.);
#26=FACE_BOUND('',#1685,.T.);
#27=FACE_BOUND('',#1686,.T.);
#28=FACE_BOUND('',#1687,.T.);
#29=FACE_BOUND('',#1688,.T.);
#30=FACE_BOUND('',#1689,.T.);
#31=FACE_BOUND('',#1690,.T.);
#32=FACE_BOUND('',#1691,.T.);
#33=FACE_BOUND('',#1692,.T.);
#34=CYLINDRICAL_SURFACE('',#10088,1.);
#35=CYLINDRICAL_SURFACE('',#10090,25.);
#36=CYLINDRICAL_SURFACE('',#10092,1.);
#37=CYLINDRICAL_SURFACE('',#10104,1.);
#38=CYLINDRICAL_SURFACE('',#10106,25.);
#39=CYLINDRICAL_SURFACE('',#10108,1.);
#40=CYLINDRICAL_SURFACE('',#10122,1.);
#41=CYLINDRICAL_SURFACE('',#10124,25.);
#42=CYLINDRICAL_SURFACE('',#10126,1.);
#43=CYLINDRICAL_SURFACE('',#10151,1.);
#44=CYLINDRICAL_SURFACE('',#10155,1.);
#45=CYLINDRICAL_SURFACE('',#10158,13.8571428571429);
#46=CYLINDRICAL_SURFACE('',#10161,1.);
#47=CYLINDRICAL_SURFACE('',#10165,1.);
#48=CYLINDRICAL_SURFACE('',#10168,21.);
#49=CYLINDRICAL_SURFACE('',#10171,1.);
#50=CYLINDRICAL_SURFACE('',#10175,1.);
#51=CYLINDRICAL_SURFACE('',#10178,13.8571428571429);
#52=CYLINDRICAL_SURFACE('',#10181,1.);
#53=CYLINDRICAL_SURFACE('',#10185,1.);
#54=CYLINDRICAL_SURFACE('',#10188,21.);
#55=CYLINDRICAL_SURFACE('',#10191,1.);
#56=CYLINDRICAL_SURFACE('',#10195,1.);
#57=CYLINDRICAL_SURFACE('',#10198,13.8571428571429);
#58=CYLINDRICAL_SURFACE('',#10201,1.);
#59=CYLINDRICAL_SURFACE('',#10204,21.);
#60=CYLINDRICAL_SURFACE('',#10207,1.);
#61=CYLINDRICAL_SURFACE('',#10222,1.);
#62=CYLINDRICAL_SURFACE('',#10224,25.);
#63=CYLINDRICAL_SURFACE('',#10226,1.);
#64=CYLINDRICAL_SURFACE('',#10241,1.);
#65=CYLINDRICAL_SURFACE('',#10243,25.);
#66=CYLINDRICAL_SURFACE('',#10245,1.);
#67=CYLINDRICAL_SURFACE('',#10260,1.);
#68=CYLINDRICAL_SURFACE('',#10262,25.);
#69=CYLINDRICAL_SURFACE('',#10264,1.);
#70=CYLINDRICAL_SURFACE('',#10292,1.);
#71=CYLINDRICAL_SURFACE('',#10296,1.);
#72=CYLINDRICAL_SURFACE('',#10299,13.8571428571429);
#73=CYLINDRICAL_SURFACE('',#10302,1.);
#74=CYLINDRICAL_SURFACE('',#10306,1.);
#75=CYLINDRICAL_SURFACE('',#10309,21.);
#76=CYLINDRICAL_SURFACE('',#10312,1.);
#77=CYLINDRICAL_SURFACE('',#10316,1.);
#78=CYLINDRICAL_SURFACE('',#10319,13.8571428571429);
#79=CYLINDRICAL_SURFACE('',#10322,1.);
#80=CYLINDRICAL_SURFACE('',#10326,1.);
#81=CYLINDRICAL_SURFACE('',#10329,21.);
#82=CYLINDRICAL_SURFACE('',#10332,1.);
#83=CYLINDRICAL_SURFACE('',#10336,1.);
#84=CYLINDRICAL_SURFACE('',#10339,13.8571428571429);
#85=CYLINDRICAL_SURFACE('',#10342,1.);
#86=CYLINDRICAL_SURFACE('',#10345,21.);
#87=CYLINDRICAL_SURFACE('',#10348,1.);
#88=CYLINDRICAL_SURFACE('',#10642,1.);
#89=CYLINDRICAL_SURFACE('',#10644,25.);
#90=CYLINDRICAL_SURFACE('',#10646,1.);
#91=CYLINDRICAL_SURFACE('',#10655,1.);
#92=CYLINDRICAL_SURFACE('',#10657,25.);
#93=CYLINDRICAL_SURFACE('',#10659,1.);
#94=CYLINDRICAL_SURFACE('',#10670,1.);
#95=CYLINDRICAL_SURFACE('',#10672,25.);
#96=CYLINDRICAL_SURFACE('',#10674,1.);
#97=CYLINDRICAL_SURFACE('',#10699,1.);
#98=CYLINDRICAL_SURFACE('',#10701,1.);
#99=CYLINDRICAL_SURFACE('',#10702,13.8571428571429);
#100=CYLINDRICAL_SURFACE('',#10703,1.);
#101=CYLINDRICAL_SURFACE('',#10705,1.);
#102=CYLINDRICAL_SURFACE('',#10706,21.);
#103=CYLINDRICAL_SURFACE('',#10707,1.);
#104=CYLINDRICAL_SURFACE('',#10709,1.);
#105=CYLINDRICAL_SURFACE('',#10710,13.8571428571429);
#106=CYLINDRICAL_SURFACE('',#10711,1.);
#107=CYLINDRICAL_SURFACE('',#10713,1.);
#108=CYLINDRICAL_SURFACE('',#10714,21.);
#109=CYLINDRICAL_SURFACE('',#10715,1.);
#110=CYLINDRICAL_SURFACE('',#10717,1.);
#111=CYLINDRICAL_SURFACE('',#10718,13.8571428571429);
#112=CYLINDRICAL_SURFACE('',#10719,1.);
#113=CYLINDRICAL_SURFACE('',#10720,21.);
#114=CYLINDRICAL_SURFACE('',#10721,1.);
#115=CYLINDRICAL_SURFACE('',#10733,1.);
#116=CYLINDRICAL_SURFACE('',#10735,25.);
#117=CYLINDRICAL_SURFACE('',#10737,1.);
#118=CYLINDRICAL_SURFACE('',#10748,1.);
#119=CYLINDRICAL_SURFACE('',#10750,25.);
#120=CYLINDRICAL_SURFACE('',#10752,1.);
#121=CYLINDRICAL_SURFACE('',#10763,1.);
#122=CYLINDRICAL_SURFACE('',#10765,25.);
#123=CYLINDRICAL_SURFACE('',#10767,1.);
#124=CYLINDRICAL_SURFACE('',#10790,1.);
#125=CYLINDRICAL_SURFACE('',#10792,1.);
#126=CYLINDRICAL_SURFACE('',#10793,13.8571428571429);
#127=CYLINDRICAL_SURFACE('',#10794,1.);
#128=CYLINDRICAL_SURFACE('',#10796,1.);
#129=CYLINDRICAL_SURFACE('',#10797,21.);
#130=CYLINDRICAL_SURFACE('',#10798,1.);
#131=CYLINDRICAL_SURFACE('',#10800,1.);
#132=CYLINDRICAL_SURFACE('',#10801,13.8571428571429);
#133=CYLINDRICAL_SURFACE('',#10802,1.);
#134=CYLINDRICAL_SURFACE('',#10804,1.);
#135=CYLINDRICAL_SURFACE('',#10805,21.);
#136=CYLINDRICAL_SURFACE('',#10806,1.);
#137=CYLINDRICAL_SURFACE('',#10808,1.);
#138=CYLINDRICAL_SURFACE('',#10809,13.8571428571429);
#139=CYLINDRICAL_SURFACE('',#10810,1.);
#140=CYLINDRICAL_SURFACE('',#10811,21.);
#141=CYLINDRICAL_SURFACE('',#10812,1.);
#142=CYLINDRICAL_SURFACE('',#10829,1.);
#143=CYLINDRICAL_SURFACE('',#10831,25.);
#144=CYLINDRICAL_SURFACE('',#10833,1.);
#145=CYLINDRICAL_SURFACE('',#10843,1.);
#146=CYLINDRICAL_SURFACE('',#10845,25.);
#147=CYLINDRICAL_SURFACE('',#10847,1.);
#148=CYLINDRICAL_SURFACE('',#10859,1.);
#149=CYLINDRICAL_SURFACE('',#10861,25.);
#150=CYLINDRICAL_SURFACE('',#10863,1.);
#151=CYLINDRICAL_SURFACE('',#10891,1.);
#152=CYLINDRICAL_SURFACE('',#10893,1.);
#153=CYLINDRICAL_SURFACE('',#10894,13.8571428571429);
#154=CYLINDRICAL_SURFACE('',#10895,1.);
#155=CYLINDRICAL_SURFACE('',#10897,1.);
#156=CYLINDRICAL_SURFACE('',#10898,21.);
#157=CYLINDRICAL_SURFACE('',#10899,1.);
#158=CYLINDRICAL_SURFACE('',#10901,1.);
#159=CYLINDRICAL_SURFACE('',#10902,13.8571428571429);
#160=CYLINDRICAL_SURFACE('',#10903,1.);
#161=CYLINDRICAL_SURFACE('',#10905,1.);
#162=CYLINDRICAL_SURFACE('',#10906,21.);
#163=CYLINDRICAL_SURFACE('',#10907,1.);
#164=CYLINDRICAL_SURFACE('',#10909,1.);
#165=CYLINDRICAL_SURFACE('',#10910,13.8571428571429);
#166=CYLINDRICAL_SURFACE('',#10911,1.);
#167=CYLINDRICAL_SURFACE('',#10912,21.);
#168=CYLINDRICAL_SURFACE('',#10913,1.);
#169=CYLINDRICAL_SURFACE('',#10928,1.);
#170=CYLINDRICAL_SURFACE('',#10930,25.);
#171=CYLINDRICAL_SURFACE('',#10932,1.);
#172=CYLINDRICAL_SURFACE('',#10943,1.);
#173=CYLINDRICAL_SURFACE('',#10945,25.);
#174=CYLINDRICAL_SURFACE('',#10947,1.);
#175=CYLINDRICAL_SURFACE('',#10958,1.);
#176=CYLINDRICAL_SURFACE('',#10960,25.);
#177=CYLINDRICAL_SURFACE('',#10962,1.);
#178=CYLINDRICAL_SURFACE('',#10989,1.);
#179=CYLINDRICAL_SURFACE('',#10991,1.);
#180=CYLINDRICAL_SURFACE('',#10992,13.8571428571429);
#181=CYLINDRICAL_SURFACE('',#10993,1.);
#182=CYLINDRICAL_SURFACE('',#10995,1.);
#183=CYLINDRICAL_SURFACE('',#10996,21.);
#184=CYLINDRICAL_SURFACE('',#10997,1.);
#185=CYLINDRICAL_SURFACE('',#10999,1.);
#186=CYLINDRICAL_SURFACE('',#11000,13.8571428571429);
#187=CYLINDRICAL_SURFACE('',#11001,1.);
#188=CYLINDRICAL_SURFACE('',#11003,1.);
#189=CYLINDRICAL_SURFACE('',#11004,21.);
#190=CYLINDRICAL_SURFACE('',#11005,1.);
#191=CYLINDRICAL_SURFACE('',#11007,1.);
#192=CYLINDRICAL_SURFACE('',#11008,13.8571428571429);
#193=CYLINDRICAL_SURFACE('',#11009,1.);
#194=CYLINDRICAL_SURFACE('',#11010,21.);
#195=CYLINDRICAL_SURFACE('',#11011,1.);
#196=CYLINDRICAL_SURFACE('',#11024,1.);
#197=CYLINDRICAL_SURFACE('',#11026,25.);
#198=CYLINDRICAL_SURFACE('',#11028,1.);
#199=CYLINDRICAL_SURFACE('',#11038,1.);
#200=CYLINDRICAL_SURFACE('',#11040,25.);
#201=CYLINDRICAL_SURFACE('',#11042,1.);
#202=CYLINDRICAL_SURFACE('',#11054,1.);
#203=CYLINDRICAL_SURFACE('',#11056,25.);
#204=CYLINDRICAL_SURFACE('',#11058,1.);
#205=CYLINDRICAL_SURFACE('',#11086,1.);
#206=CYLINDRICAL_SURFACE('',#11088,1.);
#207=CYLINDRICAL_SURFACE('',#11089,13.8571428571429);
#208=CYLINDRICAL_SURFACE('',#11090,1.);
#209=CYLINDRICAL_SURFACE('',#11092,1.);
#210=CYLINDRICAL_SURFACE('',#11093,21.);
#211=CYLINDRICAL_SURFACE('',#11094,1.);
#212=CYLINDRICAL_SURFACE('',#11096,1.);
#213=CYLINDRICAL_SURFACE('',#11097,13.8571428571429);
#214=CYLINDRICAL_SURFACE('',#11098,1.);
#215=CYLINDRICAL_SURFACE('',#11100,1.);
#216=CYLINDRICAL_SURFACE('',#11101,21.);
#217=CYLINDRICAL_SURFACE('',#11102,1.);
#218=CYLINDRICAL_SURFACE('',#11104,1.);
#219=CYLINDRICAL_SURFACE('',#11105,13.8571428571429);
#220=CYLINDRICAL_SURFACE('',#11106,1.);
#221=CYLINDRICAL_SURFACE('',#11107,21.);
#222=CYLINDRICAL_SURFACE('',#11108,1.);
#223=CYLINDRICAL_SURFACE('',#11123,1.);
#224=CYLINDRICAL_SURFACE('',#11125,25.);
#225=CYLINDRICAL_SURFACE('',#11127,1.);
#226=CYLINDRICAL_SURFACE('',#11139,1.);
#227=CYLINDRICAL_SURFACE('',#11141,25.);
#228=CYLINDRICAL_SURFACE('',#11143,1.);
#229=CYLINDRICAL_SURFACE('',#11155,1.);
#230=CYLINDRICAL_SURFACE('',#11157,25.);
#231=CYLINDRICAL_SURFACE('',#11159,1.);
#232=CYLINDRICAL_SURFACE('',#11188,1.);
#233=CYLINDRICAL_SURFACE('',#11190,1.);
#234=CYLINDRICAL_SURFACE('',#11191,13.8571428571429);
#235=CYLINDRICAL_SURFACE('',#11192,1.);
#236=CYLINDRICAL_SURFACE('',#11194,1.);
#237=CYLINDRICAL_SURFACE('',#11195,21.);
#238=CYLINDRICAL_SURFACE('',#11196,1.);
#239=CYLINDRICAL_SURFACE('',#11198,1.);
#240=CYLINDRICAL_SURFACE('',#11199,13.8571428571429);
#241=CYLINDRICAL_SURFACE('',#11200,1.);
#242=CYLINDRICAL_SURFACE('',#11202,1.);
#243=CYLINDRICAL_SURFACE('',#11203,21.);
#244=CYLINDRICAL_SURFACE('',#11204,1.);
#245=CYLINDRICAL_SURFACE('',#11206,1.);
#246=CYLINDRICAL_SURFACE('',#11207,13.8571428571429);
#247=CYLINDRICAL_SURFACE('',#11208,1.);
#248=CYLINDRICAL_SURFACE('',#11209,21.);
#249=CYLINDRICAL_SURFACE('',#11210,1.);
#250=CIRCLE('',#10080,1.);
#251=CIRCLE('',#10081,1.5);
#252=CIRCLE('',#10083,24.5);
#253=CIRCLE('',#10084,25.);
#254=CIRCLE('',#10086,1.);
#255=CIRCLE('',#10087,1.5);
#256=CIRCLE('',#10089,1.);
#257=CIRCLE('',#10091,25.);
#258=CIRCLE('',#10093,1.);
#259=CIRCLE('',#10096,1.);
#260=CIRCLE('',#10097,1.5);
#261=CIRCLE('',#10099,24.5);
#262=CIRCLE('',#10100,25.);
#263=CIRCLE('',#10102,1.);
#264=CIRCLE('',#10103,1.5);
#265=CIRCLE('',#10105,1.);
#266=CIRCLE('',#10107,25.);
#267=CIRCLE('',#10109,1.);
#268=CIRCLE('',#10112,1.);
#269=CIRCLE('',#10113,1.5);
#270=CIRCLE('',#10115,24.5);
#271=CIRCLE('',#10116,25.);
#272=CIRCLE('',#10118,1.);
#273=CIRCLE('',#10119,1.5);
#274=CIRCLE('',#10123,1.);
#275=CIRCLE('',#10125,25.);
#276=CIRCLE('',#10127,1.);
#277=CIRCLE('',#10131,0.5);
#278=CIRCLE('',#10133,25.5);
#279=CIRCLE('',#10135,0.500000000000002);
#280=CIRCLE('',#10139,0.500000000000002);
#281=CIRCLE('',#10141,25.5);
#282=CIRCLE('',#10143,0.5);
#283=CIRCLE('',#10146,0.500000000000002);
#284=CIRCLE('',#10148,25.5);
#285=CIRCLE('',#10150,0.499999999999998);
#286=CIRCLE('',#10152,1.);
#287=CIRCLE('',#10153,1.);
#288=CIRCLE('',#10156,1.);
#289=CIRCLE('',#10157,1.);
#290=CIRCLE('',#10159,13.8571428571429);
#291=CIRCLE('',#10160,13.8571428571429);
#292=CIRCLE('',#10162,1.);
#293=CIRCLE('',#10163,1.);
#294=CIRCLE('',#10166,1.);
#295=CIRCLE('',#10167,1.);
#296=CIRCLE('',#10169,21.);
#297=CIRCLE('',#10170,21.);
#298=CIRCLE('',#10172,1.);
#299=CIRCLE('',#10173,1.);
#300=CIRCLE('',#10176,1.);
#301=CIRCLE('',#10177,1.);
#302=CIRCLE('',#10179,13.8571428571429);
#303=CIRCLE('',#10180,13.8571428571429);
#304=CIRCLE('',#10182,1.);
#305=CIRCLE('',#10183,1.);
#306=CIRCLE('',#10186,1.);
#307=CIRCLE('',#10187,1.);
#308=CIRCLE('',#10189,21.);
#309=CIRCLE('',#10190,21.);
#310=CIRCLE('',#10192,1.);
#311=CIRCLE('',#10193,1.);
#312=CIRCLE('',#10196,1.);
#313=CIRCLE('',#10197,1.);
#314=CIRCLE('',#10199,13.8571428571429);
#315=CIRCLE('',#10200,13.8571428571429);
#316=CIRCLE('',#10202,1.);
#317=CIRCLE('',#10203,1.);
#318=CIRCLE('',#10205,21.);
#319=CIRCLE('',#10206,21.);
#320=CIRCLE('',#10208,1.);
#321=CIRCLE('',#10209,1.);
#322=CIRCLE('',#10214,1.);
#323=CIRCLE('',#10215,1.5);
#324=CIRCLE('',#10217,24.5);
#325=CIRCLE('',#10218,25.);
#326=CIRCLE('',#10220,1.);
#327=CIRCLE('',#10221,1.5);
#328=CIRCLE('',#10223,1.);
#329=CIRCLE('',#10225,25.);
#330=CIRCLE('',#10227,1.);
#331=CIRCLE('',#10231,1.);
#332=CIRCLE('',#10232,1.5);
#333=CIRCLE('',#10234,24.5);
#334=CIRCLE('',#10235,25.);
#335=CIRCLE('',#10237,1.);
#336=CIRCLE('',#10238,1.5);
#337=CIRCLE('',#10242,1.);
#338=CIRCLE('',#10244,25.);
#339=CIRCLE('',#10246,1.);
#340=CIRCLE('',#10250,1.);
#341=CIRCLE('',#10251,1.5);
#342=CIRCLE('',#10253,24.5);
#343=CIRCLE('',#10254,25.);
#344=CIRCLE('',#10256,1.);
#345=CIRCLE('',#10257,1.5);
#346=CIRCLE('',#10261,1.);
#347=CIRCLE('',#10263,25.);
#348=CIRCLE('',#10265,1.);
#349=CIRCLE('',#10269,0.5);
#350=CIRCLE('',#10271,25.5);
#351=CIRCLE('',#10273,0.500000000000002);
#352=CIRCLE('',#10277,0.500000000000002);
#353=CIRCLE('',#10279,25.5);
#354=CIRCLE('',#10281,0.5);
#355=CIRCLE('',#10285,0.500000000000002);
#356=CIRCLE('',#10287,25.5);
#357=CIRCLE('',#10289,0.499999999999998);
#358=CIRCLE('',#10293,1.);
#359=CIRCLE('',#10294,1.);
#360=CIRCLE('',#10297,1.);
#361=CIRCLE('',#10298,1.);
#362=CIRCLE('',#10300,13.8571428571429);
#363=CIRCLE('',#10301,13.8571428571429);
#364=CIRCLE('',#10303,1.);
#365=CIRCLE('',#10304,1.);
#366=CIRCLE('',#10307,1.);
#367=CIRCLE('',#10308,1.);
#368=CIRCLE('',#10310,21.);
#369=CIRCLE('',#10311,21.);
#370=CIRCLE('',#10313,1.);
#371=CIRCLE('',#10314,1.);
#372=CIRCLE('',#10317,1.);
#373=CIRCLE('',#10318,1.);
#374=CIRCLE('',#10320,13.8571428571429);
#375=CIRCLE('',#10321,13.8571428571429);
#376=CIRCLE('',#10323,1.);
#377=CIRCLE('',#10324,1.);
#378=CIRCLE('',#10327,1.);
#379=CIRCLE('',#10328,1.);
#380=CIRCLE('',#10330,21.);
#381=CIRCLE('',#10331,21.);
#382=CIRCLE('',#10333,1.);
#383=CIRCLE('',#10334,1.);
#384=CIRCLE('',#10337,1.);
#385=CIRCLE('',#10338,1.);
#386=CIRCLE('',#10340,13.8571428571429);
#387=CIRCLE('',#10341,13.8571428571429);
#388=CIRCLE('',#10343,1.);
#389=CIRCLE('',#10344,1.);
#390=CIRCLE('',#10346,21.);
#391=CIRCLE('',#10347,21.);
#392=CIRCLE('',#10349,1.);
#393=CIRCLE('',#10350,1.);
#394=CIRCLE('',#10357,1.5);
#395=CIRCLE('',#10358,24.5);
#396=CIRCLE('',#10359,1.5);
#397=CIRCLE('',#10360,1.5);
#398=CIRCLE('',#10361,24.5);
#399=CIRCLE('',#10362,1.5);
#400=CIRCLE('',#10363,1.5);
#401=CIRCLE('',#10364,24.5);
#402=CIRCLE('',#10365,1.5);
#403=CIRCLE('',#10366,1.5);
#404=CIRCLE('',#10367,24.5);
#405=CIRCLE('',#10368,1.5);
#406=CIRCLE('',#10369,1.5);
#407=CIRCLE('',#10370,24.5);
#408=CIRCLE('',#10371,1.5);
#409=CIRCLE('',#10372,1.5);
#410=CIRCLE('',#10373,24.5);
#411=CIRCLE('',#10374,1.5);
#412=CIRCLE('',#10375,1.5);
#413=CIRCLE('',#10376,24.5);
#414=CIRCLE('',#10377,1.5);
#415=CIRCLE('',#10378,1.5);
#416=CIRCLE('',#10379,24.5);
#417=CIRCLE('',#10380,1.5);
#418=CIRCLE('',#10381,1.5);
#419=CIRCLE('',#10382,24.5);
#420=CIRCLE('',#10383,1.5);
#421=CIRCLE('',#10384,1.5);
#422=CIRCLE('',#10385,24.5);
#423=CIRCLE('',#10386,1.5);
#424=CIRCLE('',#10387,1.5);
#425=CIRCLE('',#10388,24.5);
#426=CIRCLE('',#10389,1.5);
#427=CIRCLE('',#10390,1.5);
#428=CIRCLE('',#10391,24.5);
#429=CIRCLE('',#10392,1.5);
#430=CIRCLE('',#10393,1.5);
#431=CIRCLE('',#10394,24.5);
#432=CIRCLE('',#10395,1.5);
#433=CIRCLE('',#10396,1.5);
#434=CIRCLE('',#10397,24.5);
#435=CIRCLE('',#10398,1.5);
#436=CIRCLE('',#10399,1.5);
#437=CIRCLE('',#10400,24.5);
#438=CIRCLE('',#10401,1.5);
#439=CIRCLE('',#10402,1.);
#440=CIRCLE('',#10403,1.);
#441=CIRCLE('',#10404,21.);
#442=CIRCLE('',#10405,1.);
#443=CIRCLE('',#10406,1.);
#444=CIRCLE('',#10407,13.8571428571429);
#445=CIRCLE('',#10408,1.);
#446=CIRCLE('',#10409,1.);
#447=CIRCLE('',#10410,21.);
#448=CIRCLE('',#10411,1.);
#449=CIRCLE('',#10412,1.);
#450=CIRCLE('',#10413,13.8571428571429);
#451=CIRCLE('',#10414,1.);
#452=CIRCLE('',#10415,1.);
#453=CIRCLE('',#10416,21.);
#454=CIRCLE('',#10417,1.);
#455=CIRCLE('',#10418,1.);
#456=CIRCLE('',#10419,13.8571428571429);
#457=CIRCLE('',#10420,1.5);
#458=CIRCLE('',#10421,24.5);
#459=CIRCLE('',#10422,1.5);
#460=CIRCLE('',#10423,1.5);
#461=CIRCLE('',#10424,24.5);
#462=CIRCLE('',#10425,1.5);
#463=CIRCLE('',#10426,1.5);
#464=CIRCLE('',#10427,24.5);
#465=CIRCLE('',#10428,1.5);
#466=CIRCLE('',#10429,1.);
#467=CIRCLE('',#10430,1.);
#468=CIRCLE('',#10431,21.);
#469=CIRCLE('',#10432,1.);
#470=CIRCLE('',#10433,1.);
#471=CIRCLE('',#10434,13.8571428571429);
#472=CIRCLE('',#10435,1.);
#473=CIRCLE('',#10436,1.);
#474=CIRCLE('',#10437,21.);
#475=CIRCLE('',#10438,1.);
#476=CIRCLE('',#10439,1.);
#477=CIRCLE('',#10440,13.8571428571429);
#478=CIRCLE('',#10441,1.);
#479=CIRCLE('',#10442,1.);
#480=CIRCLE('',#10443,21.);
#481=CIRCLE('',#10444,1.);
#482=CIRCLE('',#10445,1.);
#483=CIRCLE('',#10446,13.8571428571429);
#484=CIRCLE('',#10447,1.);
#485=CIRCLE('',#10448,1.);
#486=CIRCLE('',#10449,21.);
#487=CIRCLE('',#10450,1.);
#488=CIRCLE('',#10451,1.);
#489=CIRCLE('',#10452,13.8571428571429);
#490=CIRCLE('',#10453,1.);
#491=CIRCLE('',#10454,1.);
#492=CIRCLE('',#10455,21.);
#493=CIRCLE('',#10456,1.);
#494=CIRCLE('',#10457,1.);
#495=CIRCLE('',#10458,13.8571428571429);
#496=CIRCLE('',#10459,1.);
#497=CIRCLE('',#10460,1.);
#498=CIRCLE('',#10461,21.);
#499=CIRCLE('',#10462,1.);
#500=CIRCLE('',#10463,1.);
#501=CIRCLE('',#10464,13.8571428571429);
#502=CIRCLE('',#10465,1.);
#503=CIRCLE('',#10466,1.);
#504=CIRCLE('',#10467,21.);
#505=CIRCLE('',#10468,1.);
#506=CIRCLE('',#10469,1.);
#507=CIRCLE('',#10470,13.8571428571429);
#508=CIRCLE('',#10471,1.);
#509=CIRCLE('',#10472,1.);
#510=CIRCLE('',#10473,21.);
#511=CIRCLE('',#10474,1.);
#512=CIRCLE('',#10475,1.);
#513=CIRCLE('',#10476,13.8571428571429);
#514=CIRCLE('',#10477,1.);
#515=CIRCLE('',#10478,1.);
#516=CIRCLE('',#10479,21.);
#517=CIRCLE('',#10480,1.);
#518=CIRCLE('',#10481,1.);
#519=CIRCLE('',#10482,13.8571428571429);
#520=CIRCLE('',#10483,1.);
#521=CIRCLE('',#10484,1.);
#522=CIRCLE('',#10485,21.);
#523=CIRCLE('',#10486,1.);
#524=CIRCLE('',#10487,1.);
#525=CIRCLE('',#10488,13.8571428571429);
#526=CIRCLE('',#10489,1.);
#527=CIRCLE('',#10490,1.);
#528=CIRCLE('',#10491,21.);
#529=CIRCLE('',#10492,1.);
#530=CIRCLE('',#10493,1.);
#531=CIRCLE('',#10494,13.8571428571429);
#532=CIRCLE('',#10495,1.);
#533=CIRCLE('',#10496,1.);
#534=CIRCLE('',#10497,21.);
#535=CIRCLE('',#10498,1.);
#536=CIRCLE('',#10499,1.);
#537=CIRCLE('',#10500,13.8571428571429);
#538=CIRCLE('',#10501,1.);
#539=CIRCLE('',#10502,1.);
#540=CIRCLE('',#10503,21.);
#541=CIRCLE('',#10504,1.);
#542=CIRCLE('',#10505,1.);
#543=CIRCLE('',#10506,13.8571428571429);
#544=CIRCLE('',#10507,1.);
#545=CIRCLE('',#10508,1.);
#546=CIRCLE('',#10509,21.);
#547=CIRCLE('',#10510,1.);
#548=CIRCLE('',#10511,1.);
#549=CIRCLE('',#10512,13.8571428571429);
#550=CIRCLE('',#10513,1.);
#551=CIRCLE('',#10514,1.);
#552=CIRCLE('',#10515,21.);
#553=CIRCLE('',#10516,1.);
#554=CIRCLE('',#10517,1.);
#555=CIRCLE('',#10518,13.8571428571429);
#556=CIRCLE('',#10523,0.500000000000002);
#557=CIRCLE('',#10524,25.5);
#558=CIRCLE('',#10525,0.499999999999998);
#559=CIRCLE('',#10527,1.);
#560=CIRCLE('',#10528,13.8571428571429);
#561=CIRCLE('',#10529,1.);
#562=CIRCLE('',#10530,1.);
#563=CIRCLE('',#10531,21.);
#564=CIRCLE('',#10532,1.);
#565=CIRCLE('',#10533,1.);
#566=CIRCLE('',#10534,13.8571428571429);
#567=CIRCLE('',#10535,1.);
#568=CIRCLE('',#10536,1.);
#569=CIRCLE('',#10537,21.);
#570=CIRCLE('',#10538,1.);
#571=CIRCLE('',#10539,1.);
#572=CIRCLE('',#10540,13.8571428571429);
#573=CIRCLE('',#10541,1.);
#574=CIRCLE('',#10542,1.);
#575=CIRCLE('',#10543,21.);
#576=CIRCLE('',#10544,1.);
#577=CIRCLE('',#10545,1.);
#578=CIRCLE('',#10546,13.8571428571429);
#579=CIRCLE('',#10547,1.);
#580=CIRCLE('',#10548,1.);
#581=CIRCLE('',#10549,21.);
#582=CIRCLE('',#10550,1.);
#583=CIRCLE('',#10551,1.);
#584=CIRCLE('',#10552,13.8571428571429);
#585=CIRCLE('',#10553,1.);
#586=CIRCLE('',#10554,1.);
#587=CIRCLE('',#10555,21.);
#588=CIRCLE('',#10556,1.);
#589=CIRCLE('',#10557,1.);
#590=CIRCLE('',#10558,13.8571428571429);
#591=CIRCLE('',#10559,1.);
#592=CIRCLE('',#10560,1.);
#593=CIRCLE('',#10561,21.);
#594=CIRCLE('',#10562,1.);
#595=CIRCLE('',#10563,1.);
#596=CIRCLE('',#10564,13.8571428571429);
#597=CIRCLE('',#10565,1.);
#598=CIRCLE('',#10566,1.);
#599=CIRCLE('',#10567,21.);
#600=CIRCLE('',#10568,1.);
#601=CIRCLE('',#10569,1.);
#602=CIRCLE('',#10570,13.8571428571429);
#603=CIRCLE('',#10571,1.);
#604=CIRCLE('',#10572,1.);
#605=CIRCLE('',#10573,21.);
#606=CIRCLE('',#10574,1.);
#607=CIRCLE('',#10575,1.);
#608=CIRCLE('',#10576,13.8571428571429);
#609=CIRCLE('',#10577,1.);
#610=CIRCLE('',#10578,1.);
#611=CIRCLE('',#10579,21.);
#612=CIRCLE('',#10580,1.);
#613=CIRCLE('',#10581,1.);
#614=CIRCLE('',#10582,13.8571428571429);
#615=CIRCLE('',#10583,1.);
#616=CIRCLE('',#10584,1.);
#617=CIRCLE('',#10585,21.);
#618=CIRCLE('',#10586,1.);
#619=CIRCLE('',#10587,1.);
#620=CIRCLE('',#10588,13.8571428571429);
#621=CIRCLE('',#10589,1.);
#622=CIRCLE('',#10590,1.);
#623=CIRCLE('',#10591,21.);
#624=CIRCLE('',#10592,1.);
#625=CIRCLE('',#10593,1.);
#626=CIRCLE('',#10594,13.8571428571429);
#627=CIRCLE('',#10595,1.);
#628=CIRCLE('',#10596,1.);
#629=CIRCLE('',#10597,21.);
#630=CIRCLE('',#10598,1.);
#631=CIRCLE('',#10599,1.);
#632=CIRCLE('',#10600,13.8571428571429);
#633=CIRCLE('',#10601,1.);
#634=CIRCLE('',#10602,1.);
#635=CIRCLE('',#10603,21.);
#636=CIRCLE('',#10604,1.);
#637=CIRCLE('',#10605,1.);
#638=CIRCLE('',#10606,13.8571428571429);
#639=CIRCLE('',#10607,1.);
#640=CIRCLE('',#10608,1.);
#641=CIRCLE('',#10609,21.);
#642=CIRCLE('',#10610,1.);
#643=CIRCLE('',#10611,1.);
#644=CIRCLE('',#10612,13.8571428571429);
#645=CIRCLE('',#10613,1.);
#646=CIRCLE('',#10614,1.);
#647=CIRCLE('',#10615,21.);
#648=CIRCLE('',#10616,1.);
#649=CIRCLE('',#10617,1.);
#650=CIRCLE('',#10618,13.8571428571429);
#651=CIRCLE('',#10619,1.);
#652=CIRCLE('',#10620,1.);
#653=CIRCLE('',#10621,21.);
#654=CIRCLE('',#10622,1.);
#655=CIRCLE('',#10623,1.);
#656=CIRCLE('',#10624,13.8571428571429);
#657=CIRCLE('',#10625,1.);
#658=CIRCLE('',#10626,1.);
#659=CIRCLE('',#10627,21.);
#660=CIRCLE('',#10628,1.);
#661=CIRCLE('',#10629,1.);
#662=CIRCLE('',#10630,13.8571428571429);
#663=CIRCLE('',#10631,1.);
#664=CIRCLE('',#10632,1.);
#665=CIRCLE('',#10633,21.);
#666=CIRCLE('',#10634,1.);
#667=CIRCLE('',#10637,1.);
#668=CIRCLE('',#10639,25.);
#669=CIRCLE('',#10641,1.);
#670=CIRCLE('',#10643,1.);
#671=CIRCLE('',#10645,25.);
#672=CIRCLE('',#10647,1.);
#673=CIRCLE('',#10650,1.);
#674=CIRCLE('',#10652,25.);
#675=CIRCLE('',#10654,1.);
#676=CIRCLE('',#10656,1.);
#677=CIRCLE('',#10658,25.);
#678=CIRCLE('',#10660,1.);
#679=CIRCLE('',#10663,1.);
#680=CIRCLE('',#10665,25.);
#681=CIRCLE('',#10667,1.);
#682=CIRCLE('',#10671,1.);
#683=CIRCLE('',#10673,25.);
#684=CIRCLE('',#10675,1.);
#685=CIRCLE('',#10679,0.5);
#686=CIRCLE('',#10681,25.5);
#687=CIRCLE('',#10683,0.500000000000002);
#688=CIRCLE('',#10687,0.500000000000002);
#689=CIRCLE('',#10689,25.5);
#690=CIRCLE('',#10691,0.5);
#691=CIRCLE('',#10694,0.500000000000002);
#692=CIRCLE('',#10696,25.5);
#693=CIRCLE('',#10698,0.499999999999998);
#694=CIRCLE('',#10728,1.);
#695=CIRCLE('',#10730,25.);
#696=CIRCLE('',#10732,1.);
#697=CIRCLE('',#10734,1.);
#698=CIRCLE('',#10736,25.);
#699=CIRCLE('',#10738,1.);
#700=CIRCLE('',#10741,1.);
#701=CIRCLE('',#10743,25.);
#702=CIRCLE('',#10745,1.);
#703=CIRCLE('',#10749,1.);
#704=CIRCLE('',#10751,25.);
#705=CIRCLE('',#10753,1.);
#706=CIRCLE('',#10756,1.);
#707=CIRCLE('',#10758,25.);
#708=CIRCLE('',#10760,1.);
#709=CIRCLE('',#10764,1.);
#710=CIRCLE('',#10766,25.);
#711=CIRCLE('',#10768,1.);
#712=CIRCLE('',#10772,0.5);
#713=CIRCLE('',#10774,25.5);
#714=CIRCLE('',#10776,0.500000000000002);
#715=CIRCLE('',#10780,0.500000000000002);
#716=CIRCLE('',#10782,25.5);
#717=CIRCLE('',#10784,0.5);
#718=CIRCLE('',#10822,1.);
#719=CIRCLE('',#10824,25.);
#720=CIRCLE('',#10826,1.);
#721=CIRCLE('',#10830,1.);
#722=CIRCLE('',#10832,25.);
#723=CIRCLE('',#10834,1.);
#724=CIRCLE('',#10838,1.);
#725=CIRCLE('',#10840,25.);
#726=CIRCLE('',#10842,1.);
#727=CIRCLE('',#10844,1.);
#728=CIRCLE('',#10846,25.);
#729=CIRCLE('',#10848,1.);
#730=CIRCLE('',#10852,1.);
#731=CIRCLE('',#10854,25.);
#732=CIRCLE('',#10856,1.);
#733=CIRCLE('',#10860,1.);
#734=CIRCLE('',#10862,25.);
#735=CIRCLE('',#10864,1.);
#736=CIRCLE('',#10868,0.5);
#737=CIRCLE('',#10870,25.5);
#738=CIRCLE('',#10872,0.500000000000002);
#739=CIRCLE('',#10876,0.500000000000002);
#740=CIRCLE('',#10878,25.5);
#741=CIRCLE('',#10880,0.5);
#742=CIRCLE('',#10884,0.500000000000002);
#743=CIRCLE('',#10886,25.5);
#744=CIRCLE('',#10888,0.499999999999998);
#745=CIRCLE('',#10921,1.);
#746=CIRCLE('',#10923,25.);
#747=CIRCLE('',#10925,1.);
#748=CIRCLE('',#10929,1.);
#749=CIRCLE('',#10931,25.);
#750=CIRCLE('',#10933,1.);
#751=CIRCLE('',#10936,1.);
#752=CIRCLE('',#10938,25.);
#753=CIRCLE('',#10940,1.);
#754=CIRCLE('',#10944,1.);
#755=CIRCLE('',#10946,25.);
#756=CIRCLE('',#10948,1.);
#757=CIRCLE('',#10951,1.);
#758=CIRCLE('',#10953,25.);
#759=CIRCLE('',#10955,1.);
#760=CIRCLE('',#10959,1.);
#761=CIRCLE('',#10961,25.);
#762=CIRCLE('',#10963,1.);
#763=CIRCLE('',#10967,0.5);
#764=CIRCLE('',#10969,25.5);
#765=CIRCLE('',#10971,0.500000000000002);
#766=CIRCLE('',#10975,0.500000000000002);
#767=CIRCLE('',#10977,25.5);
#768=CIRCLE('',#10979,0.5);
#769=CIRCLE('',#10984,0.500000000000002);
#770=CIRCLE('',#10986,25.5);
#771=CIRCLE('',#10988,0.499999999999998);
#772=CIRCLE('',#11017,1.);
#773=CIRCLE('',#11019,25.);
#774=CIRCLE('',#11021,1.);
#775=CIRCLE('',#11025,1.);
#776=CIRCLE('',#11027,25.);
#777=CIRCLE('',#11029,1.);
#778=CIRCLE('',#11033,1.);
#779=CIRCLE('',#11035,25.);
#780=CIRCLE('',#11037,1.);
#781=CIRCLE('',#11039,1.);
#782=CIRCLE('',#11041,25.);
#783=CIRCLE('',#11043,1.);
#784=CIRCLE('',#11047,1.);
#785=CIRCLE('',#11049,25.);
#786=CIRCLE('',#11051,1.);
#787=CIRCLE('',#11055,1.);
#788=CIRCLE('',#11057,25.);
#789=CIRCLE('',#11059,1.);
#790=CIRCLE('',#11063,0.5);
#791=CIRCLE('',#11065,25.5);
#792=CIRCLE('',#11067,0.500000000000002);
#793=CIRCLE('',#11071,0.500000000000002);
#794=CIRCLE('',#11073,25.5);
#795=CIRCLE('',#11075,0.5);
#796=CIRCLE('',#11079,0.500000000000002);
#797=CIRCLE('',#11081,25.5);
#798=CIRCLE('',#11083,0.499999999999998);
#799=CIRCLE('',#11116,1.);
#800=CIRCLE('',#11118,25.);
#801=CIRCLE('',#11120,1.);
#802=CIRCLE('',#11124,1.);
#803=CIRCLE('',#11126,25.);
#804=CIRCLE('',#11128,1.);
#805=CIRCLE('',#11132,1.);
#806=CIRCLE('',#11134,25.);
#807=CIRCLE('',#11136,1.);
#808=CIRCLE('',#11140,1.);
#809=CIRCLE('',#11142,25.);
#810=CIRCLE('',#11144,1.);
#811=CIRCLE('',#11148,1.);
#812=CIRCLE('',#11150,25.);
#813=CIRCLE('',#11152,1.);
#814=CIRCLE('',#11156,1.);
#815=CIRCLE('',#11158,25.);
#816=CIRCLE('',#11160,1.);
#817=CIRCLE('',#11164,0.5);
#818=CIRCLE('',#11166,25.5);
#819=CIRCLE('',#11168,0.500000000000002);
#820=CIRCLE('',#11172,0.500000000000002);
#821=CIRCLE('',#11174,25.5);
#822=CIRCLE('',#11176,0.5);
#823=CIRCLE('',#11181,0.500000000000002);
#824=CIRCLE('',#11183,25.5);
#825=CIRCLE('',#11185,0.499999999999998);
#826=CONICAL_SURFACE('',#10079,1.25,0.785398163397448);
#827=CONICAL_SURFACE('',#10082,24.75,0.785398163397451);
#828=CONICAL_SURFACE('',#10085,1.25,0.785398163397447);
#829=CONICAL_SURFACE('',#10095,1.25,0.785398163397446);
#830=CONICAL_SURFACE('',#10098,24.75,0.785398163397447);
#831=CONICAL_SURFACE('',#10101,1.25,0.785398163397447);
#832=CONICAL_SURFACE('',#10111,1.25,0.785398163397447);
#833=CONICAL_SURFACE('',#10114,24.75,0.785398163397447);
#834=CONICAL_SURFACE('',#10117,1.25,0.785398163397449);
#835=CONICAL_SURFACE('',#10130,0.75,0.785398163397448);
#836=CONICAL_SURFACE('',#10132,25.25,0.785398163397455);
#837=CONICAL_SURFACE('',#10134,0.750000000000001,0.785398163397446);
#838=CONICAL_SURFACE('',#10138,0.750000000000001,0.785398163397446);
#839=CONICAL_SURFACE('',#10140,25.25,0.785398163397451);
#840=CONICAL_SURFACE('',#10142,0.75,0.785398163397448);
#841=CONICAL_SURFACE('',#10145,0.750000000000001,0.785398163397446);
#842=CONICAL_SURFACE('',#10147,25.25,0.785398163397446);
#843=CONICAL_SURFACE('',#10149,0.749999999999999,0.78539816339745);
#844=CONICAL_SURFACE('',#10213,1.25,0.785398163397448);
#845=CONICAL_SURFACE('',#10216,24.75,0.785398163397451);
#846=CONICAL_SURFACE('',#10219,1.25,0.785398163397447);
#847=CONICAL_SURFACE('',#10230,1.25,0.785398163397446);
#848=CONICAL_SURFACE('',#10233,24.75,0.785398163397447);
#849=CONICAL_SURFACE('',#10236,1.25,0.785398163397447);
#850=CONICAL_SURFACE('',#10249,1.25,0.785398163397447);
#851=CONICAL_SURFACE('',#10252,24.75,0.785398163397447);
#852=CONICAL_SURFACE('',#10255,1.25,0.785398163397449);
#853=CONICAL_SURFACE('',#10268,0.75,0.785398163397448);
#854=CONICAL_SURFACE('',#10270,25.25,0.785398163397455);
#855=CONICAL_SURFACE('',#10272,0.750000000000001,0.785398163397446);
#856=CONICAL_SURFACE('',#10276,0.750000000000001,0.785398163397446);
#857=CONICAL_SURFACE('',#10278,25.25,0.785398163397451);
#858=CONICAL_SURFACE('',#10280,0.75,0.785398163397448);
#859=CONICAL_SURFACE('',#10284,0.750000000000001,0.785398163397446);
#860=CONICAL_SURFACE('',#10286,25.25,0.785398163397446);
#861=CONICAL_SURFACE('',#10288,0.749999999999999,0.78539816339745);
#862=CONICAL_SURFACE('',#10636,1.25,0.785398163397448);
#863=CONICAL_SURFACE('',#10638,24.75,0.785398163397451);
#864=CONICAL_SURFACE('',#10640,1.25,0.785398163397447);
#865=CONICAL_SURFACE('',#10649,1.25,0.785398163397446);
#866=CONICAL_SURFACE('',#10651,24.75,0.785398163397447);
#867=CONICAL_SURFACE('',#10653,1.25,0.785398163397447);
#868=CONICAL_SURFACE('',#10662,1.25,0.785398163397447);
#869=CONICAL_SURFACE('',#10664,24.75,0.785398163397447);
#870=CONICAL_SURFACE('',#10666,1.25,0.785398163397449);
#871=CONICAL_SURFACE('',#10678,0.75,0.785398163397448);
#872=CONICAL_SURFACE('',#10680,25.25,0.785398163397455);
#873=CONICAL_SURFACE('',#10682,0.750000000000001,0.785398163397446);
#874=CONICAL_SURFACE('',#10686,0.750000000000001,0.785398163397446);
#875=CONICAL_SURFACE('',#10688,25.25,0.785398163397451);
#876=CONICAL_SURFACE('',#10690,0.75,0.785398163397448);
#877=CONICAL_SURFACE('',#10693,0.750000000000001,0.785398163397446);
#878=CONICAL_SURFACE('',#10695,25.25,0.785398163397446);
#879=CONICAL_SURFACE('',#10697,0.749999999999999,0.78539816339745);
#880=CONICAL_SURFACE('',#10727,1.25,0.785398163397448);
#881=CONICAL_SURFACE('',#10729,24.75,0.785398163397451);
#882=CONICAL_SURFACE('',#10731,1.25,0.785398163397447);
#883=CONICAL_SURFACE('',#10740,1.25,0.785398163397446);
#884=CONICAL_SURFACE('',#10742,24.75,0.785398163397447);
#885=CONICAL_SURFACE('',#10744,1.25,0.785398163397447);
#886=CONICAL_SURFACE('',#10755,1.25,0.785398163397447);
#887=CONICAL_SURFACE('',#10757,24.75,0.785398163397447);
#888=CONICAL_SURFACE('',#10759,1.25,0.785398163397449);
#889=CONICAL_SURFACE('',#10771,0.75,0.785398163397448);
#890=CONICAL_SURFACE('',#10773,25.25,0.785398163397455);
#891=CONICAL_SURFACE('',#10775,0.750000000000001,0.785398163397446);
#892=CONICAL_SURFACE('',#10779,0.750000000000001,0.785398163397446);
#893=CONICAL_SURFACE('',#10781,25.25,0.785398163397451);
#894=CONICAL_SURFACE('',#10783,0.75,0.785398163397448);
#895=CONICAL_SURFACE('',#10787,0.750000000000001,0.785398163397446);
#896=CONICAL_SURFACE('',#10788,25.25,0.785398163397446);
#897=CONICAL_SURFACE('',#10789,0.749999999999999,0.78539816339745);
#898=CONICAL_SURFACE('',#10821,1.25,0.785398163397448);
#899=CONICAL_SURFACE('',#10823,24.75,0.785398163397451);
#900=CONICAL_SURFACE('',#10825,1.25,0.785398163397447);
#901=CONICAL_SURFACE('',#10837,1.25,0.785398163397446);
#902=CONICAL_SURFACE('',#10839,24.75,0.785398163397447);
#903=CONICAL_SURFACE('',#10841,1.25,0.785398163397447);
#904=CONICAL_SURFACE('',#10851,1.25,0.785398163397447);
#905=CONICAL_SURFACE('',#10853,24.75,0.785398163397447);
#906=CONICAL_SURFACE('',#10855,1.25,0.785398163397449);
#907=CONICAL_SURFACE('',#10867,0.75,0.785398163397448);
#908=CONICAL_SURFACE('',#10869,25.25,0.785398163397455);
#909=CONICAL_SURFACE('',#10871,0.750000000000001,0.785398163397446);
#910=CONICAL_SURFACE('',#10875,0.750000000000001,0.785398163397446);
#911=CONICAL_SURFACE('',#10877,25.25,0.785398163397451);
#912=CONICAL_SURFACE('',#10879,0.75,0.785398163397448);
#913=CONICAL_SURFACE('',#10883,0.750000000000001,0.785398163397446);
#914=CONICAL_SURFACE('',#10885,25.25,0.785398163397446);
#915=CONICAL_SURFACE('',#10887,0.749999999999999,0.78539816339745);
#916=CONICAL_SURFACE('',#10920,1.25,0.785398163397448);
#917=CONICAL_SURFACE('',#10922,24.75,0.785398163397451);
#918=CONICAL_SURFACE('',#10924,1.25,0.785398163397447);
#919=CONICAL_SURFACE('',#10935,1.25,0.785398163397446);
#920=CONICAL_SURFACE('',#10937,24.75,0.785398163397447);
#921=CONICAL_SURFACE('',#10939,1.25,0.785398163397447);
#922=CONICAL_SURFACE('',#10950,1.25,0.785398163397447);
#923=CONICAL_SURFACE('',#10952,24.75,0.785398163397447);
#924=CONICAL_SURFACE('',#10954,1.25,0.785398163397449);
#925=CONICAL_SURFACE('',#10966,0.75,0.785398163397448);
#926=CONICAL_SURFACE('',#10968,25.25,0.785398163397455);
#927=CONICAL_SURFACE('',#10970,0.750000000000001,0.785398163397446);
#928=CONICAL_SURFACE('',#10974,0.750000000000001,0.785398163397446);
#929=CONICAL_SURFACE('',#10976,25.25,0.785398163397451);
#930=CONICAL_SURFACE('',#10978,0.75,0.785398163397448);
#931=CONICAL_SURFACE('',#10983,0.750000000000001,0.785398163397446);
#932=CONICAL_SURFACE('',#10985,25.25,0.785398163397446);
#933=CONICAL_SURFACE('',#10987,0.749999999999999,0.78539816339745);
#934=CONICAL_SURFACE('',#11016,1.25,0.785398163397448);
#935=CONICAL_SURFACE('',#11018,24.75,0.785398163397451);
#936=CONICAL_SURFACE('',#11020,1.25,0.785398163397447);
#937=CONICAL_SURFACE('',#11032,1.25,0.785398163397446);
#938=CONICAL_SURFACE('',#11034,24.75,0.785398163397447);
#939=CONICAL_SURFACE('',#11036,1.25,0.785398163397447);
#940=CONICAL_SURFACE('',#11046,1.25,0.785398163397447);
#941=CONICAL_SURFACE('',#11048,24.75,0.785398163397447);
#942=CONICAL_SURFACE('',#11050,1.25,0.785398163397449);
#943=CONICAL_SURFACE('',#11062,0.75,0.785398163397448);
#944=CONICAL_SURFACE('',#11064,25.25,0.785398163397455);
#945=CONICAL_SURFACE('',#11066,0.750000000000001,0.785398163397446);
#946=CONICAL_SURFACE('',#11070,0.750000000000001,0.785398163397446);
#947=CONICAL_SURFACE('',#11072,25.25,0.785398163397451);
#948=CONICAL_SURFACE('',#11074,0.75,0.785398163397448);
#949=CONICAL_SURFACE('',#11078,0.750000000000001,0.785398163397446);
#950=CONICAL_SURFACE('',#11080,25.25,0.785398163397446);
#951=CONICAL_SURFACE('',#11082,0.749999999999999,0.78539816339745);
#952=CONICAL_SURFACE('',#11115,1.25,0.785398163397448);
#953=CONICAL_SURFACE('',#11117,24.75,0.785398163397451);
#954=CONICAL_SURFACE('',#11119,1.25,0.785398163397447);
#955=CONICAL_SURFACE('',#11131,1.25,0.785398163397446);
#956=CONICAL_SURFACE('',#11133,24.75,0.785398163397447);
#957=CONICAL_SURFACE('',#11135,1.25,0.785398163397447);
#958=CONICAL_SURFACE('',#11147,1.25,0.785398163397447);
#959=CONICAL_SURFACE('',#11149,24.75,0.785398163397447);
#960=CONICAL_SURFACE('',#11151,1.25,0.785398163397449);
#961=CONICAL_SURFACE('',#11163,0.75,0.785398163397448);
#962=CONICAL_SURFACE('',#11165,25.25,0.785398163397455);
#963=CONICAL_SURFACE('',#11167,0.750000000000001,0.785398163397446);
#964=CONICAL_SURFACE('',#11171,0.750000000000001,0.785398163397446);
#965=CONICAL_SURFACE('',#11173,25.25,0.785398163397451);
#966=CONICAL_SURFACE('',#11175,0.75,0.785398163397448);
#967=CONICAL_SURFACE('',#11180,0.750000000000001,0.785398163397446);
#968=CONICAL_SURFACE('',#11182,25.25,0.785398163397446);
#969=CONICAL_SURFACE('',#11184,0.749999999999999,0.78539816339745);
#970=FACE_OUTER_BOUND('',#1533,.T.);
#971=FACE_OUTER_BOUND('',#1534,.T.);
#972=FACE_OUTER_BOUND('',#1535,.T.);
#973=FACE_OUTER_BOUND('',#1536,.T.);
#974=FACE_OUTER_BOUND('',#1537,.T.);
#975=FACE_OUTER_BOUND('',#1538,.T.);
#976=FACE_OUTER_BOUND('',#1539,.T.);
#977=FACE_OUTER_BOUND('',#1540,.T.);
#978=FACE_OUTER_BOUND('',#1541,.T.);
#979=FACE_OUTER_BOUND('',#1542,.T.);
#980=FACE_OUTER_BOUND('',#1543,.T.);
#981=FACE_OUTER_BOUND('',#1544,.T.);
#982=FACE_OUTER_BOUND('',#1545,.T.);
#983=FACE_OUTER_BOUND('',#1546,.T.);
#984=FACE_OUTER_BOUND('',#1547,.T.);
#985=FACE_OUTER_BOUND('',#1548,.T.);
#986=FACE_OUTER_BOUND('',#1549,.T.);
#987=FACE_OUTER_BOUND('',#1550,.T.);
#988=FACE_OUTER_BOUND('',#1551,.T.);
#989=FACE_OUTER_BOUND('',#1552,.T.);
#990=FACE_OUTER_BOUND('',#1553,.T.);
#991=FACE_OUTER_BOUND('',#1554,.T.);
#992=FACE_OUTER_BOUND('',#1555,.T.);
#993=FACE_OUTER_BOUND('',#1556,.T.);
#994=FACE_OUTER_BOUND('',#1557,.T.);
#995=FACE_OUTER_BOUND('',#1558,.T.);
#996=FACE_OUTER_BOUND('',#1559,.T.);
#997=FACE_OUTER_BOUND('',#1560,.T.);
#998=FACE_OUTER_BOUND('',#1561,.T.);
#999=FACE_OUTER_BOUND('',#1562,.T.);
#1000=FACE_OUTER_BOUND('',#1563,.T.);
#1001=FACE_OUTER_BOUND('',#1564,.T.);
#1002=FACE_OUTER_BOUND('',#1565,.T.);
#1003=FACE_OUTER_BOUND('',#1566,.T.);
#1004=FACE_OUTER_BOUND('',#1567,.T.);
#1005=FACE_OUTER_BOUND('',#1568,.T.);
#1006=FACE_OUTER_BOUND('',#1569,.T.);
#1007=FACE_OUTER_BOUND('',#1570,.T.);
#1008=FACE_OUTER_BOUND('',#1571,.T.);
#1009=FACE_OUTER_BOUND('',#1572,.T.);
#1010=FACE_OUTER_BOUND('',#1573,.T.);
#1011=FACE_OUTER_BOUND('',#1574,.T.);
#1012=FACE_OUTER_BOUND('',#1575,.T.);
#1013=FACE_OUTER_BOUND('',#1576,.T.);
#1014=FACE_OUTER_BOUND('',#1577,.T.);
#1015=FACE_OUTER_BOUND('',#1578,.T.);
#1016=FACE_OUTER_BOUND('',#1579,.T.);
#1017=FACE_OUTER_BOUND('',#1580,.T.);
#1018=FACE_OUTER_BOUND('',#1581,.T.);
#1019=FACE_OUTER_BOUND('',#1582,.T.);
#1020=FACE_OUTER_BOUND('',#1583,.T.);
#1021=FACE_OUTER_BOUND('',#1584,.T.);
#1022=FACE_OUTER_BOUND('',#1585,.T.);
#1023=FACE_OUTER_BOUND('',#1586,.T.);
#1024=FACE_OUTER_BOUND('',#1587,.T.);
#1025=FACE_OUTER_BOUND('',#1588,.T.);
#1026=FACE_OUTER_BOUND('',#1589,.T.);
#1027=FACE_OUTER_BOUND('',#1590,.T.);
#1028=FACE_OUTER_BOUND('',#1591,.T.);
#1029=FACE_OUTER_BOUND('',#1592,.T.);
#1030=FACE_OUTER_BOUND('',#1593,.T.);
#1031=FACE_OUTER_BOUND('',#1594,.T.);
#1032=FACE_OUTER_BOUND('',#1595,.T.);
#1033=FACE_OUTER_BOUND('',#1596,.T.);
#1034=FACE_OUTER_BOUND('',#1597,.T.);
#1035=FACE_OUTER_BOUND('',#1598,.T.);
#1036=FACE_OUTER_BOUND('',#1599,.T.);
#1037=FACE_OUTER_BOUND('',#1600,.T.);
#1038=FACE_OUTER_BOUND('',#1601,.T.);
#1039=FACE_OUTER_BOUND('',#1602,.T.);
#1040=FACE_OUTER_BOUND('',#1603,.T.);
#1041=FACE_OUTER_BOUND('',#1604,.T.);
#1042=FACE_OUTER_BOUND('',#1605,.T.);
#1043=FACE_OUTER_BOUND('',#1606,.T.);
#1044=FACE_OUTER_BOUND('',#1607,.T.);
#1045=FACE_OUTER_BOUND('',#1608,.T.);
#1046=FACE_OUTER_BOUND('',#1609,.T.);
#1047=FACE_OUTER_BOUND('',#1610,.T.);
#1048=FACE_OUTER_BOUND('',#1611,.T.);
#1049=FACE_OUTER_BOUND('',#1612,.T.);
#1050=FACE_OUTER_BOUND('',#1613,.T.);
#1051=FACE_OUTER_BOUND('',#1614,.T.);
#1052=FACE_OUTER_BOUND('',#1615,.T.);
#1053=FACE_OUTER_BOUND('',#1616,.T.);
#1054=FACE_OUTER_BOUND('',#1617,.T.);
#1055=FACE_OUTER_BOUND('',#1618,.T.);
#1056=FACE_OUTER_BOUND('',#1619,.T.);
#1057=FACE_OUTER_BOUND('',#1620,.T.);
#1058=FACE_OUTER_BOUND('',#1621,.T.);
#1059=FACE_OUTER_BOUND('',#1622,.T.);
#1060=FACE_OUTER_BOUND('',#1623,.T.);
#1061=FACE_OUTER_BOUND('',#1624,.T.);
#1062=FACE_OUTER_BOUND('',#1625,.T.);
#1063=FACE_OUTER_BOUND('',#1626,.T.);
#1064=FACE_OUTER_BOUND('',#1627,.T.);
#1065=FACE_OUTER_BOUND('',#1628,.T.);
#1066=FACE_OUTER_BOUND('',#1629,.T.);
#1067=FACE_OUTER_BOUND('',#1630,.T.);
#1068=FACE_OUTER_BOUND('',#1631,.T.);
#1069=FACE_OUTER_BOUND('',#1632,.T.);
#1070=FACE_OUTER_BOUND('',#1633,.T.);
#1071=FACE_OUTER_BOUND('',#1634,.T.);
#1072=FACE_OUTER_BOUND('',#1635,.T.);
#1073=FACE_OUTER_BOUND('',#1636,.T.);
#1074=FACE_OUTER_BOUND('',#1637,.T.);
#1075=FACE_OUTER_BOUND('',#1638,.T.);
#1076=FACE_OUTER_BOUND('',#1639,.T.);
#1077=FACE_OUTER_BOUND('',#1640,.T.);
#1078=FACE_OUTER_BOUND('',#1641,.T.);
#1079=FACE_OUTER_BOUND('',#1642,.T.);
#1080=FACE_OUTER_BOUND('',#1643,.T.);
#1081=FACE_OUTER_BOUND('',#1644,.T.);
#1082=FACE_OUTER_BOUND('',#1645,.T.);
#1083=FACE_OUTER_BOUND('',#1646,.T.);
#1084=FACE_OUTER_BOUND('',#1647,.T.);
#1085=FACE_OUTER_BOUND('',#1648,.T.);
#1086=FACE_OUTER_BOUND('',#1649,.T.);
#1087=FACE_OUTER_BOUND('',#1650,.T.);
#1088=FACE_OUTER_BOUND('',#1651,.T.);
#1089=FACE_OUTER_BOUND('',#1652,.T.);
#1090=FACE_OUTER_BOUND('',#1653,.T.);
#1091=FACE_OUTER_BOUND('',#1654,.T.);
#1092=FACE_OUTER_BOUND('',#1655,.T.);
#1093=FACE_OUTER_BOUND('',#1656,.T.);
#1094=FACE_OUTER_BOUND('',#1657,.T.);
#1095=FACE_OUTER_BOUND('',#1658,.T.);
#1096=FACE_OUTER_BOUND('',#1659,.T.);
#1097=FACE_OUTER_BOUND('',#1660,.T.);
#1098=FACE_OUTER_BOUND('',#1661,.T.);
#1099=FACE_OUTER_BOUND('',#1662,.T.);
#1100=FACE_OUTER_BOUND('',#1663,.T.);
#1101=FACE_OUTER_BOUND('',#1664,.T.);
#1102=FACE_OUTER_BOUND('',#1665,.T.);
#1103=FACE_OUTER_BOUND('',#1666,.T.);
#1104=FACE_OUTER_BOUND('',#1667,.T.);
#1105=FACE_OUTER_BOUND('',#1668,.T.);
#1106=FACE_OUTER_BOUND('',#1680,.T.);
#1107=FACE_OUTER_BOUND('',#1681,.T.);
#1108=FACE_OUTER_BOUND('',#1682,.T.);
#1109=FACE_OUTER_BOUND('',#1683,.T.);
#1110=FACE_OUTER_BOUND('',#1684,.T.);
#1111=FACE_OUTER_BOUND('',#1693,.T.);
#1112=FACE_OUTER_BOUND('',#1694,.T.);
#1113=FACE_OUTER_BOUND('',#1695,.T.);
#1114=FACE_OUTER_BOUND('',#1696,.T.);
#1115=FACE_OUTER_BOUND('',#1697,.T.);
#1116=FACE_OUTER_BOUND('',#1698,.T.);
#1117=FACE_OUTER_BOUND('',#1699,.T.);
#1118=FACE_OUTER_BOUND('',#1700,.T.);
#1119=FACE_OUTER_BOUND('',#1701,.T.);
#1120=FACE_OUTER_BOUND('',#1702,.T.);
#1121=FACE_OUTER_BOUND('',#1703,.T.);
#1122=FACE_OUTER_BOUND('',#1704,.T.);
#1123=FACE_OUTER_BOUND('',#1705,.T.);
#1124=FACE_OUTER_BOUND('',#1706,.T.);
#1125=FACE_OUTER_BOUND('',#1707,.T.);
#1126=FACE_OUTER_BOUND('',#1708,.T.);
#1127=FACE_OUTER_BOUND('',#1709,.T.);
#1128=FACE_OUTER_BOUND('',#1710,.T.);
#1129=FACE_OUTER_BOUND('',#1711,.T.);
#1130=FACE_OUTER_BOUND('',#1712,.T.);
#1131=FACE_OUTER_BOUND('',#1713,.T.);
#1132=FACE_OUTER_BOUND('',#1714,.T.);
#1133=FACE_OUTER_BOUND('',#1715,.T.);
#1134=FACE_OUTER_BOUND('',#1716,.T.);
#1135=FACE_OUTER_BOUND('',#1717,.T.);
#1136=FACE_OUTER_BOUND('',#1718,.T.);
#1137=FACE_OUTER_BOUND('',#1719,.T.);
#1138=FACE_OUTER_BOUND('',#1720,.T.);
#1139=FACE_OUTER_BOUND('',#1721,.T.);
#1140=FACE_OUTER_BOUND('',#1722,.T.);
#1141=FACE_OUTER_BOUND('',#1723,.T.);
#1142=FACE_OUTER_BOUND('',#1724,.T.);
#1143=FACE_OUTER_BOUND('',#1725,.T.);
#1144=FACE_OUTER_BOUND('',#1726,.T.);
#1145=FACE_OUTER_BOUND('',#1727,.T.);
#1146=FACE_OUTER_BOUND('',#1728,.T.);
#1147=FACE_OUTER_BOUND('',#1729,.T.);
#1148=FACE_OUTER_BOUND('',#1730,.T.);
#1149=FACE_OUTER_BOUND('',#1731,.T.);
#1150=FACE_OUTER_BOUND('',#1732,.T.);
#1151=FACE_OUTER_BOUND('',#1733,.T.);
#1152=FACE_OUTER_BOUND('',#1734,.T.);
#1153=FACE_OUTER_BOUND('',#1735,.T.);
#1154=FACE_OUTER_BOUND('',#1736,.T.);
#1155=FACE_OUTER_BOUND('',#1737,.T.);
#1156=FACE_OUTER_BOUND('',#1738,.T.);
#1157=FACE_OUTER_BOUND('',#1739,.T.);
#1158=FACE_OUTER_BOUND('',#1740,.T.);
#1159=FACE_OUTER_BOUND('',#1741,.T.);
#1160=FACE_OUTER_BOUND('',#1742,.T.);
#1161=FACE_OUTER_BOUND('',#1743,.T.);
#1162=FACE_OUTER_BOUND('',#1744,.T.);
#1163=FACE_OUTER_BOUND('',#1745,.T.);
#1164=FACE_OUTER_BOUND('',#1746,.T.);
#1165=FACE_OUTER_BOUND('',#1747,.T.);
#1166=FACE_OUTER_BOUND('',#1748,.T.);
#1167=FACE_OUTER_BOUND('',#1749,.T.);
#1168=FACE_OUTER_BOUND('',#1750,.T.);
#1169=FACE_OUTER_BOUND('',#1751,.T.);
#1170=FACE_OUTER_BOUND('',#1752,.T.);
#1171=FACE_OUTER_BOUND('',#1753,.T.);
#1172=FACE_OUTER_BOUND('',#1754,.T.);
#1173=FACE_OUTER_BOUND('',#1755,.T.);
#1174=FACE_OUTER_BOUND('',#1756,.T.);
#1175=FACE_OUTER_BOUND('',#1757,.T.);
#1176=FACE_OUTER_BOUND('',#1758,.T.);
#1177=FACE_OUTER_BOUND('',#1759,.T.);
#1178=FACE_OUTER_BOUND('',#1760,.T.);
#1179=FACE_OUTER_BOUND('',#1761,.T.);
#1180=FACE_OUTER_BOUND('',#1762,.T.);
#1181=FACE_OUTER_BOUND('',#1763,.T.);
#1182=FACE_OUTER_BOUND('',#1764,.T.);
#1183=FACE_OUTER_BOUND('',#1765,.T.);
#1184=FACE_OUTER_BOUND('',#1766,.T.);
#1185=FACE_OUTER_BOUND('',#1767,.T.);
#1186=FACE_OUTER_BOUND('',#1768,.T.);
#1187=FACE_OUTER_BOUND('',#1769,.T.);
#1188=FACE_OUTER_BOUND('',#1770,.T.);
#1189=FACE_OUTER_BOUND('',#1771,.T.);
#1190=FACE_OUTER_BOUND('',#1772,.T.);
#1191=FACE_OUTER_BOUND('',#1773,.T.);
#1192=FACE_OUTER_BOUND('',#1774,.T.);
#1193=FACE_OUTER_BOUND('',#1775,.T.);
#1194=FACE_OUTER_BOUND('',#1776,.T.);
#1195=FACE_OUTER_BOUND('',#1777,.T.);
#1196=FACE_OUTER_BOUND('',#1778,.T.);
#1197=FACE_OUTER_BOUND('',#1779,.T.);
#1198=FACE_OUTER_BOUND('',#1780,.T.);
#1199=FACE_OUTER_BOUND('',#1781,.T.);
#1200=FACE_OUTER_BOUND('',#1782,.T.);
#1201=FACE_OUTER_BOUND('',#1783,.T.);
#1202=FACE_OUTER_BOUND('',#1784,.T.);
#1203=FACE_OUTER_BOUND('',#1785,.T.);
#1204=FACE_OUTER_BOUND('',#1786,.T.);
#1205=FACE_OUTER_BOUND('',#1787,.T.);
#1206=FACE_OUTER_BOUND('',#1788,.T.);
#1207=FACE_OUTER_BOUND('',#1789,.T.);
#1208=FACE_OUTER_BOUND('',#1790,.T.);
#1209=FACE_OUTER_BOUND('',#1791,.T.);
#1210=FACE_OUTER_BOUND('',#1792,.T.);
#1211=FACE_OUTER_BOUND('',#1793,.T.);
#1212=FACE_OUTER_BOUND('',#1794,.T.);
#1213=FACE_OUTER_BOUND('',#1795,.T.);
#1214=FACE_OUTER_BOUND('',#1796,.T.);
#1215=FACE_OUTER_BOUND('',#1797,.T.);
#1216=FACE_OUTER_BOUND('',#1798,.T.);
#1217=FACE_OUTER_BOUND('',#1799,.T.);
#1218=FACE_OUTER_BOUND('',#1800,.T.);
#1219=FACE_OUTER_BOUND('',#1801,.T.);
#1220=FACE_OUTER_BOUND('',#1802,.T.);
#1221=FACE_OUTER_BOUND('',#1803,.T.);
#1222=FACE_OUTER_BOUND('',#1804,.T.);
#1223=FACE_OUTER_BOUND('',#1805,.T.);
#1224=FACE_OUTER_BOUND('',#1806,.T.);
#1225=FACE_OUTER_BOUND('',#1807,.T.);
#1226=FACE_OUTER_BOUND('',#1808,.T.);
#1227=FACE_OUTER_BOUND('',#1809,.T.);
#1228=FACE_OUTER_BOUND('',#1810,.T.);
#1229=FACE_OUTER_BOUND('',#1811,.T.);
#1230=FACE_OUTER_BOUND('',#1812,.T.);
#1231=FACE_OUTER_BOUND('',#1813,.T.);
#1232=FACE_OUTER_BOUND('',#1814,.T.);
#1233=FACE_OUTER_BOUND('',#1815,.T.);
#1234=FACE_OUTER_BOUND('',#1816,.T.);
#1235=FACE_OUTER_BOUND('',#1817,.T.);
#1236=FACE_OUTER_BOUND('',#1818,.T.);
#1237=FACE_OUTER_BOUND('',#1819,.T.);
#1238=FACE_OUTER_BOUND('',#1820,.T.);
#1239=FACE_OUTER_BOUND('',#1821,.T.);
#1240=FACE_OUTER_BOUND('',#1822,.T.);
#1241=FACE_OUTER_BOUND('',#1823,.T.);
#1242=FACE_OUTER_BOUND('',#1824,.T.);
#1243=FACE_OUTER_BOUND('',#1825,.T.);
#1244=FACE_OUTER_BOUND('',#1826,.T.);
#1245=FACE_OUTER_BOUND('',#1827,.T.);
#1246=FACE_OUTER_BOUND('',#1828,.T.);
#1247=FACE_OUTER_BOUND('',#1829,.T.);
#1248=FACE_OUTER_BOUND('',#1830,.T.);
#1249=FACE_OUTER_BOUND('',#1831,.T.);
#1250=FACE_OUTER_BOUND('',#1832,.T.);
#1251=FACE_OUTER_BOUND('',#1833,.T.);
#1252=FACE_OUTER_BOUND('',#1834,.T.);
#1253=FACE_OUTER_BOUND('',#1835,.T.);
#1254=FACE_OUTER_BOUND('',#1836,.T.);
#1255=FACE_OUTER_BOUND('',#1837,.T.);
#1256=FACE_OUTER_BOUND('',#1838,.T.);
#1257=FACE_OUTER_BOUND('',#1839,.T.);
#1258=FACE_OUTER_BOUND('',#1840,.T.);
#1259=FACE_OUTER_BOUND('',#1841,.T.);
#1260=FACE_OUTER_BOUND('',#1842,.T.);
#1261=FACE_OUTER_BOUND('',#1843,.T.);
#1262=FACE_OUTER_BOUND('',#1844,.T.);
#1263=FACE_OUTER_BOUND('',#1845,.T.);
#1264=FACE_OUTER_BOUND('',#1846,.T.);
#1265=FACE_OUTER_BOUND('',#1847,.T.);
#1266=FACE_OUTER_BOUND('',#1848,.T.);
#1267=FACE_OUTER_BOUND('',#1849,.T.);
#1268=FACE_OUTER_BOUND('',#1850,.T.);
#1269=FACE_OUTER_BOUND('',#1851,.T.);
#1270=FACE_OUTER_BOUND('',#1852,.T.);
#1271=FACE_OUTER_BOUND('',#1853,.T.);
#1272=FACE_OUTER_BOUND('',#1854,.T.);
#1273=FACE_OUTER_BOUND('',#1855,.T.);
#1274=FACE_OUTER_BOUND('',#1856,.T.);
#1275=FACE_OUTER_BOUND('',#1857,.T.);
#1276=FACE_OUTER_BOUND('',#1858,.T.);
#1277=FACE_OUTER_BOUND('',#1859,.T.);
#1278=FACE_OUTER_BOUND('',#1860,.T.);
#1279=FACE_OUTER_BOUND('',#1861,.T.);
#1280=FACE_OUTER_BOUND('',#1862,.T.);
#1281=FACE_OUTER_BOUND('',#1863,.T.);
#1282=FACE_OUTER_BOUND('',#1864,.T.);
#1283=FACE_OUTER_BOUND('',#1865,.T.);
#1284=FACE_OUTER_BOUND('',#1866,.T.);
#1285=FACE_OUTER_BOUND('',#1867,.T.);
#1286=FACE_OUTER_BOUND('',#1868,.T.);
#1287=FACE_OUTER_BOUND('',#1869,.T.);
#1288=FACE_OUTER_BOUND('',#1870,.T.);
#1289=FACE_OUTER_BOUND('',#1871,.T.);
#1290=FACE_OUTER_BOUND('',#1872,.T.);
#1291=FACE_OUTER_BOUND('',#1873,.T.);
#1292=FACE_OUTER_BOUND('',#1874,.T.);
#1293=FACE_OUTER_BOUND('',#1875,.T.);
#1294=FACE_OUTER_BOUND('',#1876,.T.);
#1295=FACE_OUTER_BOUND('',#1877,.T.);
#1296=FACE_OUTER_BOUND('',#1878,.T.);
#1297=FACE_OUTER_BOUND('',#1879,.T.);
#1298=FACE_OUTER_BOUND('',#1880,.T.);
#1299=FACE_OUTER_BOUND('',#1881,.T.);
#1300=FACE_OUTER_BOUND('',#1882,.T.);
#1301=FACE_OUTER_BOUND('',#1883,.T.);
#1302=FACE_OUTER_BOUND('',#1884,.T.);
#1303=FACE_OUTER_BOUND('',#1885,.T.);
#1304=FACE_OUTER_BOUND('',#1886,.T.);
#1305=FACE_OUTER_BOUND('',#1887,.T.);
#1306=FACE_OUTER_BOUND('',#1888,.T.);
#1307=FACE_OUTER_BOUND('',#1889,.T.);
#1308=FACE_OUTER_BOUND('',#1890,.T.);
#1309=FACE_OUTER_BOUND('',#1891,.T.);
#1310=FACE_OUTER_BOUND('',#1892,.T.);
#1311=FACE_OUTER_BOUND('',#1893,.T.);
#1312=FACE_OUTER_BOUND('',#1894,.T.);
#1313=FACE_OUTER_BOUND('',#1895,.T.);
#1314=FACE_OUTER_BOUND('',#1896,.T.);
#1315=FACE_OUTER_BOUND('',#1897,.T.);
#1316=FACE_OUTER_BOUND('',#1898,.T.);
#1317=FACE_OUTER_BOUND('',#1899,.T.);
#1318=FACE_OUTER_BOUND('',#1900,.T.);
#1319=FACE_OUTER_BOUND('',#1901,.T.);
#1320=FACE_OUTER_BOUND('',#1902,.T.);
#1321=FACE_OUTER_BOUND('',#1903,.T.);
#1322=FACE_OUTER_BOUND('',#1904,.T.);
#1323=FACE_OUTER_BOUND('',#1905,.T.);
#1324=FACE_OUTER_BOUND('',#1906,.T.);
#1325=FACE_OUTER_BOUND('',#1907,.T.);
#1326=FACE_OUTER_BOUND('',#1908,.T.);
#1327=FACE_OUTER_BOUND('',#1909,.T.);
#1328=FACE_OUTER_BOUND('',#1910,.T.);
#1329=FACE_OUTER_BOUND('',#1911,.T.);
#1330=FACE_OUTER_BOUND('',#1912,.T.);
#1331=FACE_OUTER_BOUND('',#1913,.T.);
#1332=FACE_OUTER_BOUND('',#1914,.T.);
#1333=FACE_OUTER_BOUND('',#1915,.T.);
#1334=FACE_OUTER_BOUND('',#1916,.T.);
#1335=FACE_OUTER_BOUND('',#1917,.T.);
#1336=FACE_OUTER_BOUND('',#1918,.T.);
#1337=FACE_OUTER_BOUND('',#1919,.T.);
#1338=FACE_OUTER_BOUND('',#1920,.T.);
#1339=FACE_OUTER_BOUND('',#1921,.T.);
#1340=FACE_OUTER_BOUND('',#1922,.T.);
#1341=FACE_OUTER_BOUND('',#1923,.T.);
#1342=FACE_OUTER_BOUND('',#1924,.T.);
#1343=FACE_OUTER_BOUND('',#1925,.T.);
#1344=FACE_OUTER_BOUND('',#1926,.T.);
#1345=FACE_OUTER_BOUND('',#1927,.T.);
#1346=FACE_OUTER_BOUND('',#1928,.T.);
#1347=FACE_OUTER_BOUND('',#1929,.T.);
#1348=FACE_OUTER_BOUND('',#1930,.T.);
#1349=FACE_OUTER_BOUND('',#1931,.T.);
#1350=FACE_OUTER_BOUND('',#1932,.T.);
#1351=FACE_OUTER_BOUND('',#1933,.T.);
#1352=FACE_OUTER_BOUND('',#1934,.T.);
#1353=FACE_OUTER_BOUND('',#1935,.T.);
#1354=FACE_OUTER_BOUND('',#1936,.T.);
#1355=FACE_OUTER_BOUND('',#1937,.T.);
#1356=FACE_OUTER_BOUND('',#1938,.T.);
#1357=FACE_OUTER_BOUND('',#1939,.T.);
#1358=FACE_OUTER_BOUND('',#1940,.T.);
#1359=FACE_OUTER_BOUND('',#1941,.T.);
#1360=FACE_OUTER_BOUND('',#1942,.T.);
#1361=FACE_OUTER_BOUND('',#1943,.T.);
#1362=FACE_OUTER_BOUND('',#1944,.T.);
#1363=FACE_OUTER_BOUND('',#1945,.T.);
#1364=FACE_OUTER_BOUND('',#1946,.T.);
#1365=FACE_OUTER_BOUND('',#1947,.T.);
#1366=FACE_OUTER_BOUND('',#1948,.T.);
#1367=FACE_OUTER_BOUND('',#1949,.T.);
#1368=FACE_OUTER_BOUND('',#1950,.T.);
#1369=FACE_OUTER_BOUND('',#1951,.T.);
#1370=FACE_OUTER_BOUND('',#1952,.T.);
#1371=FACE_OUTER_BOUND('',#1953,.T.);
#1372=FACE_OUTER_BOUND('',#1954,.T.);
#1373=FACE_OUTER_BOUND('',#1955,.T.);
#1374=FACE_OUTER_BOUND('',#1956,.T.);
#1375=FACE_OUTER_BOUND('',#1957,.T.);
#1376=FACE_OUTER_BOUND('',#1958,.T.);
#1377=FACE_OUTER_BOUND('',#1959,.T.);
#1378=FACE_OUTER_BOUND('',#1960,.T.);
#1379=FACE_OUTER_BOUND('',#1961,.T.);
#1380=FACE_OUTER_BOUND('',#1962,.T.);
#1381=FACE_OUTER_BOUND('',#1963,.T.);
#1382=FACE_OUTER_BOUND('',#1964,.T.);
#1383=FACE_OUTER_BOUND('',#1965,.T.);
#1384=FACE_OUTER_BOUND('',#1966,.T.);
#1385=FACE_OUTER_BOUND('',#1967,.T.);
#1386=FACE_OUTER_BOUND('',#1968,.T.);
#1387=FACE_OUTER_BOUND('',#1969,.T.);
#1388=FACE_OUTER_BOUND('',#1970,.T.);
#1389=FACE_OUTER_BOUND('',#1971,.T.);
#1390=FACE_OUTER_BOUND('',#1972,.T.);
#1391=FACE_OUTER_BOUND('',#1973,.T.);
#1392=FACE_OUTER_BOUND('',#1974,.T.);
#1393=FACE_OUTER_BOUND('',#1975,.T.);
#1394=FACE_OUTER_BOUND('',#1976,.T.);
#1395=FACE_OUTER_BOUND('',#1977,.T.);
#1396=FACE_OUTER_BOUND('',#1978,.T.);
#1397=FACE_OUTER_BOUND('',#1979,.T.);
#1398=FACE_OUTER_BOUND('',#1980,.T.);
#1399=FACE_OUTER_BOUND('',#1981,.T.);
#1400=FACE_OUTER_BOUND('',#1982,.T.);
#1401=FACE_OUTER_BOUND('',#1983,.T.);
#1402=FACE_OUTER_BOUND('',#1984,.T.);
#1403=FACE_OUTER_BOUND('',#1985,.T.);
#1404=FACE_OUTER_BOUND('',#1986,.T.);
#1405=FACE_OUTER_BOUND('',#1987,.T.);
#1406=FACE_OUTER_BOUND('',#1988,.T.);
#1407=FACE_OUTER_BOUND('',#1989,.T.);
#1408=FACE_OUTER_BOUND('',#1990,.T.);
#1409=FACE_OUTER_BOUND('',#1991,.T.);
#1410=FACE_OUTER_BOUND('',#1992,.T.);
#1411=FACE_OUTER_BOUND('',#1993,.T.);
#1412=FACE_OUTER_BOUND('',#1994,.T.);
#1413=FACE_OUTER_BOUND('',#1995,.T.);
#1414=FACE_OUTER_BOUND('',#1996,.T.);
#1415=FACE_OUTER_BOUND('',#1997,.T.);
#1416=FACE_OUTER_BOUND('',#1998,.T.);
#1417=FACE_OUTER_BOUND('',#1999,.T.);
#1418=FACE_OUTER_BOUND('',#2000,.T.);
#1419=FACE_OUTER_BOUND('',#2001,.T.);
#1420=FACE_OUTER_BOUND('',#2002,.T.);
#1421=FACE_OUTER_BOUND('',#2003,.T.);
#1422=FACE_OUTER_BOUND('',#2004,.T.);
#1423=FACE_OUTER_BOUND('',#2005,.T.);
#1424=FACE_OUTER_BOUND('',#2006,.T.);
#1425=FACE_OUTER_BOUND('',#2007,.T.);
#1426=FACE_OUTER_BOUND('',#2008,.T.);
#1427=FACE_OUTER_BOUND('',#2009,.T.);
#1428=FACE_OUTER_BOUND('',#2010,.T.);
#1429=FACE_OUTER_BOUND('',#2011,.T.);
#1430=FACE_OUTER_BOUND('',#2012,.T.);
#1431=FACE_OUTER_BOUND('',#2013,.T.);
#1432=FACE_OUTER_BOUND('',#2014,.T.);
#1433=FACE_OUTER_BOUND('',#2015,.T.);
#1434=FACE_OUTER_BOUND('',#2016,.T.);
#1435=FACE_OUTER_BOUND('',#2017,.T.);
#1436=FACE_OUTER_BOUND('',#2018,.T.);
#1437=FACE_OUTER_BOUND('',#2019,.T.);
#1438=FACE_OUTER_BOUND('',#2020,.T.);
#1439=FACE_OUTER_BOUND('',#2021,.T.);
#1440=FACE_OUTER_BOUND('',#2022,.T.);
#1441=FACE_OUTER_BOUND('',#2023,.T.);
#1442=FACE_OUTER_BOUND('',#2024,.T.);
#1443=FACE_OUTER_BOUND('',#2025,.T.);
#1444=FACE_OUTER_BOUND('',#2026,.T.);
#1445=FACE_OUTER_BOUND('',#2027,.T.);
#1446=FACE_OUTER_BOUND('',#2028,.T.);
#1447=FACE_OUTER_BOUND('',#2029,.T.);
#1448=FACE_OUTER_BOUND('',#2030,.T.);
#1449=FACE_OUTER_BOUND('',#2031,.T.);
#1450=FACE_OUTER_BOUND('',#2032,.T.);
#1451=FACE_OUTER_BOUND('',#2033,.T.);
#1452=FACE_OUTER_BOUND('',#2034,.T.);
#1453=FACE_OUTER_BOUND('',#2035,.T.);
#1454=FACE_OUTER_BOUND('',#2036,.T.);
#1455=FACE_OUTER_BOUND('',#2037,.T.);
#1456=FACE_OUTER_BOUND('',#2038,.T.);
#1457=FACE_OUTER_BOUND('',#2039,.T.);
#1458=FACE_OUTER_BOUND('',#2040,.T.);
#1459=FACE_OUTER_BOUND('',#2041,.T.);
#1460=FACE_OUTER_BOUND('',#2042,.T.);
#1461=FACE_OUTER_BOUND('',#2043,.T.);
#1462=FACE_OUTER_BOUND('',#2044,.T.);
#1463=FACE_OUTER_BOUND('',#2045,.T.);
#1464=FACE_OUTER_BOUND('',#2046,.T.);
#1465=FACE_OUTER_BOUND('',#2047,.T.);
#1466=FACE_OUTER_BOUND('',#2048,.T.);
#1467=FACE_OUTER_BOUND('',#2049,.T.);
#1468=FACE_OUTER_BOUND('',#2050,.T.);
#1469=FACE_OUTER_BOUND('',#2051,.T.);
#1470=FACE_OUTER_BOUND('',#2052,.T.);
#1471=FACE_OUTER_BOUND('',#2053,.T.);
#1472=FACE_OUTER_BOUND('',#2054,.T.);
#1473=FACE_OUTER_BOUND('',#2055,.T.);
#1474=FACE_OUTER_BOUND('',#2056,.T.);
#1475=FACE_OUTER_BOUND('',#2057,.T.);
#1476=FACE_OUTER_BOUND('',#2058,.T.);
#1477=FACE_OUTER_BOUND('',#2059,.T.);
#1478=FACE_OUTER_BOUND('',#2060,.T.);
#1479=FACE_OUTER_BOUND('',#2061,.T.);
#1480=FACE_OUTER_BOUND('',#2062,.T.);
#1481=FACE_OUTER_BOUND('',#2063,.T.);
#1482=FACE_OUTER_BOUND('',#2064,.T.);
#1483=FACE_OUTER_BOUND('',#2065,.T.);
#1484=FACE_OUTER_BOUND('',#2066,.T.);
#1485=FACE_OUTER_BOUND('',#2067,.T.);
#1486=FACE_OUTER_BOUND('',#2068,.T.);
#1487=FACE_OUTER_BOUND('',#2069,.T.);
#1488=FACE_OUTER_BOUND('',#2070,.T.);
#1489=FACE_OUTER_BOUND('',#2071,.T.);
#1490=FACE_OUTER_BOUND('',#2072,.T.);
#1491=FACE_OUTER_BOUND('',#2073,.T.);
#1492=FACE_OUTER_BOUND('',#2074,.T.);
#1493=FACE_OUTER_BOUND('',#2075,.T.);
#1494=FACE_OUTER_BOUND('',#2076,.T.);
#1495=FACE_OUTER_BOUND('',#2077,.T.);
#1496=FACE_OUTER_BOUND('',#2078,.T.);
#1497=FACE_OUTER_BOUND('',#2079,.T.);
#1498=FACE_OUTER_BOUND('',#2080,.T.);
#1499=FACE_OUTER_BOUND('',#2081,.T.);
#1500=FACE_OUTER_BOUND('',#2082,.T.);
#1501=FACE_OUTER_BOUND('',#2083,.T.);
#1502=FACE_OUTER_BOUND('',#2084,.T.);
#1503=FACE_OUTER_BOUND('',#2085,.T.);
#1504=FACE_OUTER_BOUND('',#2086,.T.);
#1505=FACE_OUTER_BOUND('',#2087,.T.);
#1506=FACE_OUTER_BOUND('',#2088,.T.);
#1507=FACE_OUTER_BOUND('',#2089,.T.);
#1508=FACE_OUTER_BOUND('',#2090,.T.);
#1509=FACE_OUTER_BOUND('',#2091,.T.);
#1510=FACE_OUTER_BOUND('',#2092,.T.);
#1511=FACE_OUTER_BOUND('',#2093,.T.);
#1512=FACE_OUTER_BOUND('',#2094,.T.);
#1513=FACE_OUTER_BOUND('',#2095,.T.);
#1514=FACE_OUTER_BOUND('',#2096,.T.);
#1515=FACE_OUTER_BOUND('',#2097,.T.);
#1516=FACE_OUTER_BOUND('',#2098,.T.);
#1517=FACE_OUTER_BOUND('',#2099,.T.);
#1518=FACE_OUTER_BOUND('',#2100,.T.);
#1519=FACE_OUTER_BOUND('',#2101,.T.);
#1520=FACE_OUTER_BOUND('',#2102,.T.);
#1521=FACE_OUTER_BOUND('',#2103,.T.);
#1522=FACE_OUTER_BOUND('',#2104,.T.);
#1523=FACE_OUTER_BOUND('',#2105,.T.);
#1524=FACE_OUTER_BOUND('',#2106,.T.);
#1525=FACE_OUTER_BOUND('',#2107,.T.);
#1526=FACE_OUTER_BOUND('',#2108,.T.);
#1527=FACE_OUTER_BOUND('',#2109,.T.);
#1528=FACE_OUTER_BOUND('',#2110,.T.);
#1529=FACE_OUTER_BOUND('',#2111,.T.);
#1530=FACE_OUTER_BOUND('',#2112,.T.);
#1531=FACE_OUTER_BOUND('',#2113,.T.);
#1532=FACE_OUTER_BOUND('',#2114,.T.);
#1533=EDGE_LOOP('',(#6333,#6334,#6335,#6336,#6337,#6338,#6339,#6340));
#1534=EDGE_LOOP('',(#6341,#6342,#6343,#6344));
#1535=EDGE_LOOP('',(#6345,#6346,#6347,#6348));
#1536=EDGE_LOOP('',(#6349,#6350,#6351,#6352));
#1537=EDGE_LOOP('',(#6353,#6354,#6355,#6356));
#1538=EDGE_LOOP('',(#6357,#6358,#6359,#6360));
#1539=EDGE_LOOP('',(#6361,#6362,#6363,#6364));
#1540=EDGE_LOOP('',(#6365,#6366,#6367,#6368));
#1541=EDGE_LOOP('',(#6369,#6370,#6371,#6372));
#1542=EDGE_LOOP('',(#6373,#6374,#6375,#6376));
#1543=EDGE_LOOP('',(#6377,#6378,#6379,#6380));
#1544=EDGE_LOOP('',(#6381,#6382,#6383,#6384));
#1545=EDGE_LOOP('',(#6385,#6386,#6387,#6388));
#1546=EDGE_LOOP('',(#6389,#6390,#6391,#6392));
#1547=EDGE_LOOP('',(#6393,#6394,#6395,#6396));
#1548=EDGE_LOOP('',(#6397,#6398,#6399,#6400));
#1549=EDGE_LOOP('',(#6401,#6402,#6403,#6404));
#1550=EDGE_LOOP('',(#6405,#6406,#6407,#6408));
#1551=EDGE_LOOP('',(#6409,#6410,#6411,#6412));
#1552=EDGE_LOOP('',(#6413,#6414,#6415,#6416));
#1553=EDGE_LOOP('',(#6417,#6418,#6419,#6420));
#1554=EDGE_LOOP('',(#6421,#6422,#6423,#6424));
#1555=EDGE_LOOP('',(#6425,#6426,#6427,#6428));
#1556=EDGE_LOOP('',(#6429,#6430,#6431,#6432));
#1557=EDGE_LOOP('',(#6433,#6434,#6435,#6436));
#1558=EDGE_LOOP('',(#6437,#6438,#6439,#6440));
#1559=EDGE_LOOP('',(#6441,#6442,#6443,#6444));
#1560=EDGE_LOOP('',(#6445,#6446,#6447,#6448));
#1561=EDGE_LOOP('',(#6449,#6450,#6451,#6452));
#1562=EDGE_LOOP('',(#6453,#6454,#6455,#6456));
#1563=EDGE_LOOP('',(#6457,#6458,#6459,#6460,#6461,#6462,#6463,#6464));
#1564=EDGE_LOOP('',(#6465,#6466,#6467,#6468));
#1565=EDGE_LOOP('',(#6469,#6470,#6471,#6472));
#1566=EDGE_LOOP('',(#6473,#6474,#6475,#6476));
#1567=EDGE_LOOP('',(#6477,#6478,#6479,#6480));
#1568=EDGE_LOOP('',(#6481,#6482,#6483,#6484));
#1569=EDGE_LOOP('',(#6485,#6486,#6487,#6488));
#1570=EDGE_LOOP('',(#6489,#6490,#6491,#6492));
#1571=EDGE_LOOP('',(#6493,#6494,#6495,#6496));
#1572=EDGE_LOOP('',(#6497,#6498,#6499,#6500));
#1573=EDGE_LOOP('',(#6501,#6502,#6503,#6504));
#1574=EDGE_LOOP('',(#6505,#6506,#6507,#6508));
#1575=EDGE_LOOP('',(#6509,#6510,#6511,#6512));
#1576=EDGE_LOOP('',(#6513,#6514,#6515,#6516));
#1577=EDGE_LOOP('',(#6517,#6518,#6519,#6520));
#1578=EDGE_LOOP('',(#6521,#6522,#6523,#6524));
#1579=EDGE_LOOP('',(#6525,#6526,#6527,#6528));
#1580=EDGE_LOOP('',(#6529,#6530,#6531,#6532));
#1581=EDGE_LOOP('',(#6533,#6534,#6535,#6536));
#1582=EDGE_LOOP('',(#6537,#6538,#6539,#6540));
#1583=EDGE_LOOP('',(#6541,#6542,#6543,#6544));
#1584=EDGE_LOOP('',(#6545,#6546,#6547,#6548));
#1585=EDGE_LOOP('',(#6549,#6550,#6551,#6552));
#1586=EDGE_LOOP('',(#6553,#6554,#6555,#6556));
#1587=EDGE_LOOP('',(#6557,#6558,#6559,#6560));
#1588=EDGE_LOOP('',(#6561,#6562,#6563,#6564));
#1589=EDGE_LOOP('',(#6565,#6566,#6567,#6568));
#1590=EDGE_LOOP('',(#6569,#6570,#6571,#6572));
#1591=EDGE_LOOP('',(#6573,#6574,#6575,#6576));
#1592=EDGE_LOOP('',(#6577,#6578,#6579,#6580));
#1593=EDGE_LOOP('',(#6581,#6582,#6583,#6584));
#1594=EDGE_LOOP('',(#6585,#6586,#6587,#6588));
#1595=EDGE_LOOP('',(#6589,#6590,#6591,#6592,#6593,#6594,#6595,#6596));
#1596=EDGE_LOOP('',(#6597,#6598,#6599,#6600));
#1597=EDGE_LOOP('',(#6601,#6602,#6603,#6604));
#1598=EDGE_LOOP('',(#6605,#6606,#6607,#6608));
#1599=EDGE_LOOP('',(#6609,#6610,#6611,#6612));
#1600=EDGE_LOOP('',(#6613,#6614,#6615,#6616));
#1601=EDGE_LOOP('',(#6617,#6618,#6619,#6620));
#1602=EDGE_LOOP('',(#6621,#6622,#6623,#6624));
#1603=EDGE_LOOP('',(#6625,#6626,#6627,#6628));
#1604=EDGE_LOOP('',(#6629,#6630,#6631,#6632));
#1605=EDGE_LOOP('',(#6633,#6634,#6635,#6636));
#1606=EDGE_LOOP('',(#6637,#6638,#6639,#6640));
#1607=EDGE_LOOP('',(#6641,#6642,#6643,#6644));
#1608=EDGE_LOOP('',(#6645,#6646,#6647,#6648));
#1609=EDGE_LOOP('',(#6649,#6650,#6651,#6652));
#1610=EDGE_LOOP('',(#6653,#6654,#6655,#6656));
#1611=EDGE_LOOP('',(#6657,#6658,#6659,#6660));
#1612=EDGE_LOOP('',(#6661,#6662,#6663,#6664));
#1613=EDGE_LOOP('',(#6665,#6666,#6667,#6668));
#1614=EDGE_LOOP('',(#6669,#6670,#6671,#6672));
#1615=EDGE_LOOP('',(#6673,#6674,#6675,#6676));
#1616=EDGE_LOOP('',(#6677,#6678,#6679,#6680));
#1617=EDGE_LOOP('',(#6681,#6682,#6683,#6684));
#1618=EDGE_LOOP('',(#6685,#6686,#6687,#6688));
#1619=EDGE_LOOP('',(#6689,#6690,#6691,#6692));
#1620=EDGE_LOOP('',(#6693,#6694,#6695,#6696));
#1621=EDGE_LOOP('',(#6697,#6698,#6699,#6700));
#1622=EDGE_LOOP('',(#6701,#6702,#6703,#6704));
#1623=EDGE_LOOP('',(#6705,#6706,#6707,#6708));
#1624=EDGE_LOOP('',(#6709,#6710,#6711,#6712));
#1625=EDGE_LOOP('',(#6713,#6714,#6715,#6716));
#1626=EDGE_LOOP('',(#6717,#6718,#6719,#6720));
#1627=EDGE_LOOP('',(#6721,#6722,#6723,#6724));
#1628=EDGE_LOOP('',(#6725,#6726,#6727,#6728));
#1629=EDGE_LOOP('',(#6729,#6730,#6731,#6732,#6733,#6734,#6735,#6736));
#1630=EDGE_LOOP('',(#6737,#6738,#6739,#6740));
#1631=EDGE_LOOP('',(#6741,#6742,#6743,#6744));
#1632=EDGE_LOOP('',(#6745,#6746,#6747,#6748));
#1633=EDGE_LOOP('',(#6749,#6750,#6751,#6752));
#1634=EDGE_LOOP('',(#6753,#6754,#6755,#6756));
#1635=EDGE_LOOP('',(#6757,#6758,#6759,#6760));
#1636=EDGE_LOOP('',(#6761,#6762,#6763,#6764));
#1637=EDGE_LOOP('',(#6765,#6766,#6767,#6768));
#1638=EDGE_LOOP('',(#6769,#6770,#6771,#6772));
#1639=EDGE_LOOP('',(#6773,#6774,#6775,#6776,#6777,#6778,#6779,#6780));
#1640=EDGE_LOOP('',(#6781,#6782,#6783,#6784));
#1641=EDGE_LOOP('',(#6785,#6786,#6787,#6788));
#1642=EDGE_LOOP('',(#6789,#6790,#6791,#6792));
#1643=EDGE_LOOP('',(#6793,#6794,#6795,#6796));
#1644=EDGE_LOOP('',(#6797,#6798,#6799,#6800));
#1645=EDGE_LOOP('',(#6801,#6802,#6803,#6804));
#1646=EDGE_LOOP('',(#6805,#6806,#6807,#6808));
#1647=EDGE_LOOP('',(#6809,#6810,#6811,#6812));
#1648=EDGE_LOOP('',(#6813,#6814,#6815,#6816));
#1649=EDGE_LOOP('',(#6817,#6818,#6819,#6820));
#1650=EDGE_LOOP('',(#6821,#6822,#6823,#6824));
#1651=EDGE_LOOP('',(#6825,#6826,#6827,#6828));
#1652=EDGE_LOOP('',(#6829,#6830,#6831,#6832));
#1653=EDGE_LOOP('',(#6833,#6834,#6835,#6836));
#1654=EDGE_LOOP('',(#6837,#6838,#6839,#6840));
#1655=EDGE_LOOP('',(#6841,#6842,#6843,#6844));
#1656=EDGE_LOOP('',(#6845,#6846,#6847,#6848));
#1657=EDGE_LOOP('',(#6849,#6850,#6851,#6852));
#1658=EDGE_LOOP('',(#6853,#6854,#6855,#6856));
#1659=EDGE_LOOP('',(#6857,#6858,#6859,#6860));
#1660=EDGE_LOOP('',(#6861,#6862,#6863,#6864));
#1661=EDGE_LOOP('',(#6865,#6866,#6867,#6868));
#1662=EDGE_LOOP('',(#6869,#6870,#6871,#6872));
#1663=EDGE_LOOP('',(#6873,#6874,#6875,#6876,#6877,#6878,#6879));
#1664=EDGE_LOOP('',(#6880,#6881,#6882,#6883,#6884,#6885,#6886));
#1665=EDGE_LOOP('',(#6887,#6888,#6889,#6890));
#1666=EDGE_LOOP('',(#6891,#6892,#6893,#6894,#6895,#6896,#6897,#6898));
#1667=EDGE_LOOP('',(#6899,#6900,#6901,#6902,#6903,#6904,#6905,#6906));
#1668=EDGE_LOOP('',(#6907,#6908,#6909,#6910,#6911,#6912,#6913,#6914,#6915,
#6916,#6917,#6918,#6919,#6920,#6921,#6922,#6923,#6924,#6925,#6926,#6927,
#6928,#6929,#6930,#6931,#6932,#6933,#6934,#6935,#6936,#6937,#6938,#6939,
#6940,#6941,#6942,#6943,#6944,#6945,#6946,#6947,#6948,#6949,#6950,#6951,
#6952,#6953,#6954,#6955,#6956,#6957,#6958,#6959,#6960,#6961,#6962,#6963,
#6964,#6965,#6966,#6967,#6968,#6969,#6970,#6971,#6972,#6973,#6974,#6975,
#6976,#6977,#6978,#6979,#6980,#6981,#6982,#6983,#6984,#6985,#6986,#6987,
#6988,#6989,#6990,#6991,#6992,#6993,#6994,#6995,#6996,#6997,#6998,#6999,
#7000,#7001));
#1669=EDGE_LOOP('',(#7002,#7003,#7004,#7005,#7006,#7007,#7008,#7009,#7010,
#7011,#7012,#7013,#7014,#7015,#7016,#7017));
#1670=EDGE_LOOP('',(#7018,#7019,#7020,#7021,#7022,#7023,#7024,#7025,#7026,
#7027,#7028,#7029,#7030,#7031,#7032,#7033,#7034,#7035,#7036,#7037,#7038,
#7039,#7040,#7041));
#1671=EDGE_LOOP('',(#7042,#7043,#7044,#7045,#7046,#7047,#7048,#7049,#7050,
#7051,#7052,#7053,#7054,#7055,#7056,#7057,#7058,#7059,#7060,#7061,#7062,
#7063,#7064,#7065));
#1672=EDGE_LOOP('',(#7066,#7067,#7068,#7069,#7070,#7071,#7072,#7073,#7074,
#7075,#7076,#7077));
#1673=EDGE_LOOP('',(#7078,#7079,#7080,#7081,#7082,#7083,#7084,#7085,#7086,
#7087,#7088,#7089,#7090,#7091,#7092,#7093,#7094,#7095,#7096,#7097,#7098,
#7099,#7100,#7101));
#1674=EDGE_LOOP('',(#7102,#7103,#7104,#7105,#7106,#7107,#7108,#7109,#7110,
#7111,#7112,#7113));
#1675=EDGE_LOOP('',(#7114,#7115,#7116,#7117,#7118,#7119,#7120,#7121,#7122,
#7123,#7124,#7125,#7126,#7127,#7128,#7129,#7130,#7131,#7132,#7133,#7134,
#7135,#7136,#7137));
#1676=EDGE_LOOP('',(#7138,#7139,#7140,#7141,#7142,#7143,#7144,#7145,#7146,
#7147,#7148,#7149,#7150,#7151,#7152,#7153,#7154,#7155,#7156,#7157,#7158,
#7159,#7160,#7161));
#1677=EDGE_LOOP('',(#7162,#7163,#7164,#7165,#7166,#7167,#7168,#7169,#7170,
#7171,#7172,#7173,#7174,#7175,#7176,#7177,#7178,#7179,#7180,#7181,#7182,
#7183,#7184,#7185));
#1678=EDGE_LOOP('',(#7186,#7187,#7188,#7189,#7190,#7191,#7192,#7193,#7194,
#7195,#7196,#7197,#7198,#7199,#7200,#7201,#7202,#7203,#7204,#7205,#7206,
#7207,#7208,#7209));
#1679=EDGE_LOOP('',(#7210,#7211,#7212,#7213,#7214,#7215,#7216,#7217,#7218,
#7219,#7220,#7221,#7222,#7223,#7224,#7225,#7226,#7227,#7228,#7229,#7230,
#7231,#7232,#7233));
#1680=EDGE_LOOP('',(#7234,#7235,#7236,#7237));
#1681=EDGE_LOOP('',(#7238,#7239,#7240,#7241));
#1682=EDGE_LOOP('',(#7242,#7243,#7244,#7245));
#1683=EDGE_LOOP('',(#7246,#7247,#7248,#7249,#7250,#7251,#7252,#7253,#7254,
#7255,#7256,#7257,#7258));
#1684=EDGE_LOOP('',(#7259,#7260,#7261,#7262,#7263,#7264,#7265,#7266,#7267,
#7268,#7269,#7270,#7271,#7272,#7273,#7274,#7275,#7276,#7277,#7278,#7279,
#7280));
#1685=EDGE_LOOP('',(#7281,#7282,#7283,#7284,#7285,#7286,#7287,#7288,#7289,
#7290,#7291,#7292,#7293,#7294,#7295,#7296,#7297,#7298,#7299,#7300,#7301,
#7302,#7303,#7304));
#1686=EDGE_LOOP('',(#7305,#7306,#7307,#7308,#7309,#7310,#7311,#7312,#7313,
#7314,#7315,#7316,#7317,#7318,#7319,#7320,#7321,#7322,#7323,#7324,#7325,
#7326,#7327,#7328));
#1687=EDGE_LOOP('',(#7329,#7330,#7331,#7332,#7333,#7334,#7335,#7336,#7337,
#7338,#7339,#7340,#7341,#7342,#7343,#7344,#7345,#7346,#7347,#7348,#7349,
#7350,#7351,#7352));
#1688=EDGE_LOOP('',(#7353,#7354,#7355,#7356,#7357,#7358,#7359,#7360,#7361,
#7362,#7363,#7364,#7365,#7366,#7367,#7368,#7369,#7370,#7371,#7372,#7373,
#7374,#7375,#7376));
#1689=EDGE_LOOP('',(#7377,#7378,#7379,#7380,#7381,#7382,#7383,#7384,#7385,
#7386,#7387,#7388,#7389,#7390,#7391,#7392,#7393,#7394,#7395,#7396,#7397,
#7398,#7399,#7400));
#1690=EDGE_LOOP('',(#7401,#7402,#7403,#7404,#7405,#7406,#7407,#7408,#7409,
#7410,#7411,#7412,#7413,#7414,#7415,#7416,#7417,#7418,#7419,#7420,#7421,
#7422,#7423,#7424));
#1691=EDGE_LOOP('',(#7425,#7426,#7427,#7428,#7429,#7430,#7431,#7432,#7433,
#7434,#7435,#7436,#7437,#7438,#7439,#7440,#7441,#7442,#7443,#7444,#7445,
#7446,#7447,#7448));
#1692=EDGE_LOOP('',(#7449,#7450,#7451,#7452,#7453,#7454,#7455,#7456,#7457,
#7458,#7459,#7460,#7461,#7462,#7463,#7464,#7465,#7466,#7467,#7468,#7469,
#7470,#7471,#7472));
#1693=EDGE_LOOP('',(#7473,#7474,#7475,#7476));
#1694=EDGE_LOOP('',(#7477,#7478,#7479,#7480));
#1695=EDGE_LOOP('',(#7481,#7482,#7483,#7484));
#1696=EDGE_LOOP('',(#7485,#7486,#7487,#7488));
#1697=EDGE_LOOP('',(#7489,#7490,#7491,#7492));
#1698=EDGE_LOOP('',(#7493,#7494,#7495,#7496));
#1699=EDGE_LOOP('',(#7497,#7498,#7499,#7500));
#1700=EDGE_LOOP('',(#7501,#7502,#7503,#7504));
#1701=EDGE_LOOP('',(#7505,#7506,#7507,#7508));
#1702=EDGE_LOOP('',(#7509,#7510,#7511,#7512));
#1703=EDGE_LOOP('',(#7513,#7514,#7515,#7516));
#1704=EDGE_LOOP('',(#7517,#7518,#7519,#7520));
#1705=EDGE_LOOP('',(#7521,#7522,#7523,#7524));
#1706=EDGE_LOOP('',(#7525,#7526,#7527,#7528));
#1707=EDGE_LOOP('',(#7529,#7530,#7531,#7532));
#1708=EDGE_LOOP('',(#7533,#7534,#7535,#7536));
#1709=EDGE_LOOP('',(#7537,#7538,#7539,#7540));
#1710=EDGE_LOOP('',(#7541,#7542,#7543,#7544));
#1711=EDGE_LOOP('',(#7545,#7546,#7547,#7548));
#1712=EDGE_LOOP('',(#7549,#7550,#7551,#7552));
#1713=EDGE_LOOP('',(#7553,#7554,#7555,#7556));
#1714=EDGE_LOOP('',(#7557,#7558,#7559,#7560));
#1715=EDGE_LOOP('',(#7561,#7562,#7563,#7564));
#1716=EDGE_LOOP('',(#7565,#7566,#7567,#7568));
#1717=EDGE_LOOP('',(#7569,#7570,#7571,#7572));
#1718=EDGE_LOOP('',(#7573,#7574,#7575,#7576));
#1719=EDGE_LOOP('',(#7577,#7578,#7579,#7580));
#1720=EDGE_LOOP('',(#7581,#7582,#7583,#7584));
#1721=EDGE_LOOP('',(#7585,#7586,#7587,#7588));
#1722=EDGE_LOOP('',(#7589,#7590,#7591,#7592,#7593,#7594,#7595,#7596));
#1723=EDGE_LOOP('',(#7597,#7598,#7599,#7600));
#1724=EDGE_LOOP('',(#7601,#7602,#7603,#7604));
#1725=EDGE_LOOP('',(#7605,#7606,#7607,#7608));
#1726=EDGE_LOOP('',(#7609,#7610,#7611,#7612));
#1727=EDGE_LOOP('',(#7613,#7614,#7615,#7616));
#1728=EDGE_LOOP('',(#7617,#7618,#7619,#7620));
#1729=EDGE_LOOP('',(#7621,#7622,#7623,#7624));
#1730=EDGE_LOOP('',(#7625,#7626,#7627,#7628));
#1731=EDGE_LOOP('',(#7629,#7630,#7631,#7632));
#1732=EDGE_LOOP('',(#7633,#7634,#7635,#7636));
#1733=EDGE_LOOP('',(#7637,#7638,#7639,#7640));
#1734=EDGE_LOOP('',(#7641,#7642,#7643,#7644));
#1735=EDGE_LOOP('',(#7645,#7646,#7647,#7648));
#1736=EDGE_LOOP('',(#7649,#7650,#7651,#7652));
#1737=EDGE_LOOP('',(#7653,#7654,#7655,#7656));
#1738=EDGE_LOOP('',(#7657,#7658,#7659,#7660));
#1739=EDGE_LOOP('',(#7661,#7662,#7663,#7664));
#1740=EDGE_LOOP('',(#7665,#7666,#7667,#7668));
#1741=EDGE_LOOP('',(#7669,#7670,#7671,#7672));
#1742=EDGE_LOOP('',(#7673,#7674,#7675,#7676));
#1743=EDGE_LOOP('',(#7677,#7678,#7679,#7680));
#1744=EDGE_LOOP('',(#7681,#7682,#7683,#7684));
#1745=EDGE_LOOP('',(#7685,#7686,#7687,#7688));
#1746=EDGE_LOOP('',(#7689,#7690,#7691,#7692));
#1747=EDGE_LOOP('',(#7693,#7694,#7695,#7696));
#1748=EDGE_LOOP('',(#7697,#7698,#7699,#7700));
#1749=EDGE_LOOP('',(#7701,#7702,#7703,#7704));
#1750=EDGE_LOOP('',(#7705,#7706,#7707,#7708));
#1751=EDGE_LOOP('',(#7709,#7710,#7711,#7712));
#1752=EDGE_LOOP('',(#7713,#7714,#7715,#7716));
#1753=EDGE_LOOP('',(#7717,#7718,#7719,#7720,#7721,#7722,#7723));
#1754=EDGE_LOOP('',(#7724,#7725,#7726,#7727));
#1755=EDGE_LOOP('',(#7728,#7729,#7730,#7731,#7732,#7733,#7734,#7735));
#1756=EDGE_LOOP('',(#7736,#7737,#7738,#7739,#7740,#7741,#7742,#7743));
#1757=EDGE_LOOP('',(#7744,#7745,#7746,#7747));
#1758=EDGE_LOOP('',(#7748,#7749,#7750,#7751));
#1759=EDGE_LOOP('',(#7752,#7753,#7754,#7755));
#1760=EDGE_LOOP('',(#7756,#7757,#7758,#7759));
#1761=EDGE_LOOP('',(#7760,#7761,#7762,#7763));
#1762=EDGE_LOOP('',(#7764,#7765,#7766,#7767));
#1763=EDGE_LOOP('',(#7768,#7769,#7770,#7771));
#1764=EDGE_LOOP('',(#7772,#7773,#7774,#7775));
#1765=EDGE_LOOP('',(#7776,#7777,#7778,#7779));
#1766=EDGE_LOOP('',(#7780,#7781,#7782,#7783));
#1767=EDGE_LOOP('',(#7784,#7785,#7786,#7787));
#1768=EDGE_LOOP('',(#7788,#7789,#7790,#7791));
#1769=EDGE_LOOP('',(#7792,#7793,#7794,#7795));
#1770=EDGE_LOOP('',(#7796,#7797,#7798,#7799));
#1771=EDGE_LOOP('',(#7800,#7801,#7802,#7803));
#1772=EDGE_LOOP('',(#7804,#7805,#7806,#7807));
#1773=EDGE_LOOP('',(#7808,#7809,#7810,#7811));
#1774=EDGE_LOOP('',(#7812,#7813,#7814,#7815));
#1775=EDGE_LOOP('',(#7816,#7817,#7818,#7819));
#1776=EDGE_LOOP('',(#7820,#7821,#7822,#7823));
#1777=EDGE_LOOP('',(#7824,#7825,#7826,#7827));
#1778=EDGE_LOOP('',(#7828,#7829,#7830,#7831));
#1779=EDGE_LOOP('',(#7832,#7833,#7834,#7835));
#1780=EDGE_LOOP('',(#7836,#7837,#7838,#7839));
#1781=EDGE_LOOP('',(#7840,#7841,#7842,#7843));
#1782=EDGE_LOOP('',(#7844,#7845,#7846,#7847));
#1783=EDGE_LOOP('',(#7848,#7849,#7850,#7851));
#1784=EDGE_LOOP('',(#7852,#7853,#7854,#7855));
#1785=EDGE_LOOP('',(#7856,#7857,#7858,#7859));
#1786=EDGE_LOOP('',(#7860,#7861,#7862,#7863));
#1787=EDGE_LOOP('',(#7864,#7865,#7866,#7867));
#1788=EDGE_LOOP('',(#7868,#7869,#7870,#7871,#7872,#7873,#7874,#7875));
#1789=EDGE_LOOP('',(#7876,#7877,#7878,#7879));
#1790=EDGE_LOOP('',(#7880,#7881,#7882,#7883));
#1791=EDGE_LOOP('',(#7884,#7885,#7886,#7887));
#1792=EDGE_LOOP('',(#7888,#7889,#7890,#7891));
#1793=EDGE_LOOP('',(#7892,#7893,#7894,#7895));
#1794=EDGE_LOOP('',(#7896,#7897,#7898,#7899));
#1795=EDGE_LOOP('',(#7900,#7901,#7902,#7903));
#1796=EDGE_LOOP('',(#7904,#7905,#7906,#7907));
#1797=EDGE_LOOP('',(#7908,#7909,#7910,#7911));
#1798=EDGE_LOOP('',(#7912,#7913,#7914,#7915));
#1799=EDGE_LOOP('',(#7916,#7917,#7918,#7919));
#1800=EDGE_LOOP('',(#7920,#7921,#7922,#7923));
#1801=EDGE_LOOP('',(#7924,#7925,#7926,#7927));
#1802=EDGE_LOOP('',(#7928,#7929,#7930,#7931));
#1803=EDGE_LOOP('',(#7932,#7933,#7934,#7935));
#1804=EDGE_LOOP('',(#7936,#7937,#7938,#7939));
#1805=EDGE_LOOP('',(#7940,#7941,#7942,#7943));
#1806=EDGE_LOOP('',(#7944,#7945,#7946,#7947));
#1807=EDGE_LOOP('',(#7948,#7949,#7950,#7951));
#1808=EDGE_LOOP('',(#7952,#7953,#7954,#7955));
#1809=EDGE_LOOP('',(#7956,#7957,#7958,#7959));
#1810=EDGE_LOOP('',(#7960,#7961,#7962,#7963));
#1811=EDGE_LOOP('',(#7964,#7965,#7966,#7967));
#1812=EDGE_LOOP('',(#7968,#7969,#7970,#7971));
#1813=EDGE_LOOP('',(#7972,#7973,#7974,#7975));
#1814=EDGE_LOOP('',(#7976,#7977,#7978,#7979));
#1815=EDGE_LOOP('',(#7980,#7981,#7982,#7983));
#1816=EDGE_LOOP('',(#7984,#7985,#7986,#7987));
#1817=EDGE_LOOP('',(#7988,#7989,#7990,#7991));
#1818=EDGE_LOOP('',(#7992,#7993,#7994,#7995));
#1819=EDGE_LOOP('',(#7996,#7997,#7998,#7999));
#1820=EDGE_LOOP('',(#8000,#8001,#8002,#8003,#8004,#8005,#8006));
#1821=EDGE_LOOP('',(#8007,#8008,#8009,#8010));
#1822=EDGE_LOOP('',(#8011,#8012,#8013,#8014,#8015,#8016,#8017,#8018));
#1823=EDGE_LOOP('',(#8019,#8020,#8021,#8022,#8023,#8024,#8025,#8026));
#1824=EDGE_LOOP('',(#8027,#8028,#8029,#8030));
#1825=EDGE_LOOP('',(#8031,#8032,#8033,#8034));
#1826=EDGE_LOOP('',(#8035,#8036,#8037,#8038));
#1827=EDGE_LOOP('',(#8039,#8040,#8041,#8042));
#1828=EDGE_LOOP('',(#8043,#8044,#8045,#8046));
#1829=EDGE_LOOP('',(#8047,#8048,#8049,#8050));
#1830=EDGE_LOOP('',(#8051,#8052,#8053,#8054));
#1831=EDGE_LOOP('',(#8055,#8056,#8057,#8058));
#1832=EDGE_LOOP('',(#8059,#8060,#8061,#8062));
#1833=EDGE_LOOP('',(#8063,#8064,#8065,#8066));
#1834=EDGE_LOOP('',(#8067,#8068,#8069,#8070));
#1835=EDGE_LOOP('',(#8071,#8072,#8073,#8074));
#1836=EDGE_LOOP('',(#8075,#8076,#8077,#8078));
#1837=EDGE_LOOP('',(#8079,#8080,#8081,#8082));
#1838=EDGE_LOOP('',(#8083,#8084,#8085,#8086));
#1839=EDGE_LOOP('',(#8087,#8088,#8089,#8090));
#1840=EDGE_LOOP('',(#8091,#8092,#8093,#8094));
#1841=EDGE_LOOP('',(#8095,#8096,#8097,#8098));
#1842=EDGE_LOOP('',(#8099,#8100,#8101,#8102));
#1843=EDGE_LOOP('',(#8103,#8104,#8105,#8106));
#1844=EDGE_LOOP('',(#8107,#8108,#8109,#8110));
#1845=EDGE_LOOP('',(#8111,#8112,#8113,#8114));
#1846=EDGE_LOOP('',(#8115,#8116,#8117,#8118));
#1847=EDGE_LOOP('',(#8119,#8120,#8121,#8122));
#1848=EDGE_LOOP('',(#8123,#8124,#8125,#8126));
#1849=EDGE_LOOP('',(#8127,#8128,#8129,#8130));
#1850=EDGE_LOOP('',(#8131,#8132,#8133,#8134));
#1851=EDGE_LOOP('',(#8135,#8136,#8137,#8138));
#1852=EDGE_LOOP('',(#8139,#8140,#8141,#8142));
#1853=EDGE_LOOP('',(#8143,#8144,#8145,#8146));
#1854=EDGE_LOOP('',(#8147,#8148,#8149,#8150));
#1855=EDGE_LOOP('',(#8151,#8152,#8153,#8154));
#1856=EDGE_LOOP('',(#8155,#8156,#8157,#8158));
#1857=EDGE_LOOP('',(#8159,#8160,#8161,#8162));
#1858=EDGE_LOOP('',(#8163,#8164,#8165,#8166));
#1859=EDGE_LOOP('',(#8167,#8168,#8169,#8170));
#1860=EDGE_LOOP('',(#8171,#8172,#8173,#8174));
#1861=EDGE_LOOP('',(#8175,#8176,#8177,#8178));
#1862=EDGE_LOOP('',(#8179,#8180,#8181,#8182));
#1863=EDGE_LOOP('',(#8183,#8184,#8185,#8186));
#1864=EDGE_LOOP('',(#8187,#8188,#8189,#8190));
#1865=EDGE_LOOP('',(#8191,#8192,#8193,#8194,#8195,#8196,#8197,#8198));
#1866=EDGE_LOOP('',(#8199,#8200,#8201,#8202));
#1867=EDGE_LOOP('',(#8203,#8204,#8205,#8206));
#1868=EDGE_LOOP('',(#8207,#8208,#8209,#8210));
#1869=EDGE_LOOP('',(#8211,#8212,#8213,#8214));
#1870=EDGE_LOOP('',(#8215,#8216,#8217,#8218,#8219,#8220,#8221,#8222));
#1871=EDGE_LOOP('',(#8223,#8224,#8225,#8226));
#1872=EDGE_LOOP('',(#8227,#8228,#8229,#8230));
#1873=EDGE_LOOP('',(#8231,#8232,#8233,#8234));
#1874=EDGE_LOOP('',(#8235,#8236,#8237,#8238));
#1875=EDGE_LOOP('',(#8239,#8240,#8241,#8242));
#1876=EDGE_LOOP('',(#8243,#8244,#8245,#8246));
#1877=EDGE_LOOP('',(#8247,#8248,#8249,#8250));
#1878=EDGE_LOOP('',(#8251,#8252,#8253,#8254));
#1879=EDGE_LOOP('',(#8255,#8256,#8257,#8258));
#1880=EDGE_LOOP('',(#8259,#8260,#8261,#8262));
#1881=EDGE_LOOP('',(#8263,#8264,#8265,#8266));
#1882=EDGE_LOOP('',(#8267,#8268,#8269,#8270));
#1883=EDGE_LOOP('',(#8271,#8272,#8273,#8274));
#1884=EDGE_LOOP('',(#8275,#8276,#8277,#8278));
#1885=EDGE_LOOP('',(#8279,#8280,#8281,#8282));
#1886=EDGE_LOOP('',(#8283,#8284,#8285,#8286));
#1887=EDGE_LOOP('',(#8287,#8288,#8289,#8290));
#1888=EDGE_LOOP('',(#8291,#8292,#8293,#8294));
#1889=EDGE_LOOP('',(#8295,#8296,#8297,#8298));
#1890=EDGE_LOOP('',(#8299,#8300,#8301,#8302));
#1891=EDGE_LOOP('',(#8303,#8304,#8305,#8306));
#1892=EDGE_LOOP('',(#8307,#8308,#8309,#8310));
#1893=EDGE_LOOP('',(#8311,#8312,#8313,#8314));
#1894=EDGE_LOOP('',(#8315,#8316,#8317,#8318,#8319,#8320,#8321));
#1895=EDGE_LOOP('',(#8322,#8323,#8324,#8325,#8326,#8327,#8328,#8329,#8330,
#8331,#8332));
#1896=EDGE_LOOP('',(#8333,#8334,#8335,#8336));
#1897=EDGE_LOOP('',(#8337,#8338,#8339,#8340,#8341,#8342,#8343,#8344));
#1898=EDGE_LOOP('',(#8345,#8346,#8347,#8348,#8349,#8350,#8351,#8352));
#1899=EDGE_LOOP('',(#8353,#8354,#8355,#8356));
#1900=EDGE_LOOP('',(#8357,#8358,#8359,#8360));
#1901=EDGE_LOOP('',(#8361,#8362,#8363,#8364));
#1902=EDGE_LOOP('',(#8365,#8366,#8367,#8368));
#1903=EDGE_LOOP('',(#8369,#8370,#8371,#8372));
#1904=EDGE_LOOP('',(#8373,#8374,#8375,#8376));
#1905=EDGE_LOOP('',(#8377,#8378,#8379,#8380));
#1906=EDGE_LOOP('',(#8381,#8382,#8383,#8384));
#1907=EDGE_LOOP('',(#8385,#8386,#8387,#8388));
#1908=EDGE_LOOP('',(#8389,#8390,#8391,#8392));
#1909=EDGE_LOOP('',(#8393,#8394,#8395,#8396));
#1910=EDGE_LOOP('',(#8397,#8398,#8399,#8400));
#1911=EDGE_LOOP('',(#8401,#8402,#8403,#8404));
#1912=EDGE_LOOP('',(#8405,#8406,#8407,#8408));
#1913=EDGE_LOOP('',(#8409,#8410,#8411,#8412));
#1914=EDGE_LOOP('',(#8413,#8414,#8415,#8416));
#1915=EDGE_LOOP('',(#8417,#8418,#8419,#8420));
#1916=EDGE_LOOP('',(#8421,#8422,#8423,#8424));
#1917=EDGE_LOOP('',(#8425,#8426,#8427,#8428));
#1918=EDGE_LOOP('',(#8429,#8430,#8431,#8432));
#1919=EDGE_LOOP('',(#8433,#8434,#8435,#8436));
#1920=EDGE_LOOP('',(#8437,#8438,#8439,#8440));
#1921=EDGE_LOOP('',(#8441,#8442,#8443,#8444));
#1922=EDGE_LOOP('',(#8445,#8446,#8447,#8448));
#1923=EDGE_LOOP('',(#8449,#8450,#8451,#8452));
#1924=EDGE_LOOP('',(#8453,#8454,#8455,#8456));
#1925=EDGE_LOOP('',(#8457,#8458,#8459,#8460));
#1926=EDGE_LOOP('',(#8461,#8462,#8463,#8464));
#1927=EDGE_LOOP('',(#8465,#8466,#8467,#8468));
#1928=EDGE_LOOP('',(#8469,#8470,#8471,#8472));
#1929=EDGE_LOOP('',(#8473,#8474,#8475,#8476));
#1930=EDGE_LOOP('',(#8477,#8478,#8479,#8480));
#1931=EDGE_LOOP('',(#8481,#8482,#8483,#8484));
#1932=EDGE_LOOP('',(#8485,#8486,#8487,#8488));
#1933=EDGE_LOOP('',(#8489,#8490,#8491,#8492));
#1934=EDGE_LOOP('',(#8493,#8494,#8495,#8496));
#1935=EDGE_LOOP('',(#8497,#8498,#8499,#8500));
#1936=EDGE_LOOP('',(#8501,#8502,#8503,#8504));
#1937=EDGE_LOOP('',(#8505,#8506,#8507,#8508,#8509,#8510,#8511,#8512));
#1938=EDGE_LOOP('',(#8513,#8514,#8515,#8516));
#1939=EDGE_LOOP('',(#8517,#8518,#8519,#8520));
#1940=EDGE_LOOP('',(#8521,#8522,#8523,#8524));
#1941=EDGE_LOOP('',(#8525,#8526,#8527,#8528));
#1942=EDGE_LOOP('',(#8529,#8530,#8531,#8532));
#1943=EDGE_LOOP('',(#8533,#8534,#8535,#8536));
#1944=EDGE_LOOP('',(#8537,#8538,#8539,#8540));
#1945=EDGE_LOOP('',(#8541,#8542,#8543,#8544));
#1946=EDGE_LOOP('',(#8545,#8546,#8547,#8548));
#1947=EDGE_LOOP('',(#8549,#8550,#8551,#8552));
#1948=EDGE_LOOP('',(#8553,#8554,#8555,#8556));
#1949=EDGE_LOOP('',(#8557,#8558,#8559,#8560));
#1950=EDGE_LOOP('',(#8561,#8562,#8563,#8564));
#1951=EDGE_LOOP('',(#8565,#8566,#8567,#8568));
#1952=EDGE_LOOP('',(#8569,#8570,#8571,#8572));
#1953=EDGE_LOOP('',(#8573,#8574,#8575,#8576));
#1954=EDGE_LOOP('',(#8577,#8578,#8579,#8580));
#1955=EDGE_LOOP('',(#8581,#8582,#8583,#8584));
#1956=EDGE_LOOP('',(#8585,#8586,#8587,#8588));
#1957=EDGE_LOOP('',(#8589,#8590,#8591,#8592));
#1958=EDGE_LOOP('',(#8593,#8594,#8595,#8596));
#1959=EDGE_LOOP('',(#8597,#8598,#8599,#8600));
#1960=EDGE_LOOP('',(#8601,#8602,#8603,#8604));
#1961=EDGE_LOOP('',(#8605,#8606,#8607,#8608));
#1962=EDGE_LOOP('',(#8609,#8610,#8611,#8612));
#1963=EDGE_LOOP('',(#8613,#8614,#8615,#8616));
#1964=EDGE_LOOP('',(#8617,#8618,#8619,#8620));
#1965=EDGE_LOOP('',(#8621,#8622,#8623,#8624,#8625,#8626,#8627,#8628,#8629,
#8630,#8631));
#1966=EDGE_LOOP('',(#8632,#8633,#8634,#8635,#8636,#8637,#8638,#8639,#8640,
#8641,#8642,#8643));
#1967=EDGE_LOOP('',(#8644,#8645,#8646,#8647));
#1968=EDGE_LOOP('',(#8648,#8649,#8650,#8651));
#1969=EDGE_LOOP('',(#8652,#8653,#8654,#8655));
#1970=EDGE_LOOP('',(#8656,#8657,#8658,#8659));
#1971=EDGE_LOOP('',(#8660,#8661,#8662,#8663));
#1972=EDGE_LOOP('',(#8664,#8665,#8666,#8667));
#1973=EDGE_LOOP('',(#8668,#8669,#8670,#8671));
#1974=EDGE_LOOP('',(#8672,#8673,#8674,#8675));
#1975=EDGE_LOOP('',(#8676,#8677,#8678,#8679));
#1976=EDGE_LOOP('',(#8680,#8681,#8682,#8683));
#1977=EDGE_LOOP('',(#8684,#8685,#8686,#8687));
#1978=EDGE_LOOP('',(#8688,#8689,#8690,#8691));
#1979=EDGE_LOOP('',(#8692,#8693,#8694,#8695));
#1980=EDGE_LOOP('',(#8696,#8697,#8698,#8699));
#1981=EDGE_LOOP('',(#8700,#8701,#8702,#8703));
#1982=EDGE_LOOP('',(#8704,#8705,#8706,#8707));
#1983=EDGE_LOOP('',(#8708,#8709,#8710,#8711));
#1984=EDGE_LOOP('',(#8712,#8713,#8714,#8715));
#1985=EDGE_LOOP('',(#8716,#8717,#8718,#8719));
#1986=EDGE_LOOP('',(#8720,#8721,#8722,#8723));
#1987=EDGE_LOOP('',(#8724,#8725,#8726,#8727));
#1988=EDGE_LOOP('',(#8728,#8729,#8730,#8731));
#1989=EDGE_LOOP('',(#8732,#8733,#8734,#8735));
#1990=EDGE_LOOP('',(#8736,#8737,#8738,#8739));
#1991=EDGE_LOOP('',(#8740,#8741,#8742,#8743));
#1992=EDGE_LOOP('',(#8744,#8745,#8746,#8747));
#1993=EDGE_LOOP('',(#8748,#8749,#8750,#8751));
#1994=EDGE_LOOP('',(#8752,#8753,#8754,#8755));
#1995=EDGE_LOOP('',(#8756,#8757,#8758,#8759));
#1996=EDGE_LOOP('',(#8760,#8761,#8762,#8763));
#1997=EDGE_LOOP('',(#8764,#8765,#8766,#8767));
#1998=EDGE_LOOP('',(#8768,#8769,#8770,#8771));
#1999=EDGE_LOOP('',(#8772,#8773,#8774,#8775));
#2000=EDGE_LOOP('',(#8776,#8777,#8778,#8779));
#2001=EDGE_LOOP('',(#8780,#8781,#8782,#8783));
#2002=EDGE_LOOP('',(#8784,#8785,#8786,#8787));
#2003=EDGE_LOOP('',(#8788,#8789,#8790,#8791));
#2004=EDGE_LOOP('',(#8792,#8793,#8794,#8795));
#2005=EDGE_LOOP('',(#8796,#8797,#8798,#8799));
#2006=EDGE_LOOP('',(#8800,#8801,#8802,#8803,#8804,#8805,#8806,#8807));
#2007=EDGE_LOOP('',(#8808,#8809,#8810,#8811));
#2008=EDGE_LOOP('',(#8812,#8813,#8814,#8815));
#2009=EDGE_LOOP('',(#8816,#8817,#8818,#8819));
#2010=EDGE_LOOP('',(#8820,#8821,#8822,#8823));
#2011=EDGE_LOOP('',(#8824,#8825,#8826,#8827,#8828,#8829,#8830,#8831));
#2012=EDGE_LOOP('',(#8832,#8833,#8834,#8835));
#2013=EDGE_LOOP('',(#8836,#8837,#8838,#8839));
#2014=EDGE_LOOP('',(#8840,#8841,#8842,#8843));
#2015=EDGE_LOOP('',(#8844,#8845,#8846,#8847));
#2016=EDGE_LOOP('',(#8848,#8849,#8850,#8851));
#2017=EDGE_LOOP('',(#8852,#8853,#8854,#8855));
#2018=EDGE_LOOP('',(#8856,#8857,#8858,#8859));
#2019=EDGE_LOOP('',(#8860,#8861,#8862,#8863));
#2020=EDGE_LOOP('',(#8864,#8865,#8866,#8867));
#2021=EDGE_LOOP('',(#8868,#8869,#8870,#8871));
#2022=EDGE_LOOP('',(#8872,#8873,#8874,#8875));
#2023=EDGE_LOOP('',(#8876,#8877,#8878,#8879));
#2024=EDGE_LOOP('',(#8880,#8881,#8882,#8883));
#2025=EDGE_LOOP('',(#8884,#8885,#8886,#8887));
#2026=EDGE_LOOP('',(#8888,#8889,#8890,#8891));
#2027=EDGE_LOOP('',(#8892,#8893,#8894,#8895));
#2028=EDGE_LOOP('',(#8896,#8897,#8898,#8899));
#2029=EDGE_LOOP('',(#8900,#8901,#8902,#8903));
#2030=EDGE_LOOP('',(#8904,#8905,#8906,#8907));
#2031=EDGE_LOOP('',(#8908,#8909,#8910,#8911));
#2032=EDGE_LOOP('',(#8912,#8913,#8914,#8915));
#2033=EDGE_LOOP('',(#8916,#8917,#8918,#8919));
#2034=EDGE_LOOP('',(#8920,#8921,#8922,#8923));
#2035=EDGE_LOOP('',(#8924,#8925,#8926,#8927,#8928,#8929,#8930));
#2036=EDGE_LOOP('',(#8931,#8932,#8933,#8934,#8935,#8936,#8937,#8938,#8939,
#8940,#8941,#8942,#8943,#8944,#8945,#8946));
#2037=EDGE_LOOP('',(#8947,#8948,#8949,#8950));
#2038=EDGE_LOOP('',(#8951,#8952,#8953,#8954,#8955,#8956,#8957,#8958));
#2039=EDGE_LOOP('',(#8959,#8960,#8961,#8962,#8963,#8964,#8965,#8966));
#2040=EDGE_LOOP('',(#8967,#8968,#8969,#8970));
#2041=EDGE_LOOP('',(#8971,#8972,#8973,#8974));
#2042=EDGE_LOOP('',(#8975,#8976,#8977,#8978));
#2043=EDGE_LOOP('',(#8979,#8980,#8981,#8982));
#2044=EDGE_LOOP('',(#8983,#8984,#8985,#8986));
#2045=EDGE_LOOP('',(#8987,#8988,#8989,#8990));
#2046=EDGE_LOOP('',(#8991,#8992,#8993,#8994));
#2047=EDGE_LOOP('',(#8995,#8996,#8997,#8998));
#2048=EDGE_LOOP('',(#8999,#9000,#9001,#9002));
#2049=EDGE_LOOP('',(#9003,#9004,#9005,#9006));
#2050=EDGE_LOOP('',(#9007,#9008,#9009,#9010));
#2051=EDGE_LOOP('',(#9011,#9012,#9013,#9014));
#2052=EDGE_LOOP('',(#9015,#9016,#9017,#9018));
#2053=EDGE_LOOP('',(#9019,#9020,#9021,#9022));
#2054=EDGE_LOOP('',(#9023,#9024,#9025,#9026));
#2055=EDGE_LOOP('',(#9027,#9028,#9029,#9030));
#2056=EDGE_LOOP('',(#9031,#9032,#9033,#9034));
#2057=EDGE_LOOP('',(#9035,#9036,#9037,#9038));
#2058=EDGE_LOOP('',(#9039,#9040,#9041,#9042));
#2059=EDGE_LOOP('',(#9043,#9044,#9045,#9046));
#2060=EDGE_LOOP('',(#9047,#9048,#9049,#9050));
#2061=EDGE_LOOP('',(#9051,#9052,#9053,#9054));
#2062=EDGE_LOOP('',(#9055,#9056,#9057,#9058));
#2063=EDGE_LOOP('',(#9059,#9060,#9061,#9062));
#2064=EDGE_LOOP('',(#9063,#9064,#9065,#9066));
#2065=EDGE_LOOP('',(#9067,#9068,#9069,#9070));
#2066=EDGE_LOOP('',(#9071,#9072,#9073,#9074));
#2067=EDGE_LOOP('',(#9075,#9076,#9077,#9078));
#2068=EDGE_LOOP('',(#9079,#9080,#9081,#9082));
#2069=EDGE_LOOP('',(#9083,#9084,#9085,#9086));
#2070=EDGE_LOOP('',(#9087,#9088,#9089,#9090));
#2071=EDGE_LOOP('',(#9091,#9092,#9093,#9094));
#2072=EDGE_LOOP('',(#9095,#9096,#9097,#9098));
#2073=EDGE_LOOP('',(#9099,#9100,#9101,#9102));
#2074=EDGE_LOOP('',(#9103,#9104,#9105,#9106));
#2075=EDGE_LOOP('',(#9107,#9108,#9109,#9110));
#2076=EDGE_LOOP('',(#9111,#9112,#9113,#9114));
#2077=EDGE_LOOP('',(#9115,#9116,#9117,#9118));
#2078=EDGE_LOOP('',(#9119,#9120,#9121,#9122));
#2079=EDGE_LOOP('',(#9123,#9124,#9125,#9126));
#2080=EDGE_LOOP('',(#9127,#9128,#9129,#9130,#9131,#9132,#9133,#9134));
#2081=EDGE_LOOP('',(#9135,#9136,#9137,#9138));
#2082=EDGE_LOOP('',(#9139,#9140,#9141,#9142));
#2083=EDGE_LOOP('',(#9143,#9144,#9145,#9146));
#2084=EDGE_LOOP('',(#9147,#9148,#9149,#9150));
#2085=EDGE_LOOP('',(#9151,#9152,#9153,#9154));
#2086=EDGE_LOOP('',(#9155,#9156,#9157,#9158,#9159,#9160,#9161,#9162));
#2087=EDGE_LOOP('',(#9163,#9164,#9165,#9166));
#2088=EDGE_LOOP('',(#9167,#9168,#9169,#9170));
#2089=EDGE_LOOP('',(#9171,#9172,#9173,#9174));
#2090=EDGE_LOOP('',(#9175,#9176,#9177,#9178));
#2091=EDGE_LOOP('',(#9179,#9180,#9181,#9182));
#2092=EDGE_LOOP('',(#9183,#9184,#9185,#9186));
#2093=EDGE_LOOP('',(#9187,#9188,#9189,#9190));
#2094=EDGE_LOOP('',(#9191,#9192,#9193,#9194));
#2095=EDGE_LOOP('',(#9195,#9196,#9197,#9198));
#2096=EDGE_LOOP('',(#9199,#9200,#9201,#9202));
#2097=EDGE_LOOP('',(#9203,#9204,#9205,#9206));
#2098=EDGE_LOOP('',(#9207,#9208,#9209,#9210));
#2099=EDGE_LOOP('',(#9211,#9212,#9213,#9214));
#2100=EDGE_LOOP('',(#9215,#9216,#9217,#9218));
#2101=EDGE_LOOP('',(#9219,#9220,#9221,#9222));
#2102=EDGE_LOOP('',(#9223,#9224,#9225,#9226));
#2103=EDGE_LOOP('',(#9227,#9228,#9229,#9230));
#2104=EDGE_LOOP('',(#9231,#9232,#9233,#9234));
#2105=EDGE_LOOP('',(#9235,#9236,#9237,#9238));
#2106=EDGE_LOOP('',(#9239,#9240,#9241,#9242));
#2107=EDGE_LOOP('',(#9243,#9244,#9245,#9246));
#2108=EDGE_LOOP('',(#9247,#9248,#9249,#9250));
#2109=EDGE_LOOP('',(#9251,#9252,#9253,#9254));
#2110=EDGE_LOOP('',(#9255,#9256,#9257,#9258,#9259,#9260,#9261));
#2111=EDGE_LOOP('',(#9262,#9263,#9264,#9265,#9266,#9267,#9268,#9269,#9270,
#9271,#9272));
#2112=EDGE_LOOP('',(#9273,#9274,#9275,#9276,#9277,#9278,#9279,#9280,#9281,
#9282,#9283,#9284));
#2113=EDGE_LOOP('',(#9285,#9286,#9287,#9288));
#2114=EDGE_LOOP('',(#9289,#9290,#9291,#9292,#9293,#9294,#9295,#9296));
#2115=LINE('',#14406,#3021);
#2116=LINE('',#14408,#3022);
#2117=LINE('',#14410,#3023);
#2118=LINE('',#14412,#3024);
#2119=LINE('',#14414,#3025);
#2120=LINE('',#14416,#3026);
#2121=LINE('',#14418,#3027);
#2122=LINE('',#14419,#3028);
#2123=LINE('',#14422,#3029);
#2124=LINE('',#14424,#3030);
#2125=LINE('',#14425,#3031);
#2126=LINE('',#14430,#3032);
#2127=LINE('',#14435,#3033);
#2128=LINE('',#14442,#3034);
#2129=LINE('',#14446,#3035);
#2130=LINE('',#14449,#3036);
#2131=LINE('',#14452,#3037);
#2132=LINE('',#14456,#3038);
#2133=LINE('',#14459,#3039);
#2134=LINE('',#14463,#3040);
#2135=LINE('',#14467,#3041);
#2136=LINE('',#14472,#3042);
#2137=LINE('',#14479,#3043);
#2138=LINE('',#14483,#3044);
#2139=LINE('',#14486,#3045);
#2140=LINE('',#14489,#3046);
#2141=LINE('',#14493,#3047);
#2142=LINE('',#14498,#3048);
#2143=LINE('',#14500,#3049);
#2144=LINE('',#14502,#3050);
#2145=LINE('',#14503,#3051);
#2146=LINE('',#14508,#3052);
#2147=LINE('',#14513,#3053);
#2148=LINE('',#14520,#3054);
#2149=LINE('',#14525,#3055);
#2150=LINE('',#14526,#3056);
#2151=LINE('',#14527,#3057);
#2152=LINE('',#14530,#3058);
#2153=LINE('',#14532,#3059);
#2154=LINE('',#14533,#3060);
#2155=LINE('',#14536,#3061);
#2156=LINE('',#14540,#3062);
#2157=LINE('',#14544,#3063);
#2158=LINE('',#14548,#3064);
#2159=LINE('',#14549,#3065);
#2160=LINE('',#14552,#3066);
#2161=LINE('',#14554,#3067);
#2162=LINE('',#14555,#3068);
#2163=LINE('',#14558,#3069);
#2164=LINE('',#14562,#3070);
#2165=LINE('',#14566,#3071);
#2166=LINE('',#14570,#3072);
#2167=LINE('',#14571,#3073);
#2168=LINE('',#14575,#3074);
#2169=LINE('',#14576,#3075);
#2170=LINE('',#14578,#3076);
#2171=LINE('',#14580,#3077);
#2172=LINE('',#14581,#3078);
#2173=LINE('',#14584,#3079);
#2174=LINE('',#14586,#3080);
#2175=LINE('',#14590,#3081);
#2176=LINE('',#14594,#3082);
#2177=LINE('',#14597,#3083);
#2178=LINE('',#14600,#3084);
#2179=LINE('',#14602,#3085);
#2180=LINE('',#14606,#3086);
#2181=LINE('',#14610,#3087);
#2182=LINE('',#14617,#3088);
#2183=LINE('',#14620,#3089);
#2184=LINE('',#14623,#3090);
#2185=LINE('',#14625,#3091);
#2186=LINE('',#14626,#3092);
#2187=LINE('',#14632,#3093);
#2188=LINE('',#14637,#3094);
#2189=LINE('',#14644,#3095);
#2190=LINE('',#14647,#3096);
#2191=LINE('',#14649,#3097);
#2192=LINE('',#14650,#3098);
#2193=LINE('',#14655,#3099);
#2194=LINE('',#14661,#3100);
#2195=LINE('',#14667,#3101);
#2196=LINE('',#14671,#3102);
#2197=LINE('',#14673,#3103);
#2198=LINE('',#14674,#3104);
#2199=LINE('',#14680,#3105);
#2200=LINE('',#14685,#3106);
#2201=LINE('',#14692,#3107);
#2202=LINE('',#14695,#3108);
#2203=LINE('',#14697,#3109);
#2204=LINE('',#14698,#3110);
#2205=LINE('',#14703,#3111);
#2206=LINE('',#14709,#3112);
#2207=LINE('',#14715,#3113);
#2208=LINE('',#14719,#3114);
#2209=LINE('',#14721,#3115);
#2210=LINE('',#14722,#3116);
#2211=LINE('',#14728,#3117);
#2212=LINE('',#14733,#3118);
#2213=LINE('',#14740,#3119);
#2214=LINE('',#14743,#3120);
#2215=LINE('',#14752,#3121);
#2216=LINE('',#14754,#3122);
#2217=LINE('',#14755,#3123);
#2218=LINE('',#14758,#3124);
#2219=LINE('',#14760,#3125);
#2220=LINE('',#14762,#3126);
#2221=LINE('',#14764,#3127);
#2222=LINE('',#14765,#3128);
#2223=LINE('',#14768,#3129);
#2224=LINE('',#14770,#3130);
#2225=LINE('',#14771,#3131);
#2226=LINE('',#14776,#3132);
#2227=LINE('',#14781,#3133);
#2228=LINE('',#14788,#3134);
#2229=LINE('',#14792,#3135);
#2230=LINE('',#14795,#3136);
#2231=LINE('',#14798,#3137);
#2232=LINE('',#14802,#3138);
#2233=LINE('',#14805,#3139);
#2234=LINE('',#14809,#3140);
#2235=LINE('',#14811,#3141);
#2236=LINE('',#14813,#3142);
#2237=LINE('',#14814,#3143);
#2238=LINE('',#14819,#3144);
#2239=LINE('',#14824,#3145);
#2240=LINE('',#14831,#3146);
#2241=LINE('',#14836,#3147);
#2242=LINE('',#14837,#3148);
#2243=LINE('',#14838,#3149);
#2244=LINE('',#14841,#3150);
#2245=LINE('',#14843,#3151);
#2246=LINE('',#14844,#3152);
#2247=LINE('',#14847,#3153);
#2248=LINE('',#14851,#3154);
#2249=LINE('',#14855,#3155);
#2250=LINE('',#14859,#3156);
#2251=LINE('',#14860,#3157);
#2252=LINE('',#14864,#3158);
#2253=LINE('',#14866,#3159);
#2254=LINE('',#14868,#3160);
#2255=LINE('',#14869,#3161);
#2256=LINE('',#14874,#3162);
#2257=LINE('',#14879,#3163);
#2258=LINE('',#14886,#3164);
#2259=LINE('',#14891,#3165);
#2260=LINE('',#14892,#3166);
#2261=LINE('',#14893,#3167);
#2262=LINE('',#14896,#3168);
#2263=LINE('',#14898,#3169);
#2264=LINE('',#14899,#3170);
#2265=LINE('',#14902,#3171);
#2266=LINE('',#14906,#3172);
#2267=LINE('',#14910,#3173);
#2268=LINE('',#14914,#3174);
#2269=LINE('',#14915,#3175);
#2270=LINE('',#14918,#3176);
#2271=LINE('',#14920,#3177);
#2272=LINE('',#14921,#3178);
#2273=LINE('',#14924,#3179);
#2274=LINE('',#14928,#3180);
#2275=LINE('',#14932,#3181);
#2276=LINE('',#14936,#3182);
#2277=LINE('',#14937,#3183);
#2278=LINE('',#14940,#3184);
#2279=LINE('',#14942,#3185);
#2280=LINE('',#14944,#3186);
#2281=LINE('',#14946,#3187);
#2282=LINE('',#14947,#3188);
#2283=LINE('',#14950,#3189);
#2284=LINE('',#14952,#3190);
#2285=LINE('',#14956,#3191);
#2286=LINE('',#14960,#3192);
#2287=LINE('',#14963,#3193);
#2288=LINE('',#14966,#3194);
#2289=LINE('',#14968,#3195);
#2290=LINE('',#14969,#3196);
#2291=LINE('',#14972,#3197);
#2292=LINE('',#14976,#3198);
#2293=LINE('',#14980,#3199);
#2294=LINE('',#14984,#3200);
#2295=LINE('',#14985,#3201);
#2296=LINE('',#14988,#3202);
#2297=LINE('',#14990,#3203);
#2298=LINE('',#14992,#3204);
#2299=LINE('',#14994,#3205);
#2300=LINE('',#14995,#3206);
#2301=LINE('',#15001,#3207);
#2302=LINE('',#15004,#3208);
#2303=LINE('',#15007,#3209);
#2304=LINE('',#15009,#3210);
#2305=LINE('',#15010,#3211);
#2306=LINE('',#15016,#3212);
#2307=LINE('',#15021,#3213);
#2308=LINE('',#15028,#3214);
#2309=LINE('',#15031,#3215);
#2310=LINE('',#15033,#3216);
#2311=LINE('',#15034,#3217);
#2312=LINE('',#15039,#3218);
#2313=LINE('',#15045,#3219);
#2314=LINE('',#15051,#3220);
#2315=LINE('',#15055,#3221);
#2316=LINE('',#15057,#3222);
#2317=LINE('',#15058,#3223);
#2318=LINE('',#15064,#3224);
#2319=LINE('',#15069,#3225);
#2320=LINE('',#15076,#3226);
#2321=LINE('',#15079,#3227);
#2322=LINE('',#15081,#3228);
#2323=LINE('',#15082,#3229);
#2324=LINE('',#15087,#3230);
#2325=LINE('',#15093,#3231);
#2326=LINE('',#15099,#3232);
#2327=LINE('',#15103,#3233);
#2328=LINE('',#15105,#3234);
#2329=LINE('',#15106,#3235);
#2330=LINE('',#15112,#3236);
#2331=LINE('',#15117,#3237);
#2332=LINE('',#15124,#3238);
#2333=LINE('',#15127,#3239);
#2334=LINE('',#15136,#3240);
#2335=LINE('',#15138,#3241);
#2336=LINE('',#15140,#3242);
#2337=LINE('',#15142,#3243);
#2338=LINE('',#15143,#3244);
#2339=LINE('',#15145,#3245);
#2340=LINE('',#15146,#3246);
#2341=LINE('',#15148,#3247);
#2342=LINE('',#15149,#3248);
#2343=LINE('',#15152,#3249);
#2344=LINE('',#15160,#3250);
#2345=LINE('',#15162,#3251);
#2346=LINE('',#15164,#3252);
#2347=LINE('',#15166,#3253);
#2348=LINE('',#15174,#3254);
#2349=LINE('',#15176,#3255);
#2350=LINE('',#15178,#3256);
#2351=LINE('',#15180,#3257);
#2352=LINE('',#15188,#3258);
#2353=LINE('',#15190,#3259);
#2354=LINE('',#15192,#3260);
#2355=LINE('',#15194,#3261);
#2356=LINE('',#15202,#3262);
#2357=LINE('',#15210,#3263);
#2358=LINE('',#15212,#3264);
#2359=LINE('',#15214,#3265);
#2360=LINE('',#15216,#3266);
#2361=LINE('',#15224,#3267);
#2362=LINE('',#15226,#3268);
#2363=LINE('',#15228,#3269);
#2364=LINE('',#15230,#3270);
#2365=LINE('',#15238,#3271);
#2366=LINE('',#15246,#3272);
#2367=LINE('',#15248,#3273);
#2368=LINE('',#15250,#3274);
#2369=LINE('',#15252,#3275);
#2370=LINE('',#15260,#3276);
#2371=LINE('',#15262,#3277);
#2372=LINE('',#15264,#3278);
#2373=LINE('',#15266,#3279);
#2374=LINE('',#15274,#3280);
#2375=LINE('',#15282,#3281);
#2376=LINE('',#15284,#3282);
#2377=LINE('',#15286,#3283);
#2378=LINE('',#15288,#3284);
#2379=LINE('',#15296,#3285);
#2380=LINE('',#15297,#3286);
#2381=LINE('',#15299,#3287);
#2382=LINE('',#15307,#3288);
#2383=LINE('',#15309,#3289);
#2384=LINE('',#15311,#3290);
#2385=LINE('',#15318,#3291);
#2386=LINE('',#15320,#3292);
#2387=LINE('',#15322,#3293);
#2388=LINE('',#15332,#3294);
#2389=LINE('',#15340,#3295);
#2390=LINE('',#15348,#3296);
#2391=LINE('',#15356,#3297);
#2392=LINE('',#15364,#3298);
#2393=LINE('',#15372,#3299);
#2394=LINE('',#15378,#3300);
#2395=LINE('',#15386,#3301);
#2396=LINE('',#15394,#3302);
#2397=LINE('',#15404,#3303);
#2398=LINE('',#15412,#3304);
#2399=LINE('',#15420,#3305);
#2400=LINE('',#15428,#3306);
#2401=LINE('',#15436,#3307);
#2402=LINE('',#15444,#3308);
#2403=LINE('',#15452,#3309);
#2404=LINE('',#15460,#3310);
#2405=LINE('',#15468,#3311);
#2406=LINE('',#15476,#3312);
#2407=LINE('',#15484,#3313);
#2408=LINE('',#15492,#3314);
#2409=LINE('',#15500,#3315);
#2410=LINE('',#15508,#3316);
#2411=LINE('',#15516,#3317);
#2412=LINE('',#15524,#3318);
#2413=LINE('',#15532,#3319);
#2414=LINE('',#15540,#3320);
#2415=LINE('',#15548,#3321);
#2416=LINE('',#15556,#3322);
#2417=LINE('',#15564,#3323);
#2418=LINE('',#15572,#3324);
#2419=LINE('',#15580,#3325);
#2420=LINE('',#15588,#3326);
#2421=LINE('',#15596,#3327);
#2422=LINE('',#15604,#3328);
#2423=LINE('',#15612,#3329);
#2424=LINE('',#15620,#3330);
#2425=LINE('',#15628,#3331);
#2426=LINE('',#15636,#3332);
#2427=LINE('',#15642,#3333);
#2428=LINE('',#15643,#3334);
#2429=LINE('',#15646,#3335);
#2430=LINE('',#15647,#3336);
#2431=LINE('',#15650,#3337);
#2432=LINE('',#15651,#3338);
#2433=LINE('',#15654,#3339);
#2434=LINE('',#15656,#3340);
#2435=LINE('',#15664,#3341);
#2436=LINE('',#15666,#3342);
#2437=LINE('',#15668,#3343);
#2438=LINE('',#15670,#3344);
#2439=LINE('',#15672,#3345);
#2440=LINE('',#15674,#3346);
#2441=LINE('',#15676,#3347);
#2442=LINE('',#15678,#3348);
#2443=LINE('',#15680,#3349);
#2444=LINE('',#15682,#3350);
#2445=LINE('',#15684,#3351);
#2446=LINE('',#15686,#3352);
#2447=LINE('',#15688,#3353);
#2448=LINE('',#15690,#3354);
#2449=LINE('',#15692,#3355);
#2450=LINE('',#15694,#3356);
#2451=LINE('',#15695,#3357);
#2452=LINE('',#15704,#3358);
#2453=LINE('',#15712,#3359);
#2454=LINE('',#15720,#3360);
#2455=LINE('',#15728,#3361);
#2456=LINE('',#15736,#3362);
#2457=LINE('',#15743,#3363);
#2458=LINE('',#15752,#3364);
#2459=LINE('',#15760,#3365);
#2460=LINE('',#15768,#3366);
#2461=LINE('',#15776,#3367);
#2462=LINE('',#15784,#3368);
#2463=LINE('',#15791,#3369);
#2464=LINE('',#15800,#3370);
#2465=LINE('',#15808,#3371);
#2466=LINE('',#15816,#3372);
#2467=LINE('',#15824,#3373);
#2468=LINE('',#15832,#3374);
#2469=LINE('',#15839,#3375);
#2470=LINE('',#15848,#3376);
#2471=LINE('',#15856,#3377);
#2472=LINE('',#15864,#3378);
#2473=LINE('',#15872,#3379);
#2474=LINE('',#15880,#3380);
#2475=LINE('',#15887,#3381);
#2476=LINE('',#15896,#3382);
#2477=LINE('',#15904,#3383);
#2478=LINE('',#15912,#3384);
#2479=LINE('',#15920,#3385);
#2480=LINE('',#15928,#3386);
#2481=LINE('',#15935,#3387);
#2482=LINE('',#15944,#3388);
#2483=LINE('',#15952,#3389);
#2484=LINE('',#15960,#3390);
#2485=LINE('',#15968,#3391);
#2486=LINE('',#15976,#3392);
#2487=LINE('',#15983,#3393);
#2488=LINE('',#15986,#3394);
#2489=LINE('',#15988,#3395);
#2490=LINE('',#15989,#3396);
#2491=LINE('',#15993,#3397);
#2492=LINE('',#15996,#3398);
#2493=LINE('',#16001,#3399);
#2494=LINE('',#16004,#3400);
#2495=LINE('',#16007,#3401);
#2496=LINE('',#16010,#3402);
#2497=LINE('',#16014,#3403);
#2498=LINE('',#16018,#3404);
#2499=LINE('',#16019,#3405);
#2500=LINE('',#16022,#3406);
#2501=LINE('',#16025,#3407);
#2502=LINE('',#16028,#3408);
#2503=LINE('',#16033,#3409);
#2504=LINE('',#16036,#3410);
#2505=LINE('',#16039,#3411);
#2506=LINE('',#16042,#3412);
#2507=LINE('',#16046,#3413);
#2508=LINE('',#16050,#3414);
#2509=LINE('',#16052,#3415);
#2510=LINE('',#16053,#3416);
#2511=LINE('',#16057,#3417);
#2512=LINE('',#16060,#3418);
#2513=LINE('',#16065,#3419);
#2514=LINE('',#16068,#3420);
#2515=LINE('',#16069,#3421);
#2516=LINE('',#16072,#3422);
#2517=LINE('',#16074,#3423);
#2518=LINE('',#16075,#3424);
#2519=LINE('',#16078,#3425);
#2520=LINE('',#16082,#3426);
#2521=LINE('',#16086,#3427);
#2522=LINE('',#16090,#3428);
#2523=LINE('',#16091,#3429);
#2524=LINE('',#16094,#3430);
#2525=LINE('',#16096,#3431);
#2526=LINE('',#16097,#3432);
#2527=LINE('',#16100,#3433);
#2528=LINE('',#16104,#3434);
#2529=LINE('',#16108,#3435);
#2530=LINE('',#16112,#3436);
#2531=LINE('',#16113,#3437);
#2532=LINE('',#16115,#3438);
#2533=LINE('',#16117,#3439);
#2534=LINE('',#16118,#3440);
#2535=LINE('',#16121,#3441);
#2536=LINE('',#16123,#3442);
#2537=LINE('',#16127,#3443);
#2538=LINE('',#16131,#3444);
#2539=LINE('',#16135,#3445);
#2540=LINE('',#16136,#3446);
#2541=LINE('',#16139,#3447);
#2542=LINE('',#16141,#3448);
#2543=LINE('',#16145,#3449);
#2544=LINE('',#16149,#3450);
#2545=LINE('',#16152,#3451);
#2546=LINE('',#16153,#3452);
#2547=LINE('',#16155,#3453);
#2548=LINE('',#16157,#3454);
#2549=LINE('',#16159,#3455);
#2550=LINE('',#16161,#3456);
#2551=LINE('',#16163,#3457);
#2552=LINE('',#16165,#3458);
#2553=LINE('',#16167,#3459);
#2554=LINE('',#16169,#3460);
#2555=LINE('',#16171,#3461);
#2556=LINE('',#16173,#3462);
#2557=LINE('',#16175,#3463);
#2558=LINE('',#16177,#3464);
#2559=LINE('',#16179,#3465);
#2560=LINE('',#16181,#3466);
#2561=LINE('',#16183,#3467);
#2562=LINE('',#16185,#3468);
#2563=LINE('',#16187,#3469);
#2564=LINE('',#16189,#3470);
#2565=LINE('',#16191,#3471);
#2566=LINE('',#16193,#3472);
#2567=LINE('',#16194,#3473);
#2568=LINE('',#16197,#3474);
#2569=LINE('',#16199,#3475);
#2570=LINE('',#16202,#3476);
#2571=LINE('',#16205,#3477);
#2572=LINE('',#16206,#3478);
#2573=LINE('',#16209,#3479);
#2574=LINE('',#16210,#3480);
#2575=LINE('',#16214,#3481);
#2576=LINE('',#16217,#3482);
#2577=LINE('',#16222,#3483);
#2578=LINE('',#16225,#3484);
#2579=LINE('',#16228,#3485);
#2580=LINE('',#16231,#3486);
#2581=LINE('',#16235,#3487);
#2582=LINE('',#16238,#3488);
#2583=LINE('',#16242,#3489);
#2584=LINE('',#16245,#3490);
#2585=LINE('',#16250,#3491);
#2586=LINE('',#16253,#3492);
#2587=LINE('',#16254,#3493);
#2588=LINE('',#16257,#3494);
#2589=LINE('',#16259,#3495);
#2590=LINE('',#16260,#3496);
#2591=LINE('',#16263,#3497);
#2592=LINE('',#16267,#3498);
#2593=LINE('',#16273,#3499);
#2594=LINE('',#16275,#3500);
#2595=LINE('',#16276,#3501);
#2596=LINE('',#16280,#3502);
#2597=LINE('',#16283,#3503);
#2598=LINE('',#16288,#3504);
#2599=LINE('',#16291,#3505);
#2600=LINE('',#16292,#3506);
#2601=LINE('',#16295,#3507);
#2602=LINE('',#16297,#3508);
#2603=LINE('',#16298,#3509);
#2604=LINE('',#16301,#3510);
#2605=LINE('',#16305,#3511);
#2606=LINE('',#16309,#3512);
#2607=LINE('',#16313,#3513);
#2608=LINE('',#16314,#3514);
#2609=LINE('',#16317,#3515);
#2610=LINE('',#16319,#3516);
#2611=LINE('',#16320,#3517);
#2612=LINE('',#16323,#3518);
#2613=LINE('',#16327,#3519);
#2614=LINE('',#16331,#3520);
#2615=LINE('',#16335,#3521);
#2616=LINE('',#16336,#3522);
#2617=LINE('',#16338,#3523);
#2618=LINE('',#16340,#3524);
#2619=LINE('',#16341,#3525);
#2620=LINE('',#16344,#3526);
#2621=LINE('',#16346,#3527);
#2622=LINE('',#16350,#3528);
#2623=LINE('',#16354,#3529);
#2624=LINE('',#16357,#3530);
#2625=LINE('',#16359,#3531);
#2626=LINE('',#16360,#3532);
#2627=LINE('',#16362,#3533);
#2628=LINE('',#16364,#3534);
#2629=LINE('',#16367,#3535);
#2630=LINE('',#16368,#3536);
#2631=LINE('',#16370,#3537);
#2632=LINE('',#16372,#3538);
#2633=LINE('',#16374,#3539);
#2634=LINE('',#16376,#3540);
#2635=LINE('',#16378,#3541);
#2636=LINE('',#16380,#3542);
#2637=LINE('',#16382,#3543);
#2638=LINE('',#16384,#3544);
#2639=LINE('',#16386,#3545);
#2640=LINE('',#16388,#3546);
#2641=LINE('',#16390,#3547);
#2642=LINE('',#16392,#3548);
#2643=LINE('',#16394,#3549);
#2644=LINE('',#16396,#3550);
#2645=LINE('',#16398,#3551);
#2646=LINE('',#16400,#3552);
#2647=LINE('',#16402,#3553);
#2648=LINE('',#16404,#3554);
#2649=LINE('',#16406,#3555);
#2650=LINE('',#16408,#3556);
#2651=LINE('',#16409,#3557);
#2652=LINE('',#16412,#3558);
#2653=LINE('',#16414,#3559);
#2654=LINE('',#16420,#3560);
#2655=LINE('',#16422,#3561);
#2656=LINE('',#16423,#3562);
#2657=LINE('',#16426,#3563);
#2658=LINE('',#16428,#3564);
#2659=LINE('',#16429,#3565);
#2660=LINE('',#16432,#3566);
#2661=LINE('',#16434,#3567);
#2662=LINE('',#16435,#3568);
#2663=LINE('',#16438,#3569);
#2664=LINE('',#16440,#3570);
#2665=LINE('',#16441,#3571);
#2666=LINE('',#16445,#3572);
#2667=LINE('',#16448,#3573);
#2668=LINE('',#16453,#3574);
#2669=LINE('',#16456,#3575);
#2670=LINE('',#16457,#3576);
#2671=LINE('',#16460,#3577);
#2672=LINE('',#16462,#3578);
#2673=LINE('',#16463,#3579);
#2674=LINE('',#16466,#3580);
#2675=LINE('',#16470,#3581);
#2676=LINE('',#16474,#3582);
#2677=LINE('',#16478,#3583);
#2678=LINE('',#16479,#3584);
#2679=LINE('',#16482,#3585);
#2680=LINE('',#16484,#3586);
#2681=LINE('',#16485,#3587);
#2682=LINE('',#16489,#3588);
#2683=LINE('',#16492,#3589);
#2684=LINE('',#16497,#3590);
#2685=LINE('',#16500,#3591);
#2686=LINE('',#16503,#3592);
#2687=LINE('',#16506,#3593);
#2688=LINE('',#16510,#3594);
#2689=LINE('',#16514,#3595);
#2690=LINE('',#16515,#3596);
#2691=LINE('',#16518,#3597);
#2692=LINE('',#16519,#3598);
#2693=LINE('',#16523,#3599);
#2694=LINE('',#16526,#3600);
#2695=LINE('',#16531,#3601);
#2696=LINE('',#16534,#3602);
#2697=LINE('',#16535,#3603);
#2698=LINE('',#16538,#3604);
#2699=LINE('',#16540,#3605);
#2700=LINE('',#16541,#3606);
#2701=LINE('',#16544,#3607);
#2702=LINE('',#16548,#3608);
#2703=LINE('',#16552,#3609);
#2704=LINE('',#16555,#3610);
#2705=LINE('',#16558,#3611);
#2706=LINE('',#16560,#3612);
#2707=LINE('',#16561,#3613);
#2708=LINE('',#16564,#3614);
#2709=LINE('',#16568,#3615);
#2710=LINE('',#16572,#3616);
#2711=LINE('',#16575,#3617);
#2712=LINE('',#16578,#3618);
#2713=LINE('',#16580,#3619);
#2714=LINE('',#16581,#3620);
#2715=LINE('',#16584,#3621);
#2716=LINE('',#16588,#3622);
#2717=LINE('',#16592,#3623);
#2718=LINE('',#16596,#3624);
#2719=LINE('',#16597,#3625);
#2720=LINE('',#16600,#3626);
#2721=LINE('',#16601,#3627);
#2722=LINE('',#16602,#3628);
#2723=LINE('',#16605,#3629);
#2724=LINE('',#16607,#3630);
#2725=LINE('',#16611,#3631);
#2726=LINE('',#16615,#3632);
#2727=LINE('',#16619,#3633);
#2728=LINE('',#16620,#3634);
#2729=LINE('',#16623,#3635);
#2730=LINE('',#16624,#3636);
#2731=LINE('',#16626,#3637);
#2732=LINE('',#16627,#3638);
#2733=LINE('',#16629,#3639);
#2734=LINE('',#16631,#3640);
#2735=LINE('',#16633,#3641);
#2736=LINE('',#16635,#3642);
#2737=LINE('',#16637,#3643);
#2738=LINE('',#16639,#3644);
#2739=LINE('',#16641,#3645);
#2740=LINE('',#16643,#3646);
#2741=LINE('',#16645,#3647);
#2742=LINE('',#16647,#3648);
#2743=LINE('',#16649,#3649);
#2744=LINE('',#16651,#3650);
#2745=LINE('',#16653,#3651);
#2746=LINE('',#16655,#3652);
#2747=LINE('',#16657,#3653);
#2748=LINE('',#16659,#3654);
#2749=LINE('',#16661,#3655);
#2750=LINE('',#16663,#3656);
#2751=LINE('',#16665,#3657);
#2752=LINE('',#16667,#3658);
#2753=LINE('',#16668,#3659);
#2754=LINE('',#16671,#3660);
#2755=LINE('',#16673,#3661);
#2756=LINE('',#16675,#3662);
#2757=LINE('',#16678,#3663);
#2758=LINE('',#16682,#3664);
#2759=LINE('',#16683,#3665);
#2760=LINE('',#16687,#3666);
#2761=LINE('',#16690,#3667);
#2762=LINE('',#16695,#3668);
#2763=LINE('',#16698,#3669);
#2764=LINE('',#16699,#3670);
#2765=LINE('',#16702,#3671);
#2766=LINE('',#16704,#3672);
#2767=LINE('',#16705,#3673);
#2768=LINE('',#16708,#3674);
#2769=LINE('',#16712,#3675);
#2770=LINE('',#16716,#3676);
#2771=LINE('',#16719,#3677);
#2772=LINE('',#16723,#3678);
#2773=LINE('',#16726,#3679);
#2774=LINE('',#16731,#3680);
#2775=LINE('',#16733,#3681);
#2776=LINE('',#16736,#3682);
#2777=LINE('',#16737,#3683);
#2778=LINE('',#16740,#3684);
#2779=LINE('',#16744,#3685);
#2780=LINE('',#16750,#3686);
#2781=LINE('',#16751,#3687);
#2782=LINE('',#16755,#3688);
#2783=LINE('',#16758,#3689);
#2784=LINE('',#16763,#3690);
#2785=LINE('',#16765,#3691);
#2786=LINE('',#16768,#3692);
#2787=LINE('',#16769,#3693);
#2788=LINE('',#16772,#3694);
#2789=LINE('',#16776,#3695);
#2790=LINE('',#16780,#3696);
#2791=LINE('',#16783,#3697);
#2792=LINE('',#16786,#3698);
#2793=LINE('',#16787,#3699);
#2794=LINE('',#16790,#3700);
#2795=LINE('',#16794,#3701);
#2796=LINE('',#16798,#3702);
#2797=LINE('',#16801,#3703);
#2798=LINE('',#16804,#3704);
#2799=LINE('',#16806,#3705);
#2800=LINE('',#16807,#3706);
#2801=LINE('',#16810,#3707);
#2802=LINE('',#16814,#3708);
#2803=LINE('',#16818,#3709);
#2804=LINE('',#16821,#3710);
#2805=LINE('',#16823,#3711);
#2806=LINE('',#16824,#3712);
#2807=LINE('',#16827,#3713);
#2808=LINE('',#16828,#3714);
#2809=LINE('',#16831,#3715);
#2810=LINE('',#16835,#3716);
#2811=LINE('',#16840,#3717);
#2812=LINE('',#16841,#3718);
#2813=LINE('',#16843,#3719);
#2814=LINE('',#16845,#3720);
#2815=LINE('',#16847,#3721);
#2816=LINE('',#16849,#3722);
#2817=LINE('',#16851,#3723);
#2818=LINE('',#16853,#3724);
#2819=LINE('',#16855,#3725);
#2820=LINE('',#16857,#3726);
#2821=LINE('',#16859,#3727);
#2822=LINE('',#16861,#3728);
#2823=LINE('',#16863,#3729);
#2824=LINE('',#16865,#3730);
#2825=LINE('',#16867,#3731);
#2826=LINE('',#16869,#3732);
#2827=LINE('',#16871,#3733);
#2828=LINE('',#16873,#3734);
#2829=LINE('',#16875,#3735);
#2830=LINE('',#16877,#3736);
#2831=LINE('',#16879,#3737);
#2832=LINE('',#16881,#3738);
#2833=LINE('',#16882,#3739);
#2834=LINE('',#16885,#3740);
#2835=LINE('',#16891,#3741);
#2836=LINE('',#16893,#3742);
#2837=LINE('',#16894,#3743);
#2838=LINE('',#16898,#3744);
#2839=LINE('',#16901,#3745);
#2840=LINE('',#16906,#3746);
#2841=LINE('',#16909,#3747);
#2842=LINE('',#16910,#3748);
#2843=LINE('',#16913,#3749);
#2844=LINE('',#16915,#3750);
#2845=LINE('',#16916,#3751);
#2846=LINE('',#16919,#3752);
#2847=LINE('',#16923,#3753);
#2848=LINE('',#16927,#3754);
#2849=LINE('',#16931,#3755);
#2850=LINE('',#16932,#3756);
#2851=LINE('',#16935,#3757);
#2852=LINE('',#16937,#3758);
#2853=LINE('',#16938,#3759);
#2854=LINE('',#16942,#3760);
#2855=LINE('',#16945,#3761);
#2856=LINE('',#16950,#3762);
#2857=LINE('',#16953,#3763);
#2858=LINE('',#16956,#3764);
#2859=LINE('',#16959,#3765);
#2860=LINE('',#16963,#3766);
#2861=LINE('',#16967,#3767);
#2862=LINE('',#16968,#3768);
#2863=LINE('',#16971,#3769);
#2864=LINE('',#16972,#3770);
#2865=LINE('',#16976,#3771);
#2866=LINE('',#16979,#3772);
#2867=LINE('',#16984,#3773);
#2868=LINE('',#16987,#3774);
#2869=LINE('',#16988,#3775);
#2870=LINE('',#16991,#3776);
#2871=LINE('',#16993,#3777);
#2872=LINE('',#16994,#3778);
#2873=LINE('',#16997,#3779);
#2874=LINE('',#17001,#3780);
#2875=LINE('',#17005,#3781);
#2876=LINE('',#17008,#3782);
#2877=LINE('',#17011,#3783);
#2878=LINE('',#17013,#3784);
#2879=LINE('',#17014,#3785);
#2880=LINE('',#17017,#3786);
#2881=LINE('',#17021,#3787);
#2882=LINE('',#17025,#3788);
#2883=LINE('',#17028,#3789);
#2884=LINE('',#17031,#3790);
#2885=LINE('',#17033,#3791);
#2886=LINE('',#17034,#3792);
#2887=LINE('',#17037,#3793);
#2888=LINE('',#17041,#3794);
#2889=LINE('',#17045,#3795);
#2890=LINE('',#17049,#3796);
#2891=LINE('',#17050,#3797);
#2892=LINE('',#17053,#3798);
#2893=LINE('',#17054,#3799);
#2894=LINE('',#17055,#3800);
#2895=LINE('',#17058,#3801);
#2896=LINE('',#17060,#3802);
#2897=LINE('',#17064,#3803);
#2898=LINE('',#17068,#3804);
#2899=LINE('',#17072,#3805);
#2900=LINE('',#17073,#3806);
#2901=LINE('',#17076,#3807);
#2902=LINE('',#17077,#3808);
#2903=LINE('',#17079,#3809);
#2904=LINE('',#17080,#3810);
#2905=LINE('',#17082,#3811);
#2906=LINE('',#17084,#3812);
#2907=LINE('',#17086,#3813);
#2908=LINE('',#17088,#3814);
#2909=LINE('',#17090,#3815);
#2910=LINE('',#17092,#3816);
#2911=LINE('',#17094,#3817);
#2912=LINE('',#17096,#3818);
#2913=LINE('',#17098,#3819);
#2914=LINE('',#17100,#3820);
#2915=LINE('',#17102,#3821);
#2916=LINE('',#17104,#3822);
#2917=LINE('',#17106,#3823);
#2918=LINE('',#17108,#3824);
#2919=LINE('',#17110,#3825);
#2920=LINE('',#17112,#3826);
#2921=LINE('',#17114,#3827);
#2922=LINE('',#17116,#3828);
#2923=LINE('',#17118,#3829);
#2924=LINE('',#17120,#3830);
#2925=LINE('',#17121,#3831);
#2926=LINE('',#17124,#3832);
#2927=LINE('',#17126,#3833);
#2928=LINE('',#17128,#3834);
#2929=LINE('',#17134,#3835);
#2930=LINE('',#17135,#3836);
#2931=LINE('',#17139,#3837);
#2932=LINE('',#17142,#3838);
#2933=LINE('',#17147,#3839);
#2934=LINE('',#17150,#3840);
#2935=LINE('',#17151,#3841);
#2936=LINE('',#17154,#3842);
#2937=LINE('',#17156,#3843);
#2938=LINE('',#17157,#3844);
#2939=LINE('',#17160,#3845);
#2940=LINE('',#17164,#3846);
#2941=LINE('',#17168,#3847);
#2942=LINE('',#17171,#3848);
#2943=LINE('',#17174,#3849);
#2944=LINE('',#17176,#3850);
#2945=LINE('',#17177,#3851);
#2946=LINE('',#17181,#3852);
#2947=LINE('',#17184,#3853);
#2948=LINE('',#17189,#3854);
#2949=LINE('',#17192,#3855);
#2950=LINE('',#17193,#3856);
#2951=LINE('',#17196,#3857);
#2952=LINE('',#17198,#3858);
#2953=LINE('',#17199,#3859);
#2954=LINE('',#17202,#3860);
#2955=LINE('',#17206,#3861);
#2956=LINE('',#17210,#3862);
#2957=LINE('',#17214,#3863);
#2958=LINE('',#17215,#3864);
#2959=LINE('',#17218,#3865);
#2960=LINE('',#17219,#3866);
#2961=LINE('',#17223,#3867);
#2962=LINE('',#17226,#3868);
#2963=LINE('',#17231,#3869);
#2964=LINE('',#17233,#3870);
#2965=LINE('',#17236,#3871);
#2966=LINE('',#17237,#3872);
#2967=LINE('',#17240,#3873);
#2968=LINE('',#17244,#3874);
#2969=LINE('',#17248,#3875);
#2970=LINE('',#17251,#3876);
#2971=LINE('',#17254,#3877);
#2972=LINE('',#17255,#3878);
#2973=LINE('',#17258,#3879);
#2974=LINE('',#17262,#3880);
#2975=LINE('',#17266,#3881);
#2976=LINE('',#17269,#3882);
#2977=LINE('',#17272,#3883);
#2978=LINE('',#17274,#3884);
#2979=LINE('',#17275,#3885);
#2980=LINE('',#17278,#3886);
#2981=LINE('',#17282,#3887);
#2982=LINE('',#17286,#3888);
#2983=LINE('',#17289,#3889);
#2984=LINE('',#17291,#3890);
#2985=LINE('',#17292,#3891);
#2986=LINE('',#17295,#3892);
#2987=LINE('',#17297,#3893);
#2988=LINE('',#17298,#3894);
#2989=LINE('',#17301,#3895);
#2990=LINE('',#17305,#3896);
#2991=LINE('',#17309,#3897);
#2992=LINE('',#17313,#3898);
#2993=LINE('',#17314,#3899);
#2994=LINE('',#17317,#3900);
#2995=LINE('',#17318,#3901);
#2996=LINE('',#17320,#3902);
#2997=LINE('',#17321,#3903);
#2998=LINE('',#17323,#3904);
#2999=LINE('',#17325,#3905);
#3000=LINE('',#17327,#3906);
#3001=LINE('',#17329,#3907);
#3002=LINE('',#17331,#3908);
#3003=LINE('',#17333,#3909);
#3004=LINE('',#17335,#3910);
#3005=LINE('',#17337,#3911);
#3006=LINE('',#17339,#3912);
#3007=LINE('',#17341,#3913);
#3008=LINE('',#17343,#3914);
#3009=LINE('',#17345,#3915);
#3010=LINE('',#17347,#3916);
#3011=LINE('',#17349,#3917);
#3012=LINE('',#17351,#3918);
#3013=LINE('',#17353,#3919);
#3014=LINE('',#17355,#3920);
#3015=LINE('',#17357,#3921);
#3016=LINE('',#17359,#3922);
#3017=LINE('',#17361,#3923);
#3018=LINE('',#17362,#3924);
#3019=LINE('',#17365,#3925);
#3020=LINE('',#17367,#3926);
#3021=VECTOR('',#11220,10.);
#3022=VECTOR('',#11221,10.);
#3023=VECTOR('',#11222,10.);
#3024=VECTOR('',#11223,10.);
#3025=VECTOR('',#11224,10.);
#3026=VECTOR('',#11225,10.);
#3027=VECTOR('',#11226,10.);
#3028=VECTOR('',#11227,10.);
#3029=VECTOR('',#11230,10.);
#3030=VECTOR('',#11231,10.);
#3031=VECTOR('',#11232,10.);
#3032=VECTOR('',#11237,10.);
#3033=VECTOR('',#11242,10.);
#3034=VECTOR('',#11251,10.);
#3035=VECTOR('',#11256,10.);
#3036=VECTOR('',#11259,10.);
#3037=VECTOR('',#11262,10.);
#3038=VECTOR('',#11267,10.);
#3039=VECTOR('',#11272,10.);
#3040=VECTOR('',#11275,10.);
#3041=VECTOR('',#11278,10.);
#3042=VECTOR('',#11283,10.);
#3043=VECTOR('',#11292,10.);
#3044=VECTOR('',#11297,10.);
#3045=VECTOR('',#11300,10.);
#3046=VECTOR('',#11303,10.);
#3047=VECTOR('',#11308,10.);
#3048=VECTOR('',#11313,10.);
#3049=VECTOR('',#11314,10.);
#3050=VECTOR('',#11315,10.);
#3051=VECTOR('',#11316,10.);
#3052=VECTOR('',#11321,10.);
#3053=VECTOR('',#11326,10.);
#3054=VECTOR('',#11335,10.);
#3055=VECTOR('',#11340,10.);
#3056=VECTOR('',#11341,10.);
#3057=VECTOR('',#11342,10.);
#3058=VECTOR('',#11345,10.);
#3059=VECTOR('',#11346,10.);
#3060=VECTOR('',#11347,10.);
#3061=VECTOR('',#11350,10.);
#3062=VECTOR('',#11355,10.);
#3063=VECTOR('',#11360,10.);
#3064=VECTOR('',#11365,10.);
#3065=VECTOR('',#11366,10.);
#3066=VECTOR('',#11369,10.);
#3067=VECTOR('',#11370,10.);
#3068=VECTOR('',#11371,10.);
#3069=VECTOR('',#11374,10.);
#3070=VECTOR('',#11379,10.);
#3071=VECTOR('',#11384,10.);
#3072=VECTOR('',#11389,10.);
#3073=VECTOR('',#11390,10.);
#3074=VECTOR('',#11393,10.);
#3075=VECTOR('',#11394,10.);
#3076=VECTOR('',#11395,10.);
#3077=VECTOR('',#11396,10.);
#3078=VECTOR('',#11397,10.);
#3079=VECTOR('',#11400,10.);
#3080=VECTOR('',#11401,10.);
#3081=VECTOR('',#11406,10.);
#3082=VECTOR('',#11411,10.);
#3083=VECTOR('',#11416,10.);
#3084=VECTOR('',#11419,10.);
#3085=VECTOR('',#11420,10.);
#3086=VECTOR('',#11425,10.);
#3087=VECTOR('',#11430,10.);
#3088=VECTOR('',#11437,10.);
#3089=VECTOR('',#11440,10.);
#3090=VECTOR('',#11443,10.);
#3091=VECTOR('',#11444,10.);
#3092=VECTOR('',#11445,10.);
#3093=VECTOR('',#11452,10.);
#3094=VECTOR('',#11457,10.);
#3095=VECTOR('',#11466,10.);
#3096=VECTOR('',#11469,10.);
#3097=VECTOR('',#11470,10.);
#3098=VECTOR('',#11471,10.);
#3099=VECTOR('',#11476,10.);
#3100=VECTOR('',#11483,10.);
#3101=VECTOR('',#11490,10.);
#3102=VECTOR('',#11495,10.);
#3103=VECTOR('',#11496,10.);
#3104=VECTOR('',#11497,10.);
#3105=VECTOR('',#11504,10.);
#3106=VECTOR('',#11509,10.);
#3107=VECTOR('',#11518,10.);
#3108=VECTOR('',#11521,10.);
#3109=VECTOR('',#11522,10.);
#3110=VECTOR('',#11523,10.);
#3111=VECTOR('',#11528,10.);
#3112=VECTOR('',#11535,10.);
#3113=VECTOR('',#11542,10.);
#3114=VECTOR('',#11547,10.);
#3115=VECTOR('',#11548,10.);
#3116=VECTOR('',#11549,10.);
#3117=VECTOR('',#11556,10.);
#3118=VECTOR('',#11561,10.);
#3119=VECTOR('',#11568,10.);
#3120=VECTOR('',#11571,10.);
#3121=VECTOR('',#11584,10.);
#3122=VECTOR('',#11587,10.);
#3123=VECTOR('',#11588,10.);
#3124=VECTOR('',#11591,10.);
#3125=VECTOR('',#11592,10.);
#3126=VECTOR('',#11593,10.);
#3127=VECTOR('',#11594,10.);
#3128=VECTOR('',#11595,10.);
#3129=VECTOR('',#11598,10.);
#3130=VECTOR('',#11599,10.);
#3131=VECTOR('',#11600,10.);
#3132=VECTOR('',#11605,10.);
#3133=VECTOR('',#11610,10.);
#3134=VECTOR('',#11619,10.);
#3135=VECTOR('',#11624,10.);
#3136=VECTOR('',#11627,10.);
#3137=VECTOR('',#11630,10.);
#3138=VECTOR('',#11635,10.);
#3139=VECTOR('',#11640,10.);
#3140=VECTOR('',#11643,10.);
#3141=VECTOR('',#11644,10.);
#3142=VECTOR('',#11645,10.);
#3143=VECTOR('',#11646,10.);
#3144=VECTOR('',#11651,10.);
#3145=VECTOR('',#11656,10.);
#3146=VECTOR('',#11665,10.);
#3147=VECTOR('',#11670,10.);
#3148=VECTOR('',#11671,10.);
#3149=VECTOR('',#11672,10.);
#3150=VECTOR('',#11675,10.);
#3151=VECTOR('',#11676,10.);
#3152=VECTOR('',#11677,10.);
#3153=VECTOR('',#11680,10.);
#3154=VECTOR('',#11685,10.);
#3155=VECTOR('',#11690,10.);
#3156=VECTOR('',#11695,10.);
#3157=VECTOR('',#11696,10.);
#3158=VECTOR('',#11699,10.);
#3159=VECTOR('',#11700,10.);
#3160=VECTOR('',#11701,10.);
#3161=VECTOR('',#11702,10.);
#3162=VECTOR('',#11707,10.);
#3163=VECTOR('',#11712,10.);
#3164=VECTOR('',#11721,10.);
#3165=VECTOR('',#11726,10.);
#3166=VECTOR('',#11727,10.);
#3167=VECTOR('',#11728,10.);
#3168=VECTOR('',#11731,10.);
#3169=VECTOR('',#11732,10.);
#3170=VECTOR('',#11733,10.);
#3171=VECTOR('',#11736,10.);
#3172=VECTOR('',#11741,10.);
#3173=VECTOR('',#11746,10.);
#3174=VECTOR('',#11751,10.);
#3175=VECTOR('',#11752,10.);
#3176=VECTOR('',#11755,10.);
#3177=VECTOR('',#11756,10.);
#3178=VECTOR('',#11757,10.);
#3179=VECTOR('',#11760,10.);
#3180=VECTOR('',#11765,10.);
#3181=VECTOR('',#11770,10.);
#3182=VECTOR('',#11775,10.);
#3183=VECTOR('',#11776,10.);
#3184=VECTOR('',#11779,10.);
#3185=VECTOR('',#11780,10.);
#3186=VECTOR('',#11781,10.);
#3187=VECTOR('',#11782,10.);
#3188=VECTOR('',#11783,10.);
#3189=VECTOR('',#11786,10.);
#3190=VECTOR('',#11787,10.);
#3191=VECTOR('',#11792,10.);
#3192=VECTOR('',#11797,10.);
#3193=VECTOR('',#11802,10.);
#3194=VECTOR('',#11805,10.);
#3195=VECTOR('',#11806,10.);
#3196=VECTOR('',#11807,10.);
#3197=VECTOR('',#11810,10.);
#3198=VECTOR('',#11815,10.);
#3199=VECTOR('',#11820,10.);
#3200=VECTOR('',#11825,10.);
#3201=VECTOR('',#11826,10.);
#3202=VECTOR('',#11829,10.);
#3203=VECTOR('',#11830,10.);
#3204=VECTOR('',#11831,10.);
#3205=VECTOR('',#11832,10.);
#3206=VECTOR('',#11833,10.);
#3207=VECTOR('',#11838,10.);
#3208=VECTOR('',#11841,10.);
#3209=VECTOR('',#11844,10.);
#3210=VECTOR('',#11845,10.);
#3211=VECTOR('',#11846,10.);
#3212=VECTOR('',#11853,10.);
#3213=VECTOR('',#11858,10.);
#3214=VECTOR('',#11867,10.);
#3215=VECTOR('',#11870,10.);
#3216=VECTOR('',#11871,10.);
#3217=VECTOR('',#11872,10.);
#3218=VECTOR('',#11877,10.);
#3219=VECTOR('',#11884,10.);
#3220=VECTOR('',#11891,10.);
#3221=VECTOR('',#11896,10.);
#3222=VECTOR('',#11897,10.);
#3223=VECTOR('',#11898,10.);
#3224=VECTOR('',#11905,10.);
#3225=VECTOR('',#11910,10.);
#3226=VECTOR('',#11919,10.);
#3227=VECTOR('',#11922,10.);
#3228=VECTOR('',#11923,10.);
#3229=VECTOR('',#11924,10.);
#3230=VECTOR('',#11929,10.);
#3231=VECTOR('',#11936,10.);
#3232=VECTOR('',#11943,10.);
#3233=VECTOR('',#11948,10.);
#3234=VECTOR('',#11949,10.);
#3235=VECTOR('',#11950,10.);
#3236=VECTOR('',#11957,10.);
#3237=VECTOR('',#11962,10.);
#3238=VECTOR('',#11969,10.);
#3239=VECTOR('',#11972,10.);
#3240=VECTOR('',#11985,10.);
#3241=VECTOR('',#11988,10.);
#3242=VECTOR('',#11991,10.);
#3243=VECTOR('',#11994,10.);
#3244=VECTOR('',#11995,10.);
#3245=VECTOR('',#11998,10.);
#3246=VECTOR('',#11999,10.);
#3247=VECTOR('',#12002,10.);
#3248=VECTOR('',#12003,10.);
#3249=VECTOR('',#12006,10.);
#3250=VECTOR('',#12013,10.);
#3251=VECTOR('',#12014,10.);
#3252=VECTOR('',#12015,10.);
#3253=VECTOR('',#12016,10.);
#3254=VECTOR('',#12023,10.);
#3255=VECTOR('',#12024,10.);
#3256=VECTOR('',#12025,10.);
#3257=VECTOR('',#12026,10.);
#3258=VECTOR('',#12033,10.);
#3259=VECTOR('',#12034,10.);
#3260=VECTOR('',#12035,10.);
#3261=VECTOR('',#12036,10.);
#3262=VECTOR('',#12043,10.);
#3263=VECTOR('',#12050,10.);
#3264=VECTOR('',#12051,10.);
#3265=VECTOR('',#12052,10.);
#3266=VECTOR('',#12053,10.);
#3267=VECTOR('',#12060,10.);
#3268=VECTOR('',#12061,10.);
#3269=VECTOR('',#12062,10.);
#3270=VECTOR('',#12063,10.);
#3271=VECTOR('',#12070,10.);
#3272=VECTOR('',#12077,10.);
#3273=VECTOR('',#12078,10.);
#3274=VECTOR('',#12079,10.);
#3275=VECTOR('',#12080,10.);
#3276=VECTOR('',#12087,10.);
#3277=VECTOR('',#12088,10.);
#3278=VECTOR('',#12089,10.);
#3279=VECTOR('',#12090,10.);
#3280=VECTOR('',#12097,10.);
#3281=VECTOR('',#12104,10.);
#3282=VECTOR('',#12105,10.);
#3283=VECTOR('',#12106,10.);
#3284=VECTOR('',#12107,10.);
#3285=VECTOR('',#12114,10.);
#3286=VECTOR('',#12115,10.);
#3287=VECTOR('',#12116,10.);
#3288=VECTOR('',#12123,10.);
#3289=VECTOR('',#12124,10.);
#3290=VECTOR('',#12125,10.);
#3291=VECTOR('',#12132,10.);
#3292=VECTOR('',#12133,10.);
#3293=VECTOR('',#12134,10.);
#3294=VECTOR('',#12143,10.);
#3295=VECTOR('',#12150,10.);
#3296=VECTOR('',#12157,10.);
#3297=VECTOR('',#12164,10.);
#3298=VECTOR('',#12171,10.);
#3299=VECTOR('',#12178,10.);
#3300=VECTOR('',#12183,10.);
#3301=VECTOR('',#12190,10.);
#3302=VECTOR('',#12197,10.);
#3303=VECTOR('',#12206,10.);
#3304=VECTOR('',#12213,10.);
#3305=VECTOR('',#12220,10.);
#3306=VECTOR('',#12227,10.);
#3307=VECTOR('',#12234,10.);
#3308=VECTOR('',#12241,10.);
#3309=VECTOR('',#12248,10.);
#3310=VECTOR('',#12255,10.);
#3311=VECTOR('',#12262,10.);
#3312=VECTOR('',#12269,10.);
#3313=VECTOR('',#12276,10.);
#3314=VECTOR('',#12283,10.);
#3315=VECTOR('',#12290,10.);
#3316=VECTOR('',#12297,10.);
#3317=VECTOR('',#12304,10.);
#3318=VECTOR('',#12311,10.);
#3319=VECTOR('',#12318,10.);
#3320=VECTOR('',#12325,10.);
#3321=VECTOR('',#12332,10.);
#3322=VECTOR('',#12339,10.);
#3323=VECTOR('',#12346,10.);
#3324=VECTOR('',#12353,10.);
#3325=VECTOR('',#12360,10.);
#3326=VECTOR('',#12367,10.);
#3327=VECTOR('',#12374,10.);
#3328=VECTOR('',#12381,10.);
#3329=VECTOR('',#12388,10.);
#3330=VECTOR('',#12395,10.);
#3331=VECTOR('',#12402,10.);
#3332=VECTOR('',#12409,10.);
#3333=VECTOR('',#12416,10.);
#3334=VECTOR('',#12417,10.);
#3335=VECTOR('',#12420,10.);
#3336=VECTOR('',#12421,10.);
#3337=VECTOR('',#12424,10.);
#3338=VECTOR('',#12425,10.);
#3339=VECTOR('',#12428,10.);
#3340=VECTOR('',#12429,10.);
#3341=VECTOR('',#12438,10.);
#3342=VECTOR('',#12439,10.);
#3343=VECTOR('',#12440,10.);
#3344=VECTOR('',#12441,10.);
#3345=VECTOR('',#12442,10.);
#3346=VECTOR('',#12443,10.);
#3347=VECTOR('',#12444,10.);
#3348=VECTOR('',#12445,10.);
#3349=VECTOR('',#12446,10.);
#3350=VECTOR('',#12447,10.);
#3351=VECTOR('',#12448,10.);
#3352=VECTOR('',#12449,10.);
#3353=VECTOR('',#12450,10.);
#3354=VECTOR('',#12451,10.);
#3355=VECTOR('',#12452,10.);
#3356=VECTOR('',#12453,10.);
#3357=VECTOR('',#12454,10.);
#3358=VECTOR('',#12461,10.);
#3359=VECTOR('',#12468,10.);
#3360=VECTOR('',#12475,10.);
#3361=VECTOR('',#12482,10.);
#3362=VECTOR('',#12489,10.);
#3363=VECTOR('',#12496,10.);
#3364=VECTOR('',#12503,10.);
#3365=VECTOR('',#12510,10.);
#3366=VECTOR('',#12517,10.);
#3367=VECTOR('',#12524,10.);
#3368=VECTOR('',#12531,10.);
#3369=VECTOR('',#12538,10.);
#3370=VECTOR('',#12545,10.);
#3371=VECTOR('',#12552,10.);
#3372=VECTOR('',#12559,10.);
#3373=VECTOR('',#12566,10.);
#3374=VECTOR('',#12573,10.);
#3375=VECTOR('',#12580,10.);
#3376=VECTOR('',#12587,10.);
#3377=VECTOR('',#12594,10.);
#3378=VECTOR('',#12601,10.);
#3379=VECTOR('',#12608,10.);
#3380=VECTOR('',#12615,10.);
#3381=VECTOR('',#12622,10.);
#3382=VECTOR('',#12629,10.);
#3383=VECTOR('',#12636,10.);
#3384=VECTOR('',#12643,10.);
#3385=VECTOR('',#12650,10.);
#3386=VECTOR('',#12657,10.);
#3387=VECTOR('',#12664,10.);
#3388=VECTOR('',#12671,10.);
#3389=VECTOR('',#12678,10.);
#3390=VECTOR('',#12685,10.);
#3391=VECTOR('',#12692,10.);
#3392=VECTOR('',#12699,10.);
#3393=VECTOR('',#12706,10.);
#3394=VECTOR('',#12709,10.);
#3395=VECTOR('',#12710,10.);
#3396=VECTOR('',#12711,10.);
#3397=VECTOR('',#12716,10.);
#3398=VECTOR('',#12719,10.);
#3399=VECTOR('',#12726,10.);
#3400=VECTOR('',#12729,10.);
#3401=VECTOR('',#12732,10.);
#3402=VECTOR('',#12735,10.);
#3403=VECTOR('',#12740,10.);
#3404=VECTOR('',#12745,10.);
#3405=VECTOR('',#12746,10.);
#3406=VECTOR('',#12749,10.);
#3407=VECTOR('',#12752,10.);
#3408=VECTOR('',#12755,10.);
#3409=VECTOR('',#12762,10.);
#3410=VECTOR('',#12765,10.);
#3411=VECTOR('',#12768,10.);
#3412=VECTOR('',#12771,10.);
#3413=VECTOR('',#12776,10.);
#3414=VECTOR('',#12781,10.);
#3415=VECTOR('',#12782,10.);
#3416=VECTOR('',#12783,10.);
#3417=VECTOR('',#12788,10.);
#3418=VECTOR('',#12791,10.);
#3419=VECTOR('',#12798,10.);
#3420=VECTOR('',#12801,10.);
#3421=VECTOR('',#12802,10.);
#3422=VECTOR('',#12805,10.);
#3423=VECTOR('',#12806,10.);
#3424=VECTOR('',#12807,10.);
#3425=VECTOR('',#12810,10.);
#3426=VECTOR('',#12815,10.);
#3427=VECTOR('',#12820,10.);
#3428=VECTOR('',#12825,10.);
#3429=VECTOR('',#12826,10.);
#3430=VECTOR('',#12829,10.);
#3431=VECTOR('',#12830,10.);
#3432=VECTOR('',#12831,10.);
#3433=VECTOR('',#12834,10.);
#3434=VECTOR('',#12839,10.);
#3435=VECTOR('',#12844,10.);
#3436=VECTOR('',#12849,10.);
#3437=VECTOR('',#12850,10.);
#3438=VECTOR('',#12853,10.);
#3439=VECTOR('',#12854,10.);
#3440=VECTOR('',#12855,10.);
#3441=VECTOR('',#12858,10.);
#3442=VECTOR('',#12859,10.);
#3443=VECTOR('',#12864,10.);
#3444=VECTOR('',#12869,10.);
#3445=VECTOR('',#12874,10.);
#3446=VECTOR('',#12875,10.);
#3447=VECTOR('',#12878,10.);
#3448=VECTOR('',#12879,10.);
#3449=VECTOR('',#12884,10.);
#3450=VECTOR('',#12889,10.);
#3451=VECTOR('',#12894,10.);
#3452=VECTOR('',#12895,10.);
#3453=VECTOR('',#12898,10.);
#3454=VECTOR('',#12901,10.);
#3455=VECTOR('',#12904,10.);
#3456=VECTOR('',#12907,10.);
#3457=VECTOR('',#12910,10.);
#3458=VECTOR('',#12913,10.);
#3459=VECTOR('',#12916,10.);
#3460=VECTOR('',#12919,10.);
#3461=VECTOR('',#12922,10.);
#3462=VECTOR('',#12925,10.);
#3463=VECTOR('',#12928,10.);
#3464=VECTOR('',#12931,10.);
#3465=VECTOR('',#12934,10.);
#3466=VECTOR('',#12937,10.);
#3467=VECTOR('',#12940,10.);
#3468=VECTOR('',#12943,10.);
#3469=VECTOR('',#12946,10.);
#3470=VECTOR('',#12949,10.);
#3471=VECTOR('',#12952,10.);
#3472=VECTOR('',#12955,10.);
#3473=VECTOR('',#12956,10.);
#3474=VECTOR('',#12961,10.);
#3475=VECTOR('',#12964,10.);
#3476=VECTOR('',#12969,10.);
#3477=VECTOR('',#12972,10.);
#3478=VECTOR('',#12973,10.);
#3479=VECTOR('',#12976,10.);
#3480=VECTOR('',#12977,10.);
#3481=VECTOR('',#12982,10.);
#3482=VECTOR('',#12985,10.);
#3483=VECTOR('',#12992,10.);
#3484=VECTOR('',#12995,10.);
#3485=VECTOR('',#12998,10.);
#3486=VECTOR('',#13001,10.);
#3487=VECTOR('',#13006,10.);
#3488=VECTOR('',#13011,10.);
#3489=VECTOR('',#13016,10.);
#3490=VECTOR('',#13019,10.);
#3491=VECTOR('',#13026,10.);
#3492=VECTOR('',#13029,10.);
#3493=VECTOR('',#13030,10.);
#3494=VECTOR('',#13033,10.);
#3495=VECTOR('',#13034,10.);
#3496=VECTOR('',#13035,10.);
#3497=VECTOR('',#13038,10.);
#3498=VECTOR('',#13043,10.);
#3499=VECTOR('',#13052,10.);
#3500=VECTOR('',#13053,10.);
#3501=VECTOR('',#13054,10.);
#3502=VECTOR('',#13059,10.);
#3503=VECTOR('',#13062,10.);
#3504=VECTOR('',#13069,10.);
#3505=VECTOR('',#13072,10.);
#3506=VECTOR('',#13073,10.);
#3507=VECTOR('',#13076,10.);
#3508=VECTOR('',#13077,10.);
#3509=VECTOR('',#13078,10.);
#3510=VECTOR('',#13081,10.);
#3511=VECTOR('',#13086,10.);
#3512=VECTOR('',#13091,10.);
#3513=VECTOR('',#13096,10.);
#3514=VECTOR('',#13097,10.);
#3515=VECTOR('',#13100,10.);
#3516=VECTOR('',#13101,10.);
#3517=VECTOR('',#13102,10.);
#3518=VECTOR('',#13105,10.);
#3519=VECTOR('',#13110,10.);
#3520=VECTOR('',#13115,10.);
#3521=VECTOR('',#13120,10.);
#3522=VECTOR('',#13121,10.);
#3523=VECTOR('',#13124,10.);
#3524=VECTOR('',#13125,10.);
#3525=VECTOR('',#13126,10.);
#3526=VECTOR('',#13129,10.);
#3527=VECTOR('',#13130,10.);
#3528=VECTOR('',#13135,10.);
#3529=VECTOR('',#13140,10.);
#3530=VECTOR('',#13145,10.);
#3531=VECTOR('',#13148,10.);
#3532=VECTOR('',#13149,10.);
#3533=VECTOR('',#13152,10.);
#3534=VECTOR('',#13155,10.);
#3535=VECTOR('',#13160,10.);
#3536=VECTOR('',#13161,10.);
#3537=VECTOR('',#13164,10.);
#3538=VECTOR('',#13167,10.);
#3539=VECTOR('',#13170,10.);
#3540=VECTOR('',#13173,10.);
#3541=VECTOR('',#13176,10.);
#3542=VECTOR('',#13179,10.);
#3543=VECTOR('',#13182,10.);
#3544=VECTOR('',#13185,10.);
#3545=VECTOR('',#13188,10.);
#3546=VECTOR('',#13191,10.);
#3547=VECTOR('',#13194,10.);
#3548=VECTOR('',#13197,10.);
#3549=VECTOR('',#13200,10.);
#3550=VECTOR('',#13203,10.);
#3551=VECTOR('',#13206,10.);
#3552=VECTOR('',#13209,10.);
#3553=VECTOR('',#13212,10.);
#3554=VECTOR('',#13215,10.);
#3555=VECTOR('',#13218,10.);
#3556=VECTOR('',#13221,10.);
#3557=VECTOR('',#13222,10.);
#3558=VECTOR('',#13227,10.);
#3559=VECTOR('',#13230,10.);
#3560=VECTOR('',#13239,10.);
#3561=VECTOR('',#13240,10.);
#3562=VECTOR('',#13241,10.);
#3563=VECTOR('',#13244,10.);
#3564=VECTOR('',#13245,10.);
#3565=VECTOR('',#13246,10.);
#3566=VECTOR('',#13249,10.);
#3567=VECTOR('',#13250,10.);
#3568=VECTOR('',#13251,10.);
#3569=VECTOR('',#13254,10.);
#3570=VECTOR('',#13255,10.);
#3571=VECTOR('',#13256,10.);
#3572=VECTOR('',#13261,10.);
#3573=VECTOR('',#13264,10.);
#3574=VECTOR('',#13271,10.);
#3575=VECTOR('',#13274,10.);
#3576=VECTOR('',#13275,10.);
#3577=VECTOR('',#13278,10.);
#3578=VECTOR('',#13279,10.);
#3579=VECTOR('',#13280,10.);
#3580=VECTOR('',#13283,10.);
#3581=VECTOR('',#13288,10.);
#3582=VECTOR('',#13293,10.);
#3583=VECTOR('',#13298,10.);
#3584=VECTOR('',#13299,10.);
#3585=VECTOR('',#13302,10.);
#3586=VECTOR('',#13303,10.);
#3587=VECTOR('',#13304,10.);
#3588=VECTOR('',#13309,10.);
#3589=VECTOR('',#13312,10.);
#3590=VECTOR('',#13319,10.);
#3591=VECTOR('',#13322,10.);
#3592=VECTOR('',#13325,10.);
#3593=VECTOR('',#13328,10.);
#3594=VECTOR('',#13333,10.);
#3595=VECTOR('',#13338,10.);
#3596=VECTOR('',#13339,10.);
#3597=VECTOR('',#13342,10.);
#3598=VECTOR('',#13343,10.);
#3599=VECTOR('',#13348,10.);
#3600=VECTOR('',#13351,10.);
#3601=VECTOR('',#13358,10.);
#3602=VECTOR('',#13361,10.);
#3603=VECTOR('',#13362,10.);
#3604=VECTOR('',#13365,10.);
#3605=VECTOR('',#13366,10.);
#3606=VECTOR('',#13367,10.);
#3607=VECTOR('',#13370,10.);
#3608=VECTOR('',#13375,10.);
#3609=VECTOR('',#13380,10.);
#3610=VECTOR('',#13385,10.);
#3611=VECTOR('',#13388,10.);
#3612=VECTOR('',#13389,10.);
#3613=VECTOR('',#13390,10.);
#3614=VECTOR('',#13393,10.);
#3615=VECTOR('',#13398,10.);
#3616=VECTOR('',#13403,10.);
#3617=VECTOR('',#13408,10.);
#3618=VECTOR('',#13411,10.);
#3619=VECTOR('',#13412,10.);
#3620=VECTOR('',#13413,10.);
#3621=VECTOR('',#13416,10.);
#3622=VECTOR('',#13421,10.);
#3623=VECTOR('',#13426,10.);
#3624=VECTOR('',#13431,10.);
#3625=VECTOR('',#13432,10.);
#3626=VECTOR('',#13435,10.);
#3627=VECTOR('',#13436,10.);
#3628=VECTOR('',#13437,10.);
#3629=VECTOR('',#13440,10.);
#3630=VECTOR('',#13441,10.);
#3631=VECTOR('',#13446,10.);
#3632=VECTOR('',#13451,10.);
#3633=VECTOR('',#13456,10.);
#3634=VECTOR('',#13457,10.);
#3635=VECTOR('',#13460,10.);
#3636=VECTOR('',#13461,10.);
#3637=VECTOR('',#13464,10.);
#3638=VECTOR('',#13465,10.);
#3639=VECTOR('',#13468,10.);
#3640=VECTOR('',#13471,10.);
#3641=VECTOR('',#13474,10.);
#3642=VECTOR('',#13477,10.);
#3643=VECTOR('',#13480,10.);
#3644=VECTOR('',#13483,10.);
#3645=VECTOR('',#13486,10.);
#3646=VECTOR('',#13489,10.);
#3647=VECTOR('',#13492,10.);
#3648=VECTOR('',#13495,10.);
#3649=VECTOR('',#13498,10.);
#3650=VECTOR('',#13501,10.);
#3651=VECTOR('',#13504,10.);
#3652=VECTOR('',#13507,10.);
#3653=VECTOR('',#13510,10.);
#3654=VECTOR('',#13513,10.);
#3655=VECTOR('',#13516,10.);
#3656=VECTOR('',#13519,10.);
#3657=VECTOR('',#13522,10.);
#3658=VECTOR('',#13525,10.);
#3659=VECTOR('',#13526,10.);
#3660=VECTOR('',#13531,10.);
#3661=VECTOR('',#13534,10.);
#3662=VECTOR('',#13537,10.);
#3663=VECTOR('',#13542,10.);
#3664=VECTOR('',#13547,10.);
#3665=VECTOR('',#13548,10.);
#3666=VECTOR('',#13553,10.);
#3667=VECTOR('',#13556,10.);
#3668=VECTOR('',#13563,10.);
#3669=VECTOR('',#13566,10.);
#3670=VECTOR('',#13567,10.);
#3671=VECTOR('',#13570,10.);
#3672=VECTOR('',#13571,10.);
#3673=VECTOR('',#13572,10.);
#3674=VECTOR('',#13575,10.);
#3675=VECTOR('',#13580,10.);
#3676=VECTOR('',#13585,10.);
#3677=VECTOR('',#13590,10.);
#3678=VECTOR('',#13595,10.);
#3679=VECTOR('',#13598,10.);
#3680=VECTOR('',#13605,10.);
#3681=VECTOR('',#13608,10.);
#3682=VECTOR('',#13611,10.);
#3683=VECTOR('',#13612,10.);
#3684=VECTOR('',#13615,10.);
#3685=VECTOR('',#13620,10.);
#3686=VECTOR('',#13629,10.);
#3687=VECTOR('',#13630,10.);
#3688=VECTOR('',#13635,10.);
#3689=VECTOR('',#13638,10.);
#3690=VECTOR('',#13645,10.);
#3691=VECTOR('',#13648,10.);
#3692=VECTOR('',#13651,10.);
#3693=VECTOR('',#13652,10.);
#3694=VECTOR('',#13655,10.);
#3695=VECTOR('',#13660,10.);
#3696=VECTOR('',#13665,10.);
#3697=VECTOR('',#13670,10.);
#3698=VECTOR('',#13673,10.);
#3699=VECTOR('',#13674,10.);
#3700=VECTOR('',#13677,10.);
#3701=VECTOR('',#13682,10.);
#3702=VECTOR('',#13687,10.);
#3703=VECTOR('',#13692,10.);
#3704=VECTOR('',#13695,10.);
#3705=VECTOR('',#13696,10.);
#3706=VECTOR('',#13697,10.);
#3707=VECTOR('',#13700,10.);
#3708=VECTOR('',#13705,10.);
#3709=VECTOR('',#13710,10.);
#3710=VECTOR('',#13715,10.);
#3711=VECTOR('',#13718,10.);
#3712=VECTOR('',#13719,10.);
#3713=VECTOR('',#13722,10.);
#3714=VECTOR('',#13723,10.);
#3715=VECTOR('',#13726,10.);
#3716=VECTOR('',#13731,10.);
#3717=VECTOR('',#13740,10.);
#3718=VECTOR('',#13741,10.);
#3719=VECTOR('',#13744,10.);
#3720=VECTOR('',#13747,10.);
#3721=VECTOR('',#13750,10.);
#3722=VECTOR('',#13753,10.);
#3723=VECTOR('',#13756,10.);
#3724=VECTOR('',#13759,10.);
#3725=VECTOR('',#13762,10.);
#3726=VECTOR('',#13765,10.);
#3727=VECTOR('',#13768,10.);
#3728=VECTOR('',#13771,10.);
#3729=VECTOR('',#13774,10.);
#3730=VECTOR('',#13777,10.);
#3731=VECTOR('',#13780,10.);
#3732=VECTOR('',#13783,10.);
#3733=VECTOR('',#13786,10.);
#3734=VECTOR('',#13789,10.);
#3735=VECTOR('',#13792,10.);
#3736=VECTOR('',#13795,10.);
#3737=VECTOR('',#13798,10.);
#3738=VECTOR('',#13801,10.);
#3739=VECTOR('',#13802,10.);
#3740=VECTOR('',#13807,10.);
#3741=VECTOR('',#13816,10.);
#3742=VECTOR('',#13817,10.);
#3743=VECTOR('',#13818,10.);
#3744=VECTOR('',#13823,10.);
#3745=VECTOR('',#13826,10.);
#3746=VECTOR('',#13833,10.);
#3747=VECTOR('',#13836,10.);
#3748=VECTOR('',#13837,10.);
#3749=VECTOR('',#13840,10.);
#3750=VECTOR('',#13841,10.);
#3751=VECTOR('',#13842,10.);
#3752=VECTOR('',#13845,10.);
#3753=VECTOR('',#13850,10.);
#3754=VECTOR('',#13855,10.);
#3755=VECTOR('',#13860,10.);
#3756=VECTOR('',#13861,10.);
#3757=VECTOR('',#13864,10.);
#3758=VECTOR('',#13865,10.);
#3759=VECTOR('',#13866,10.);
#3760=VECTOR('',#13871,10.);
#3761=VECTOR('',#13874,10.);
#3762=VECTOR('',#13881,10.);
#3763=VECTOR('',#13884,10.);
#3764=VECTOR('',#13887,10.);
#3765=VECTOR('',#13890,10.);
#3766=VECTOR('',#13895,10.);
#3767=VECTOR('',#13900,10.);
#3768=VECTOR('',#13901,10.);
#3769=VECTOR('',#13904,10.);
#3770=VECTOR('',#13905,10.);
#3771=VECTOR('',#13910,10.);
#3772=VECTOR('',#13913,10.);
#3773=VECTOR('',#13920,10.);
#3774=VECTOR('',#13923,10.);
#3775=VECTOR('',#13924,10.);
#3776=VECTOR('',#13927,10.);
#3777=VECTOR('',#13928,10.);
#3778=VECTOR('',#13929,10.);
#3779=VECTOR('',#13932,10.);
#3780=VECTOR('',#13937,10.);
#3781=VECTOR('',#13942,10.);
#3782=VECTOR('',#13947,10.);
#3783=VECTOR('',#13950,10.);
#3784=VECTOR('',#13951,10.);
#3785=VECTOR('',#13952,10.);
#3786=VECTOR('',#13955,10.);
#3787=VECTOR('',#13960,10.);
#3788=VECTOR('',#13965,10.);
#3789=VECTOR('',#13970,10.);
#3790=VECTOR('',#13973,10.);
#3791=VECTOR('',#13974,10.);
#3792=VECTOR('',#13975,10.);
#3793=VECTOR('',#13978,10.);
#3794=VECTOR('',#13983,10.);
#3795=VECTOR('',#13988,10.);
#3796=VECTOR('',#13993,10.);
#3797=VECTOR('',#13994,10.);
#3798=VECTOR('',#13997,10.);
#3799=VECTOR('',#13998,10.);
#3800=VECTOR('',#13999,10.);
#3801=VECTOR('',#14002,10.);
#3802=VECTOR('',#14003,10.);
#3803=VECTOR('',#14008,10.);
#3804=VECTOR('',#14013,10.);
#3805=VECTOR('',#14018,10.);
#3806=VECTOR('',#14019,10.);
#3807=VECTOR('',#14022,10.);
#3808=VECTOR('',#14023,10.);
#3809=VECTOR('',#14026,10.);
#3810=VECTOR('',#14027,10.);
#3811=VECTOR('',#14030,10.);
#3812=VECTOR('',#14033,10.);
#3813=VECTOR('',#14036,10.);
#3814=VECTOR('',#14039,10.);
#3815=VECTOR('',#14042,10.);
#3816=VECTOR('',#14045,10.);
#3817=VECTOR('',#14048,10.);
#3818=VECTOR('',#14051,10.);
#3819=VECTOR('',#14054,10.);
#3820=VECTOR('',#14057,10.);
#3821=VECTOR('',#14060,10.);
#3822=VECTOR('',#14063,10.);
#3823=VECTOR('',#14066,10.);
#3824=VECTOR('',#14069,10.);
#3825=VECTOR('',#14072,10.);
#3826=VECTOR('',#14075,10.);
#3827=VECTOR('',#14078,10.);
#3828=VECTOR('',#14081,10.);
#3829=VECTOR('',#14084,10.);
#3830=VECTOR('',#14087,10.);
#3831=VECTOR('',#14088,10.);
#3832=VECTOR('',#14093,10.);
#3833=VECTOR('',#14096,10.);
#3834=VECTOR('',#14099,10.);
#3835=VECTOR('',#14108,10.);
#3836=VECTOR('',#14109,10.);
#3837=VECTOR('',#14114,10.);
#3838=VECTOR('',#14117,10.);
#3839=VECTOR('',#14124,10.);
#3840=VECTOR('',#14127,10.);
#3841=VECTOR('',#14128,10.);
#3842=VECTOR('',#14131,10.);
#3843=VECTOR('',#14132,10.);
#3844=VECTOR('',#14133,10.);
#3845=VECTOR('',#14136,10.);
#3846=VECTOR('',#14141,10.);
#3847=VECTOR('',#14146,10.);
#3848=VECTOR('',#14151,10.);
#3849=VECTOR('',#14154,10.);
#3850=VECTOR('',#14155,10.);
#3851=VECTOR('',#14156,10.);
#3852=VECTOR('',#14161,10.);
#3853=VECTOR('',#14164,10.);
#3854=VECTOR('',#14171,10.);
#3855=VECTOR('',#14174,10.);
#3856=VECTOR('',#14175,10.);
#3857=VECTOR('',#14178,10.);
#3858=VECTOR('',#14179,10.);
#3859=VECTOR('',#14180,10.);
#3860=VECTOR('',#14183,10.);
#3861=VECTOR('',#14188,10.);
#3862=VECTOR('',#14193,10.);
#3863=VECTOR('',#14198,10.);
#3864=VECTOR('',#14199,10.);
#3865=VECTOR('',#14202,10.);
#3866=VECTOR('',#14203,10.);
#3867=VECTOR('',#14208,10.);
#3868=VECTOR('',#14211,10.);
#3869=VECTOR('',#14218,10.);
#3870=VECTOR('',#14221,10.);
#3871=VECTOR('',#14224,10.);
#3872=VECTOR('',#14225,10.);
#3873=VECTOR('',#14228,10.);
#3874=VECTOR('',#14233,10.);
#3875=VECTOR('',#14238,10.);
#3876=VECTOR('',#14243,10.);
#3877=VECTOR('',#14246,10.);
#3878=VECTOR('',#14247,10.);
#3879=VECTOR('',#14250,10.);
#3880=VECTOR('',#14255,10.);
#3881=VECTOR('',#14260,10.);
#3882=VECTOR('',#14265,10.);
#3883=VECTOR('',#14268,10.);
#3884=VECTOR('',#14269,10.);
#3885=VECTOR('',#14270,10.);
#3886=VECTOR('',#14273,10.);
#3887=VECTOR('',#14278,10.);
#3888=VECTOR('',#14283,10.);
#3889=VECTOR('',#14288,10.);
#3890=VECTOR('',#14291,10.);
#3891=VECTOR('',#14292,10.);
#3892=VECTOR('',#14295,10.);
#3893=VECTOR('',#14296,10.);
#3894=VECTOR('',#14297,10.);
#3895=VECTOR('',#14300,10.);
#3896=VECTOR('',#14305,10.);
#3897=VECTOR('',#14310,10.);
#3898=VECTOR('',#14315,10.);
#3899=VECTOR('',#14316,10.);
#3900=VECTOR('',#14319,10.);
#3901=VECTOR('',#14320,10.);
#3902=VECTOR('',#14323,10.);
#3903=VECTOR('',#14324,10.);
#3904=VECTOR('',#14327,10.);
#3905=VECTOR('',#14330,10.);
#3906=VECTOR('',#14333,10.);
#3907=VECTOR('',#14336,10.);
#3908=VECTOR('',#14339,10.);
#3909=VECTOR('',#14342,10.);
#3910=VECTOR('',#14345,10.);
#3911=VECTOR('',#14348,10.);
#3912=VECTOR('',#14351,10.);
#3913=VECTOR('',#14354,10.);
#3914=VECTOR('',#14357,10.);
#3915=VECTOR('',#14360,10.);
#3916=VECTOR('',#14363,10.);
#3917=VECTOR('',#14366,10.);
#3918=VECTOR('',#14369,10.);
#3919=VECTOR('',#14372,10.);
#3920=VECTOR('',#14375,10.);
#3921=VECTOR('',#14378,10.);
#3922=VECTOR('',#14381,10.);
#3923=VECTOR('',#14384,10.);
#3924=VECTOR('',#14385,10.);
#3925=VECTOR('',#14390,10.);
#3926=VECTOR('',#14393,10.);
#3927=VERTEX_POINT('',#14404);
#3928=VERTEX_POINT('',#14405);
#3929=VERTEX_POINT('',#14407);
#3930=VERTEX_POINT('',#14409);
#3931=VERTEX_POINT('',#14411);
#3932=VERTEX_POINT('',#14413);
#3933=VERTEX_POINT('',#14415);
#3934=VERTEX_POINT('',#14417);
#3935=VERTEX_POINT('',#14421);
#3936=VERTEX_POINT('',#14423);
#3937=VERTEX_POINT('',#14427);
#3938=VERTEX_POINT('',#14429);
#3939=VERTEX_POINT('',#14433);
#3940=VERTEX_POINT('',#14434);
#3941=VERTEX_POINT('',#14439);
#3942=VERTEX_POINT('',#14441);
#3943=VERTEX_POINT('',#14445);
#3944=VERTEX_POINT('',#14447);
#3945=VERTEX_POINT('',#14451);
#3946=VERTEX_POINT('',#14455);
#3947=VERTEX_POINT('',#14461);
#3948=VERTEX_POINT('',#14462);
#3949=VERTEX_POINT('',#14464);
#3950=VERTEX_POINT('',#14466);
#3951=VERTEX_POINT('',#14470);
#3952=VERTEX_POINT('',#14471);
#3953=VERTEX_POINT('',#14476);
#3954=VERTEX_POINT('',#14478);
#3955=VERTEX_POINT('',#14482);
#3956=VERTEX_POINT('',#14484);
#3957=VERTEX_POINT('',#14488);
#3958=VERTEX_POINT('',#14492);
#3959=VERTEX_POINT('',#14496);
#3960=VERTEX_POINT('',#14497);
#3961=VERTEX_POINT('',#14499);
#3962=VERTEX_POINT('',#14501);
#3963=VERTEX_POINT('',#14505);
#3964=VERTEX_POINT('',#14507);
#3965=VERTEX_POINT('',#14511);
#3966=VERTEX_POINT('',#14512);
#3967=VERTEX_POINT('',#14517);
#3968=VERTEX_POINT('',#14519);
#3969=VERTEX_POINT('',#14523);
#3970=VERTEX_POINT('',#14524);
#3971=VERTEX_POINT('',#14529);
#3972=VERTEX_POINT('',#14531);
#3973=VERTEX_POINT('',#14535);
#3974=VERTEX_POINT('',#14539);
#3975=VERTEX_POINT('',#14543);
#3976=VERTEX_POINT('',#14547);
#3977=VERTEX_POINT('',#14551);
#3978=VERTEX_POINT('',#14553);
#3979=VERTEX_POINT('',#14557);
#3980=VERTEX_POINT('',#14561);
#3981=VERTEX_POINT('',#14565);
#3982=VERTEX_POINT('',#14569);
#3983=VERTEX_POINT('',#14573);
#3984=VERTEX_POINT('',#14574);
#3985=VERTEX_POINT('',#14577);
#3986=VERTEX_POINT('',#14579);
#3987=VERTEX_POINT('',#14583);
#3988=VERTEX_POINT('',#14585);
#3989=VERTEX_POINT('',#14589);
#3990=VERTEX_POINT('',#14593);
#3991=VERTEX_POINT('',#14599);
#3992=VERTEX_POINT('',#14601);
#3993=VERTEX_POINT('',#14605);
#3994=VERTEX_POINT('',#14609);
#3995=VERTEX_POINT('',#14613);
#3996=VERTEX_POINT('',#14614);
#3997=VERTEX_POINT('',#14616);
#3998=VERTEX_POINT('',#14618);
#3999=VERTEX_POINT('',#14622);
#4000=VERTEX_POINT('',#14624);
#4001=VERTEX_POINT('',#14628);
#4002=VERTEX_POINT('',#14630);
#4003=VERTEX_POINT('',#14634);
#4004=VERTEX_POINT('',#14636);
#4005=VERTEX_POINT('',#14640);
#4006=VERTEX_POINT('',#14642);
#4007=VERTEX_POINT('',#14646);
#4008=VERTEX_POINT('',#14648);
#4009=VERTEX_POINT('',#14652);
#4010=VERTEX_POINT('',#14654);
#4011=VERTEX_POINT('',#14658);
#4012=VERTEX_POINT('',#14660);
#4013=VERTEX_POINT('',#14664);
#4014=VERTEX_POINT('',#14666);
#4015=VERTEX_POINT('',#14670);
#4016=VERTEX_POINT('',#14672);
#4017=VERTEX_POINT('',#14676);
#4018=VERTEX_POINT('',#14678);
#4019=VERTEX_POINT('',#14682);
#4020=VERTEX_POINT('',#14684);
#4021=VERTEX_POINT('',#14688);
#4022=VERTEX_POINT('',#14690);
#4023=VERTEX_POINT('',#14694);
#4024=VERTEX_POINT('',#14696);
#4025=VERTEX_POINT('',#14700);
#4026=VERTEX_POINT('',#14702);
#4027=VERTEX_POINT('',#14706);
#4028=VERTEX_POINT('',#14708);
#4029=VERTEX_POINT('',#14712);
#4030=VERTEX_POINT('',#14714);
#4031=VERTEX_POINT('',#14718);
#4032=VERTEX_POINT('',#14720);
#4033=VERTEX_POINT('',#14724);
#4034=VERTEX_POINT('',#14726);
#4035=VERTEX_POINT('',#14730);
#4036=VERTEX_POINT('',#14732);
#4037=VERTEX_POINT('',#14736);
#4038=VERTEX_POINT('',#14737);
#4039=VERTEX_POINT('',#14739);
#4040=VERTEX_POINT('',#14741);
#4041=VERTEX_POINT('',#14748);
#4042=VERTEX_POINT('',#14750);
#4043=VERTEX_POINT('',#14757);
#4044=VERTEX_POINT('',#14759);
#4045=VERTEX_POINT('',#14761);
#4046=VERTEX_POINT('',#14763);
#4047=VERTEX_POINT('',#14767);
#4048=VERTEX_POINT('',#14769);
#4049=VERTEX_POINT('',#14773);
#4050=VERTEX_POINT('',#14775);
#4051=VERTEX_POINT('',#14779);
#4052=VERTEX_POINT('',#14780);
#4053=VERTEX_POINT('',#14785);
#4054=VERTEX_POINT('',#14787);
#4055=VERTEX_POINT('',#14791);
#4056=VERTEX_POINT('',#14793);
#4057=VERTEX_POINT('',#14797);
#4058=VERTEX_POINT('',#14801);
#4059=VERTEX_POINT('',#14807);
#4060=VERTEX_POINT('',#14808);
#4061=VERTEX_POINT('',#14810);
#4062=VERTEX_POINT('',#14812);
#4063=VERTEX_POINT('',#14816);
#4064=VERTEX_POINT('',#14818);
#4065=VERTEX_POINT('',#14822);
#4066=VERTEX_POINT('',#14823);
#4067=VERTEX_POINT('',#14828);
#4068=VERTEX_POINT('',#14830);
#4069=VERTEX_POINT('',#14834);
#4070=VERTEX_POINT('',#14835);
#4071=VERTEX_POINT('',#14840);
#4072=VERTEX_POINT('',#14842);
#4073=VERTEX_POINT('',#14846);
#4074=VERTEX_POINT('',#14850);
#4075=VERTEX_POINT('',#14854);
#4076=VERTEX_POINT('',#14858);
#4077=VERTEX_POINT('',#14862);
#4078=VERTEX_POINT('',#14863);
#4079=VERTEX_POINT('',#14865);
#4080=VERTEX_POINT('',#14867);
#4081=VERTEX_POINT('',#14871);
#4082=VERTEX_POINT('',#14873);
#4083=VERTEX_POINT('',#14877);
#4084=VERTEX_POINT('',#14878);
#4085=VERTEX_POINT('',#14883);
#4086=VERTEX_POINT('',#14885);
#4087=VERTEX_POINT('',#14889);
#4088=VERTEX_POINT('',#14890);
#4089=VERTEX_POINT('',#14895);
#4090=VERTEX_POINT('',#14897);
#4091=VERTEX_POINT('',#14901);
#4092=VERTEX_POINT('',#14905);
#4093=VERTEX_POINT('',#14909);
#4094=VERTEX_POINT('',#14913);
#4095=VERTEX_POINT('',#14917);
#4096=VERTEX_POINT('',#14919);
#4097=VERTEX_POINT('',#14923);
#4098=VERTEX_POINT('',#14927);
#4099=VERTEX_POINT('',#14931);
#4100=VERTEX_POINT('',#14935);
#4101=VERTEX_POINT('',#14939);
#4102=VERTEX_POINT('',#14941);
#4103=VERTEX_POINT('',#14943);
#4104=VERTEX_POINT('',#14945);
#4105=VERTEX_POINT('',#14949);
#4106=VERTEX_POINT('',#14951);
#4107=VERTEX_POINT('',#14955);
#4108=VERTEX_POINT('',#14959);
#4109=VERTEX_POINT('',#14965);
#4110=VERTEX_POINT('',#14967);
#4111=VERTEX_POINT('',#14971);
#4112=VERTEX_POINT('',#14975);
#4113=VERTEX_POINT('',#14979);
#4114=VERTEX_POINT('',#14983);
#4115=VERTEX_POINT('',#14987);
#4116=VERTEX_POINT('',#14989);
#4117=VERTEX_POINT('',#14991);
#4118=VERTEX_POINT('',#14993);
#4119=VERTEX_POINT('',#14997);
#4120=VERTEX_POINT('',#14998);
#4121=VERTEX_POINT('',#15000);
#4122=VERTEX_POINT('',#15002);
#4123=VERTEX_POINT('',#15006);
#4124=VERTEX_POINT('',#15008);
#4125=VERTEX_POINT('',#15012);
#4126=VERTEX_POINT('',#15014);
#4127=VERTEX_POINT('',#15018);
#4128=VERTEX_POINT('',#15020);
#4129=VERTEX_POINT('',#15024);
#4130=VERTEX_POINT('',#15026);
#4131=VERTEX_POINT('',#15030);
#4132=VERTEX_POINT('',#15032);
#4133=VERTEX_POINT('',#15036);
#4134=VERTEX_POINT('',#15038);
#4135=VERTEX_POINT('',#15042);
#4136=VERTEX_POINT('',#15044);
#4137=VERTEX_POINT('',#15048);
#4138=VERTEX_POINT('',#15050);
#4139=VERTEX_POINT('',#15054);
#4140=VERTEX_POINT('',#15056);
#4141=VERTEX_POINT('',#15060);
#4142=VERTEX_POINT('',#15062);
#4143=VERTEX_POINT('',#15066);
#4144=VERTEX_POINT('',#15068);
#4145=VERTEX_POINT('',#15072);
#4146=VERTEX_POINT('',#15074);
#4147=VERTEX_POINT('',#15078);
#4148=VERTEX_POINT('',#15080);
#4149=VERTEX_POINT('',#15084);
#4150=VERTEX_POINT('',#15086);
#4151=VERTEX_POINT('',#15090);
#4152=VERTEX_POINT('',#15092);
#4153=VERTEX_POINT('',#15096);
#4154=VERTEX_POINT('',#15098);
#4155=VERTEX_POINT('',#15102);
#4156=VERTEX_POINT('',#15104);
#4157=VERTEX_POINT('',#15108);
#4158=VERTEX_POINT('',#15110);
#4159=VERTEX_POINT('',#15114);
#4160=VERTEX_POINT('',#15116);
#4161=VERTEX_POINT('',#15120);
#4162=VERTEX_POINT('',#15121);
#4163=VERTEX_POINT('',#15123);
#4164=VERTEX_POINT('',#15125);
#4165=VERTEX_POINT('',#15132);
#4166=VERTEX_POINT('',#15134);
#4167=VERTEX_POINT('',#15151);
#4168=VERTEX_POINT('',#15153);
#4169=VERTEX_POINT('',#15155);
#4170=VERTEX_POINT('',#15157);
#4171=VERTEX_POINT('',#15159);
#4172=VERTEX_POINT('',#15161);
#4173=VERTEX_POINT('',#15163);
#4174=VERTEX_POINT('',#15165);
#4175=VERTEX_POINT('',#15167);
#4176=VERTEX_POINT('',#15169);
#4177=VERTEX_POINT('',#15171);
#4178=VERTEX_POINT('',#15173);
#4179=VERTEX_POINT('',#15175);
#4180=VERTEX_POINT('',#15177);
#4181=VERTEX_POINT('',#15179);
#4182=VERTEX_POINT('',#15181);
#4183=VERTEX_POINT('',#15183);
#4184=VERTEX_POINT('',#15185);
#4185=VERTEX_POINT('',#15187);
#4186=VERTEX_POINT('',#15189);
#4187=VERTEX_POINT('',#15191);
#4188=VERTEX_POINT('',#15193);
#4189=VERTEX_POINT('',#15195);
#4190=VERTEX_POINT('',#15197);
#4191=VERTEX_POINT('',#15199);
#4192=VERTEX_POINT('',#15201);
#4193=VERTEX_POINT('',#15203);
#4194=VERTEX_POINT('',#15205);
#4195=VERTEX_POINT('',#15207);
#4196=VERTEX_POINT('',#15209);
#4197=VERTEX_POINT('',#15211);
#4198=VERTEX_POINT('',#15213);
#4199=VERTEX_POINT('',#15215);
#4200=VERTEX_POINT('',#15217);
#4201=VERTEX_POINT('',#15219);
#4202=VERTEX_POINT('',#15221);
#4203=VERTEX_POINT('',#15223);
#4204=VERTEX_POINT('',#15225);
#4205=VERTEX_POINT('',#15227);
#4206=VERTEX_POINT('',#15229);
#4207=VERTEX_POINT('',#15231);
#4208=VERTEX_POINT('',#15233);
#4209=VERTEX_POINT('',#15235);
#4210=VERTEX_POINT('',#15237);
#4211=VERTEX_POINT('',#15239);
#4212=VERTEX_POINT('',#15241);
#4213=VERTEX_POINT('',#15243);
#4214=VERTEX_POINT('',#15245);
#4215=VERTEX_POINT('',#15247);
#4216=VERTEX_POINT('',#15249);
#4217=VERTEX_POINT('',#15251);
#4218=VERTEX_POINT('',#15253);
#4219=VERTEX_POINT('',#15255);
#4220=VERTEX_POINT('',#15257);
#4221=VERTEX_POINT('',#15259);
#4222=VERTEX_POINT('',#15261);
#4223=VERTEX_POINT('',#15263);
#4224=VERTEX_POINT('',#15265);
#4225=VERTEX_POINT('',#15267);
#4226=VERTEX_POINT('',#15269);
#4227=VERTEX_POINT('',#15271);
#4228=VERTEX_POINT('',#15273);
#4229=VERTEX_POINT('',#15275);
#4230=VERTEX_POINT('',#15277);
#4231=VERTEX_POINT('',#15279);
#4232=VERTEX_POINT('',#15281);
#4233=VERTEX_POINT('',#15283);
#4234=VERTEX_POINT('',#15285);
#4235=VERTEX_POINT('',#15287);
#4236=VERTEX_POINT('',#15289);
#4237=VERTEX_POINT('',#15291);
#4238=VERTEX_POINT('',#15293);
#4239=VERTEX_POINT('',#15295);
#4240=VERTEX_POINT('',#15298);
#4241=VERTEX_POINT('',#15300);
#4242=VERTEX_POINT('',#15302);
#4243=VERTEX_POINT('',#15304);
#4244=VERTEX_POINT('',#15306);
#4245=VERTEX_POINT('',#15308);
#4246=VERTEX_POINT('',#15310);
#4247=VERTEX_POINT('',#15312);
#4248=VERTEX_POINT('',#15314);
#4249=VERTEX_POINT('',#15316);
#4250=VERTEX_POINT('',#15319);
#4251=VERTEX_POINT('',#15321);
#4252=VERTEX_POINT('',#15323);
#4253=VERTEX_POINT('',#15325);
#4254=VERTEX_POINT('',#15328);
#4255=VERTEX_POINT('',#15329);
#4256=VERTEX_POINT('',#15331);
#4257=VERTEX_POINT('',#15333);
#4258=VERTEX_POINT('',#15335);
#4259=VERTEX_POINT('',#15337);
#4260=VERTEX_POINT('',#15339);
#4261=VERTEX_POINT('',#15341);
#4262=VERTEX_POINT('',#15343);
#4263=VERTEX_POINT('',#15345);
#4264=VERTEX_POINT('',#15347);
#4265=VERTEX_POINT('',#15349);
#4266=VERTEX_POINT('',#15351);
#4267=VERTEX_POINT('',#15353);
#4268=VERTEX_POINT('',#15355);
#4269=VERTEX_POINT('',#15357);
#4270=VERTEX_POINT('',#15359);
#4271=VERTEX_POINT('',#15361);
#4272=VERTEX_POINT('',#15363);
#4273=VERTEX_POINT('',#15365);
#4274=VERTEX_POINT('',#15367);
#4275=VERTEX_POINT('',#15369);
#4276=VERTEX_POINT('',#15371);
#4277=VERTEX_POINT('',#15373);
#4278=VERTEX_POINT('',#15376);
#4279=VERTEX_POINT('',#15377);
#4280=VERTEX_POINT('',#15379);
#4281=VERTEX_POINT('',#15381);
#4282=VERTEX_POINT('',#15383);
#4283=VERTEX_POINT('',#15385);
#4284=VERTEX_POINT('',#15387);
#4285=VERTEX_POINT('',#15389);
#4286=VERTEX_POINT('',#15391);
#4287=VERTEX_POINT('',#15393);
#4288=VERTEX_POINT('',#15395);
#4289=VERTEX_POINT('',#15397);
#4290=VERTEX_POINT('',#15400);
#4291=VERTEX_POINT('',#15401);
#4292=VERTEX_POINT('',#15403);
#4293=VERTEX_POINT('',#15405);
#4294=VERTEX_POINT('',#15407);
#4295=VERTEX_POINT('',#15409);
#4296=VERTEX_POINT('',#15411);
#4297=VERTEX_POINT('',#15413);
#4298=VERTEX_POINT('',#15415);
#4299=VERTEX_POINT('',#15417);
#4300=VERTEX_POINT('',#15419);
#4301=VERTEX_POINT('',#15421);
#4302=VERTEX_POINT('',#15423);
#4303=VERTEX_POINT('',#15425);
#4304=VERTEX_POINT('',#15427);
#4305=VERTEX_POINT('',#15429);
#4306=VERTEX_POINT('',#15431);
#4307=VERTEX_POINT('',#15433);
#4308=VERTEX_POINT('',#15435);
#4309=VERTEX_POINT('',#15437);
#4310=VERTEX_POINT('',#15439);
#4311=VERTEX_POINT('',#15441);
#4312=VERTEX_POINT('',#15443);
#4313=VERTEX_POINT('',#15445);
#4314=VERTEX_POINT('',#15448);
#4315=VERTEX_POINT('',#15449);
#4316=VERTEX_POINT('',#15451);
#4317=VERTEX_POINT('',#15453);
#4318=VERTEX_POINT('',#15455);
#4319=VERTEX_POINT('',#15457);
#4320=VERTEX_POINT('',#15459);
#4321=VERTEX_POINT('',#15461);
#4322=VERTEX_POINT('',#15463);
#4323=VERTEX_POINT('',#15465);
#4324=VERTEX_POINT('',#15467);
#4325=VERTEX_POINT('',#15469);
#4326=VERTEX_POINT('',#15471);
#4327=VERTEX_POINT('',#15473);
#4328=VERTEX_POINT('',#15475);
#4329=VERTEX_POINT('',#15477);
#4330=VERTEX_POINT('',#15479);
#4331=VERTEX_POINT('',#15481);
#4332=VERTEX_POINT('',#15483);
#4333=VERTEX_POINT('',#15485);
#4334=VERTEX_POINT('',#15487);
#4335=VERTEX_POINT('',#15489);
#4336=VERTEX_POINT('',#15491);
#4337=VERTEX_POINT('',#15493);
#4338=VERTEX_POINT('',#15496);
#4339=VERTEX_POINT('',#15497);
#4340=VERTEX_POINT('',#15499);
#4341=VERTEX_POINT('',#15501);
#4342=VERTEX_POINT('',#15503);
#4343=VERTEX_POINT('',#15505);
#4344=VERTEX_POINT('',#15507);
#4345=VERTEX_POINT('',#15509);
#4346=VERTEX_POINT('',#15511);
#4347=VERTEX_POINT('',#15513);
#4348=VERTEX_POINT('',#15515);
#4349=VERTEX_POINT('',#15517);
#4350=VERTEX_POINT('',#15519);
#4351=VERTEX_POINT('',#15521);
#4352=VERTEX_POINT('',#15523);
#4353=VERTEX_POINT('',#15525);
#4354=VERTEX_POINT('',#15527);
#4355=VERTEX_POINT('',#15529);
#4356=VERTEX_POINT('',#15531);
#4357=VERTEX_POINT('',#15533);
#4358=VERTEX_POINT('',#15535);
#4359=VERTEX_POINT('',#15537);
#4360=VERTEX_POINT('',#15539);
#4361=VERTEX_POINT('',#15541);
#4362=VERTEX_POINT('',#15544);
#4363=VERTEX_POINT('',#15545);
#4364=VERTEX_POINT('',#15547);
#4365=VERTEX_POINT('',#15549);
#4366=VERTEX_POINT('',#15551);
#4367=VERTEX_POINT('',#15553);
#4368=VERTEX_POINT('',#15555);
#4369=VERTEX_POINT('',#15557);
#4370=VERTEX_POINT('',#15559);
#4371=VERTEX_POINT('',#15561);
#4372=VERTEX_POINT('',#15563);
#4373=VERTEX_POINT('',#15565);
#4374=VERTEX_POINT('',#15567);
#4375=VERTEX_POINT('',#15569);
#4376=VERTEX_POINT('',#15571);
#4377=VERTEX_POINT('',#15573);
#4378=VERTEX_POINT('',#15575);
#4379=VERTEX_POINT('',#15577);
#4380=VERTEX_POINT('',#15579);
#4381=VERTEX_POINT('',#15581);
#4382=VERTEX_POINT('',#15583);
#4383=VERTEX_POINT('',#15585);
#4384=VERTEX_POINT('',#15587);
#4385=VERTEX_POINT('',#15589);
#4386=VERTEX_POINT('',#15592);
#4387=VERTEX_POINT('',#15593);
#4388=VERTEX_POINT('',#15595);
#4389=VERTEX_POINT('',#15597);
#4390=VERTEX_POINT('',#15599);
#4391=VERTEX_POINT('',#15601);
#4392=VERTEX_POINT('',#15603);
#4393=VERTEX_POINT('',#15605);
#4394=VERTEX_POINT('',#15607);
#4395=VERTEX_POINT('',#15609);
#4396=VERTEX_POINT('',#15611);
#4397=VERTEX_POINT('',#15613);
#4398=VERTEX_POINT('',#15615);
#4399=VERTEX_POINT('',#15617);
#4400=VERTEX_POINT('',#15619);
#4401=VERTEX_POINT('',#15621);
#4402=VERTEX_POINT('',#15623);
#4403=VERTEX_POINT('',#15625);
#4404=VERTEX_POINT('',#15627);
#4405=VERTEX_POINT('',#15629);
#4406=VERTEX_POINT('',#15631);
#4407=VERTEX_POINT('',#15633);
#4408=VERTEX_POINT('',#15635);
#4409=VERTEX_POINT('',#15637);
#4410=VERTEX_POINT('',#15641);
#4411=VERTEX_POINT('',#15645);
#4412=VERTEX_POINT('',#15649);
#4413=VERTEX_POINT('',#15653);
#4414=VERTEX_POINT('',#15655);
#4415=VERTEX_POINT('',#15657);
#4416=VERTEX_POINT('',#15659);
#4417=VERTEX_POINT('',#15663);
#4418=VERTEX_POINT('',#15665);
#4419=VERTEX_POINT('',#15667);
#4420=VERTEX_POINT('',#15669);
#4421=VERTEX_POINT('',#15671);
#4422=VERTEX_POINT('',#15673);
#4423=VERTEX_POINT('',#15675);
#4424=VERTEX_POINT('',#15677);
#4425=VERTEX_POINT('',#15679);
#4426=VERTEX_POINT('',#15681);
#4427=VERTEX_POINT('',#15683);
#4428=VERTEX_POINT('',#15685);
#4429=VERTEX_POINT('',#15687);
#4430=VERTEX_POINT('',#15689);
#4431=VERTEX_POINT('',#15691);
#4432=VERTEX_POINT('',#15693);
#4433=VERTEX_POINT('',#15696);
#4434=VERTEX_POINT('',#15697);
#4435=VERTEX_POINT('',#15699);
#4436=VERTEX_POINT('',#15701);
#4437=VERTEX_POINT('',#15703);
#4438=VERTEX_POINT('',#15705);
#4439=VERTEX_POINT('',#15707);
#4440=VERTEX_POINT('',#15709);
#4441=VERTEX_POINT('',#15711);
#4442=VERTEX_POINT('',#15713);
#4443=VERTEX_POINT('',#15715);
#4444=VERTEX_POINT('',#15717);
#4445=VERTEX_POINT('',#15719);
#4446=VERTEX_POINT('',#15721);
#4447=VERTEX_POINT('',#15723);
#4448=VERTEX_POINT('',#15725);
#4449=VERTEX_POINT('',#15727);
#4450=VERTEX_POINT('',#15729);
#4451=VERTEX_POINT('',#15731);
#4452=VERTEX_POINT('',#15733);
#4453=VERTEX_POINT('',#15735);
#4454=VERTEX_POINT('',#15737);
#4455=VERTEX_POINT('',#15739);
#4456=VERTEX_POINT('',#15741);
#4457=VERTEX_POINT('',#15744);
#4458=VERTEX_POINT('',#15745);
#4459=VERTEX_POINT('',#15747);
#4460=VERTEX_POINT('',#15749);
#4461=VERTEX_POINT('',#15751);
#4462=VERTEX_POINT('',#15753);
#4463=VERTEX_POINT('',#15755);
#4464=VERTEX_POINT('',#15757);
#4465=VERTEX_POINT('',#15759);
#4466=VERTEX_POINT('',#15761);
#4467=VERTEX_POINT('',#15763);
#4468=VERTEX_POINT('',#15765);
#4469=VERTEX_POINT('',#15767);
#4470=VERTEX_POINT('',#15769);
#4471=VERTEX_POINT('',#15771);
#4472=VERTEX_POINT('',#15773);
#4473=VERTEX_POINT('',#15775);
#4474=VERTEX_POINT('',#15777);
#4475=VERTEX_POINT('',#15779);
#4476=VERTEX_POINT('',#15781);
#4477=VERTEX_POINT('',#15783);
#4478=VERTEX_POINT('',#15785);
#4479=VERTEX_POINT('',#15787);
#4480=VERTEX_POINT('',#15789);
#4481=VERTEX_POINT('',#15792);
#4482=VERTEX_POINT('',#15793);
#4483=VERTEX_POINT('',#15795);
#4484=VERTEX_POINT('',#15797);
#4485=VERTEX_POINT('',#15799);
#4486=VERTEX_POINT('',#15801);
#4487=VERTEX_POINT('',#15803);
#4488=VERTEX_POINT('',#15805);
#4489=VERTEX_POINT('',#15807);
#4490=VERTEX_POINT('',#15809);
#4491=VERTEX_POINT('',#15811);
#4492=VERTEX_POINT('',#15813);
#4493=VERTEX_POINT('',#15815);
#4494=VERTEX_POINT('',#15817);
#4495=VERTEX_POINT('',#15819);
#4496=VERTEX_POINT('',#15821);
#4497=VERTEX_POINT('',#15823);
#4498=VERTEX_POINT('',#15825);
#4499=VERTEX_POINT('',#15827);
#4500=VERTEX_POINT('',#15829);
#4501=VERTEX_POINT('',#15831);
#4502=VERTEX_POINT('',#15833);
#4503=VERTEX_POINT('',#15835);
#4504=VERTEX_POINT('',#15837);
#4505=VERTEX_POINT('',#15840);
#4506=VERTEX_POINT('',#15841);
#4507=VERTEX_POINT('',#15843);
#4508=VERTEX_POINT('',#15845);
#4509=VERTEX_POINT('',#15847);
#4510=VERTEX_POINT('',#15849);
#4511=VERTEX_POINT('',#15851);
#4512=VERTEX_POINT('',#15853);
#4513=VERTEX_POINT('',#15855);
#4514=VERTEX_POINT('',#15857);
#4515=VERTEX_POINT('',#15859);
#4516=VERTEX_POINT('',#15861);
#4517=VERTEX_POINT('',#15863);
#4518=VERTEX_POINT('',#15865);
#4519=VERTEX_POINT('',#15867);
#4520=VERTEX_POINT('',#15869);
#4521=VERTEX_POINT('',#15871);
#4522=VERTEX_POINT('',#15873);
#4523=VERTEX_POINT('',#15875);
#4524=VERTEX_POINT('',#15877);
#4525=VERTEX_POINT('',#15879);
#4526=VERTEX_POINT('',#15881);
#4527=VERTEX_POINT('',#15883);
#4528=VERTEX_POINT('',#15885);
#4529=VERTEX_POINT('',#15888);
#4530=VERTEX_POINT('',#15889);
#4531=VERTEX_POINT('',#15891);
#4532=VERTEX_POINT('',#15893);
#4533=VERTEX_POINT('',#15895);
#4534=VERTEX_POINT('',#15897);
#4535=VERTEX_POINT('',#15899);
#4536=VERTEX_POINT('',#15901);
#4537=VERTEX_POINT('',#15903);
#4538=VERTEX_POINT('',#15905);
#4539=VERTEX_POINT('',#15907);
#4540=VERTEX_POINT('',#15909);
#4541=VERTEX_POINT('',#15911);
#4542=VERTEX_POINT('',#15913);
#4543=VERTEX_POINT('',#15915);
#4544=VERTEX_POINT('',#15917);
#4545=VERTEX_POINT('',#15919);
#4546=VERTEX_POINT('',#15921);
#4547=VERTEX_POINT('',#15923);
#4548=VERTEX_POINT('',#15925);
#4549=VERTEX_POINT('',#15927);
#4550=VERTEX_POINT('',#15929);
#4551=VERTEX_POINT('',#15931);
#4552=VERTEX_POINT('',#15933);
#4553=VERTEX_POINT('',#15936);
#4554=VERTEX_POINT('',#15937);
#4555=VERTEX_POINT('',#15939);
#4556=VERTEX_POINT('',#15941);
#4557=VERTEX_POINT('',#15943);
#4558=VERTEX_POINT('',#15945);
#4559=VERTEX_POINT('',#15947);
#4560=VERTEX_POINT('',#15949);
#4561=VERTEX_POINT('',#15951);
#4562=VERTEX_POINT('',#15953);
#4563=VERTEX_POINT('',#15955);
#4564=VERTEX_POINT('',#15957);
#4565=VERTEX_POINT('',#15959);
#4566=VERTEX_POINT('',#15961);
#4567=VERTEX_POINT('',#15963);
#4568=VERTEX_POINT('',#15965);
#4569=VERTEX_POINT('',#15967);
#4570=VERTEX_POINT('',#15969);
#4571=VERTEX_POINT('',#15971);
#4572=VERTEX_POINT('',#15973);
#4573=VERTEX_POINT('',#15975);
#4574=VERTEX_POINT('',#15977);
#4575=VERTEX_POINT('',#15979);
#4576=VERTEX_POINT('',#15981);
#4577=VERTEX_POINT('',#15985);
#4578=VERTEX_POINT('',#15987);
#4579=VERTEX_POINT('',#15991);
#4580=VERTEX_POINT('',#15995);
#4581=VERTEX_POINT('',#15999);
#4582=VERTEX_POINT('',#16003);
#4583=VERTEX_POINT('',#16005);
#4584=VERTEX_POINT('',#16009);
#4585=VERTEX_POINT('',#16013);
#4586=VERTEX_POINT('',#16017);
#4587=VERTEX_POINT('',#16021);
#4588=VERTEX_POINT('',#16023);
#4589=VERTEX_POINT('',#16027);
#4590=VERTEX_POINT('',#16031);
#4591=VERTEX_POINT('',#16035);
#4592=VERTEX_POINT('',#16037);
#4593=VERTEX_POINT('',#16041);
#4594=VERTEX_POINT('',#16045);
#4595=VERTEX_POINT('',#16049);
#4596=VERTEX_POINT('',#16051);
#4597=VERTEX_POINT('',#16055);
#4598=VERTEX_POINT('',#16059);
#4599=VERTEX_POINT('',#16063);
#4600=VERTEX_POINT('',#16067);
#4601=VERTEX_POINT('',#16071);
#4602=VERTEX_POINT('',#16073);
#4603=VERTEX_POINT('',#16077);
#4604=VERTEX_POINT('',#16081);
#4605=VERTEX_POINT('',#16085);
#4606=VERTEX_POINT('',#16089);
#4607=VERTEX_POINT('',#16093);
#4608=VERTEX_POINT('',#16095);
#4609=VERTEX_POINT('',#16099);
#4610=VERTEX_POINT('',#16103);
#4611=VERTEX_POINT('',#16107);
#4612=VERTEX_POINT('',#16111);
#4613=VERTEX_POINT('',#16116);
#4614=VERTEX_POINT('',#16120);
#4615=VERTEX_POINT('',#16122);
#4616=VERTEX_POINT('',#16126);
#4617=VERTEX_POINT('',#16130);
#4618=VERTEX_POINT('',#16134);
#4619=VERTEX_POINT('',#16138);
#4620=VERTEX_POINT('',#16140);
#4621=VERTEX_POINT('',#16144);
#4622=VERTEX_POINT('',#16148);
#4623=VERTEX_POINT('',#16204);
#4624=VERTEX_POINT('',#16208);
#4625=VERTEX_POINT('',#16212);
#4626=VERTEX_POINT('',#16216);
#4627=VERTEX_POINT('',#16220);
#4628=VERTEX_POINT('',#16224);
#4629=VERTEX_POINT('',#16226);
#4630=VERTEX_POINT('',#16230);
#4631=VERTEX_POINT('',#16234);
#4632=VERTEX_POINT('',#16240);
#4633=VERTEX_POINT('',#16244);
#4634=VERTEX_POINT('',#16248);
#4635=VERTEX_POINT('',#16252);
#4636=VERTEX_POINT('',#16256);
#4637=VERTEX_POINT('',#16258);
#4638=VERTEX_POINT('',#16262);
#4639=VERTEX_POINT('',#16266);
#4640=VERTEX_POINT('',#16272);
#4641=VERTEX_POINT('',#16274);
#4642=VERTEX_POINT('',#16278);
#4643=VERTEX_POINT('',#16282);
#4644=VERTEX_POINT('',#16286);
#4645=VERTEX_POINT('',#16290);
#4646=VERTEX_POINT('',#16294);
#4647=VERTEX_POINT('',#16296);
#4648=VERTEX_POINT('',#16300);
#4649=VERTEX_POINT('',#16304);
#4650=VERTEX_POINT('',#16308);
#4651=VERTEX_POINT('',#16312);
#4652=VERTEX_POINT('',#16316);
#4653=VERTEX_POINT('',#16318);
#4654=VERTEX_POINT('',#16322);
#4655=VERTEX_POINT('',#16326);
#4656=VERTEX_POINT('',#16330);
#4657=VERTEX_POINT('',#16334);
#4658=VERTEX_POINT('',#16339);
#4659=VERTEX_POINT('',#16343);
#4660=VERTEX_POINT('',#16345);
#4661=VERTEX_POINT('',#16349);
#4662=VERTEX_POINT('',#16353);
#4663=VERTEX_POINT('',#16419);
#4664=VERTEX_POINT('',#16421);
#4665=VERTEX_POINT('',#16425);
#4666=VERTEX_POINT('',#16427);
#4667=VERTEX_POINT('',#16431);
#4668=VERTEX_POINT('',#16433);
#4669=VERTEX_POINT('',#16437);
#4670=VERTEX_POINT('',#16439);
#4671=VERTEX_POINT('',#16443);
#4672=VERTEX_POINT('',#16447);
#4673=VERTEX_POINT('',#16451);
#4674=VERTEX_POINT('',#16455);
#4675=VERTEX_POINT('',#16459);
#4676=VERTEX_POINT('',#16461);
#4677=VERTEX_POINT('',#16465);
#4678=VERTEX_POINT('',#16469);
#4679=VERTEX_POINT('',#16473);
#4680=VERTEX_POINT('',#16477);
#4681=VERTEX_POINT('',#16481);
#4682=VERTEX_POINT('',#16483);
#4683=VERTEX_POINT('',#16487);
#4684=VERTEX_POINT('',#16491);
#4685=VERTEX_POINT('',#16495);
#4686=VERTEX_POINT('',#16499);
#4687=VERTEX_POINT('',#16501);
#4688=VERTEX_POINT('',#16505);
#4689=VERTEX_POINT('',#16509);
#4690=VERTEX_POINT('',#16513);
#4691=VERTEX_POINT('',#16517);
#4692=VERTEX_POINT('',#16521);
#4693=VERTEX_POINT('',#16525);
#4694=VERTEX_POINT('',#16529);
#4695=VERTEX_POINT('',#16533);
#4696=VERTEX_POINT('',#16537);
#4697=VERTEX_POINT('',#16539);
#4698=VERTEX_POINT('',#16543);
#4699=VERTEX_POINT('',#16547);
#4700=VERTEX_POINT('',#16551);
#4701=VERTEX_POINT('',#16557);
#4702=VERTEX_POINT('',#16559);
#4703=VERTEX_POINT('',#16563);
#4704=VERTEX_POINT('',#16567);
#4705=VERTEX_POINT('',#16571);
#4706=VERTEX_POINT('',#16577);
#4707=VERTEX_POINT('',#16579);
#4708=VERTEX_POINT('',#16583);
#4709=VERTEX_POINT('',#16587);
#4710=VERTEX_POINT('',#16591);
#4711=VERTEX_POINT('',#16595);
#4712=VERTEX_POINT('',#16599);
#4713=VERTEX_POINT('',#16604);
#4714=VERTEX_POINT('',#16606);
#4715=VERTEX_POINT('',#16610);
#4716=VERTEX_POINT('',#16614);
#4717=VERTEX_POINT('',#16618);
#4718=VERTEX_POINT('',#16622);
#4719=VERTEX_POINT('',#16681);
#4720=VERTEX_POINT('',#16685);
#4721=VERTEX_POINT('',#16689);
#4722=VERTEX_POINT('',#16693);
#4723=VERTEX_POINT('',#16697);
#4724=VERTEX_POINT('',#16701);
#4725=VERTEX_POINT('',#16703);
#4726=VERTEX_POINT('',#16707);
#4727=VERTEX_POINT('',#16711);
#4728=VERTEX_POINT('',#16715);
#4729=VERTEX_POINT('',#16721);
#4730=VERTEX_POINT('',#16725);
#4731=VERTEX_POINT('',#16729);
#4732=VERTEX_POINT('',#16735);
#4733=VERTEX_POINT('',#16739);
#4734=VERTEX_POINT('',#16743);
#4735=VERTEX_POINT('',#16749);
#4736=VERTEX_POINT('',#16753);
#4737=VERTEX_POINT('',#16757);
#4738=VERTEX_POINT('',#16761);
#4739=VERTEX_POINT('',#16767);
#4740=VERTEX_POINT('',#16771);
#4741=VERTEX_POINT('',#16775);
#4742=VERTEX_POINT('',#16779);
#4743=VERTEX_POINT('',#16785);
#4744=VERTEX_POINT('',#16789);
#4745=VERTEX_POINT('',#16793);
#4746=VERTEX_POINT('',#16797);
#4747=VERTEX_POINT('',#16803);
#4748=VERTEX_POINT('',#16805);
#4749=VERTEX_POINT('',#16809);
#4750=VERTEX_POINT('',#16813);
#4751=VERTEX_POINT('',#16817);
#4752=VERTEX_POINT('',#16826);
#4753=VERTEX_POINT('',#16830);
#4754=VERTEX_POINT('',#16834);
#4755=VERTEX_POINT('',#16890);
#4756=VERTEX_POINT('',#16892);
#4757=VERTEX_POINT('',#16896);
#4758=VERTEX_POINT('',#16900);
#4759=VERTEX_POINT('',#16904);
#4760=VERTEX_POINT('',#16908);
#4761=VERTEX_POINT('',#16912);
#4762=VERTEX_POINT('',#16914);
#4763=VERTEX_POINT('',#16918);
#4764=VERTEX_POINT('',#16922);
#4765=VERTEX_POINT('',#16926);
#4766=VERTEX_POINT('',#16930);
#4767=VERTEX_POINT('',#16934);
#4768=VERTEX_POINT('',#16936);
#4769=VERTEX_POINT('',#16940);
#4770=VERTEX_POINT('',#16944);
#4771=VERTEX_POINT('',#16948);
#4772=VERTEX_POINT('',#16952);
#4773=VERTEX_POINT('',#16954);
#4774=VERTEX_POINT('',#16958);
#4775=VERTEX_POINT('',#16962);
#4776=VERTEX_POINT('',#16966);
#4777=VERTEX_POINT('',#16970);
#4778=VERTEX_POINT('',#16974);
#4779=VERTEX_POINT('',#16978);
#4780=VERTEX_POINT('',#16982);
#4781=VERTEX_POINT('',#16986);
#4782=VERTEX_POINT('',#16990);
#4783=VERTEX_POINT('',#16992);
#4784=VERTEX_POINT('',#16996);
#4785=VERTEX_POINT('',#17000);
#4786=VERTEX_POINT('',#17004);
#4787=VERTEX_POINT('',#17010);
#4788=VERTEX_POINT('',#17012);
#4789=VERTEX_POINT('',#17016);
#4790=VERTEX_POINT('',#17020);
#4791=VERTEX_POINT('',#17024);
#4792=VERTEX_POINT('',#17030);
#4793=VERTEX_POINT('',#17032);
#4794=VERTEX_POINT('',#17036);
#4795=VERTEX_POINT('',#17040);
#4796=VERTEX_POINT('',#17044);
#4797=VERTEX_POINT('',#17048);
#4798=VERTEX_POINT('',#17052);
#4799=VERTEX_POINT('',#17057);
#4800=VERTEX_POINT('',#17059);
#4801=VERTEX_POINT('',#17063);
#4802=VERTEX_POINT('',#17067);
#4803=VERTEX_POINT('',#17071);
#4804=VERTEX_POINT('',#17075);
#4805=VERTEX_POINT('',#17133);
#4806=VERTEX_POINT('',#17137);
#4807=VERTEX_POINT('',#17141);
#4808=VERTEX_POINT('',#17145);
#4809=VERTEX_POINT('',#17149);
#4810=VERTEX_POINT('',#17153);
#4811=VERTEX_POINT('',#17155);
#4812=VERTEX_POINT('',#17159);
#4813=VERTEX_POINT('',#17163);
#4814=VERTEX_POINT('',#17167);
#4815=VERTEX_POINT('',#17173);
#4816=VERTEX_POINT('',#17175);
#4817=VERTEX_POINT('',#17179);
#4818=VERTEX_POINT('',#17183);
#4819=VERTEX_POINT('',#17187);
#4820=VERTEX_POINT('',#17191);
#4821=VERTEX_POINT('',#17195);
#4822=VERTEX_POINT('',#17197);
#4823=VERTEX_POINT('',#17201);
#4824=VERTEX_POINT('',#17205);
#4825=VERTEX_POINT('',#17209);
#4826=VERTEX_POINT('',#17213);
#4827=VERTEX_POINT('',#17217);
#4828=VERTEX_POINT('',#17221);
#4829=VERTEX_POINT('',#17225);
#4830=VERTEX_POINT('',#17229);
#4831=VERTEX_POINT('',#17235);
#4832=VERTEX_POINT('',#17239);
#4833=VERTEX_POINT('',#17243);
#4834=VERTEX_POINT('',#17247);
#4835=VERTEX_POINT('',#17253);
#4836=VERTEX_POINT('',#17257);
#4837=VERTEX_POINT('',#17261);
#4838=VERTEX_POINT('',#17265);
#4839=VERTEX_POINT('',#17271);
#4840=VERTEX_POINT('',#17273);
#4841=VERTEX_POINT('',#17277);
#4842=VERTEX_POINT('',#17281);
#4843=VERTEX_POINT('',#17285);
#4844=VERTEX_POINT('',#17294);
#4845=VERTEX_POINT('',#17296);
#4846=VERTEX_POINT('',#17300);
#4847=VERTEX_POINT('',#17304);
#4848=VERTEX_POINT('',#17308);
#4849=VERTEX_POINT('',#17312);
#4850=VERTEX_POINT('',#17316);
#4851=EDGE_CURVE('',#3927,#3928,#2115,.T.);
#4852=EDGE_CURVE('',#3929,#3927,#2116,.T.);
#4853=EDGE_CURVE('',#3930,#3929,#2117,.T.);
#4854=EDGE_CURVE('',#3931,#3930,#2118,.T.);
#4855=EDGE_CURVE('',#3932,#3931,#2119,.T.);
#4856=EDGE_CURVE('',#3933,#3932,#2120,.T.);
#4857=EDGE_CURVE('',#3934,#3933,#2121,.T.);
#4858=EDGE_CURVE('',#3928,#3934,#2122,.T.);
#4859=EDGE_CURVE('',#3934,#3935,#2123,.T.);
#4860=EDGE_CURVE('',#3935,#3936,#2124,.T.);
#4861=EDGE_CURVE('',#3936,#3928,#2125,.T.);
#4862=EDGE_CURVE('',#3935,#3937,#250,.T.);
#4863=EDGE_CURVE('',#3937,#3938,#2126,.T.);
#4864=EDGE_CURVE('',#3938,#3936,#251,.T.);
#4865=EDGE_CURVE('',#3939,#3940,#2127,.T.);
#4866=EDGE_CURVE('',#3940,#3938,#252,.T.);
#4867=EDGE_CURVE('',#3937,#3939,#253,.T.);
#4868=EDGE_CURVE('',#3939,#3941,#254,.T.);
#4869=EDGE_CURVE('',#3941,#3942,#2128,.T.);
#4870=EDGE_CURVE('',#3942,#3940,#255,.T.);
#4871=EDGE_CURVE('',#3939,#3943,#2129,.T.);
#4872=EDGE_CURVE('',#3944,#3943,#256,.T.);
#4873=EDGE_CURVE('',#3944,#3941,#2130,.T.);
#4874=EDGE_CURVE('',#3945,#3937,#2131,.T.);
#4875=EDGE_CURVE('',#3943,#3945,#257,.T.);
#4876=EDGE_CURVE('',#3935,#3946,#2132,.T.);
#4877=EDGE_CURVE('',#3945,#3946,#258,.T.);
#4878=EDGE_CURVE('',#3946,#3933,#2133,.T.);
#4879=EDGE_CURVE('',#3947,#3948,#2134,.T.);
#4880=EDGE_CURVE('',#3947,#3949,#259,.T.);
#4881=EDGE_CURVE('',#3949,#3950,#2135,.T.);
#4882=EDGE_CURVE('',#3950,#3948,#260,.T.);
#4883=EDGE_CURVE('',#3951,#3952,#2136,.T.);
#4884=EDGE_CURVE('',#3952,#3950,#261,.T.);
#4885=EDGE_CURVE('',#3949,#3951,#262,.T.);
#4886=EDGE_CURVE('',#3951,#3953,#263,.T.);
#4887=EDGE_CURVE('',#3953,#3954,#2137,.T.);
#4888=EDGE_CURVE('',#3954,#3952,#264,.T.);
#4889=EDGE_CURVE('',#3951,#3955,#2138,.T.);
#4890=EDGE_CURVE('',#3956,#3955,#265,.T.);
#4891=EDGE_CURVE('',#3956,#3953,#2139,.T.);
#4892=EDGE_CURVE('',#3957,#3949,#2140,.T.);
#4893=EDGE_CURVE('',#3955,#3957,#266,.T.);
#4894=EDGE_CURVE('',#3947,#3958,#2141,.T.);
#4895=EDGE_CURVE('',#3957,#3958,#267,.T.);
#4896=EDGE_CURVE('',#3959,#3960,#2142,.T.);
#4897=EDGE_CURVE('',#3960,#3961,#2143,.T.);
#4898=EDGE_CURVE('',#3961,#3962,#2144,.T.);
#4899=EDGE_CURVE('',#3962,#3959,#2145,.T.);
#4900=EDGE_CURVE('',#3961,#3963,#268,.T.);
#4901=EDGE_CURVE('',#3963,#3964,#2146,.T.);
#4902=EDGE_CURVE('',#3964,#3962,#269,.T.);
#4903=EDGE_CURVE('',#3965,#3966,#2147,.T.);
#4904=EDGE_CURVE('',#3966,#3964,#270,.T.);
#4905=EDGE_CURVE('',#3963,#3965,#271,.T.);
#4906=EDGE_CURVE('',#3965,#3967,#272,.T.);
#4907=EDGE_CURVE('',#3967,#3968,#2148,.T.);
#4908=EDGE_CURVE('',#3968,#3966,#273,.T.);
#4909=EDGE_CURVE('',#3969,#3970,#2149,.T.);
#4910=EDGE_CURVE('',#3968,#3970,#2150,.T.);
#4911=EDGE_CURVE('',#3967,#3969,#2151,.T.);
#4912=EDGE_CURVE('',#3971,#3967,#2152,.T.);
#4913=EDGE_CURVE('',#3972,#3971,#2153,.T.);
#4914=EDGE_CURVE('',#3969,#3972,#2154,.T.);
#4915=EDGE_CURVE('',#3965,#3973,#2155,.T.);
#4916=EDGE_CURVE('',#3971,#3973,#274,.T.);
#4917=EDGE_CURVE('',#3974,#3963,#2156,.T.);
#4918=EDGE_CURVE('',#3973,#3974,#275,.T.);
#4919=EDGE_CURVE('',#3961,#3975,#2157,.T.);
#4920=EDGE_CURVE('',#3974,#3975,#276,.T.);
#4921=EDGE_CURVE('',#3960,#3976,#2158,.T.);
#4922=EDGE_CURVE('',#3975,#3976,#2159,.T.);
#4923=EDGE_CURVE('',#3977,#3972,#2160,.T.);
#4924=EDGE_CURVE('',#3971,#3978,#2161,.T.);
#4925=EDGE_CURVE('',#3978,#3977,#2162,.T.);
#4926=EDGE_CURVE('',#3973,#3979,#2163,.T.);
#4927=EDGE_CURVE('',#3979,#3978,#277,.T.);
#4928=EDGE_CURVE('',#3974,#3980,#2164,.T.);
#4929=EDGE_CURVE('',#3980,#3979,#278,.T.);
#4930=EDGE_CURVE('',#3975,#3981,#2165,.T.);
#4931=EDGE_CURVE('',#3981,#3980,#279,.T.);
#4932=EDGE_CURVE('',#3976,#3982,#2166,.T.);
#4933=EDGE_CURVE('',#3982,#3981,#2167,.T.);
#4934=EDGE_CURVE('',#3983,#3984,#2168,.T.);
#4935=EDGE_CURVE('',#3982,#3984,#2169,.T.);
#4936=EDGE_CURVE('',#3985,#3959,#2170,.T.);
#4937=EDGE_CURVE('',#3985,#3986,#2171,.T.);
#4938=EDGE_CURVE('',#3983,#3986,#2172,.T.);
#4939=EDGE_CURVE('',#3944,#3987,#2173,.T.);
#4940=EDGE_CURVE('',#3943,#3988,#2174,.T.);
#4941=EDGE_CURVE('',#3988,#3987,#280,.T.);
#4942=EDGE_CURVE('',#3945,#3989,#2175,.T.);
#4943=EDGE_CURVE('',#3989,#3988,#281,.T.);
#4944=EDGE_CURVE('',#3946,#3990,#2176,.T.);
#4945=EDGE_CURVE('',#3990,#3989,#282,.T.);
#4946=EDGE_CURVE('',#3932,#3990,#2177,.T.);
#4947=EDGE_CURVE('',#3956,#3991,#2178,.T.);
#4948=EDGE_CURVE('',#3955,#3992,#2179,.T.);
#4949=EDGE_CURVE('',#3992,#3991,#283,.T.);
#4950=EDGE_CURVE('',#3957,#3993,#2180,.T.);
#4951=EDGE_CURVE('',#3993,#3992,#284,.T.);
#4952=EDGE_CURVE('',#3958,#3994,#2181,.T.);
#4953=EDGE_CURVE('',#3994,#3993,#285,.T.);
#4954=EDGE_CURVE('',#3995,#3996,#286,.T.);
#4955=EDGE_CURVE('',#3996,#3997,#2182,.T.);
#4956=EDGE_CURVE('',#3997,#3998,#287,.T.);
#4957=EDGE_CURVE('',#3998,#3995,#2183,.T.);
#4958=EDGE_CURVE('',#3999,#3996,#2184,.F.);
#4959=EDGE_CURVE('',#4000,#3999,#2185,.T.);
#4960=EDGE_CURVE('',#3997,#4000,#2186,.T.);
#4961=EDGE_CURVE('',#4001,#4000,#288,.T.);
#4962=EDGE_CURVE('',#3999,#4002,#289,.T.);
#4963=EDGE_CURVE('',#4002,#4001,#2187,.T.);
#4964=EDGE_CURVE('',#4003,#4002,#290,.F.);
#4965=EDGE_CURVE('',#4004,#4003,#2188,.T.);
#4966=EDGE_CURVE('',#4001,#4004,#291,.T.);
#4967=EDGE_CURVE('',#4005,#4004,#292,.T.);
#4968=EDGE_CURVE('',#4003,#4006,#293,.T.);
#4969=EDGE_CURVE('',#4006,#4005,#2189,.T.);
#4970=EDGE_CURVE('',#4007,#4006,#2190,.F.);
#4971=EDGE_CURVE('',#4008,#4007,#2191,.T.);
#4972=EDGE_CURVE('',#4005,#4008,#2192,.T.);
#4973=EDGE_CURVE('',#4007,#4009,#294,.T.);
#4974=EDGE_CURVE('',#4009,#4010,#2193,.T.);
#4975=EDGE_CURVE('',#4010,#4008,#295,.T.);
#4976=EDGE_CURVE('',#4011,#4009,#296,.F.);
#4977=EDGE_CURVE('',#4012,#4011,#2194,.T.);
#4978=EDGE_CURVE('',#4010,#4012,#297,.T.);
#4979=EDGE_CURVE('',#4011,#4013,#298,.T.);
#4980=EDGE_CURVE('',#4013,#4014,#2195,.T.);
#4981=EDGE_CURVE('',#4014,#4012,#299,.T.);
#4982=EDGE_CURVE('',#4015,#4013,#2196,.F.);
#4983=EDGE_CURVE('',#4016,#4015,#2197,.T.);
#4984=EDGE_CURVE('',#4014,#4016,#2198,.T.);
#4985=EDGE_CURVE('',#4017,#4016,#300,.T.);
#4986=EDGE_CURVE('',#4015,#4018,#301,.T.);
#4987=EDGE_CURVE('',#4018,#4017,#2199,.T.);
#4988=EDGE_CURVE('',#4019,#4018,#302,.F.);
#4989=EDGE_CURVE('',#4020,#4019,#2200,.T.);
#4990=EDGE_CURVE('',#4017,#4020,#303,.T.);
#4991=EDGE_CURVE('',#4021,#4020,#304,.T.);
#4992=EDGE_CURVE('',#4019,#4022,#305,.T.);
#4993=EDGE_CURVE('',#4022,#4021,#2201,.T.);
#4994=EDGE_CURVE('',#4023,#4022,#2202,.F.);
#4995=EDGE_CURVE('',#4024,#4023,#2203,.T.);
#4996=EDGE_CURVE('',#4021,#4024,#2204,.T.);
#4997=EDGE_CURVE('',#4023,#4025,#306,.T.);
#4998=EDGE_CURVE('',#4025,#4026,#2205,.T.);
#4999=EDGE_CURVE('',#4026,#4024,#307,.T.);
#5000=EDGE_CURVE('',#4027,#4025,#308,.F.);
#5001=EDGE_CURVE('',#4028,#4027,#2206,.T.);
#5002=EDGE_CURVE('',#4026,#4028,#309,.T.);
#5003=EDGE_CURVE('',#4027,#4029,#310,.T.);
#5004=EDGE_CURVE('',#4029,#4030,#2207,.T.);
#5005=EDGE_CURVE('',#4030,#4028,#311,.T.);
#5006=EDGE_CURVE('',#4031,#4029,#2208,.F.);
#5007=EDGE_CURVE('',#4032,#4031,#2209,.T.);
#5008=EDGE_CURVE('',#4030,#4032,#2210,.T.);
#5009=EDGE_CURVE('',#4033,#4032,#312,.T.);
#5010=EDGE_CURVE('',#4031,#4034,#313,.T.);
#5011=EDGE_CURVE('',#4034,#4033,#2211,.T.);
#5012=EDGE_CURVE('',#4035,#4034,#314,.F.);
#5013=EDGE_CURVE('',#4036,#4035,#2212,.T.);
#5014=EDGE_CURVE('',#4033,#4036,#315,.T.);
#5015=EDGE_CURVE('',#4037,#4038,#316,.T.);
#5016=EDGE_CURVE('',#4038,#4039,#2213,.T.);
#5017=EDGE_CURVE('',#4039,#4040,#317,.T.);
#5018=EDGE_CURVE('',#4040,#4037,#2214,.T.);
#5019=EDGE_CURVE('',#4039,#3998,#318,.T.);
#5020=EDGE_CURVE('',#3995,#4038,#319,.F.);
#5021=EDGE_CURVE('',#4041,#4036,#320,.T.);
#5022=EDGE_CURVE('',#4035,#4042,#321,.T.);
#5023=EDGE_CURVE('',#4042,#4041,#2215,.T.);
#5024=EDGE_CURVE('',#4041,#4040,#2216,.T.);
#5025=EDGE_CURVE('',#4037,#4042,#2217,.F.);
#5026=EDGE_CURVE('',#3970,#4043,#2218,.T.);
#5027=EDGE_CURVE('',#4044,#3977,#2219,.T.);
#5028=EDGE_CURVE('',#4045,#4044,#2220,.T.);
#5029=EDGE_CURVE('',#4046,#4045,#2221,.T.);
#5030=EDGE_CURVE('',#4043,#4046,#2222,.T.);
#5031=EDGE_CURVE('',#3953,#4047,#2223,.T.);
#5032=EDGE_CURVE('',#4047,#4048,#2224,.T.);
#5033=EDGE_CURVE('',#4048,#3954,#2225,.T.);
#5034=EDGE_CURVE('',#4047,#4049,#322,.T.);
#5035=EDGE_CURVE('',#4049,#4050,#2226,.T.);
#5036=EDGE_CURVE('',#4050,#4048,#323,.T.);
#5037=EDGE_CURVE('',#4051,#4052,#2227,.T.);
#5038=EDGE_CURVE('',#4052,#4050,#324,.T.);
#5039=EDGE_CURVE('',#4049,#4051,#325,.T.);
#5040=EDGE_CURVE('',#4051,#4053,#326,.T.);
#5041=EDGE_CURVE('',#4053,#4054,#2228,.T.);
#5042=EDGE_CURVE('',#4054,#4052,#327,.T.);
#5043=EDGE_CURVE('',#4051,#4055,#2229,.T.);
#5044=EDGE_CURVE('',#4056,#4055,#328,.T.);
#5045=EDGE_CURVE('',#4056,#4053,#2230,.T.);
#5046=EDGE_CURVE('',#4057,#4049,#2231,.T.);
#5047=EDGE_CURVE('',#4055,#4057,#329,.T.);
#5048=EDGE_CURVE('',#4047,#4058,#2232,.T.);
#5049=EDGE_CURVE('',#4057,#4058,#330,.T.);
#5050=EDGE_CURVE('',#4058,#3956,#2233,.T.);
#5051=EDGE_CURVE('',#4059,#4060,#2234,.T.);
#5052=EDGE_CURVE('',#4060,#4061,#2235,.T.);
#5053=EDGE_CURVE('',#4061,#4062,#2236,.T.);
#5054=EDGE_CURVE('',#4062,#4059,#2237,.T.);
#5055=EDGE_CURVE('',#4061,#4063,#331,.T.);
#5056=EDGE_CURVE('',#4063,#4064,#2238,.T.);
#5057=EDGE_CURVE('',#4064,#4062,#332,.T.);
#5058=EDGE_CURVE('',#4065,#4066,#2239,.T.);
#5059=EDGE_CURVE('',#4066,#4064,#333,.T.);
#5060=EDGE_CURVE('',#4063,#4065,#334,.T.);
#5061=EDGE_CURVE('',#4065,#4067,#335,.T.);
#5062=EDGE_CURVE('',#4067,#4068,#2240,.T.);
#5063=EDGE_CURVE('',#4068,#4066,#336,.T.);
#5064=EDGE_CURVE('',#4069,#4070,#2241,.T.);
#5065=EDGE_CURVE('',#4070,#4068,#2242,.T.);
#5066=EDGE_CURVE('',#4067,#4069,#2243,.T.);
#5067=EDGE_CURVE('',#4071,#4067,#2244,.T.);
#5068=EDGE_CURVE('',#4072,#4071,#2245,.T.);
#5069=EDGE_CURVE('',#4069,#4072,#2246,.T.);
#5070=EDGE_CURVE('',#4065,#4073,#2247,.T.);
#5071=EDGE_CURVE('',#4071,#4073,#337,.T.);
#5072=EDGE_CURVE('',#4074,#4063,#2248,.T.);
#5073=EDGE_CURVE('',#4073,#4074,#338,.T.);
#5074=EDGE_CURVE('',#4061,#4075,#2249,.T.);
#5075=EDGE_CURVE('',#4074,#4075,#339,.T.);
#5076=EDGE_CURVE('',#4060,#4076,#2250,.T.);
#5077=EDGE_CURVE('',#4075,#4076,#2251,.T.);
#5078=EDGE_CURVE('',#4077,#4078,#2252,.T.);
#5079=EDGE_CURVE('',#4078,#4079,#2253,.T.);
#5080=EDGE_CURVE('',#4079,#4080,#2254,.T.);
#5081=EDGE_CURVE('',#4080,#4077,#2255,.T.);
#5082=EDGE_CURVE('',#4079,#4081,#340,.T.);
#5083=EDGE_CURVE('',#4081,#4082,#2256,.T.);
#5084=EDGE_CURVE('',#4082,#4080,#341,.T.);
#5085=EDGE_CURVE('',#4083,#4084,#2257,.T.);
#5086=EDGE_CURVE('',#4084,#4082,#342,.T.);
#5087=EDGE_CURVE('',#4081,#4083,#343,.T.);
#5088=EDGE_CURVE('',#4083,#4085,#344,.T.);
#5089=EDGE_CURVE('',#4085,#4086,#2258,.T.);
#5090=EDGE_CURVE('',#4086,#4084,#345,.T.);
#5091=EDGE_CURVE('',#4087,#4088,#2259,.T.);
#5092=EDGE_CURVE('',#4088,#4086,#2260,.T.);
#5093=EDGE_CURVE('',#4085,#4087,#2261,.T.);
#5094=EDGE_CURVE('',#4089,#4085,#2262,.T.);
#5095=EDGE_CURVE('',#4090,#4089,#2263,.T.);
#5096=EDGE_CURVE('',#4087,#4090,#2264,.T.);
#5097=EDGE_CURVE('',#4083,#4091,#2265,.T.);
#5098=EDGE_CURVE('',#4089,#4091,#346,.T.);
#5099=EDGE_CURVE('',#4092,#4081,#2266,.T.);
#5100=EDGE_CURVE('',#4091,#4092,#347,.T.);
#5101=EDGE_CURVE('',#4079,#4093,#2267,.T.);
#5102=EDGE_CURVE('',#4092,#4093,#348,.T.);
#5103=EDGE_CURVE('',#4078,#4094,#2268,.T.);
#5104=EDGE_CURVE('',#4093,#4094,#2269,.T.);
#5105=EDGE_CURVE('',#4095,#4090,#2270,.T.);
#5106=EDGE_CURVE('',#4089,#4096,#2271,.T.);
#5107=EDGE_CURVE('',#4096,#4095,#2272,.T.);
#5108=EDGE_CURVE('',#4091,#4097,#2273,.T.);
#5109=EDGE_CURVE('',#4097,#4096,#349,.T.);
#5110=EDGE_CURVE('',#4092,#4098,#2274,.T.);
#5111=EDGE_CURVE('',#4098,#4097,#350,.T.);
#5112=EDGE_CURVE('',#4093,#4099,#2275,.T.);
#5113=EDGE_CURVE('',#4099,#4098,#351,.T.);
#5114=EDGE_CURVE('',#4094,#4100,#2276,.T.);
#5115=EDGE_CURVE('',#4100,#4099,#2277,.T.);
#5116=EDGE_CURVE('',#4101,#4077,#2278,.T.);
#5117=EDGE_CURVE('',#4101,#4102,#2279,.T.);
#5118=EDGE_CURVE('',#4103,#4102,#2280,.T.);
#5119=EDGE_CURVE('',#4103,#4104,#2281,.T.);
#5120=EDGE_CURVE('',#4100,#4104,#2282,.T.);
#5121=EDGE_CURVE('',#4056,#4105,#2283,.T.);
#5122=EDGE_CURVE('',#4055,#4106,#2284,.T.);
#5123=EDGE_CURVE('',#4106,#4105,#352,.T.);
#5124=EDGE_CURVE('',#4057,#4107,#2285,.T.);
#5125=EDGE_CURVE('',#4107,#4106,#353,.T.);
#5126=EDGE_CURVE('',#4058,#4108,#2286,.T.);
#5127=EDGE_CURVE('',#4108,#4107,#354,.T.);
#5128=EDGE_CURVE('',#3991,#4108,#2287,.T.);
#5129=EDGE_CURVE('',#4109,#4072,#2288,.T.);
#5130=EDGE_CURVE('',#4071,#4110,#2289,.T.);
#5131=EDGE_CURVE('',#4110,#4109,#2290,.T.);
#5132=EDGE_CURVE('',#4073,#4111,#2291,.T.);
#5133=EDGE_CURVE('',#4111,#4110,#355,.T.);
#5134=EDGE_CURVE('',#4074,#4112,#2292,.T.);
#5135=EDGE_CURVE('',#4112,#4111,#356,.T.);
#5136=EDGE_CURVE('',#4075,#4113,#2293,.T.);
#5137=EDGE_CURVE('',#4113,#4112,#357,.T.);
#5138=EDGE_CURVE('',#4076,#4114,#2294,.T.);
#5139=EDGE_CURVE('',#4114,#4113,#2295,.T.);
#5140=EDGE_CURVE('',#4115,#4059,#2296,.T.);
#5141=EDGE_CURVE('',#4115,#4116,#2297,.T.);
#5142=EDGE_CURVE('',#4117,#4116,#2298,.T.);
#5143=EDGE_CURVE('',#4117,#4118,#2299,.T.);
#5144=EDGE_CURVE('',#4114,#4118,#2300,.T.);
#5145=EDGE_CURVE('',#4119,#4120,#358,.T.);
#5146=EDGE_CURVE('',#4120,#4121,#2301,.T.);
#5147=EDGE_CURVE('',#4121,#4122,#359,.T.);
#5148=EDGE_CURVE('',#4122,#4119,#2302,.T.);
#5149=EDGE_CURVE('',#4123,#4120,#2303,.F.);
#5150=EDGE_CURVE('',#4124,#4123,#2304,.T.);
#5151=EDGE_CURVE('',#4121,#4124,#2305,.T.);
#5152=EDGE_CURVE('',#4125,#4124,#360,.T.);
#5153=EDGE_CURVE('',#4123,#4126,#361,.T.);
#5154=EDGE_CURVE('',#4126,#4125,#2306,.T.);
#5155=EDGE_CURVE('',#4127,#4126,#362,.F.);
#5156=EDGE_CURVE('',#4128,#4127,#2307,.T.);
#5157=EDGE_CURVE('',#4125,#4128,#363,.T.);
#5158=EDGE_CURVE('',#4129,#4128,#364,.T.);
#5159=EDGE_CURVE('',#4127,#4130,#365,.T.);
#5160=EDGE_CURVE('',#4130,#4129,#2308,.T.);
#5161=EDGE_CURVE('',#4131,#4130,#2309,.F.);
#5162=EDGE_CURVE('',#4132,#4131,#2310,.T.);
#5163=EDGE_CURVE('',#4129,#4132,#2311,.T.);
#5164=EDGE_CURVE('',#4131,#4133,#366,.T.);
#5165=EDGE_CURVE('',#4133,#4134,#2312,.T.);
#5166=EDGE_CURVE('',#4134,#4132,#367,.T.);
#5167=EDGE_CURVE('',#4135,#4133,#368,.F.);
#5168=EDGE_CURVE('',#4136,#4135,#2313,.T.);
#5169=EDGE_CURVE('',#4134,#4136,#369,.T.);
#5170=EDGE_CURVE('',#4135,#4137,#370,.T.);
#5171=EDGE_CURVE('',#4137,#4138,#2314,.T.);
#5172=EDGE_CURVE('',#4138,#4136,#371,.T.);
#5173=EDGE_CURVE('',#4139,#4137,#2315,.F.);
#5174=EDGE_CURVE('',#4140,#4139,#2316,.T.);
#5175=EDGE_CURVE('',#4138,#4140,#2317,.T.);
#5176=EDGE_CURVE('',#4141,#4140,#372,.T.);
#5177=EDGE_CURVE('',#4139,#4142,#373,.T.);
#5178=EDGE_CURVE('',#4142,#4141,#2318,.T.);
#5179=EDGE_CURVE('',#4143,#4142,#374,.F.);
#5180=EDGE_CURVE('',#4144,#4143,#2319,.T.);
#5181=EDGE_CURVE('',#4141,#4144,#375,.T.);
#5182=EDGE_CURVE('',#4145,#4144,#376,.T.);
#5183=EDGE_CURVE('',#4143,#4146,#377,.T.);
#5184=EDGE_CURVE('',#4146,#4145,#2320,.T.);
#5185=EDGE_CURVE('',#4147,#4146,#2321,.F.);
#5186=EDGE_CURVE('',#4148,#4147,#2322,.T.);
#5187=EDGE_CURVE('',#4145,#4148,#2323,.T.);
#5188=EDGE_CURVE('',#4147,#4149,#378,.T.);
#5189=EDGE_CURVE('',#4149,#4150,#2324,.T.);
#5190=EDGE_CURVE('',#4150,#4148,#379,.T.);
#5191=EDGE_CURVE('',#4151,#4149,#380,.F.);
#5192=EDGE_CURVE('',#4152,#4151,#2325,.T.);
#5193=EDGE_CURVE('',#4150,#4152,#381,.T.);
#5194=EDGE_CURVE('',#4151,#4153,#382,.T.);
#5195=EDGE_CURVE('',#4153,#4154,#2326,.T.);
#5196=EDGE_CURVE('',#4154,#4152,#383,.T.);
#5197=EDGE_CURVE('',#4155,#4153,#2327,.F.);
#5198=EDGE_CURVE('',#4156,#4155,#2328,.T.);
#5199=EDGE_CURVE('',#4154,#4156,#2329,.T.);
#5200=EDGE_CURVE('',#4157,#4156,#384,.T.);
#5201=EDGE_CURVE('',#4155,#4158,#385,.T.);
#5202=EDGE_CURVE('',#4158,#4157,#2330,.T.);
#5203=EDGE_CURVE('',#4159,#4158,#386,.F.);
#5204=EDGE_CURVE('',#4160,#4159,#2331,.T.);
#5205=EDGE_CURVE('',#4157,#4160,#387,.T.);
#5206=EDGE_CURVE('',#4161,#4162,#388,.T.);
#5207=EDGE_CURVE('',#4162,#4163,#2332,.T.);
#5208=EDGE_CURVE('',#4163,#4164,#389,.T.);
#5209=EDGE_CURVE('',#4164,#4161,#2333,.T.);
#5210=EDGE_CURVE('',#4163,#4122,#390,.T.);
#5211=EDGE_CURVE('',#4119,#4162,#391,.F.);
#5212=EDGE_CURVE('',#4165,#4160,#392,.T.);
#5213=EDGE_CURVE('',#4159,#4166,#393,.T.);
#5214=EDGE_CURVE('',#4166,#4165,#2334,.T.);
#5215=EDGE_CURVE('',#4118,#4109,#2335,.T.);
#5216=EDGE_CURVE('',#4104,#4095,#2336,.T.);
#5217=EDGE_CURVE('',#4165,#4164,#2337,.T.);
#5218=EDGE_CURVE('',#4161,#4166,#2338,.F.);
#5219=EDGE_CURVE('',#3986,#4103,#2339,.T.);
#5220=EDGE_CURVE('',#4088,#3985,#2340,.T.);
#5221=EDGE_CURVE('',#4102,#4117,#2341,.T.);
#5222=EDGE_CURVE('',#4070,#4101,#2342,.T.);
#5223=EDGE_CURVE('',#4167,#4043,#2343,.T.);
#5224=EDGE_CURVE('',#4168,#4167,#394,.T.);
#5225=EDGE_CURVE('',#4169,#4168,#395,.T.);
#5226=EDGE_CURVE('',#4170,#4169,#396,.T.);
#5227=EDGE_CURVE('',#4171,#4170,#2344,.T.);
#5228=EDGE_CURVE('',#4171,#4172,#2345,.T.);
#5229=EDGE_CURVE('',#4172,#4173,#2346,.T.);
#5230=EDGE_CURVE('',#4174,#4173,#2347,.T.);
#5231=EDGE_CURVE('',#4175,#4174,#397,.T.);
#5232=EDGE_CURVE('',#4176,#4175,#398,.T.);
#5233=EDGE_CURVE('',#4177,#4176,#399,.T.);
#5234=EDGE_CURVE('',#4178,#4177,#2348,.T.);
#5235=EDGE_CURVE('',#4178,#4179,#2349,.T.);
#5236=EDGE_CURVE('',#4179,#4180,#2350,.T.);
#5237=EDGE_CURVE('',#4181,#4180,#2351,.T.);
#5238=EDGE_CURVE('',#4182,#4181,#400,.T.);
#5239=EDGE_CURVE('',#4183,#4182,#401,.T.);
#5240=EDGE_CURVE('',#4184,#4183,#402,.T.);
#5241=EDGE_CURVE('',#4185,#4184,#2352,.T.);
#5242=EDGE_CURVE('',#4185,#4186,#2353,.T.);
#5243=EDGE_CURVE('',#4186,#4187,#2354,.T.);
#5244=EDGE_CURVE('',#4188,#4187,#2355,.T.);
#5245=EDGE_CURVE('',#4189,#4188,#403,.T.);
#5246=EDGE_CURVE('',#4190,#4189,#404,.T.);
#5247=EDGE_CURVE('',#4191,#4190,#405,.T.);
#5248=EDGE_CURVE('',#4192,#4191,#2356,.T.);
#5249=EDGE_CURVE('',#4193,#4192,#406,.T.);
#5250=EDGE_CURVE('',#4194,#4193,#407,.T.);
#5251=EDGE_CURVE('',#4195,#4194,#408,.T.);
#5252=EDGE_CURVE('',#4196,#4195,#2357,.T.);
#5253=EDGE_CURVE('',#4196,#4197,#2358,.T.);
#5254=EDGE_CURVE('',#4197,#4198,#2359,.T.);
#5255=EDGE_CURVE('',#4199,#4198,#2360,.T.);
#5256=EDGE_CURVE('',#4200,#4199,#409,.T.);
#5257=EDGE_CURVE('',#4201,#4200,#410,.T.);
#5258=EDGE_CURVE('',#4202,#4201,#411,.T.);
#5259=EDGE_CURVE('',#4203,#4202,#2361,.T.);
#5260=EDGE_CURVE('',#4203,#4204,#2362,.T.);
#5261=EDGE_CURVE('',#4204,#4205,#2363,.T.);
#5262=EDGE_CURVE('',#4206,#4205,#2364,.T.);
#5263=EDGE_CURVE('',#4207,#4206,#412,.T.);
#5264=EDGE_CURVE('',#4208,#4207,#413,.T.);
#5265=EDGE_CURVE('',#4209,#4208,#414,.T.);
#5266=EDGE_CURVE('',#4210,#4209,#2365,.T.);
#5267=EDGE_CURVE('',#4211,#4210,#415,.T.);
#5268=EDGE_CURVE('',#4212,#4211,#416,.T.);
#5269=EDGE_CURVE('',#4213,#4212,#417,.T.);
#5270=EDGE_CURVE('',#4214,#4213,#2366,.T.);
#5271=EDGE_CURVE('',#4214,#4215,#2367,.T.);
#5272=EDGE_CURVE('',#4215,#4216,#2368,.T.);
#5273=EDGE_CURVE('',#4217,#4216,#2369,.T.);
#5274=EDGE_CURVE('',#4218,#4217,#418,.T.);
#5275=EDGE_CURVE('',#4219,#4218,#419,.T.);
#5276=EDGE_CURVE('',#4220,#4219,#420,.T.);
#5277=EDGE_CURVE('',#4221,#4220,#2370,.T.);
#5278=EDGE_CURVE('',#4221,#4222,#2371,.T.);
#5279=EDGE_CURVE('',#4222,#4223,#2372,.T.);
#5280=EDGE_CURVE('',#4224,#4223,#2373,.T.);
#5281=EDGE_CURVE('',#4225,#4224,#421,.T.);
#5282=EDGE_CURVE('',#4226,#4225,#422,.T.);
#5283=EDGE_CURVE('',#4227,#4226,#423,.T.);
#5284=EDGE_CURVE('',#4228,#4227,#2374,.T.);
#5285=EDGE_CURVE('',#4229,#4228,#424,.T.);
#5286=EDGE_CURVE('',#4230,#4229,#425,.T.);
#5287=EDGE_CURVE('',#4231,#4230,#426,.T.);
#5288=EDGE_CURVE('',#4232,#4231,#2375,.T.);
#5289=EDGE_CURVE('',#4232,#4233,#2376,.T.);
#5290=EDGE_CURVE('',#4233,#4234,#2377,.T.);
#5291=EDGE_CURVE('',#4235,#4234,#2378,.T.);
#5292=EDGE_CURVE('',#4236,#4235,#427,.T.);
#5293=EDGE_CURVE('',#4237,#4236,#428,.T.);
#5294=EDGE_CURVE('',#4238,#4237,#429,.T.);
#5295=EDGE_CURVE('',#4239,#4238,#2379,.T.);
#5296=EDGE_CURVE('',#4239,#4115,#2380,.T.);
#5297=EDGE_CURVE('',#4240,#3942,#2381,.T.);
#5298=EDGE_CURVE('',#4241,#4240,#430,.T.);
#5299=EDGE_CURVE('',#4242,#4241,#431,.T.);
#5300=EDGE_CURVE('',#4243,#4242,#432,.T.);
#5301=EDGE_CURVE('',#4244,#4243,#2382,.T.);
#5302=EDGE_CURVE('',#4245,#4244,#2383,.T.);
#5303=EDGE_CURVE('',#4246,#4245,#2384,.T.);
#5304=EDGE_CURVE('',#4247,#4246,#433,.T.);
#5305=EDGE_CURVE('',#4248,#4247,#434,.T.);
#5306=EDGE_CURVE('',#4249,#4248,#435,.T.);
#5307=EDGE_CURVE('',#3927,#4249,#2385,.T.);
#5308=EDGE_CURVE('',#3948,#4250,#2386,.T.);
#5309=EDGE_CURVE('',#4251,#4054,#2387,.T.);
#5310=EDGE_CURVE('',#4252,#4251,#436,.T.);
#5311=EDGE_CURVE('',#4253,#4252,#437,.T.);
#5312=EDGE_CURVE('',#4250,#4253,#438,.T.);
#5313=EDGE_CURVE('',#4254,#4255,#439,.T.);
#5314=EDGE_CURVE('',#4254,#4256,#2388,.F.);
#5315=EDGE_CURVE('',#4257,#4256,#440,.T.);
#5316=EDGE_CURVE('',#4257,#4258,#441,.F.);
#5317=EDGE_CURVE('',#4259,#4258,#442,.T.);
#5318=EDGE_CURVE('',#4259,#4260,#2389,.F.);
#5319=EDGE_CURVE('',#4261,#4260,#443,.T.);
#5320=EDGE_CURVE('',#4261,#4262,#444,.F.);
#5321=EDGE_CURVE('',#4263,#4262,#445,.T.);
#5322=EDGE_CURVE('',#4263,#4264,#2390,.F.);
#5323=EDGE_CURVE('',#4265,#4264,#446,.T.);
#5324=EDGE_CURVE('',#4265,#4266,#447,.F.);
#5325=EDGE_CURVE('',#4267,#4266,#448,.T.);
#5326=EDGE_CURVE('',#4267,#4268,#2391,.F.);
#5327=EDGE_CURVE('',#4269,#4268,#449,.T.);
#5328=EDGE_CURVE('',#4269,#4270,#450,.F.);
#5329=EDGE_CURVE('',#4271,#4270,#451,.T.);
#5330=EDGE_CURVE('',#4271,#4272,#2392,.F.);
#5331=EDGE_CURVE('',#4273,#4272,#452,.T.);
#5332=EDGE_CURVE('',#4273,#4274,#453,.F.);
#5333=EDGE_CURVE('',#4275,#4274,#454,.T.);
#5334=EDGE_CURVE('',#4275,#4276,#2393,.F.);
#5335=EDGE_CURVE('',#4277,#4276,#455,.T.);
#5336=EDGE_CURVE('',#4277,#4255,#456,.F.);
#5337=EDGE_CURVE('',#4278,#4279,#2394,.T.);
#5338=EDGE_CURVE('',#4280,#4278,#457,.T.);
#5339=EDGE_CURVE('',#4281,#4280,#458,.T.);
#5340=EDGE_CURVE('',#4282,#4281,#459,.T.);
#5341=EDGE_CURVE('',#4283,#4282,#2395,.T.);
#5342=EDGE_CURVE('',#4284,#4283,#460,.T.);
#5343=EDGE_CURVE('',#4285,#4284,#461,.T.);
#5344=EDGE_CURVE('',#4286,#4285,#462,.T.);
#5345=EDGE_CURVE('',#4287,#4286,#2396,.T.);
#5346=EDGE_CURVE('',#4288,#4287,#463,.T.);
#5347=EDGE_CURVE('',#4289,#4288,#464,.T.);
#5348=EDGE_CURVE('',#4279,#4289,#465,.T.);
#5349=EDGE_CURVE('',#4290,#4291,#466,.T.);
#5350=EDGE_CURVE('',#4290,#4292,#2397,.F.);
#5351=EDGE_CURVE('',#4293,#4292,#467,.T.);
#5352=EDGE_CURVE('',#4293,#4294,#468,.F.);
#5353=EDGE_CURVE('',#4295,#4294,#469,.T.);
#5354=EDGE_CURVE('',#4295,#4296,#2398,.F.);
#5355=EDGE_CURVE('',#4297,#4296,#470,.T.);
#5356=EDGE_CURVE('',#4297,#4298,#471,.F.);
#5357=EDGE_CURVE('',#4299,#4298,#472,.T.);
#5358=EDGE_CURVE('',#4299,#4300,#2399,.F.);
#5359=EDGE_CURVE('',#4301,#4300,#473,.T.);
#5360=EDGE_CURVE('',#4301,#4302,#474,.F.);
#5361=EDGE_CURVE('',#4303,#4302,#475,.T.);
#5362=EDGE_CURVE('',#4303,#4304,#2400,.F.);
#5363=EDGE_CURVE('',#4305,#4304,#476,.T.);
#5364=EDGE_CURVE('',#4305,#4306,#477,.F.);
#5365=EDGE_CURVE('',#4307,#4306,#478,.T.);
#5366=EDGE_CURVE('',#4307,#4308,#2401,.F.);
#5367=EDGE_CURVE('',#4309,#4308,#479,.T.);
#5368=EDGE_CURVE('',#4309,#4310,#480,.F.);
#5369=EDGE_CURVE('',#4311,#4310,#481,.T.);
#5370=EDGE_CURVE('',#4311,#4312,#2402,.F.);
#5371=EDGE_CURVE('',#4313,#4312,#482,.T.);
#5372=EDGE_CURVE('',#4313,#4291,#483,.F.);
#5373=EDGE_CURVE('',#4314,#4315,#484,.T.);
#5374=EDGE_CURVE('',#4314,#4316,#2403,.F.);
#5375=EDGE_CURVE('',#4317,#4316,#485,.T.);
#5376=EDGE_CURVE('',#4317,#4318,#486,.F.);
#5377=EDGE_CURVE('',#4319,#4318,#487,.T.);
#5378=EDGE_CURVE('',#4319,#4320,#2404,.F.);
#5379=EDGE_CURVE('',#4321,#4320,#488,.T.);
#5380=EDGE_CURVE('',#4321,#4322,#489,.F.);
#5381=EDGE_CURVE('',#4323,#4322,#490,.T.);
#5382=EDGE_CURVE('',#4323,#4324,#2405,.F.);
#5383=EDGE_CURVE('',#4325,#4324,#491,.T.);
#5384=EDGE_CURVE('',#4325,#4326,#492,.F.);
#5385=EDGE_CURVE('',#4327,#4326,#493,.T.);
#5386=EDGE_CURVE('',#4327,#4328,#2406,.F.);
#5387=EDGE_CURVE('',#4329,#4328,#494,.T.);
#5388=EDGE_CURVE('',#4329,#4330,#495,.F.);
#5389=EDGE_CURVE('',#4331,#4330,#496,.T.);
#5390=EDGE_CURVE('',#4331,#4332,#2407,.F.);
#5391=EDGE_CURVE('',#4333,#4332,#497,.T.);
#5392=EDGE_CURVE('',#4333,#4334,#498,.F.);
#5393=EDGE_CURVE('',#4335,#4334,#499,.T.);
#5394=EDGE_CURVE('',#4335,#4336,#2408,.F.);
#5395=EDGE_CURVE('',#4337,#4336,#500,.T.);
#5396=EDGE_CURVE('',#4337,#4315,#501,.F.);
#5397=EDGE_CURVE('',#4338,#4339,#502,.T.);
#5398=EDGE_CURVE('',#4338,#4340,#2409,.F.);
#5399=EDGE_CURVE('',#4341,#4340,#503,.T.);
#5400=EDGE_CURVE('',#4341,#4342,#504,.F.);
#5401=EDGE_CURVE('',#4343,#4342,#505,.T.);
#5402=EDGE_CURVE('',#4343,#4344,#2410,.F.);
#5403=EDGE_CURVE('',#4345,#4344,#506,.T.);
#5404=EDGE_CURVE('',#4345,#4346,#507,.F.);
#5405=EDGE_CURVE('',#4347,#4346,#508,.T.);
#5406=EDGE_CURVE('',#4347,#4348,#2411,.F.);
#5407=EDGE_CURVE('',#4349,#4348,#509,.T.);
#5408=EDGE_CURVE('',#4349,#4350,#510,.F.);
#5409=EDGE_CURVE('',#4351,#4350,#511,.T.);
#5410=EDGE_CURVE('',#4351,#4352,#2412,.F.);
#5411=EDGE_CURVE('',#4353,#4352,#512,.T.);
#5412=EDGE_CURVE('',#4353,#4354,#513,.F.);
#5413=EDGE_CURVE('',#4355,#4354,#514,.T.);
#5414=EDGE_CURVE('',#4355,#4356,#2413,.F.);
#5415=EDGE_CURVE('',#4357,#4356,#515,.T.);
#5416=EDGE_CURVE('',#4357,#4358,#516,.F.);
#5417=EDGE_CURVE('',#4359,#4358,#517,.T.);
#5418=EDGE_CURVE('',#4359,#4360,#2414,.F.);
#5419=EDGE_CURVE('',#4361,#4360,#518,.T.);
#5420=EDGE_CURVE('',#4361,#4339,#519,.F.);
#5421=EDGE_CURVE('',#4362,#4363,#520,.T.);
#5422=EDGE_CURVE('',#4362,#4364,#2415,.F.);
#5423=EDGE_CURVE('',#4365,#4364,#521,.T.);
#5424=EDGE_CURVE('',#4365,#4366,#522,.F.);
#5425=EDGE_CURVE('',#4367,#4366,#523,.T.);
#5426=EDGE_CURVE('',#4367,#4368,#2416,.F.);
#5427=EDGE_CURVE('',#4369,#4368,#524,.T.);
#5428=EDGE_CURVE('',#4369,#4370,#525,.F.);
#5429=EDGE_CURVE('',#4371,#4370,#526,.T.);
#5430=EDGE_CURVE('',#4371,#4372,#2417,.F.);
#5431=EDGE_CURVE('',#4373,#4372,#527,.T.);
#5432=EDGE_CURVE('',#4373,#4374,#528,.F.);
#5433=EDGE_CURVE('',#4375,#4374,#529,.T.);
#5434=EDGE_CURVE('',#4375,#4376,#2418,.F.);
#5435=EDGE_CURVE('',#4377,#4376,#530,.T.);
#5436=EDGE_CURVE('',#4377,#4378,#531,.F.);
#5437=EDGE_CURVE('',#4379,#4378,#532,.T.);
#5438=EDGE_CURVE('',#4379,#4380,#2419,.F.);
#5439=EDGE_CURVE('',#4381,#4380,#533,.T.);
#5440=EDGE_CURVE('',#4381,#4382,#534,.F.);
#5441=EDGE_CURVE('',#4383,#4382,#535,.T.);
#5442=EDGE_CURVE('',#4383,#4384,#2420,.F.);
#5443=EDGE_CURVE('',#4385,#4384,#536,.T.);
#5444=EDGE_CURVE('',#4385,#4363,#537,.F.);
#5445=EDGE_CURVE('',#4386,#4387,#538,.T.);
#5446=EDGE_CURVE('',#4386,#4388,#2421,.F.);
#5447=EDGE_CURVE('',#4389,#4388,#539,.T.);
#5448=EDGE_CURVE('',#4389,#4390,#540,.F.);
#5449=EDGE_CURVE('',#4391,#4390,#541,.T.);
#5450=EDGE_CURVE('',#4391,#4392,#2422,.F.);
#5451=EDGE_CURVE('',#4393,#4392,#542,.T.);
#5452=EDGE_CURVE('',#4393,#4394,#543,.F.);
#5453=EDGE_CURVE('',#4395,#4394,#544,.T.);
#5454=EDGE_CURVE('',#4395,#4396,#2423,.F.);
#5455=EDGE_CURVE('',#4397,#4396,#545,.T.);
#5456=EDGE_CURVE('',#4397,#4398,#546,.F.);
#5457=EDGE_CURVE('',#4399,#4398,#547,.T.);
#5458=EDGE_CURVE('',#4399,#4400,#2424,.F.);
#5459=EDGE_CURVE('',#4401,#4400,#548,.T.);
#5460=EDGE_CURVE('',#4401,#4402,#549,.F.);
#5461=EDGE_CURVE('',#4403,#4402,#550,.T.);
#5462=EDGE_CURVE('',#4403,#4404,#2425,.F.);
#5463=EDGE_CURVE('',#4405,#4404,#551,.T.);
#5464=EDGE_CURVE('',#4405,#4406,#552,.F.);
#5465=EDGE_CURVE('',#4407,#4406,#553,.T.);
#5466=EDGE_CURVE('',#4407,#4408,#2426,.F.);
#5467=EDGE_CURVE('',#4409,#4408,#554,.T.);
#5468=EDGE_CURVE('',#4409,#4387,#555,.F.);
#5469=EDGE_CURVE('',#4046,#4410,#2427,.T.);
#5470=EDGE_CURVE('',#4410,#4167,#2428,.T.);
#5471=EDGE_CURVE('',#4411,#4045,#2429,.T.);
#5472=EDGE_CURVE('',#4410,#4411,#2430,.T.);
#5473=EDGE_CURVE('',#4044,#4412,#2431,.T.);
#5474=EDGE_CURVE('',#4411,#4412,#2432,.T.);
#5475=EDGE_CURVE('',#3984,#4413,#2433,.T.);
#5476=EDGE_CURVE('',#4414,#4413,#2434,.T.);
#5477=EDGE_CURVE('',#4415,#4414,#556,.T.);
#5478=EDGE_CURVE('',#4416,#4415,#557,.T.);
#5479=EDGE_CURVE('',#4412,#4416,#558,.T.);
#5480=EDGE_CURVE('',#4116,#4417,#2435,.T.);
#5481=EDGE_CURVE('',#4417,#4418,#2436,.T.);
#5482=EDGE_CURVE('',#4418,#4419,#2437,.T.);
#5483=EDGE_CURVE('',#4419,#4420,#2438,.T.);
#5484=EDGE_CURVE('',#4420,#4421,#2439,.T.);
#5485=EDGE_CURVE('',#4421,#4422,#2440,.T.);
#5486=EDGE_CURVE('',#4422,#4423,#2441,.T.);
#5487=EDGE_CURVE('',#4423,#4424,#2442,.T.);
#5488=EDGE_CURVE('',#4424,#4425,#2443,.T.);
#5489=EDGE_CURVE('',#4425,#4426,#2444,.T.);
#5490=EDGE_CURVE('',#4426,#4427,#2445,.T.);
#5491=EDGE_CURVE('',#4427,#4428,#2446,.T.);
#5492=EDGE_CURVE('',#4428,#4429,#2447,.T.);
#5493=EDGE_CURVE('',#4429,#4430,#2448,.T.);
#5494=EDGE_CURVE('',#4430,#4431,#2449,.T.);
#5495=EDGE_CURVE('',#4431,#4432,#2450,.T.);
#5496=EDGE_CURVE('',#4432,#3983,#2451,.T.);
#5497=EDGE_CURVE('',#4433,#4434,#559,.T.);
#5498=EDGE_CURVE('',#4433,#4435,#560,.T.);
#5499=EDGE_CURVE('',#4436,#4435,#561,.T.);
#5500=EDGE_CURVE('',#4436,#4437,#2452,.T.);
#5501=EDGE_CURVE('',#4438,#4437,#562,.T.);
#5502=EDGE_CURVE('',#4438,#4439,#563,.T.);
#5503=EDGE_CURVE('',#4440,#4439,#564,.T.);
#5504=EDGE_CURVE('',#4440,#4441,#2453,.T.);
#5505=EDGE_CURVE('',#4442,#4441,#565,.T.);
#5506=EDGE_CURVE('',#4442,#4443,#566,.T.);
#5507=EDGE_CURVE('',#4444,#4443,#567,.T.);
#5508=EDGE_CURVE('',#4444,#4445,#2454,.T.);
#5509=EDGE_CURVE('',#4446,#4445,#568,.T.);
#5510=EDGE_CURVE('',#4446,#4447,#569,.T.);
#5511=EDGE_CURVE('',#4448,#4447,#570,.T.);
#5512=EDGE_CURVE('',#4448,#4449,#2455,.T.);
#5513=EDGE_CURVE('',#4450,#4449,#571,.T.);
#5514=EDGE_CURVE('',#4450,#4451,#572,.T.);
#5515=EDGE_CURVE('',#4452,#4451,#573,.T.);
#5516=EDGE_CURVE('',#4452,#4453,#2456,.T.);
#5517=EDGE_CURVE('',#4454,#4453,#574,.T.);
#5518=EDGE_CURVE('',#4454,#4455,#575,.T.);
#5519=EDGE_CURVE('',#4456,#4455,#576,.T.);
#5520=EDGE_CURVE('',#4456,#4434,#2457,.T.);
#5521=EDGE_CURVE('',#4457,#4458,#577,.T.);
#5522=EDGE_CURVE('',#4457,#4459,#578,.T.);
#5523=EDGE_CURVE('',#4460,#4459,#579,.T.);
#5524=EDGE_CURVE('',#4460,#4461,#2458,.T.);
#5525=EDGE_CURVE('',#4462,#4461,#580,.T.);
#5526=EDGE_CURVE('',#4462,#4463,#581,.T.);
#5527=EDGE_CURVE('',#4464,#4463,#582,.T.);
#5528=EDGE_CURVE('',#4464,#4465,#2459,.T.);
#5529=EDGE_CURVE('',#4466,#4465,#583,.T.);
#5530=EDGE_CURVE('',#4466,#4467,#584,.T.);
#5531=EDGE_CURVE('',#4468,#4467,#585,.T.);
#5532=EDGE_CURVE('',#4468,#4469,#2460,.T.);
#5533=EDGE_CURVE('',#4470,#4469,#586,.T.);
#5534=EDGE_CURVE('',#4470,#4471,#587,.T.);
#5535=EDGE_CURVE('',#4472,#4471,#588,.T.);
#5536=EDGE_CURVE('',#4472,#4473,#2461,.T.);
#5537=EDGE_CURVE('',#4474,#4473,#589,.T.);
#5538=EDGE_CURVE('',#4474,#4475,#590,.T.);
#5539=EDGE_CURVE('',#4476,#4475,#591,.T.);
#5540=EDGE_CURVE('',#4476,#4477,#2462,.T.);
#5541=EDGE_CURVE('',#4478,#4477,#592,.T.);
#5542=EDGE_CURVE('',#4478,#4479,#593,.T.);
#5543=EDGE_CURVE('',#4480,#4479,#594,.T.);
#5544=EDGE_CURVE('',#4480,#4458,#2463,.T.);
#5545=EDGE_CURVE('',#4481,#4482,#595,.T.);
#5546=EDGE_CURVE('',#4481,#4483,#596,.T.);
#5547=EDGE_CURVE('',#4484,#4483,#597,.T.);
#5548=EDGE_CURVE('',#4484,#4485,#2464,.T.);
#5549=EDGE_CURVE('',#4486,#4485,#598,.T.);
#5550=EDGE_CURVE('',#4486,#4487,#599,.T.);
#5551=EDGE_CURVE('',#4488,#4487,#600,.T.);
#5552=EDGE_CURVE('',#4488,#4489,#2465,.T.);
#5553=EDGE_CURVE('',#4490,#4489,#601,.T.);
#5554=EDGE_CURVE('',#4490,#4491,#602,.T.);
#5555=EDGE_CURVE('',#4492,#4491,#603,.T.);
#5556=EDGE_CURVE('',#4492,#4493,#2466,.T.);
#5557=EDGE_CURVE('',#4494,#4493,#604,.T.);
#5558=EDGE_CURVE('',#4494,#4495,#605,.T.);
#5559=EDGE_CURVE('',#4496,#4495,#606,.T.);
#5560=EDGE_CURVE('',#4496,#4497,#2467,.T.);
#5561=EDGE_CURVE('',#4498,#4497,#607,.T.);
#5562=EDGE_CURVE('',#4498,#4499,#608,.T.);
#5563=EDGE_CURVE('',#4500,#4499,#609,.T.);
#5564=EDGE_CURVE('',#4500,#4501,#2468,.T.);
#5565=EDGE_CURVE('',#4502,#4501,#610,.T.);
#5566=EDGE_CURVE('',#4502,#4503,#611,.T.);
#5567=EDGE_CURVE('',#4504,#4503,#612,.T.);
#5568=EDGE_CURVE('',#4504,#4482,#2469,.T.);
#5569=EDGE_CURVE('',#4505,#4506,#613,.T.);
#5570=EDGE_CURVE('',#4505,#4507,#614,.T.);
#5571=EDGE_CURVE('',#4508,#4507,#615,.T.);
#5572=EDGE_CURVE('',#4508,#4509,#2470,.T.);
#5573=EDGE_CURVE('',#4510,#4509,#616,.T.);
#5574=EDGE_CURVE('',#4510,#4511,#617,.T.);
#5575=EDGE_CURVE('',#4512,#4511,#618,.T.);
#5576=EDGE_CURVE('',#4512,#4513,#2471,.T.);
#5577=EDGE_CURVE('',#4514,#4513,#619,.T.);
#5578=EDGE_CURVE('',#4514,#4515,#620,.T.);
#5579=EDGE_CURVE('',#4516,#4515,#621,.T.);
#5580=EDGE_CURVE('',#4516,#4517,#2472,.T.);
#5581=EDGE_CURVE('',#4518,#4517,#622,.T.);
#5582=EDGE_CURVE('',#4518,#4519,#623,.T.);
#5583=EDGE_CURVE('',#4520,#4519,#624,.T.);
#5584=EDGE_CURVE('',#4520,#4521,#2473,.T.);
#5585=EDGE_CURVE('',#4522,#4521,#625,.T.);
#5586=EDGE_CURVE('',#4522,#4523,#626,.T.);
#5587=EDGE_CURVE('',#4524,#4523,#627,.T.);
#5588=EDGE_CURVE('',#4524,#4525,#2474,.T.);
#5589=EDGE_CURVE('',#4526,#4525,#628,.T.);
#5590=EDGE_CURVE('',#4526,#4527,#629,.T.);
#5591=EDGE_CURVE('',#4528,#4527,#630,.T.);
#5592=EDGE_CURVE('',#4528,#4506,#2475,.T.);
#5593=EDGE_CURVE('',#4529,#4530,#631,.T.);
#5594=EDGE_CURVE('',#4529,#4531,#632,.T.);
#5595=EDGE_CURVE('',#4532,#4531,#633,.T.);
#5596=EDGE_CURVE('',#4532,#4533,#2476,.T.);
#5597=EDGE_CURVE('',#4534,#4533,#634,.T.);
#5598=EDGE_CURVE('',#4534,#4535,#635,.T.);
#5599=EDGE_CURVE('',#4536,#4535,#636,.T.);
#5600=EDGE_CURVE('',#4536,#4537,#2477,.T.);
#5601=EDGE_CURVE('',#4538,#4537,#637,.T.);
#5602=EDGE_CURVE('',#4538,#4539,#638,.T.);
#5603=EDGE_CURVE('',#4540,#4539,#639,.T.);
#5604=EDGE_CURVE('',#4540,#4541,#2478,.T.);
#5605=EDGE_CURVE('',#4542,#4541,#640,.T.);
#5606=EDGE_CURVE('',#4542,#4543,#641,.T.);
#5607=EDGE_CURVE('',#4544,#4543,#642,.T.);
#5608=EDGE_CURVE('',#4544,#4545,#2479,.T.);
#5609=EDGE_CURVE('',#4546,#4545,#643,.T.);
#5610=EDGE_CURVE('',#4546,#4547,#644,.T.);
#5611=EDGE_CURVE('',#4548,#4547,#645,.T.);
#5612=EDGE_CURVE('',#4548,#4549,#2480,.T.);
#5613=EDGE_CURVE('',#4550,#4549,#646,.T.);
#5614=EDGE_CURVE('',#4550,#4551,#647,.T.);
#5615=EDGE_CURVE('',#4552,#4551,#648,.T.);
#5616=EDGE_CURVE('',#4552,#4530,#2481,.T.);
#5617=EDGE_CURVE('',#4553,#4554,#649,.T.);
#5618=EDGE_CURVE('',#4553,#4555,#650,.T.);
#5619=EDGE_CURVE('',#4556,#4555,#651,.T.);
#5620=EDGE_CURVE('',#4556,#4557,#2482,.T.);
#5621=EDGE_CURVE('',#4558,#4557,#652,.T.);
#5622=EDGE_CURVE('',#4558,#4559,#653,.T.);
#5623=EDGE_CURVE('',#4560,#4559,#654,.T.);
#5624=EDGE_CURVE('',#4560,#4561,#2483,.T.);
#5625=EDGE_CURVE('',#4562,#4561,#655,.T.);
#5626=EDGE_CURVE('',#4562,#4563,#656,.T.);
#5627=EDGE_CURVE('',#4564,#4563,#657,.T.);
#5628=EDGE_CURVE('',#4564,#4565,#2484,.T.);
#5629=EDGE_CURVE('',#4566,#4565,#658,.T.);
#5630=EDGE_CURVE('',#4566,#4567,#659,.T.);
#5631=EDGE_CURVE('',#4568,#4567,#660,.T.);
#5632=EDGE_CURVE('',#4568,#4569,#2485,.T.);
#5633=EDGE_CURVE('',#4570,#4569,#661,.T.);
#5634=EDGE_CURVE('',#4570,#4571,#662,.T.);
#5635=EDGE_CURVE('',#4572,#4571,#663,.T.);
#5636=EDGE_CURVE('',#4572,#4573,#2486,.T.);
#5637=EDGE_CURVE('',#4574,#4573,#664,.T.);
#5638=EDGE_CURVE('',#4574,#4575,#665,.T.);
#5639=EDGE_CURVE('',#4576,#4575,#666,.T.);
#5640=EDGE_CURVE('',#4576,#4554,#2487,.T.);
#5641=EDGE_CURVE('',#4187,#4577,#2488,.T.);
#5642=EDGE_CURVE('',#4577,#4578,#2489,.T.);
#5643=EDGE_CURVE('',#4578,#4188,#2490,.T.);
#5644=EDGE_CURVE('',#4578,#4579,#667,.T.);
#5645=EDGE_CURVE('',#4579,#4189,#2491,.T.);
#5646=EDGE_CURVE('',#4580,#4190,#2492,.T.);
#5647=EDGE_CURVE('',#4579,#4580,#668,.T.);
#5648=EDGE_CURVE('',#4580,#4581,#669,.T.);
#5649=EDGE_CURVE('',#4581,#4191,#2493,.T.);
#5650=EDGE_CURVE('',#4580,#4582,#2494,.T.);
#5651=EDGE_CURVE('',#4583,#4582,#670,.T.);
#5652=EDGE_CURVE('',#4583,#4581,#2495,.T.);
#5653=EDGE_CURVE('',#4584,#4579,#2496,.T.);
#5654=EDGE_CURVE('',#4582,#4584,#671,.T.);
#5655=EDGE_CURVE('',#4578,#4585,#2497,.T.);
#5656=EDGE_CURVE('',#4584,#4585,#672,.T.);
#5657=EDGE_CURVE('',#4577,#4586,#2498,.T.);
#5658=EDGE_CURVE('',#4585,#4586,#2499,.T.);
#5659=EDGE_CURVE('',#4587,#4278,#2500,.T.);
#5660=EDGE_CURVE('',#4587,#4588,#673,.T.);
#5661=EDGE_CURVE('',#4588,#4280,#2501,.T.);
#5662=EDGE_CURVE('',#4589,#4281,#2502,.T.);
#5663=EDGE_CURVE('',#4588,#4589,#674,.T.);
#5664=EDGE_CURVE('',#4589,#4590,#675,.T.);
#5665=EDGE_CURVE('',#4590,#4282,#2503,.T.);
#5666=EDGE_CURVE('',#4589,#4591,#2504,.T.);
#5667=EDGE_CURVE('',#4592,#4591,#676,.T.);
#5668=EDGE_CURVE('',#4592,#4590,#2505,.T.);
#5669=EDGE_CURVE('',#4593,#4588,#2506,.T.);
#5670=EDGE_CURVE('',#4591,#4593,#677,.T.);
#5671=EDGE_CURVE('',#4587,#4594,#2507,.T.);
#5672=EDGE_CURVE('',#4593,#4594,#678,.T.);
#5673=EDGE_CURVE('',#4180,#4595,#2508,.T.);
#5674=EDGE_CURVE('',#4595,#4596,#2509,.T.);
#5675=EDGE_CURVE('',#4596,#4181,#2510,.T.);
#5676=EDGE_CURVE('',#4596,#4597,#679,.T.);
#5677=EDGE_CURVE('',#4597,#4182,#2511,.T.);
#5678=EDGE_CURVE('',#4598,#4183,#2512,.T.);
#5679=EDGE_CURVE('',#4597,#4598,#680,.T.);
#5680=EDGE_CURVE('',#4598,#4599,#681,.T.);
#5681=EDGE_CURVE('',#4599,#4184,#2513,.T.);
#5682=EDGE_CURVE('',#4600,#4185,#2514,.T.);
#5683=EDGE_CURVE('',#4599,#4600,#2515,.T.);
#5684=EDGE_CURVE('',#4601,#4599,#2516,.T.);
#5685=EDGE_CURVE('',#4602,#4601,#2517,.T.);
#5686=EDGE_CURVE('',#4600,#4602,#2518,.T.);
#5687=EDGE_CURVE('',#4598,#4603,#2519,.T.);
#5688=EDGE_CURVE('',#4601,#4603,#682,.T.);
#5689=EDGE_CURVE('',#4604,#4597,#2520,.T.);
#5690=EDGE_CURVE('',#4603,#4604,#683,.T.);
#5691=EDGE_CURVE('',#4596,#4605,#2521,.T.);
#5692=EDGE_CURVE('',#4604,#4605,#684,.T.);
#5693=EDGE_CURVE('',#4595,#4606,#2522,.T.);
#5694=EDGE_CURVE('',#4605,#4606,#2523,.T.);
#5695=EDGE_CURVE('',#4607,#4602,#2524,.T.);
#5696=EDGE_CURVE('',#4601,#4608,#2525,.T.);
#5697=EDGE_CURVE('',#4608,#4607,#2526,.T.);
#5698=EDGE_CURVE('',#4603,#4609,#2527,.T.);
#5699=EDGE_CURVE('',#4609,#4608,#685,.T.);
#5700=EDGE_CURVE('',#4604,#4610,#2528,.T.);
#5701=EDGE_CURVE('',#4610,#4609,#686,.T.);
#5702=EDGE_CURVE('',#4605,#4611,#2529,.T.);
#5703=EDGE_CURVE('',#4611,#4610,#687,.T.);
#5704=EDGE_CURVE('',#4606,#4612,#2530,.T.);
#5705=EDGE_CURVE('',#4612,#4611,#2531,.T.);
#5706=EDGE_CURVE('',#4179,#4430,#2532,.T.);
#5707=EDGE_CURVE('',#4429,#4613,#2533,.T.);
#5708=EDGE_CURVE('',#4612,#4613,#2534,.T.);
#5709=EDGE_CURVE('',#4583,#4614,#2535,.T.);
#5710=EDGE_CURVE('',#4582,#4615,#2536,.T.);
#5711=EDGE_CURVE('',#4615,#4614,#688,.T.);
#5712=EDGE_CURVE('',#4584,#4616,#2537,.T.);
#5713=EDGE_CURVE('',#4616,#4615,#689,.T.);
#5714=EDGE_CURVE('',#4585,#4617,#2538,.T.);
#5715=EDGE_CURVE('',#4617,#4616,#690,.T.);
#5716=EDGE_CURVE('',#4586,#4618,#2539,.T.);
#5717=EDGE_CURVE('',#4618,#4617,#2540,.T.);
#5718=EDGE_CURVE('',#4592,#4619,#2541,.T.);
#5719=EDGE_CURVE('',#4591,#4620,#2542,.T.);
#5720=EDGE_CURVE('',#4620,#4619,#691,.T.);
#5721=EDGE_CURVE('',#4593,#4621,#2543,.T.);
#5722=EDGE_CURVE('',#4621,#4620,#692,.T.);
#5723=EDGE_CURVE('',#4594,#4622,#2544,.T.);
#5724=EDGE_CURVE('',#4622,#4621,#693,.T.);
#5725=EDGE_CURVE('',#4364,#4552,#2545,.T.);
#5726=EDGE_CURVE('',#4551,#4365,#2546,.T.);
#5727=EDGE_CURVE('',#4530,#4362,#2547,.T.);
#5728=EDGE_CURVE('',#4363,#4529,#2548,.T.);
#5729=EDGE_CURVE('',#4531,#4385,#2549,.T.);
#5730=EDGE_CURVE('',#4384,#4532,#2550,.T.);
#5731=EDGE_CURVE('',#4533,#4383,#2551,.T.);
#5732=EDGE_CURVE('',#4382,#4534,#2552,.T.);
#5733=EDGE_CURVE('',#4535,#4381,#2553,.T.);
#5734=EDGE_CURVE('',#4380,#4536,#2554,.T.);
#5735=EDGE_CURVE('',#4537,#4379,#2555,.T.);
#5736=EDGE_CURVE('',#4378,#4538,#2556,.T.);
#5737=EDGE_CURVE('',#4539,#4377,#2557,.T.);
#5738=EDGE_CURVE('',#4376,#4540,#2558,.T.);
#5739=EDGE_CURVE('',#4541,#4375,#2559,.T.);
#5740=EDGE_CURVE('',#4374,#4542,#2560,.T.);
#5741=EDGE_CURVE('',#4543,#4373,#2561,.T.);
#5742=EDGE_CURVE('',#4372,#4544,#2562,.T.);
#5743=EDGE_CURVE('',#4545,#4371,#2563,.T.);
#5744=EDGE_CURVE('',#4370,#4546,#2564,.T.);
#5745=EDGE_CURVE('',#4547,#4369,#2565,.T.);
#5746=EDGE_CURVE('',#4366,#4550,#2566,.T.);
#5747=EDGE_CURVE('',#4549,#4367,#2567,.T.);
#5748=EDGE_CURVE('',#4368,#4548,#2568,.T.);
#5749=EDGE_CURVE('',#4613,#4607,#2569,.T.);
#5750=EDGE_CURVE('',#4186,#4428,#2570,.T.);
#5751=EDGE_CURVE('',#4427,#4623,#2571,.T.);
#5752=EDGE_CURVE('',#4618,#4623,#2572,.T.);
#5753=EDGE_CURVE('',#4590,#4624,#2573,.T.);
#5754=EDGE_CURVE('',#4624,#4283,#2574,.T.);
#5755=EDGE_CURVE('',#4624,#4625,#694,.T.);
#5756=EDGE_CURVE('',#4625,#4284,#2575,.T.);
#5757=EDGE_CURVE('',#4626,#4285,#2576,.T.);
#5758=EDGE_CURVE('',#4625,#4626,#695,.T.);
#5759=EDGE_CURVE('',#4626,#4627,#696,.T.);
#5760=EDGE_CURVE('',#4627,#4286,#2577,.T.);
#5761=EDGE_CURVE('',#4626,#4628,#2578,.T.);
#5762=EDGE_CURVE('',#4629,#4628,#697,.T.);
#5763=EDGE_CURVE('',#4629,#4627,#2579,.T.);
#5764=EDGE_CURVE('',#4630,#4625,#2580,.T.);
#5765=EDGE_CURVE('',#4628,#4630,#698,.T.);
#5766=EDGE_CURVE('',#4624,#4631,#2581,.T.);
#5767=EDGE_CURVE('',#4630,#4631,#699,.T.);
#5768=EDGE_CURVE('',#4631,#4592,#2582,.T.);
#5769=EDGE_CURVE('',#4410,#4632,#700,.T.);
#5770=EDGE_CURVE('',#4632,#4168,#2583,.T.);
#5771=EDGE_CURVE('',#4633,#4169,#2584,.T.);
#5772=EDGE_CURVE('',#4632,#4633,#701,.T.);
#5773=EDGE_CURVE('',#4633,#4634,#702,.T.);
#5774=EDGE_CURVE('',#4634,#4170,#2585,.T.);
#5775=EDGE_CURVE('',#4635,#4171,#2586,.T.);
#5776=EDGE_CURVE('',#4634,#4635,#2587,.T.);
#5777=EDGE_CURVE('',#4636,#4634,#2588,.T.);
#5778=EDGE_CURVE('',#4637,#4636,#2589,.T.);
#5779=EDGE_CURVE('',#4635,#4637,#2590,.T.);
#5780=EDGE_CURVE('',#4633,#4638,#2591,.T.);
#5781=EDGE_CURVE('',#4636,#4638,#703,.T.);
#5782=EDGE_CURVE('',#4639,#4632,#2592,.T.);
#5783=EDGE_CURVE('',#4638,#4639,#704,.T.);
#5784=EDGE_CURVE('',#4639,#4411,#705,.T.);
#5785=EDGE_CURVE('',#4173,#4640,#2593,.T.);
#5786=EDGE_CURVE('',#4640,#4641,#2594,.T.);
#5787=EDGE_CURVE('',#4641,#4174,#2595,.T.);
#5788=EDGE_CURVE('',#4641,#4642,#706,.T.);
#5789=EDGE_CURVE('',#4642,#4175,#2596,.T.);
#5790=EDGE_CURVE('',#4643,#4176,#2597,.T.);
#5791=EDGE_CURVE('',#4642,#4643,#707,.T.);
#5792=EDGE_CURVE('',#4643,#4644,#708,.T.);
#5793=EDGE_CURVE('',#4644,#4177,#2598,.T.);
#5794=EDGE_CURVE('',#4645,#4178,#2599,.T.);
#5795=EDGE_CURVE('',#4644,#4645,#2600,.T.);
#5796=EDGE_CURVE('',#4646,#4644,#2601,.T.);
#5797=EDGE_CURVE('',#4647,#4646,#2602,.T.);
#5798=EDGE_CURVE('',#4645,#4647,#2603,.T.);
#5799=EDGE_CURVE('',#4643,#4648,#2604,.T.);
#5800=EDGE_CURVE('',#4646,#4648,#709,.T.);
#5801=EDGE_CURVE('',#4649,#4642,#2605,.T.);
#5802=EDGE_CURVE('',#4648,#4649,#710,.T.);
#5803=EDGE_CURVE('',#4641,#4650,#2606,.T.);
#5804=EDGE_CURVE('',#4649,#4650,#711,.T.);
#5805=EDGE_CURVE('',#4640,#4651,#2607,.T.);
#5806=EDGE_CURVE('',#4650,#4651,#2608,.T.);
#5807=EDGE_CURVE('',#4652,#4647,#2609,.T.);
#5808=EDGE_CURVE('',#4646,#4653,#2610,.T.);
#5809=EDGE_CURVE('',#4653,#4652,#2611,.T.);
#5810=EDGE_CURVE('',#4648,#4654,#2612,.T.);
#5811=EDGE_CURVE('',#4654,#4653,#712,.T.);
#5812=EDGE_CURVE('',#4649,#4655,#2613,.T.);
#5813=EDGE_CURVE('',#4655,#4654,#713,.T.);
#5814=EDGE_CURVE('',#4650,#4656,#2614,.T.);
#5815=EDGE_CURVE('',#4656,#4655,#714,.T.);
#5816=EDGE_CURVE('',#4651,#4657,#2615,.T.);
#5817=EDGE_CURVE('',#4657,#4656,#2616,.T.);
#5818=EDGE_CURVE('',#4172,#4432,#2617,.T.);
#5819=EDGE_CURVE('',#4431,#4658,#2618,.T.);
#5820=EDGE_CURVE('',#4657,#4658,#2619,.T.);
#5821=EDGE_CURVE('',#4629,#4659,#2620,.T.);
#5822=EDGE_CURVE('',#4628,#4660,#2621,.T.);
#5823=EDGE_CURVE('',#4660,#4659,#715,.T.);
#5824=EDGE_CURVE('',#4630,#4661,#2622,.T.);
#5825=EDGE_CURVE('',#4661,#4660,#716,.T.);
#5826=EDGE_CURVE('',#4631,#4662,#2623,.T.);
#5827=EDGE_CURVE('',#4662,#4661,#717,.T.);
#5828=EDGE_CURVE('',#4619,#4662,#2624,.T.);
#5829=EDGE_CURVE('',#4413,#4637,#2625,.T.);
#5830=EDGE_CURVE('',#4636,#4414,#2626,.T.);
#5831=EDGE_CURVE('',#4638,#4415,#2627,.T.);
#5832=EDGE_CURVE('',#4639,#4416,#2628,.T.);
#5833=EDGE_CURVE('',#4388,#4576,#2629,.T.);
#5834=EDGE_CURVE('',#4575,#4389,#2630,.T.);
#5835=EDGE_CURVE('',#4554,#4386,#2631,.T.);
#5836=EDGE_CURVE('',#4387,#4553,#2632,.T.);
#5837=EDGE_CURVE('',#4555,#4409,#2633,.T.);
#5838=EDGE_CURVE('',#4408,#4556,#2634,.T.);
#5839=EDGE_CURVE('',#4557,#4407,#2635,.T.);
#5840=EDGE_CURVE('',#4406,#4558,#2636,.T.);
#5841=EDGE_CURVE('',#4559,#4405,#2637,.T.);
#5842=EDGE_CURVE('',#4404,#4560,#2638,.T.);
#5843=EDGE_CURVE('',#4561,#4403,#2639,.T.);
#5844=EDGE_CURVE('',#4402,#4562,#2640,.T.);
#5845=EDGE_CURVE('',#4563,#4401,#2641,.T.);
#5846=EDGE_CURVE('',#4400,#4564,#2642,.T.);
#5847=EDGE_CURVE('',#4565,#4399,#2643,.T.);
#5848=EDGE_CURVE('',#4398,#4566,#2644,.T.);
#5849=EDGE_CURVE('',#4567,#4397,#2645,.T.);
#5850=EDGE_CURVE('',#4396,#4568,#2646,.T.);
#5851=EDGE_CURVE('',#4569,#4395,#2647,.T.);
#5852=EDGE_CURVE('',#4394,#4570,#2648,.T.);
#5853=EDGE_CURVE('',#4571,#4393,#2649,.T.);
#5854=EDGE_CURVE('',#4390,#4574,#2650,.T.);
#5855=EDGE_CURVE('',#4573,#4391,#2651,.T.);
#5856=EDGE_CURVE('',#4392,#4572,#2652,.T.);
#5857=EDGE_CURVE('',#4658,#4652,#2653,.T.);
#5858=EDGE_CURVE('',#4663,#4245,#2654,.T.);
#5859=EDGE_CURVE('',#4663,#4664,#2655,.T.);
#5860=EDGE_CURVE('',#4664,#4246,#2656,.T.);
#5861=EDGE_CURVE('',#4665,#4663,#2657,.T.);
#5862=EDGE_CURVE('',#4666,#4665,#2658,.T.);
#5863=EDGE_CURVE('',#4664,#4666,#2659,.T.);
#5864=EDGE_CURVE('',#4667,#4665,#2660,.T.);
#5865=EDGE_CURVE('',#4667,#4668,#2661,.T.);
#5866=EDGE_CURVE('',#4666,#4668,#2662,.T.);
#5867=EDGE_CURVE('',#4198,#4669,#2663,.T.);
#5868=EDGE_CURVE('',#4669,#4670,#2664,.T.);
#5869=EDGE_CURVE('',#4670,#4199,#2665,.T.);
#5870=EDGE_CURVE('',#4670,#4671,#718,.T.);
#5871=EDGE_CURVE('',#4671,#4200,#2666,.T.);
#5872=EDGE_CURVE('',#4672,#4201,#2667,.T.);
#5873=EDGE_CURVE('',#4671,#4672,#719,.T.);
#5874=EDGE_CURVE('',#4672,#4673,#720,.T.);
#5875=EDGE_CURVE('',#4673,#4202,#2668,.T.);
#5876=EDGE_CURVE('',#4674,#4203,#2669,.T.);
#5877=EDGE_CURVE('',#4673,#4674,#2670,.T.);
#5878=EDGE_CURVE('',#4675,#4673,#2671,.T.);
#5879=EDGE_CURVE('',#4676,#4675,#2672,.T.);
#5880=EDGE_CURVE('',#4674,#4676,#2673,.T.);
#5881=EDGE_CURVE('',#4672,#4677,#2674,.T.);
#5882=EDGE_CURVE('',#4675,#4677,#721,.T.);
#5883=EDGE_CURVE('',#4678,#4671,#2675,.T.);
#5884=EDGE_CURVE('',#4677,#4678,#722,.T.);
#5885=EDGE_CURVE('',#4670,#4679,#2676,.T.);
#5886=EDGE_CURVE('',#4678,#4679,#723,.T.);
#5887=EDGE_CURVE('',#4669,#4680,#2677,.T.);
#5888=EDGE_CURVE('',#4679,#4680,#2678,.T.);
#5889=EDGE_CURVE('',#4205,#4681,#2679,.T.);
#5890=EDGE_CURVE('',#4681,#4682,#2680,.T.);
#5891=EDGE_CURVE('',#4682,#4206,#2681,.T.);
#5892=EDGE_CURVE('',#4682,#4683,#724,.T.);
#5893=EDGE_CURVE('',#4683,#4207,#2682,.T.);
#5894=EDGE_CURVE('',#4684,#4208,#2683,.T.);
#5895=EDGE_CURVE('',#4683,#4684,#725,.T.);
#5896=EDGE_CURVE('',#4684,#4685,#726,.T.);
#5897=EDGE_CURVE('',#4685,#4209,#2684,.T.);
#5898=EDGE_CURVE('',#4684,#4686,#2685,.T.);
#5899=EDGE_CURVE('',#4687,#4686,#727,.T.);
#5900=EDGE_CURVE('',#4687,#4685,#2686,.T.);
#5901=EDGE_CURVE('',#4688,#4683,#2687,.T.);
#5902=EDGE_CURVE('',#4686,#4688,#728,.T.);
#5903=EDGE_CURVE('',#4682,#4689,#2688,.T.);
#5904=EDGE_CURVE('',#4688,#4689,#729,.T.);
#5905=EDGE_CURVE('',#4681,#4690,#2689,.T.);
#5906=EDGE_CURVE('',#4689,#4690,#2690,.T.);
#5907=EDGE_CURVE('',#4581,#4691,#2691,.T.);
#5908=EDGE_CURVE('',#4691,#4192,#2692,.T.);
#5909=EDGE_CURVE('',#4691,#4692,#730,.T.);
#5910=EDGE_CURVE('',#4692,#4193,#2693,.T.);
#5911=EDGE_CURVE('',#4693,#4194,#2694,.T.);
#5912=EDGE_CURVE('',#4692,#4693,#731,.T.);
#5913=EDGE_CURVE('',#4693,#4694,#732,.T.);
#5914=EDGE_CURVE('',#4694,#4195,#2695,.T.);
#5915=EDGE_CURVE('',#4695,#4196,#2696,.T.);
#5916=EDGE_CURVE('',#4694,#4695,#2697,.T.);
#5917=EDGE_CURVE('',#4696,#4694,#2698,.T.);
#5918=EDGE_CURVE('',#4697,#4696,#2699,.T.);
#5919=EDGE_CURVE('',#4695,#4697,#2700,.T.);
#5920=EDGE_CURVE('',#4693,#4698,#2701,.T.);
#5921=EDGE_CURVE('',#4696,#4698,#733,.T.);
#5922=EDGE_CURVE('',#4699,#4692,#2702,.T.);
#5923=EDGE_CURVE('',#4698,#4699,#734,.T.);
#5924=EDGE_CURVE('',#4691,#4700,#2703,.T.);
#5925=EDGE_CURVE('',#4699,#4700,#735,.T.);
#5926=EDGE_CURVE('',#4700,#4583,#2704,.T.);
#5927=EDGE_CURVE('',#4701,#4697,#2705,.T.);
#5928=EDGE_CURVE('',#4696,#4702,#2706,.T.);
#5929=EDGE_CURVE('',#4702,#4701,#2707,.T.);
#5930=EDGE_CURVE('',#4698,#4703,#2708,.T.);
#5931=EDGE_CURVE('',#4703,#4702,#736,.T.);
#5932=EDGE_CURVE('',#4699,#4704,#2709,.T.);
#5933=EDGE_CURVE('',#4704,#4703,#737,.T.);
#5934=EDGE_CURVE('',#4700,#4705,#2710,.T.);
#5935=EDGE_CURVE('',#4705,#4704,#738,.T.);
#5936=EDGE_CURVE('',#4614,#4705,#2711,.T.);
#5937=EDGE_CURVE('',#4706,#4676,#2712,.T.);
#5938=EDGE_CURVE('',#4675,#4707,#2713,.T.);
#5939=EDGE_CURVE('',#4707,#4706,#2714,.T.);
#5940=EDGE_CURVE('',#4677,#4708,#2715,.T.);
#5941=EDGE_CURVE('',#4708,#4707,#739,.T.);
#5942=EDGE_CURVE('',#4678,#4709,#2716,.T.);
#5943=EDGE_CURVE('',#4709,#4708,#740,.T.);
#5944=EDGE_CURVE('',#4679,#4710,#2717,.T.);
#5945=EDGE_CURVE('',#4710,#4709,#741,.T.);
#5946=EDGE_CURVE('',#4680,#4711,#2718,.T.);
#5947=EDGE_CURVE('',#4711,#4710,#2719,.T.);
#5948=EDGE_CURVE('',#4712,#4706,#2720,.T.);
#5949=EDGE_CURVE('',#4425,#4712,#2721,.T.);
#5950=EDGE_CURVE('',#4204,#4424,#2722,.T.);
#5951=EDGE_CURVE('',#4687,#4713,#2723,.T.);
#5952=EDGE_CURVE('',#4686,#4714,#2724,.T.);
#5953=EDGE_CURVE('',#4714,#4713,#742,.T.);
#5954=EDGE_CURVE('',#4688,#4715,#2725,.T.);
#5955=EDGE_CURVE('',#4715,#4714,#743,.T.);
#5956=EDGE_CURVE('',#4689,#4716,#2726,.T.);
#5957=EDGE_CURVE('',#4716,#4715,#744,.T.);
#5958=EDGE_CURVE('',#4690,#4717,#2727,.T.);
#5959=EDGE_CURVE('',#4717,#4716,#2728,.T.);
#5960=EDGE_CURVE('',#4423,#4718,#2729,.T.);
#5961=EDGE_CURVE('',#4717,#4718,#2730,.T.);
#5962=EDGE_CURVE('',#4316,#4504,#2731,.T.);
#5963=EDGE_CURVE('',#4503,#4317,#2732,.T.);
#5964=EDGE_CURVE('',#4482,#4314,#2733,.T.);
#5965=EDGE_CURVE('',#4315,#4481,#2734,.T.);
#5966=EDGE_CURVE('',#4483,#4337,#2735,.T.);
#5967=EDGE_CURVE('',#4336,#4484,#2736,.T.);
#5968=EDGE_CURVE('',#4485,#4335,#2737,.T.);
#5969=EDGE_CURVE('',#4334,#4486,#2738,.T.);
#5970=EDGE_CURVE('',#4487,#4333,#2739,.T.);
#5971=EDGE_CURVE('',#4332,#4488,#2740,.T.);
#5972=EDGE_CURVE('',#4489,#4331,#2741,.T.);
#5973=EDGE_CURVE('',#4330,#4490,#2742,.T.);
#5974=EDGE_CURVE('',#4491,#4329,#2743,.T.);
#5975=EDGE_CURVE('',#4328,#4492,#2744,.T.);
#5976=EDGE_CURVE('',#4493,#4327,#2745,.T.);
#5977=EDGE_CURVE('',#4326,#4494,#2746,.T.);
#5978=EDGE_CURVE('',#4495,#4325,#2747,.T.);
#5979=EDGE_CURVE('',#4324,#4496,#2748,.T.);
#5980=EDGE_CURVE('',#4497,#4323,#2749,.T.);
#5981=EDGE_CURVE('',#4322,#4498,#2750,.T.);
#5982=EDGE_CURVE('',#4499,#4321,#2751,.T.);
#5983=EDGE_CURVE('',#4318,#4502,#2752,.T.);
#5984=EDGE_CURVE('',#4501,#4319,#2753,.T.);
#5985=EDGE_CURVE('',#4320,#4500,#2754,.T.);
#5986=EDGE_CURVE('',#4711,#4712,#2755,.T.);
#5987=EDGE_CURVE('',#4623,#4701,#2756,.T.);
#5988=EDGE_CURVE('',#4197,#4426,#2757,.T.);
#5989=EDGE_CURVE('',#4685,#4719,#2758,.T.);
#5990=EDGE_CURVE('',#4719,#4210,#2759,.T.);
#5991=EDGE_CURVE('',#4719,#4720,#745,.T.);
#5992=EDGE_CURVE('',#4720,#4211,#2760,.T.);
#5993=EDGE_CURVE('',#4721,#4212,#2761,.T.);
#5994=EDGE_CURVE('',#4720,#4721,#746,.T.);
#5995=EDGE_CURVE('',#4721,#4722,#747,.T.);
#5996=EDGE_CURVE('',#4722,#4213,#2762,.T.);
#5997=EDGE_CURVE('',#4723,#4214,#2763,.T.);
#5998=EDGE_CURVE('',#4722,#4723,#2764,.T.);
#5999=EDGE_CURVE('',#4724,#4722,#2765,.T.);
#6000=EDGE_CURVE('',#4725,#4724,#2766,.T.);
#6001=EDGE_CURVE('',#4723,#4725,#2767,.T.);
#6002=EDGE_CURVE('',#4721,#4726,#2768,.T.);
#6003=EDGE_CURVE('',#4724,#4726,#748,.T.);
#6004=EDGE_CURVE('',#4727,#4720,#2769,.T.);
#6005=EDGE_CURVE('',#4726,#4727,#749,.T.);
#6006=EDGE_CURVE('',#4719,#4728,#2770,.T.);
#6007=EDGE_CURVE('',#4727,#4728,#750,.T.);
#6008=EDGE_CURVE('',#4728,#4687,#2771,.T.);
#6009=EDGE_CURVE('',#4664,#4729,#751,.T.);
#6010=EDGE_CURVE('',#4729,#4247,#2772,.T.);
#6011=EDGE_CURVE('',#4730,#4248,#2773,.T.);
#6012=EDGE_CURVE('',#4729,#4730,#752,.T.);
#6013=EDGE_CURVE('',#4730,#4731,#753,.T.);
#6014=EDGE_CURVE('',#4731,#4249,#2774,.T.);
#6015=EDGE_CURVE('',#4731,#3929,#2775,.T.);
#6016=EDGE_CURVE('',#4732,#4731,#2776,.T.);
#6017=EDGE_CURVE('',#3930,#4732,#2777,.T.);
#6018=EDGE_CURVE('',#4730,#4733,#2778,.T.);
#6019=EDGE_CURVE('',#4732,#4733,#754,.T.);
#6020=EDGE_CURVE('',#4734,#4729,#2779,.T.);
#6021=EDGE_CURVE('',#4733,#4734,#755,.T.);
#6022=EDGE_CURVE('',#4734,#4666,#756,.T.);
#6023=EDGE_CURVE('',#4627,#4735,#2780,.T.);
#6024=EDGE_CURVE('',#4735,#4287,#2781,.T.);
#6025=EDGE_CURVE('',#4735,#4736,#757,.T.);
#6026=EDGE_CURVE('',#4736,#4288,#2782,.T.);
#6027=EDGE_CURVE('',#4737,#4289,#2783,.T.);
#6028=EDGE_CURVE('',#4736,#4737,#758,.T.);
#6029=EDGE_CURVE('',#4737,#4738,#759,.T.);
#6030=EDGE_CURVE('',#4738,#4279,#2784,.T.);
#6031=EDGE_CURVE('',#4738,#4587,#2785,.T.);
#6032=EDGE_CURVE('',#4739,#4738,#2786,.T.);
#6033=EDGE_CURVE('',#4594,#4739,#2787,.T.);
#6034=EDGE_CURVE('',#4737,#4740,#2788,.T.);
#6035=EDGE_CURVE('',#4739,#4740,#760,.T.);
#6036=EDGE_CURVE('',#4741,#4736,#2789,.T.);
#6037=EDGE_CURVE('',#4740,#4741,#761,.T.);
#6038=EDGE_CURVE('',#4735,#4742,#2790,.T.);
#6039=EDGE_CURVE('',#4741,#4742,#762,.T.);
#6040=EDGE_CURVE('',#4742,#4629,#2791,.T.);
#6041=EDGE_CURVE('',#4739,#4743,#2792,.T.);
#6042=EDGE_CURVE('',#4743,#4622,#2793,.T.);
#6043=EDGE_CURVE('',#4740,#4744,#2794,.T.);
#6044=EDGE_CURVE('',#4744,#4743,#763,.T.);
#6045=EDGE_CURVE('',#4741,#4745,#2795,.T.);
#6046=EDGE_CURVE('',#4745,#4744,#764,.T.);
#6047=EDGE_CURVE('',#4742,#4746,#2796,.T.);
#6048=EDGE_CURVE('',#4746,#4745,#765,.T.);
#6049=EDGE_CURVE('',#4659,#4746,#2797,.T.);
#6050=EDGE_CURVE('',#4747,#4725,#2798,.T.);
#6051=EDGE_CURVE('',#4724,#4748,#2799,.T.);
#6052=EDGE_CURVE('',#4748,#4747,#2800,.T.);
#6053=EDGE_CURVE('',#4726,#4749,#2801,.T.);
#6054=EDGE_CURVE('',#4749,#4748,#766,.T.);
#6055=EDGE_CURVE('',#4727,#4750,#2802,.T.);
#6056=EDGE_CURVE('',#4750,#4749,#767,.T.);
#6057=EDGE_CURVE('',#4728,#4751,#2803,.T.);
#6058=EDGE_CURVE('',#4751,#4750,#768,.T.);
#6059=EDGE_CURVE('',#4713,#4751,#2804,.T.);
#6060=EDGE_CURVE('',#4215,#4422,#2805,.T.);
#6061=EDGE_CURVE('',#4718,#4747,#2806,.T.);
#6062=EDGE_CURVE('',#4732,#4752,#2807,.T.);
#6063=EDGE_CURVE('',#4752,#3931,#2808,.T.);
#6064=EDGE_CURVE('',#4733,#4753,#2809,.T.);
#6065=EDGE_CURVE('',#4753,#4752,#769,.T.);
#6066=EDGE_CURVE('',#4734,#4754,#2810,.T.);
#6067=EDGE_CURVE('',#4754,#4753,#770,.T.);
#6068=EDGE_CURVE('',#4668,#4754,#771,.T.);
#6069=EDGE_CURVE('',#4340,#4528,#2811,.T.);
#6070=EDGE_CURVE('',#4527,#4341,#2812,.T.);
#6071=EDGE_CURVE('',#4506,#4338,#2813,.T.);
#6072=EDGE_CURVE('',#4339,#4505,#2814,.T.);
#6073=EDGE_CURVE('',#4507,#4361,#2815,.T.);
#6074=EDGE_CURVE('',#4360,#4508,#2816,.T.);
#6075=EDGE_CURVE('',#4509,#4359,#2817,.T.);
#6076=EDGE_CURVE('',#4358,#4510,#2818,.T.);
#6077=EDGE_CURVE('',#4511,#4357,#2819,.T.);
#6078=EDGE_CURVE('',#4356,#4512,#2820,.T.);
#6079=EDGE_CURVE('',#4513,#4355,#2821,.T.);
#6080=EDGE_CURVE('',#4354,#4514,#2822,.T.);
#6081=EDGE_CURVE('',#4515,#4353,#2823,.T.);
#6082=EDGE_CURVE('',#4352,#4516,#2824,.T.);
#6083=EDGE_CURVE('',#4517,#4351,#2825,.T.);
#6084=EDGE_CURVE('',#4350,#4518,#2826,.T.);
#6085=EDGE_CURVE('',#4519,#4349,#2827,.T.);
#6086=EDGE_CURVE('',#4348,#4520,#2828,.T.);
#6087=EDGE_CURVE('',#4521,#4347,#2829,.T.);
#6088=EDGE_CURVE('',#4346,#4522,#2830,.T.);
#6089=EDGE_CURVE('',#4523,#4345,#2831,.T.);
#6090=EDGE_CURVE('',#4342,#4526,#2832,.T.);
#6091=EDGE_CURVE('',#4525,#4343,#2833,.T.);
#6092=EDGE_CURVE('',#4344,#4524,#2834,.T.);
#6093=EDGE_CURVE('',#4216,#4755,#2835,.T.);
#6094=EDGE_CURVE('',#4755,#4756,#2836,.T.);
#6095=EDGE_CURVE('',#4756,#4217,#2837,.T.);
#6096=EDGE_CURVE('',#4756,#4757,#772,.T.);
#6097=EDGE_CURVE('',#4757,#4218,#2838,.T.);
#6098=EDGE_CURVE('',#4758,#4219,#2839,.T.);
#6099=EDGE_CURVE('',#4757,#4758,#773,.T.);
#6100=EDGE_CURVE('',#4758,#4759,#774,.T.);
#6101=EDGE_CURVE('',#4759,#4220,#2840,.T.);
#6102=EDGE_CURVE('',#4760,#4221,#2841,.T.);
#6103=EDGE_CURVE('',#4759,#4760,#2842,.T.);
#6104=EDGE_CURVE('',#4761,#4759,#2843,.T.);
#6105=EDGE_CURVE('',#4762,#4761,#2844,.T.);
#6106=EDGE_CURVE('',#4760,#4762,#2845,.T.);
#6107=EDGE_CURVE('',#4758,#4763,#2846,.T.);
#6108=EDGE_CURVE('',#4761,#4763,#775,.T.);
#6109=EDGE_CURVE('',#4764,#4757,#2847,.T.);
#6110=EDGE_CURVE('',#4763,#4764,#776,.T.);
#6111=EDGE_CURVE('',#4756,#4765,#2848,.T.);
#6112=EDGE_CURVE('',#4764,#4765,#777,.T.);
#6113=EDGE_CURVE('',#4755,#4766,#2849,.T.);
#6114=EDGE_CURVE('',#4765,#4766,#2850,.T.);
#6115=EDGE_CURVE('',#4223,#4767,#2851,.T.);
#6116=EDGE_CURVE('',#4767,#4768,#2852,.T.);
#6117=EDGE_CURVE('',#4768,#4224,#2853,.T.);
#6118=EDGE_CURVE('',#4768,#4769,#778,.T.);
#6119=EDGE_CURVE('',#4769,#4225,#2854,.T.);
#6120=EDGE_CURVE('',#4770,#4226,#2855,.T.);
#6121=EDGE_CURVE('',#4769,#4770,#779,.T.);
#6122=EDGE_CURVE('',#4770,#4771,#780,.T.);
#6123=EDGE_CURVE('',#4771,#4227,#2856,.T.);
#6124=EDGE_CURVE('',#4770,#4772,#2857,.T.);
#6125=EDGE_CURVE('',#4773,#4772,#781,.T.);
#6126=EDGE_CURVE('',#4773,#4771,#2858,.T.);
#6127=EDGE_CURVE('',#4774,#4769,#2859,.T.);
#6128=EDGE_CURVE('',#4772,#4774,#782,.T.);
#6129=EDGE_CURVE('',#4768,#4775,#2860,.T.);
#6130=EDGE_CURVE('',#4774,#4775,#783,.T.);
#6131=EDGE_CURVE('',#4767,#4776,#2861,.T.);
#6132=EDGE_CURVE('',#4775,#4776,#2862,.T.);
#6133=EDGE_CURVE('',#3941,#4777,#2863,.T.);
#6134=EDGE_CURVE('',#4777,#4240,#2864,.T.);
#6135=EDGE_CURVE('',#4777,#4778,#784,.T.);
#6136=EDGE_CURVE('',#4778,#4241,#2865,.T.);
#6137=EDGE_CURVE('',#4779,#4242,#2866,.T.);
#6138=EDGE_CURVE('',#4778,#4779,#785,.T.);
#6139=EDGE_CURVE('',#4779,#4780,#786,.T.);
#6140=EDGE_CURVE('',#4780,#4243,#2867,.T.);
#6141=EDGE_CURVE('',#4781,#4244,#2868,.T.);
#6142=EDGE_CURVE('',#4780,#4781,#2869,.T.);
#6143=EDGE_CURVE('',#4782,#4780,#2870,.T.);
#6144=EDGE_CURVE('',#4783,#4782,#2871,.T.);
#6145=EDGE_CURVE('',#4781,#4783,#2872,.T.);
#6146=EDGE_CURVE('',#4779,#4784,#2873,.T.);
#6147=EDGE_CURVE('',#4782,#4784,#787,.T.);
#6148=EDGE_CURVE('',#4785,#4778,#2874,.T.);
#6149=EDGE_CURVE('',#4784,#4785,#788,.T.);
#6150=EDGE_CURVE('',#4777,#4786,#2875,.T.);
#6151=EDGE_CURVE('',#4785,#4786,#789,.T.);
#6152=EDGE_CURVE('',#4786,#3944,#2876,.T.);
#6153=EDGE_CURVE('',#4787,#4783,#2877,.T.);
#6154=EDGE_CURVE('',#4782,#4788,#2878,.T.);
#6155=EDGE_CURVE('',#4788,#4787,#2879,.T.);
#6156=EDGE_CURVE('',#4784,#4789,#2880,.T.);
#6157=EDGE_CURVE('',#4789,#4788,#790,.T.);
#6158=EDGE_CURVE('',#4785,#4790,#2881,.T.);
#6159=EDGE_CURVE('',#4790,#4789,#791,.T.);
#6160=EDGE_CURVE('',#4786,#4791,#2882,.T.);
#6161=EDGE_CURVE('',#4791,#4790,#792,.T.);
#6162=EDGE_CURVE('',#3987,#4791,#2883,.T.);
#6163=EDGE_CURVE('',#4792,#4762,#2884,.T.);
#6164=EDGE_CURVE('',#4761,#4793,#2885,.T.);
#6165=EDGE_CURVE('',#4793,#4792,#2886,.T.);
#6166=EDGE_CURVE('',#4763,#4794,#2887,.T.);
#6167=EDGE_CURVE('',#4794,#4793,#793,.T.);
#6168=EDGE_CURVE('',#4764,#4795,#2888,.T.);
#6169=EDGE_CURVE('',#4795,#4794,#794,.T.);
#6170=EDGE_CURVE('',#4765,#4796,#2889,.T.);
#6171=EDGE_CURVE('',#4796,#4795,#795,.T.);
#6172=EDGE_CURVE('',#4766,#4797,#2890,.T.);
#6173=EDGE_CURVE('',#4797,#4796,#2891,.T.);
#6174=EDGE_CURVE('',#4798,#4792,#2892,.T.);
#6175=EDGE_CURVE('',#4421,#4798,#2893,.T.);
#6176=EDGE_CURVE('',#4222,#4420,#2894,.T.);
#6177=EDGE_CURVE('',#4773,#4799,#2895,.T.);
#6178=EDGE_CURVE('',#4772,#4800,#2896,.T.);
#6179=EDGE_CURVE('',#4800,#4799,#796,.T.);
#6180=EDGE_CURVE('',#4774,#4801,#2897,.T.);
#6181=EDGE_CURVE('',#4801,#4800,#797,.T.);
#6182=EDGE_CURVE('',#4775,#4802,#2898,.T.);
#6183=EDGE_CURVE('',#4802,#4801,#798,.T.);
#6184=EDGE_CURVE('',#4776,#4803,#2899,.T.);
#6185=EDGE_CURVE('',#4803,#4802,#2900,.T.);
#6186=EDGE_CURVE('',#4419,#4804,#2901,.T.);
#6187=EDGE_CURVE('',#4803,#4804,#2902,.T.);
#6188=EDGE_CURVE('',#4256,#4456,#2903,.T.);
#6189=EDGE_CURVE('',#4455,#4257,#2904,.T.);
#6190=EDGE_CURVE('',#4434,#4254,#2905,.T.);
#6191=EDGE_CURVE('',#4255,#4433,#2906,.T.);
#6192=EDGE_CURVE('',#4435,#4277,#2907,.T.);
#6193=EDGE_CURVE('',#4276,#4436,#2908,.T.);
#6194=EDGE_CURVE('',#4437,#4275,#2909,.T.);
#6195=EDGE_CURVE('',#4274,#4438,#2910,.T.);
#6196=EDGE_CURVE('',#4439,#4273,#2911,.T.);
#6197=EDGE_CURVE('',#4272,#4440,#2912,.T.);
#6198=EDGE_CURVE('',#4441,#4271,#2913,.T.);
#6199=EDGE_CURVE('',#4270,#4442,#2914,.T.);
#6200=EDGE_CURVE('',#4443,#4269,#2915,.T.);
#6201=EDGE_CURVE('',#4268,#4444,#2916,.T.);
#6202=EDGE_CURVE('',#4445,#4267,#2917,.T.);
#6203=EDGE_CURVE('',#4266,#4446,#2918,.T.);
#6204=EDGE_CURVE('',#4447,#4265,#2919,.T.);
#6205=EDGE_CURVE('',#4264,#4448,#2920,.T.);
#6206=EDGE_CURVE('',#4449,#4263,#2921,.T.);
#6207=EDGE_CURVE('',#4262,#4450,#2922,.T.);
#6208=EDGE_CURVE('',#4451,#4261,#2923,.T.);
#6209=EDGE_CURVE('',#4258,#4454,#2924,.T.);
#6210=EDGE_CURVE('',#4453,#4259,#2925,.T.);
#6211=EDGE_CURVE('',#4260,#4452,#2926,.T.);
#6212=EDGE_CURVE('',#4797,#4798,#2927,.T.);
#6213=EDGE_CURVE('',#4667,#4787,#2928,.T.);
#6214=EDGE_CURVE('',#4771,#4805,#2929,.T.);
#6215=EDGE_CURVE('',#4805,#4228,#2930,.T.);
#6216=EDGE_CURVE('',#4805,#4806,#799,.T.);
#6217=EDGE_CURVE('',#4806,#4229,#2931,.T.);
#6218=EDGE_CURVE('',#4807,#4230,#2932,.T.);
#6219=EDGE_CURVE('',#4806,#4807,#800,.T.);
#6220=EDGE_CURVE('',#4807,#4808,#801,.T.);
#6221=EDGE_CURVE('',#4808,#4231,#2933,.T.);
#6222=EDGE_CURVE('',#4809,#4232,#2934,.T.);
#6223=EDGE_CURVE('',#4808,#4809,#2935,.T.);
#6224=EDGE_CURVE('',#4810,#4808,#2936,.T.);
#6225=EDGE_CURVE('',#4811,#4810,#2937,.T.);
#6226=EDGE_CURVE('',#4809,#4811,#2938,.T.);
#6227=EDGE_CURVE('',#4807,#4812,#2939,.T.);
#6228=EDGE_CURVE('',#4810,#4812,#802,.T.);
#6229=EDGE_CURVE('',#4813,#4806,#2940,.T.);
#6230=EDGE_CURVE('',#4812,#4813,#803,.T.);
#6231=EDGE_CURVE('',#4805,#4814,#2941,.T.);
#6232=EDGE_CURVE('',#4813,#4814,#804,.T.);
#6233=EDGE_CURVE('',#4814,#4773,#2942,.T.);
#6234=EDGE_CURVE('',#4234,#4815,#2943,.T.);
#6235=EDGE_CURVE('',#4815,#4816,#2944,.T.);
#6236=EDGE_CURVE('',#4816,#4235,#2945,.T.);
#6237=EDGE_CURVE('',#4816,#4817,#805,.T.);
#6238=EDGE_CURVE('',#4817,#4236,#2946,.T.);
#6239=EDGE_CURVE('',#4818,#4237,#2947,.T.);
#6240=EDGE_CURVE('',#4817,#4818,#806,.T.);
#6241=EDGE_CURVE('',#4818,#4819,#807,.T.);
#6242=EDGE_CURVE('',#4819,#4238,#2948,.T.);
#6243=EDGE_CURVE('',#4820,#4239,#2949,.T.);
#6244=EDGE_CURVE('',#4819,#4820,#2950,.T.);
#6245=EDGE_CURVE('',#4821,#4819,#2951,.T.);
#6246=EDGE_CURVE('',#4822,#4821,#2952,.T.);
#6247=EDGE_CURVE('',#4820,#4822,#2953,.T.);
#6248=EDGE_CURVE('',#4818,#4823,#2954,.T.);
#6249=EDGE_CURVE('',#4821,#4823,#808,.T.);
#6250=EDGE_CURVE('',#4824,#4817,#2955,.T.);
#6251=EDGE_CURVE('',#4823,#4824,#809,.T.);
#6252=EDGE_CURVE('',#4816,#4825,#2956,.T.);
#6253=EDGE_CURVE('',#4824,#4825,#810,.T.);
#6254=EDGE_CURVE('',#4815,#4826,#2957,.T.);
#6255=EDGE_CURVE('',#4825,#4826,#2958,.T.);
#6256=EDGE_CURVE('',#4053,#4827,#2959,.T.);
#6257=EDGE_CURVE('',#4827,#4251,#2960,.T.);
#6258=EDGE_CURVE('',#4827,#4828,#811,.T.);
#6259=EDGE_CURVE('',#4828,#4252,#2961,.T.);
#6260=EDGE_CURVE('',#4829,#4253,#2962,.T.);
#6261=EDGE_CURVE('',#4828,#4829,#812,.T.);
#6262=EDGE_CURVE('',#4829,#4830,#813,.T.);
#6263=EDGE_CURVE('',#4830,#4250,#2963,.T.);
#6264=EDGE_CURVE('',#4830,#3947,#2964,.T.);
#6265=EDGE_CURVE('',#4831,#4830,#2965,.T.);
#6266=EDGE_CURVE('',#3958,#4831,#2966,.T.);
#6267=EDGE_CURVE('',#4829,#4832,#2967,.T.);
#6268=EDGE_CURVE('',#4831,#4832,#814,.T.);
#6269=EDGE_CURVE('',#4833,#4828,#2968,.T.);
#6270=EDGE_CURVE('',#4832,#4833,#815,.T.);
#6271=EDGE_CURVE('',#4827,#4834,#2969,.T.);
#6272=EDGE_CURVE('',#4833,#4834,#816,.T.);
#6273=EDGE_CURVE('',#4834,#4056,#2970,.T.);
#6274=EDGE_CURVE('',#4831,#4835,#2971,.T.);
#6275=EDGE_CURVE('',#4835,#3994,#2972,.T.);
#6276=EDGE_CURVE('',#4832,#4836,#2973,.T.);
#6277=EDGE_CURVE('',#4836,#4835,#817,.T.);
#6278=EDGE_CURVE('',#4833,#4837,#2974,.T.);
#6279=EDGE_CURVE('',#4837,#4836,#818,.T.);
#6280=EDGE_CURVE('',#4834,#4838,#2975,.T.);
#6281=EDGE_CURVE('',#4838,#4837,#819,.T.);
#6282=EDGE_CURVE('',#4105,#4838,#2976,.T.);
#6283=EDGE_CURVE('',#4839,#4811,#2977,.T.);
#6284=EDGE_CURVE('',#4810,#4840,#2978,.T.);
#6285=EDGE_CURVE('',#4840,#4839,#2979,.T.);
#6286=EDGE_CURVE('',#4812,#4841,#2980,.T.);
#6287=EDGE_CURVE('',#4841,#4840,#820,.T.);
#6288=EDGE_CURVE('',#4813,#4842,#2981,.T.);
#6289=EDGE_CURVE('',#4842,#4841,#821,.T.);
#6290=EDGE_CURVE('',#4814,#4843,#2982,.T.);
#6291=EDGE_CURVE('',#4843,#4842,#822,.T.);
#6292=EDGE_CURVE('',#4799,#4843,#2983,.T.);
#6293=EDGE_CURVE('',#4804,#4839,#2984,.T.);
#6294=EDGE_CURVE('',#4233,#4418,#2985,.T.);
#6295=EDGE_CURVE('',#4844,#4822,#2986,.T.);
#6296=EDGE_CURVE('',#4821,#4845,#2987,.T.);
#6297=EDGE_CURVE('',#4845,#4844,#2988,.T.);
#6298=EDGE_CURVE('',#4823,#4846,#2989,.T.);
#6299=EDGE_CURVE('',#4846,#4845,#823,.T.);
#6300=EDGE_CURVE('',#4824,#4847,#2990,.T.);
#6301=EDGE_CURVE('',#4847,#4846,#824,.T.);
#6302=EDGE_CURVE('',#4825,#4848,#2991,.T.);
#6303=EDGE_CURVE('',#4848,#4847,#825,.T.);
#6304=EDGE_CURVE('',#4826,#4849,#2992,.T.);
#6305=EDGE_CURVE('',#4849,#4848,#2993,.T.);
#6306=EDGE_CURVE('',#4417,#4850,#2994,.T.);
#6307=EDGE_CURVE('',#4849,#4850,#2995,.T.);
#6308=EDGE_CURVE('',#4292,#4480,#2996,.T.);
#6309=EDGE_CURVE('',#4479,#4293,#2997,.T.);
#6310=EDGE_CURVE('',#4458,#4290,#2998,.T.);
#6311=EDGE_CURVE('',#4291,#4457,#2999,.T.);
#6312=EDGE_CURVE('',#4459,#4313,#3000,.T.);
#6313=EDGE_CURVE('',#4312,#4460,#3001,.T.);
#6314=EDGE_CURVE('',#4461,#4311,#3002,.T.);
#6315=EDGE_CURVE('',#4310,#4462,#3003,.T.);
#6316=EDGE_CURVE('',#4463,#4309,#3004,.T.);
#6317=EDGE_CURVE('',#4308,#4464,#3005,.T.);
#6318=EDGE_CURVE('',#4465,#4307,#3006,.T.);
#6319=EDGE_CURVE('',#4306,#4466,#3007,.T.);
#6320=EDGE_CURVE('',#4467,#4305,#3008,.T.);
#6321=EDGE_CURVE('',#4304,#4468,#3009,.T.);
#6322=EDGE_CURVE('',#4469,#4303,#3010,.T.);
#6323=EDGE_CURVE('',#4302,#4470,#3011,.T.);
#6324=EDGE_CURVE('',#4471,#4301,#3012,.T.);
#6325=EDGE_CURVE('',#4300,#4472,#3013,.T.);
#6326=EDGE_CURVE('',#4473,#4299,#3014,.T.);
#6327=EDGE_CURVE('',#4298,#4474,#3015,.T.);
#6328=EDGE_CURVE('',#4475,#4297,#3016,.T.);
#6329=EDGE_CURVE('',#4294,#4478,#3017,.T.);
#6330=EDGE_CURVE('',#4477,#4295,#3018,.T.);
#6331=EDGE_CURVE('',#4296,#4476,#3019,.T.);
#6332=EDGE_CURVE('',#4850,#4844,#3020,.T.);
#6333=ORIENTED_EDGE('',*,*,#4851,.F.);
#6334=ORIENTED_EDGE('',*,*,#4852,.F.);
#6335=ORIENTED_EDGE('',*,*,#4853,.F.);
#6336=ORIENTED_EDGE('',*,*,#4854,.F.);
#6337=ORIENTED_EDGE('',*,*,#4855,.F.);
#6338=ORIENTED_EDGE('',*,*,#4856,.F.);
#6339=ORIENTED_EDGE('',*,*,#4857,.F.);
#6340=ORIENTED_EDGE('',*,*,#4858,.F.);
#6341=ORIENTED_EDGE('',*,*,#4858,.T.);
#6342=ORIENTED_EDGE('',*,*,#4859,.T.);
#6343=ORIENTED_EDGE('',*,*,#4860,.T.);
#6344=ORIENTED_EDGE('',*,*,#4861,.T.);
#6345=ORIENTED_EDGE('',*,*,#4860,.F.);
#6346=ORIENTED_EDGE('',*,*,#4862,.T.);
#6347=ORIENTED_EDGE('',*,*,#4863,.T.);
#6348=ORIENTED_EDGE('',*,*,#4864,.T.);
#6349=ORIENTED_EDGE('',*,*,#4865,.T.);
#6350=ORIENTED_EDGE('',*,*,#4866,.T.);
#6351=ORIENTED_EDGE('',*,*,#4863,.F.);
#6352=ORIENTED_EDGE('',*,*,#4867,.T.);
#6353=ORIENTED_EDGE('',*,*,#4865,.F.);
#6354=ORIENTED_EDGE('',*,*,#4868,.T.);
#6355=ORIENTED_EDGE('',*,*,#4869,.T.);
#6356=ORIENTED_EDGE('',*,*,#4870,.T.);
#6357=ORIENTED_EDGE('',*,*,#4868,.F.);
#6358=ORIENTED_EDGE('',*,*,#4871,.T.);
#6359=ORIENTED_EDGE('',*,*,#4872,.F.);
#6360=ORIENTED_EDGE('',*,*,#4873,.T.);
#6361=ORIENTED_EDGE('',*,*,#4867,.F.);
#6362=ORIENTED_EDGE('',*,*,#4874,.F.);
#6363=ORIENTED_EDGE('',*,*,#4875,.F.);
#6364=ORIENTED_EDGE('',*,*,#4871,.F.);
#6365=ORIENTED_EDGE('',*,*,#4862,.F.);
#6366=ORIENTED_EDGE('',*,*,#4876,.T.);
#6367=ORIENTED_EDGE('',*,*,#4877,.F.);
#6368=ORIENTED_EDGE('',*,*,#4874,.T.);
#6369=ORIENTED_EDGE('',*,*,#4859,.F.);
#6370=ORIENTED_EDGE('',*,*,#4857,.T.);
#6371=ORIENTED_EDGE('',*,*,#4878,.F.);
#6372=ORIENTED_EDGE('',*,*,#4876,.F.);
#6373=ORIENTED_EDGE('',*,*,#4879,.F.);
#6374=ORIENTED_EDGE('',*,*,#4880,.T.);
#6375=ORIENTED_EDGE('',*,*,#4881,.T.);
#6376=ORIENTED_EDGE('',*,*,#4882,.T.);
#6377=ORIENTED_EDGE('',*,*,#4883,.T.);
#6378=ORIENTED_EDGE('',*,*,#4884,.T.);
#6379=ORIENTED_EDGE('',*,*,#4881,.F.);
#6380=ORIENTED_EDGE('',*,*,#4885,.T.);
#6381=ORIENTED_EDGE('',*,*,#4883,.F.);
#6382=ORIENTED_EDGE('',*,*,#4886,.T.);
#6383=ORIENTED_EDGE('',*,*,#4887,.T.);
#6384=ORIENTED_EDGE('',*,*,#4888,.T.);
#6385=ORIENTED_EDGE('',*,*,#4886,.F.);
#6386=ORIENTED_EDGE('',*,*,#4889,.T.);
#6387=ORIENTED_EDGE('',*,*,#4890,.F.);
#6388=ORIENTED_EDGE('',*,*,#4891,.T.);
#6389=ORIENTED_EDGE('',*,*,#4885,.F.);
#6390=ORIENTED_EDGE('',*,*,#4892,.F.);
#6391=ORIENTED_EDGE('',*,*,#4893,.F.);
#6392=ORIENTED_EDGE('',*,*,#4889,.F.);
#6393=ORIENTED_EDGE('',*,*,#4880,.F.);
#6394=ORIENTED_EDGE('',*,*,#4894,.T.);
#6395=ORIENTED_EDGE('',*,*,#4895,.F.);
#6396=ORIENTED_EDGE('',*,*,#4892,.T.);
#6397=ORIENTED_EDGE('',*,*,#4896,.T.);
#6398=ORIENTED_EDGE('',*,*,#4897,.T.);
#6399=ORIENTED_EDGE('',*,*,#4898,.T.);
#6400=ORIENTED_EDGE('',*,*,#4899,.T.);
#6401=ORIENTED_EDGE('',*,*,#4898,.F.);
#6402=ORIENTED_EDGE('',*,*,#4900,.T.);
#6403=ORIENTED_EDGE('',*,*,#4901,.T.);
#6404=ORIENTED_EDGE('',*,*,#4902,.T.);
#6405=ORIENTED_EDGE('',*,*,#4903,.T.);
#6406=ORIENTED_EDGE('',*,*,#4904,.T.);
#6407=ORIENTED_EDGE('',*,*,#4901,.F.);
#6408=ORIENTED_EDGE('',*,*,#4905,.T.);
#6409=ORIENTED_EDGE('',*,*,#4903,.F.);
#6410=ORIENTED_EDGE('',*,*,#4906,.T.);
#6411=ORIENTED_EDGE('',*,*,#4907,.T.);
#6412=ORIENTED_EDGE('',*,*,#4908,.T.);
#6413=ORIENTED_EDGE('',*,*,#4909,.T.);
#6414=ORIENTED_EDGE('',*,*,#4910,.F.);
#6415=ORIENTED_EDGE('',*,*,#4907,.F.);
#6416=ORIENTED_EDGE('',*,*,#4911,.T.);
#6417=ORIENTED_EDGE('',*,*,#4911,.F.);
#6418=ORIENTED_EDGE('',*,*,#4912,.F.);
#6419=ORIENTED_EDGE('',*,*,#4913,.F.);
#6420=ORIENTED_EDGE('',*,*,#4914,.F.);
#6421=ORIENTED_EDGE('',*,*,#4906,.F.);
#6422=ORIENTED_EDGE('',*,*,#4915,.T.);
#6423=ORIENTED_EDGE('',*,*,#4916,.F.);
#6424=ORIENTED_EDGE('',*,*,#4912,.T.);
#6425=ORIENTED_EDGE('',*,*,#4905,.F.);
#6426=ORIENTED_EDGE('',*,*,#4917,.F.);
#6427=ORIENTED_EDGE('',*,*,#4918,.F.);
#6428=ORIENTED_EDGE('',*,*,#4915,.F.);
#6429=ORIENTED_EDGE('',*,*,#4900,.F.);
#6430=ORIENTED_EDGE('',*,*,#4919,.T.);
#6431=ORIENTED_EDGE('',*,*,#4920,.F.);
#6432=ORIENTED_EDGE('',*,*,#4917,.T.);
#6433=ORIENTED_EDGE('',*,*,#4897,.F.);
#6434=ORIENTED_EDGE('',*,*,#4921,.T.);
#6435=ORIENTED_EDGE('',*,*,#4922,.F.);
#6436=ORIENTED_EDGE('',*,*,#4919,.F.);
#6437=ORIENTED_EDGE('',*,*,#4923,.T.);
#6438=ORIENTED_EDGE('',*,*,#4913,.T.);
#6439=ORIENTED_EDGE('',*,*,#4924,.T.);
#6440=ORIENTED_EDGE('',*,*,#4925,.T.);
#6441=ORIENTED_EDGE('',*,*,#4924,.F.);
#6442=ORIENTED_EDGE('',*,*,#4916,.T.);
#6443=ORIENTED_EDGE('',*,*,#4926,.T.);
#6444=ORIENTED_EDGE('',*,*,#4927,.T.);
#6445=ORIENTED_EDGE('',*,*,#4928,.T.);
#6446=ORIENTED_EDGE('',*,*,#4929,.T.);
#6447=ORIENTED_EDGE('',*,*,#4926,.F.);
#6448=ORIENTED_EDGE('',*,*,#4918,.T.);
#6449=ORIENTED_EDGE('',*,*,#4928,.F.);
#6450=ORIENTED_EDGE('',*,*,#4920,.T.);
#6451=ORIENTED_EDGE('',*,*,#4930,.T.);
#6452=ORIENTED_EDGE('',*,*,#4931,.T.);
#6453=ORIENTED_EDGE('',*,*,#4932,.T.);
#6454=ORIENTED_EDGE('',*,*,#4933,.T.);
#6455=ORIENTED_EDGE('',*,*,#4930,.F.);
#6456=ORIENTED_EDGE('',*,*,#4922,.T.);
#6457=ORIENTED_EDGE('',*,*,#4934,.T.);
#6458=ORIENTED_EDGE('',*,*,#4935,.F.);
#6459=ORIENTED_EDGE('',*,*,#4932,.F.);
#6460=ORIENTED_EDGE('',*,*,#4921,.F.);
#6461=ORIENTED_EDGE('',*,*,#4896,.F.);
#6462=ORIENTED_EDGE('',*,*,#4936,.F.);
#6463=ORIENTED_EDGE('',*,*,#4937,.T.);
#6464=ORIENTED_EDGE('',*,*,#4938,.F.);
#6465=ORIENTED_EDGE('',*,*,#4939,.F.);
#6466=ORIENTED_EDGE('',*,*,#4872,.T.);
#6467=ORIENTED_EDGE('',*,*,#4940,.T.);
#6468=ORIENTED_EDGE('',*,*,#4941,.T.);
#6469=ORIENTED_EDGE('',*,*,#4942,.T.);
#6470=ORIENTED_EDGE('',*,*,#4943,.T.);
#6471=ORIENTED_EDGE('',*,*,#4940,.F.);
#6472=ORIENTED_EDGE('',*,*,#4875,.T.);
#6473=ORIENTED_EDGE('',*,*,#4942,.F.);
#6474=ORIENTED_EDGE('',*,*,#4877,.T.);
#6475=ORIENTED_EDGE('',*,*,#4944,.T.);
#6476=ORIENTED_EDGE('',*,*,#4945,.T.);
#6477=ORIENTED_EDGE('',*,*,#4856,.T.);
#6478=ORIENTED_EDGE('',*,*,#4946,.T.);
#6479=ORIENTED_EDGE('',*,*,#4944,.F.);
#6480=ORIENTED_EDGE('',*,*,#4878,.T.);
#6481=ORIENTED_EDGE('',*,*,#4947,.F.);
#6482=ORIENTED_EDGE('',*,*,#4890,.T.);
#6483=ORIENTED_EDGE('',*,*,#4948,.T.);
#6484=ORIENTED_EDGE('',*,*,#4949,.T.);
#6485=ORIENTED_EDGE('',*,*,#4950,.T.);
#6486=ORIENTED_EDGE('',*,*,#4951,.T.);
#6487=ORIENTED_EDGE('',*,*,#4948,.F.);
#6488=ORIENTED_EDGE('',*,*,#4893,.T.);
#6489=ORIENTED_EDGE('',*,*,#4950,.F.);
#6490=ORIENTED_EDGE('',*,*,#4895,.T.);
#6491=ORIENTED_EDGE('',*,*,#4952,.T.);
#6492=ORIENTED_EDGE('',*,*,#4953,.T.);
#6493=ORIENTED_EDGE('',*,*,#4954,.T.);
#6494=ORIENTED_EDGE('',*,*,#4955,.T.);
#6495=ORIENTED_EDGE('',*,*,#4956,.T.);
#6496=ORIENTED_EDGE('',*,*,#4957,.T.);
#6497=ORIENTED_EDGE('',*,*,#4955,.F.);
#6498=ORIENTED_EDGE('',*,*,#4958,.F.);
#6499=ORIENTED_EDGE('',*,*,#4959,.F.);
#6500=ORIENTED_EDGE('',*,*,#4960,.F.);
#6501=ORIENTED_EDGE('',*,*,#4961,.T.);
#6502=ORIENTED_EDGE('',*,*,#4959,.T.);
#6503=ORIENTED_EDGE('',*,*,#4962,.T.);
#6504=ORIENTED_EDGE('',*,*,#4963,.T.);
#6505=ORIENTED_EDGE('',*,*,#4963,.F.);
#6506=ORIENTED_EDGE('',*,*,#4964,.F.);
#6507=ORIENTED_EDGE('',*,*,#4965,.F.);
#6508=ORIENTED_EDGE('',*,*,#4966,.F.);
#6509=ORIENTED_EDGE('',*,*,#4967,.T.);
#6510=ORIENTED_EDGE('',*,*,#4965,.T.);
#6511=ORIENTED_EDGE('',*,*,#4968,.T.);
#6512=ORIENTED_EDGE('',*,*,#4969,.T.);
#6513=ORIENTED_EDGE('',*,*,#4969,.F.);
#6514=ORIENTED_EDGE('',*,*,#4970,.F.);
#6515=ORIENTED_EDGE('',*,*,#4971,.F.);
#6516=ORIENTED_EDGE('',*,*,#4972,.F.);
#6517=ORIENTED_EDGE('',*,*,#4973,.T.);
#6518=ORIENTED_EDGE('',*,*,#4974,.T.);
#6519=ORIENTED_EDGE('',*,*,#4975,.T.);
#6520=ORIENTED_EDGE('',*,*,#4971,.T.);
#6521=ORIENTED_EDGE('',*,*,#4974,.F.);
#6522=ORIENTED_EDGE('',*,*,#4976,.F.);
#6523=ORIENTED_EDGE('',*,*,#4977,.F.);
#6524=ORIENTED_EDGE('',*,*,#4978,.F.);
#6525=ORIENTED_EDGE('',*,*,#4979,.T.);
#6526=ORIENTED_EDGE('',*,*,#4980,.T.);
#6527=ORIENTED_EDGE('',*,*,#4981,.T.);
#6528=ORIENTED_EDGE('',*,*,#4977,.T.);
#6529=ORIENTED_EDGE('',*,*,#4980,.F.);
#6530=ORIENTED_EDGE('',*,*,#4982,.F.);
#6531=ORIENTED_EDGE('',*,*,#4983,.F.);
#6532=ORIENTED_EDGE('',*,*,#4984,.F.);
#6533=ORIENTED_EDGE('',*,*,#4985,.T.);
#6534=ORIENTED_EDGE('',*,*,#4983,.T.);
#6535=ORIENTED_EDGE('',*,*,#4986,.T.);
#6536=ORIENTED_EDGE('',*,*,#4987,.T.);
#6537=ORIENTED_EDGE('',*,*,#4987,.F.);
#6538=ORIENTED_EDGE('',*,*,#4988,.F.);
#6539=ORIENTED_EDGE('',*,*,#4989,.F.);
#6540=ORIENTED_EDGE('',*,*,#4990,.F.);
#6541=ORIENTED_EDGE('',*,*,#4991,.T.);
#6542=ORIENTED_EDGE('',*,*,#4989,.T.);
#6543=ORIENTED_EDGE('',*,*,#4992,.T.);
#6544=ORIENTED_EDGE('',*,*,#4993,.T.);
#6545=ORIENTED_EDGE('',*,*,#4993,.F.);
#6546=ORIENTED_EDGE('',*,*,#4994,.F.);
#6547=ORIENTED_EDGE('',*,*,#4995,.F.);
#6548=ORIENTED_EDGE('',*,*,#4996,.F.);
#6549=ORIENTED_EDGE('',*,*,#4997,.T.);
#6550=ORIENTED_EDGE('',*,*,#4998,.T.);
#6551=ORIENTED_EDGE('',*,*,#4999,.T.);
#6552=ORIENTED_EDGE('',*,*,#4995,.T.);
#6553=ORIENTED_EDGE('',*,*,#4998,.F.);
#6554=ORIENTED_EDGE('',*,*,#5000,.F.);
#6555=ORIENTED_EDGE('',*,*,#5001,.F.);
#6556=ORIENTED_EDGE('',*,*,#5002,.F.);
#6557=ORIENTED_EDGE('',*,*,#5003,.T.);
#6558=ORIENTED_EDGE('',*,*,#5004,.T.);
#6559=ORIENTED_EDGE('',*,*,#5005,.T.);
#6560=ORIENTED_EDGE('',*,*,#5001,.T.);
#6561=ORIENTED_EDGE('',*,*,#5004,.F.);
#6562=ORIENTED_EDGE('',*,*,#5006,.F.);
#6563=ORIENTED_EDGE('',*,*,#5007,.F.);
#6564=ORIENTED_EDGE('',*,*,#5008,.F.);
#6565=ORIENTED_EDGE('',*,*,#5009,.T.);
#6566=ORIENTED_EDGE('',*,*,#5007,.T.);
#6567=ORIENTED_EDGE('',*,*,#5010,.T.);
#6568=ORIENTED_EDGE('',*,*,#5011,.T.);
#6569=ORIENTED_EDGE('',*,*,#5011,.F.);
#6570=ORIENTED_EDGE('',*,*,#5012,.F.);
#6571=ORIENTED_EDGE('',*,*,#5013,.F.);
#6572=ORIENTED_EDGE('',*,*,#5014,.F.);
#6573=ORIENTED_EDGE('',*,*,#5015,.T.);
#6574=ORIENTED_EDGE('',*,*,#5016,.T.);
#6575=ORIENTED_EDGE('',*,*,#5017,.T.);
#6576=ORIENTED_EDGE('',*,*,#5018,.T.);
#6577=ORIENTED_EDGE('',*,*,#4957,.F.);
#6578=ORIENTED_EDGE('',*,*,#5019,.F.);
#6579=ORIENTED_EDGE('',*,*,#5016,.F.);
#6580=ORIENTED_EDGE('',*,*,#5020,.F.);
#6581=ORIENTED_EDGE('',*,*,#5021,.T.);
#6582=ORIENTED_EDGE('',*,*,#5013,.T.);
#6583=ORIENTED_EDGE('',*,*,#5022,.T.);
#6584=ORIENTED_EDGE('',*,*,#5023,.T.);
#6585=ORIENTED_EDGE('',*,*,#5018,.F.);
#6586=ORIENTED_EDGE('',*,*,#5024,.F.);
#6587=ORIENTED_EDGE('',*,*,#5023,.F.);
#6588=ORIENTED_EDGE('',*,*,#5025,.F.);
#6589=ORIENTED_EDGE('',*,*,#5026,.F.);
#6590=ORIENTED_EDGE('',*,*,#4909,.F.);
#6591=ORIENTED_EDGE('',*,*,#4914,.T.);
#6592=ORIENTED_EDGE('',*,*,#4923,.F.);
#6593=ORIENTED_EDGE('',*,*,#5027,.F.);
#6594=ORIENTED_EDGE('',*,*,#5028,.F.);
#6595=ORIENTED_EDGE('',*,*,#5029,.F.);
#6596=ORIENTED_EDGE('',*,*,#5030,.F.);
#6597=ORIENTED_EDGE('',*,*,#5031,.T.);
#6598=ORIENTED_EDGE('',*,*,#5032,.T.);
#6599=ORIENTED_EDGE('',*,*,#5033,.T.);
#6600=ORIENTED_EDGE('',*,*,#4887,.F.);
#6601=ORIENTED_EDGE('',*,*,#5032,.F.);
#6602=ORIENTED_EDGE('',*,*,#5034,.T.);
#6603=ORIENTED_EDGE('',*,*,#5035,.T.);
#6604=ORIENTED_EDGE('',*,*,#5036,.T.);
#6605=ORIENTED_EDGE('',*,*,#5037,.T.);
#6606=ORIENTED_EDGE('',*,*,#5038,.T.);
#6607=ORIENTED_EDGE('',*,*,#5035,.F.);
#6608=ORIENTED_EDGE('',*,*,#5039,.T.);
#6609=ORIENTED_EDGE('',*,*,#5037,.F.);
#6610=ORIENTED_EDGE('',*,*,#5040,.T.);
#6611=ORIENTED_EDGE('',*,*,#5041,.T.);
#6612=ORIENTED_EDGE('',*,*,#5042,.T.);
#6613=ORIENTED_EDGE('',*,*,#5040,.F.);
#6614=ORIENTED_EDGE('',*,*,#5043,.T.);
#6615=ORIENTED_EDGE('',*,*,#5044,.F.);
#6616=ORIENTED_EDGE('',*,*,#5045,.T.);
#6617=ORIENTED_EDGE('',*,*,#5039,.F.);
#6618=ORIENTED_EDGE('',*,*,#5046,.F.);
#6619=ORIENTED_EDGE('',*,*,#5047,.F.);
#6620=ORIENTED_EDGE('',*,*,#5043,.F.);
#6621=ORIENTED_EDGE('',*,*,#5034,.F.);
#6622=ORIENTED_EDGE('',*,*,#5048,.T.);
#6623=ORIENTED_EDGE('',*,*,#5049,.F.);
#6624=ORIENTED_EDGE('',*,*,#5046,.T.);
#6625=ORIENTED_EDGE('',*,*,#5031,.F.);
#6626=ORIENTED_EDGE('',*,*,#4891,.F.);
#6627=ORIENTED_EDGE('',*,*,#5050,.F.);
#6628=ORIENTED_EDGE('',*,*,#5048,.F.);
#6629=ORIENTED_EDGE('',*,*,#5051,.T.);
#6630=ORIENTED_EDGE('',*,*,#5052,.T.);
#6631=ORIENTED_EDGE('',*,*,#5053,.T.);
#6632=ORIENTED_EDGE('',*,*,#5054,.T.);
#6633=ORIENTED_EDGE('',*,*,#5053,.F.);
#6634=ORIENTED_EDGE('',*,*,#5055,.T.);
#6635=ORIENTED_EDGE('',*,*,#5056,.T.);
#6636=ORIENTED_EDGE('',*,*,#5057,.T.);
#6637=ORIENTED_EDGE('',*,*,#5058,.T.);
#6638=ORIENTED_EDGE('',*,*,#5059,.T.);
#6639=ORIENTED_EDGE('',*,*,#5056,.F.);
#6640=ORIENTED_EDGE('',*,*,#5060,.T.);
#6641=ORIENTED_EDGE('',*,*,#5058,.F.);
#6642=ORIENTED_EDGE('',*,*,#5061,.T.);
#6643=ORIENTED_EDGE('',*,*,#5062,.T.);
#6644=ORIENTED_EDGE('',*,*,#5063,.T.);
#6645=ORIENTED_EDGE('',*,*,#5064,.T.);
#6646=ORIENTED_EDGE('',*,*,#5065,.T.);
#6647=ORIENTED_EDGE('',*,*,#5062,.F.);
#6648=ORIENTED_EDGE('',*,*,#5066,.T.);
#6649=ORIENTED_EDGE('',*,*,#5066,.F.);
#6650=ORIENTED_EDGE('',*,*,#5067,.F.);
#6651=ORIENTED_EDGE('',*,*,#5068,.F.);
#6652=ORIENTED_EDGE('',*,*,#5069,.F.);
#6653=ORIENTED_EDGE('',*,*,#5061,.F.);
#6654=ORIENTED_EDGE('',*,*,#5070,.T.);
#6655=ORIENTED_EDGE('',*,*,#5071,.F.);
#6656=ORIENTED_EDGE('',*,*,#5067,.T.);
#6657=ORIENTED_EDGE('',*,*,#5060,.F.);
#6658=ORIENTED_EDGE('',*,*,#5072,.F.);
#6659=ORIENTED_EDGE('',*,*,#5073,.F.);
#6660=ORIENTED_EDGE('',*,*,#5070,.F.);
#6661=ORIENTED_EDGE('',*,*,#5055,.F.);
#6662=ORIENTED_EDGE('',*,*,#5074,.T.);
#6663=ORIENTED_EDGE('',*,*,#5075,.F.);
#6664=ORIENTED_EDGE('',*,*,#5072,.T.);
#6665=ORIENTED_EDGE('',*,*,#5052,.F.);
#6666=ORIENTED_EDGE('',*,*,#5076,.T.);
#6667=ORIENTED_EDGE('',*,*,#5077,.F.);
#6668=ORIENTED_EDGE('',*,*,#5074,.F.);
#6669=ORIENTED_EDGE('',*,*,#5078,.T.);
#6670=ORIENTED_EDGE('',*,*,#5079,.T.);
#6671=ORIENTED_EDGE('',*,*,#5080,.T.);
#6672=ORIENTED_EDGE('',*,*,#5081,.T.);
#6673=ORIENTED_EDGE('',*,*,#5080,.F.);
#6674=ORIENTED_EDGE('',*,*,#5082,.T.);
#6675=ORIENTED_EDGE('',*,*,#5083,.T.);
#6676=ORIENTED_EDGE('',*,*,#5084,.T.);
#6677=ORIENTED_EDGE('',*,*,#5085,.T.);
#6678=ORIENTED_EDGE('',*,*,#5086,.T.);
#6679=ORIENTED_EDGE('',*,*,#5083,.F.);
#6680=ORIENTED_EDGE('',*,*,#5087,.T.);
#6681=ORIENTED_EDGE('',*,*,#5085,.F.);
#6682=ORIENTED_EDGE('',*,*,#5088,.T.);
#6683=ORIENTED_EDGE('',*,*,#5089,.T.);
#6684=ORIENTED_EDGE('',*,*,#5090,.T.);
#6685=ORIENTED_EDGE('',*,*,#5091,.T.);
#6686=ORIENTED_EDGE('',*,*,#5092,.T.);
#6687=ORIENTED_EDGE('',*,*,#5089,.F.);
#6688=ORIENTED_EDGE('',*,*,#5093,.T.);
#6689=ORIENTED_EDGE('',*,*,#5093,.F.);
#6690=ORIENTED_EDGE('',*,*,#5094,.F.);
#6691=ORIENTED_EDGE('',*,*,#5095,.F.);
#6692=ORIENTED_EDGE('',*,*,#5096,.F.);
#6693=ORIENTED_EDGE('',*,*,#5088,.F.);
#6694=ORIENTED_EDGE('',*,*,#5097,.T.);
#6695=ORIENTED_EDGE('',*,*,#5098,.F.);
#6696=ORIENTED_EDGE('',*,*,#5094,.T.);
#6697=ORIENTED_EDGE('',*,*,#5087,.F.);
#6698=ORIENTED_EDGE('',*,*,#5099,.F.);
#6699=ORIENTED_EDGE('',*,*,#5100,.F.);
#6700=ORIENTED_EDGE('',*,*,#5097,.F.);
#6701=ORIENTED_EDGE('',*,*,#5082,.F.);
#6702=ORIENTED_EDGE('',*,*,#5101,.T.);
#6703=ORIENTED_EDGE('',*,*,#5102,.F.);
#6704=ORIENTED_EDGE('',*,*,#5099,.T.);
#6705=ORIENTED_EDGE('',*,*,#5079,.F.);
#6706=ORIENTED_EDGE('',*,*,#5103,.T.);
#6707=ORIENTED_EDGE('',*,*,#5104,.F.);
#6708=ORIENTED_EDGE('',*,*,#5101,.F.);
#6709=ORIENTED_EDGE('',*,*,#5105,.T.);
#6710=ORIENTED_EDGE('',*,*,#5095,.T.);
#6711=ORIENTED_EDGE('',*,*,#5106,.T.);
#6712=ORIENTED_EDGE('',*,*,#5107,.T.);
#6713=ORIENTED_EDGE('',*,*,#5106,.F.);
#6714=ORIENTED_EDGE('',*,*,#5098,.T.);
#6715=ORIENTED_EDGE('',*,*,#5108,.T.);
#6716=ORIENTED_EDGE('',*,*,#5109,.T.);
#6717=ORIENTED_EDGE('',*,*,#5110,.T.);
#6718=ORIENTED_EDGE('',*,*,#5111,.T.);
#6719=ORIENTED_EDGE('',*,*,#5108,.F.);
#6720=ORIENTED_EDGE('',*,*,#5100,.T.);
#6721=ORIENTED_EDGE('',*,*,#5110,.F.);
#6722=ORIENTED_EDGE('',*,*,#5102,.T.);
#6723=ORIENTED_EDGE('',*,*,#5112,.T.);
#6724=ORIENTED_EDGE('',*,*,#5113,.T.);
#6725=ORIENTED_EDGE('',*,*,#5114,.T.);
#6726=ORIENTED_EDGE('',*,*,#5115,.T.);
#6727=ORIENTED_EDGE('',*,*,#5112,.F.);
#6728=ORIENTED_EDGE('',*,*,#5104,.T.);
#6729=ORIENTED_EDGE('',*,*,#5114,.F.);
#6730=ORIENTED_EDGE('',*,*,#5103,.F.);
#6731=ORIENTED_EDGE('',*,*,#5078,.F.);
#6732=ORIENTED_EDGE('',*,*,#5116,.F.);
#6733=ORIENTED_EDGE('',*,*,#5117,.T.);
#6734=ORIENTED_EDGE('',*,*,#5118,.F.);
#6735=ORIENTED_EDGE('',*,*,#5119,.T.);
#6736=ORIENTED_EDGE('',*,*,#5120,.F.);
#6737=ORIENTED_EDGE('',*,*,#5121,.F.);
#6738=ORIENTED_EDGE('',*,*,#5044,.T.);
#6739=ORIENTED_EDGE('',*,*,#5122,.T.);
#6740=ORIENTED_EDGE('',*,*,#5123,.T.);
#6741=ORIENTED_EDGE('',*,*,#5124,.T.);
#6742=ORIENTED_EDGE('',*,*,#5125,.T.);
#6743=ORIENTED_EDGE('',*,*,#5122,.F.);
#6744=ORIENTED_EDGE('',*,*,#5047,.T.);
#6745=ORIENTED_EDGE('',*,*,#5124,.F.);
#6746=ORIENTED_EDGE('',*,*,#5049,.T.);
#6747=ORIENTED_EDGE('',*,*,#5126,.T.);
#6748=ORIENTED_EDGE('',*,*,#5127,.T.);
#6749=ORIENTED_EDGE('',*,*,#5128,.T.);
#6750=ORIENTED_EDGE('',*,*,#5126,.F.);
#6751=ORIENTED_EDGE('',*,*,#5050,.T.);
#6752=ORIENTED_EDGE('',*,*,#4947,.T.);
#6753=ORIENTED_EDGE('',*,*,#5129,.T.);
#6754=ORIENTED_EDGE('',*,*,#5068,.T.);
#6755=ORIENTED_EDGE('',*,*,#5130,.T.);
#6756=ORIENTED_EDGE('',*,*,#5131,.T.);
#6757=ORIENTED_EDGE('',*,*,#5130,.F.);
#6758=ORIENTED_EDGE('',*,*,#5071,.T.);
#6759=ORIENTED_EDGE('',*,*,#5132,.T.);
#6760=ORIENTED_EDGE('',*,*,#5133,.T.);
#6761=ORIENTED_EDGE('',*,*,#5134,.T.);
#6762=ORIENTED_EDGE('',*,*,#5135,.T.);
#6763=ORIENTED_EDGE('',*,*,#5132,.F.);
#6764=ORIENTED_EDGE('',*,*,#5073,.T.);
#6765=ORIENTED_EDGE('',*,*,#5134,.F.);
#6766=ORIENTED_EDGE('',*,*,#5075,.T.);
#6767=ORIENTED_EDGE('',*,*,#5136,.T.);
#6768=ORIENTED_EDGE('',*,*,#5137,.T.);
#6769=ORIENTED_EDGE('',*,*,#5138,.T.);
#6770=ORIENTED_EDGE('',*,*,#5139,.T.);
#6771=ORIENTED_EDGE('',*,*,#5136,.F.);
#6772=ORIENTED_EDGE('',*,*,#5077,.T.);
#6773=ORIENTED_EDGE('',*,*,#5138,.F.);
#6774=ORIENTED_EDGE('',*,*,#5076,.F.);
#6775=ORIENTED_EDGE('',*,*,#5051,.F.);
#6776=ORIENTED_EDGE('',*,*,#5140,.F.);
#6777=ORIENTED_EDGE('',*,*,#5141,.T.);
#6778=ORIENTED_EDGE('',*,*,#5142,.F.);
#6779=ORIENTED_EDGE('',*,*,#5143,.T.);
#6780=ORIENTED_EDGE('',*,*,#5144,.F.);
#6781=ORIENTED_EDGE('',*,*,#5145,.T.);
#6782=ORIENTED_EDGE('',*,*,#5146,.T.);
#6783=ORIENTED_EDGE('',*,*,#5147,.T.);
#6784=ORIENTED_EDGE('',*,*,#5148,.T.);
#6785=ORIENTED_EDGE('',*,*,#5146,.F.);
#6786=ORIENTED_EDGE('',*,*,#5149,.F.);
#6787=ORIENTED_EDGE('',*,*,#5150,.F.);
#6788=ORIENTED_EDGE('',*,*,#5151,.F.);
#6789=ORIENTED_EDGE('',*,*,#5152,.T.);
#6790=ORIENTED_EDGE('',*,*,#5150,.T.);
#6791=ORIENTED_EDGE('',*,*,#5153,.T.);
#6792=ORIENTED_EDGE('',*,*,#5154,.T.);
#6793=ORIENTED_EDGE('',*,*,#5154,.F.);
#6794=ORIENTED_EDGE('',*,*,#5155,.F.);
#6795=ORIENTED_EDGE('',*,*,#5156,.F.);
#6796=ORIENTED_EDGE('',*,*,#5157,.F.);
#6797=ORIENTED_EDGE('',*,*,#5158,.T.);
#6798=ORIENTED_EDGE('',*,*,#5156,.T.);
#6799=ORIENTED_EDGE('',*,*,#5159,.T.);
#6800=ORIENTED_EDGE('',*,*,#5160,.T.);
#6801=ORIENTED_EDGE('',*,*,#5160,.F.);
#6802=ORIENTED_EDGE('',*,*,#5161,.F.);
#6803=ORIENTED_EDGE('',*,*,#5162,.F.);
#6804=ORIENTED_EDGE('',*,*,#5163,.F.);
#6805=ORIENTED_EDGE('',*,*,#5164,.T.);
#6806=ORIENTED_EDGE('',*,*,#5165,.T.);
#6807=ORIENTED_EDGE('',*,*,#5166,.T.);
#6808=ORIENTED_EDGE('',*,*,#5162,.T.);
#6809=ORIENTED_EDGE('',*,*,#5165,.F.);
#6810=ORIENTED_EDGE('',*,*,#5167,.F.);
#6811=ORIENTED_EDGE('',*,*,#5168,.F.);
#6812=ORIENTED_EDGE('',*,*,#5169,.F.);
#6813=ORIENTED_EDGE('',*,*,#5170,.T.);
#6814=ORIENTED_EDGE('',*,*,#5171,.T.);
#6815=ORIENTED_EDGE('',*,*,#5172,.T.);
#6816=ORIENTED_EDGE('',*,*,#5168,.T.);
#6817=ORIENTED_EDGE('',*,*,#5171,.F.);
#6818=ORIENTED_EDGE('',*,*,#5173,.F.);
#6819=ORIENTED_EDGE('',*,*,#5174,.F.);
#6820=ORIENTED_EDGE('',*,*,#5175,.F.);
#6821=ORIENTED_EDGE('',*,*,#5176,.T.);
#6822=ORIENTED_EDGE('',*,*,#5174,.T.);
#6823=ORIENTED_EDGE('',*,*,#5177,.T.);
#6824=ORIENTED_EDGE('',*,*,#5178,.T.);
#6825=ORIENTED_EDGE('',*,*,#5178,.F.);
#6826=ORIENTED_EDGE('',*,*,#5179,.F.);
#6827=ORIENTED_EDGE('',*,*,#5180,.F.);
#6828=ORIENTED_EDGE('',*,*,#5181,.F.);
#6829=ORIENTED_EDGE('',*,*,#5182,.T.);
#6830=ORIENTED_EDGE('',*,*,#5180,.T.);
#6831=ORIENTED_EDGE('',*,*,#5183,.T.);
#6832=ORIENTED_EDGE('',*,*,#5184,.T.);
#6833=ORIENTED_EDGE('',*,*,#5184,.F.);
#6834=ORIENTED_EDGE('',*,*,#5185,.F.);
#6835=ORIENTED_EDGE('',*,*,#5186,.F.);
#6836=ORIENTED_EDGE('',*,*,#5187,.F.);
#6837=ORIENTED_EDGE('',*,*,#5188,.T.);
#6838=ORIENTED_EDGE('',*,*,#5189,.T.);
#6839=ORIENTED_EDGE('',*,*,#5190,.T.);
#6840=ORIENTED_EDGE('',*,*,#5186,.T.);
#6841=ORIENTED_EDGE('',*,*,#5189,.F.);
#6842=ORIENTED_EDGE('',*,*,#5191,.F.);
#6843=ORIENTED_EDGE('',*,*,#5192,.F.);
#6844=ORIENTED_EDGE('',*,*,#5193,.F.);
#6845=ORIENTED_EDGE('',*,*,#5194,.T.);
#6846=ORIENTED_EDGE('',*,*,#5195,.T.);
#6847=ORIENTED_EDGE('',*,*,#5196,.T.);
#6848=ORIENTED_EDGE('',*,*,#5192,.T.);
#6849=ORIENTED_EDGE('',*,*,#5195,.F.);
#6850=ORIENTED_EDGE('',*,*,#5197,.F.);
#6851=ORIENTED_EDGE('',*,*,#5198,.F.);
#6852=ORIENTED_EDGE('',*,*,#5199,.F.);
#6853=ORIENTED_EDGE('',*,*,#5200,.T.);
#6854=ORIENTED_EDGE('',*,*,#5198,.T.);
#6855=ORIENTED_EDGE('',*,*,#5201,.T.);
#6856=ORIENTED_EDGE('',*,*,#5202,.T.);
#6857=ORIENTED_EDGE('',*,*,#5202,.F.);
#6858=ORIENTED_EDGE('',*,*,#5203,.F.);
#6859=ORIENTED_EDGE('',*,*,#5204,.F.);
#6860=ORIENTED_EDGE('',*,*,#5205,.F.);
#6861=ORIENTED_EDGE('',*,*,#5206,.T.);
#6862=ORIENTED_EDGE('',*,*,#5207,.T.);
#6863=ORIENTED_EDGE('',*,*,#5208,.T.);
#6864=ORIENTED_EDGE('',*,*,#5209,.T.);
#6865=ORIENTED_EDGE('',*,*,#5148,.F.);
#6866=ORIENTED_EDGE('',*,*,#5210,.F.);
#6867=ORIENTED_EDGE('',*,*,#5207,.F.);
#6868=ORIENTED_EDGE('',*,*,#5211,.F.);
#6869=ORIENTED_EDGE('',*,*,#5212,.T.);
#6870=ORIENTED_EDGE('',*,*,#5204,.T.);
#6871=ORIENTED_EDGE('',*,*,#5213,.T.);
#6872=ORIENTED_EDGE('',*,*,#5214,.T.);
#6873=ORIENTED_EDGE('',*,*,#5139,.F.);
#6874=ORIENTED_EDGE('',*,*,#5144,.T.);
#6875=ORIENTED_EDGE('',*,*,#5215,.T.);
#6876=ORIENTED_EDGE('',*,*,#5131,.F.);
#6877=ORIENTED_EDGE('',*,*,#5133,.F.);
#6878=ORIENTED_EDGE('',*,*,#5135,.F.);
#6879=ORIENTED_EDGE('',*,*,#5137,.F.);
#6880=ORIENTED_EDGE('',*,*,#5115,.F.);
#6881=ORIENTED_EDGE('',*,*,#5120,.T.);
#6882=ORIENTED_EDGE('',*,*,#5216,.T.);
#6883=ORIENTED_EDGE('',*,*,#5107,.F.);
#6884=ORIENTED_EDGE('',*,*,#5109,.F.);
#6885=ORIENTED_EDGE('',*,*,#5111,.F.);
#6886=ORIENTED_EDGE('',*,*,#5113,.F.);
#6887=ORIENTED_EDGE('',*,*,#5209,.F.);
#6888=ORIENTED_EDGE('',*,*,#5217,.F.);
#6889=ORIENTED_EDGE('',*,*,#5214,.F.);
#6890=ORIENTED_EDGE('',*,*,#5218,.F.);
#6891=ORIENTED_EDGE('',*,*,#5105,.F.);
#6892=ORIENTED_EDGE('',*,*,#5216,.F.);
#6893=ORIENTED_EDGE('',*,*,#5119,.F.);
#6894=ORIENTED_EDGE('',*,*,#5219,.F.);
#6895=ORIENTED_EDGE('',*,*,#4937,.F.);
#6896=ORIENTED_EDGE('',*,*,#5220,.F.);
#6897=ORIENTED_EDGE('',*,*,#5091,.F.);
#6898=ORIENTED_EDGE('',*,*,#5096,.T.);
#6899=ORIENTED_EDGE('',*,*,#5129,.F.);
#6900=ORIENTED_EDGE('',*,*,#5215,.F.);
#6901=ORIENTED_EDGE('',*,*,#5143,.F.);
#6902=ORIENTED_EDGE('',*,*,#5221,.F.);
#6903=ORIENTED_EDGE('',*,*,#5117,.F.);
#6904=ORIENTED_EDGE('',*,*,#5222,.F.);
#6905=ORIENTED_EDGE('',*,*,#5064,.F.);
#6906=ORIENTED_EDGE('',*,*,#5069,.T.);
#6907=ORIENTED_EDGE('',*,*,#4910,.T.);
#6908=ORIENTED_EDGE('',*,*,#5026,.T.);
#6909=ORIENTED_EDGE('',*,*,#5223,.F.);
#6910=ORIENTED_EDGE('',*,*,#5224,.F.);
#6911=ORIENTED_EDGE('',*,*,#5225,.F.);
#6912=ORIENTED_EDGE('',*,*,#5226,.F.);
#6913=ORIENTED_EDGE('',*,*,#5227,.F.);
#6914=ORIENTED_EDGE('',*,*,#5228,.T.);
#6915=ORIENTED_EDGE('',*,*,#5229,.T.);
#6916=ORIENTED_EDGE('',*,*,#5230,.F.);
#6917=ORIENTED_EDGE('',*,*,#5231,.F.);
#6918=ORIENTED_EDGE('',*,*,#5232,.F.);
#6919=ORIENTED_EDGE('',*,*,#5233,.F.);
#6920=ORIENTED_EDGE('',*,*,#5234,.F.);
#6921=ORIENTED_EDGE('',*,*,#5235,.T.);
#6922=ORIENTED_EDGE('',*,*,#5236,.T.);
#6923=ORIENTED_EDGE('',*,*,#5237,.F.);
#6924=ORIENTED_EDGE('',*,*,#5238,.F.);
#6925=ORIENTED_EDGE('',*,*,#5239,.F.);
#6926=ORIENTED_EDGE('',*,*,#5240,.F.);
#6927=ORIENTED_EDGE('',*,*,#5241,.F.);
#6928=ORIENTED_EDGE('',*,*,#5242,.T.);
#6929=ORIENTED_EDGE('',*,*,#5243,.T.);
#6930=ORIENTED_EDGE('',*,*,#5244,.F.);
#6931=ORIENTED_EDGE('',*,*,#5245,.F.);
#6932=ORIENTED_EDGE('',*,*,#5246,.F.);
#6933=ORIENTED_EDGE('',*,*,#5247,.F.);
#6934=ORIENTED_EDGE('',*,*,#5248,.F.);
#6935=ORIENTED_EDGE('',*,*,#5249,.F.);
#6936=ORIENTED_EDGE('',*,*,#5250,.F.);
#6937=ORIENTED_EDGE('',*,*,#5251,.F.);
#6938=ORIENTED_EDGE('',*,*,#5252,.F.);
#6939=ORIENTED_EDGE('',*,*,#5253,.T.);
#6940=ORIENTED_EDGE('',*,*,#5254,.T.);
#6941=ORIENTED_EDGE('',*,*,#5255,.F.);
#6942=ORIENTED_EDGE('',*,*,#5256,.F.);
#6943=ORIENTED_EDGE('',*,*,#5257,.F.);
#6944=ORIENTED_EDGE('',*,*,#5258,.F.);
#6945=ORIENTED_EDGE('',*,*,#5259,.F.);
#6946=ORIENTED_EDGE('',*,*,#5260,.T.);
#6947=ORIENTED_EDGE('',*,*,#5261,.T.);
#6948=ORIENTED_EDGE('',*,*,#5262,.F.);
#6949=ORIENTED_EDGE('',*,*,#5263,.F.);
#6950=ORIENTED_EDGE('',*,*,#5264,.F.);
#6951=ORIENTED_EDGE('',*,*,#5265,.F.);
#6952=ORIENTED_EDGE('',*,*,#5266,.F.);
#6953=ORIENTED_EDGE('',*,*,#5267,.F.);
#6954=ORIENTED_EDGE('',*,*,#5268,.F.);
#6955=ORIENTED_EDGE('',*,*,#5269,.F.);
#6956=ORIENTED_EDGE('',*,*,#5270,.F.);
#6957=ORIENTED_EDGE('',*,*,#5271,.T.);
#6958=ORIENTED_EDGE('',*,*,#5272,.T.);
#6959=ORIENTED_EDGE('',*,*,#5273,.F.);
#6960=ORIENTED_EDGE('',*,*,#5274,.F.);
#6961=ORIENTED_EDGE('',*,*,#5275,.F.);
#6962=ORIENTED_EDGE('',*,*,#5276,.F.);
#6963=ORIENTED_EDGE('',*,*,#5277,.F.);
#6964=ORIENTED_EDGE('',*,*,#5278,.T.);
#6965=ORIENTED_EDGE('',*,*,#5279,.T.);
#6966=ORIENTED_EDGE('',*,*,#5280,.F.);
#6967=ORIENTED_EDGE('',*,*,#5281,.F.);
#6968=ORIENTED_EDGE('',*,*,#5282,.F.);
#6969=ORIENTED_EDGE('',*,*,#5283,.F.);
#6970=ORIENTED_EDGE('',*,*,#5284,.F.);
#6971=ORIENTED_EDGE('',*,*,#5285,.F.);
#6972=ORIENTED_EDGE('',*,*,#5286,.F.);
#6973=ORIENTED_EDGE('',*,*,#5287,.F.);
#6974=ORIENTED_EDGE('',*,*,#5288,.F.);
#6975=ORIENTED_EDGE('',*,*,#5289,.T.);
#6976=ORIENTED_EDGE('',*,*,#5290,.T.);
#6977=ORIENTED_EDGE('',*,*,#5291,.F.);
#6978=ORIENTED_EDGE('',*,*,#5292,.F.);
#6979=ORIENTED_EDGE('',*,*,#5293,.F.);
#6980=ORIENTED_EDGE('',*,*,#5294,.F.);
#6981=ORIENTED_EDGE('',*,*,#5295,.F.);
#6982=ORIENTED_EDGE('',*,*,#5296,.T.);
#6983=ORIENTED_EDGE('',*,*,#5140,.T.);
#6984=ORIENTED_EDGE('',*,*,#5054,.F.);
#6985=ORIENTED_EDGE('',*,*,#5057,.F.);
#6986=ORIENTED_EDGE('',*,*,#5059,.F.);
#6987=ORIENTED_EDGE('',*,*,#5063,.F.);
#6988=ORIENTED_EDGE('',*,*,#5065,.F.);
#6989=ORIENTED_EDGE('',*,*,#5222,.T.);
#6990=ORIENTED_EDGE('',*,*,#5116,.T.);
#6991=ORIENTED_EDGE('',*,*,#5081,.F.);
#6992=ORIENTED_EDGE('',*,*,#5084,.F.);
#6993=ORIENTED_EDGE('',*,*,#5086,.F.);
#6994=ORIENTED_EDGE('',*,*,#5090,.F.);
#6995=ORIENTED_EDGE('',*,*,#5092,.F.);
#6996=ORIENTED_EDGE('',*,*,#5220,.T.);
#6997=ORIENTED_EDGE('',*,*,#4936,.T.);
#6998=ORIENTED_EDGE('',*,*,#4899,.F.);
#6999=ORIENTED_EDGE('',*,*,#4902,.F.);
#7000=ORIENTED_EDGE('',*,*,#4904,.F.);
#7001=ORIENTED_EDGE('',*,*,#4908,.F.);
#7002=ORIENTED_EDGE('',*,*,#4861,.F.);
#7003=ORIENTED_EDGE('',*,*,#4864,.F.);
#7004=ORIENTED_EDGE('',*,*,#4866,.F.);
#7005=ORIENTED_EDGE('',*,*,#4870,.F.);
#7006=ORIENTED_EDGE('',*,*,#5297,.F.);
#7007=ORIENTED_EDGE('',*,*,#5298,.F.);
#7008=ORIENTED_EDGE('',*,*,#5299,.F.);
#7009=ORIENTED_EDGE('',*,*,#5300,.F.);
#7010=ORIENTED_EDGE('',*,*,#5301,.F.);
#7011=ORIENTED_EDGE('',*,*,#5302,.F.);
#7012=ORIENTED_EDGE('',*,*,#5303,.F.);
#7013=ORIENTED_EDGE('',*,*,#5304,.F.);
#7014=ORIENTED_EDGE('',*,*,#5305,.F.);
#7015=ORIENTED_EDGE('',*,*,#5306,.F.);
#7016=ORIENTED_EDGE('',*,*,#5307,.F.);
#7017=ORIENTED_EDGE('',*,*,#4851,.T.);
#7018=ORIENTED_EDGE('',*,*,#4962,.F.);
#7019=ORIENTED_EDGE('',*,*,#4958,.T.);
#7020=ORIENTED_EDGE('',*,*,#4954,.F.);
#7021=ORIENTED_EDGE('',*,*,#5020,.T.);
#7022=ORIENTED_EDGE('',*,*,#5015,.F.);
#7023=ORIENTED_EDGE('',*,*,#5025,.T.);
#7024=ORIENTED_EDGE('',*,*,#5022,.F.);
#7025=ORIENTED_EDGE('',*,*,#5012,.T.);
#7026=ORIENTED_EDGE('',*,*,#5010,.F.);
#7027=ORIENTED_EDGE('',*,*,#5006,.T.);
#7028=ORIENTED_EDGE('',*,*,#5003,.F.);
#7029=ORIENTED_EDGE('',*,*,#5000,.T.);
#7030=ORIENTED_EDGE('',*,*,#4997,.F.);
#7031=ORIENTED_EDGE('',*,*,#4994,.T.);
#7032=ORIENTED_EDGE('',*,*,#4992,.F.);
#7033=ORIENTED_EDGE('',*,*,#4988,.T.);
#7034=ORIENTED_EDGE('',*,*,#4986,.F.);
#7035=ORIENTED_EDGE('',*,*,#4982,.T.);
#7036=ORIENTED_EDGE('',*,*,#4979,.F.);
#7037=ORIENTED_EDGE('',*,*,#4976,.T.);
#7038=ORIENTED_EDGE('',*,*,#4973,.F.);
#7039=ORIENTED_EDGE('',*,*,#4970,.T.);
#7040=ORIENTED_EDGE('',*,*,#4968,.F.);
#7041=ORIENTED_EDGE('',*,*,#4964,.T.);
#7042=ORIENTED_EDGE('',*,*,#5153,.F.);
#7043=ORIENTED_EDGE('',*,*,#5149,.T.);
#7044=ORIENTED_EDGE('',*,*,#5145,.F.);
#7045=ORIENTED_EDGE('',*,*,#5211,.T.);
#7046=ORIENTED_EDGE('',*,*,#5206,.F.);
#7047=ORIENTED_EDGE('',*,*,#5218,.T.);
#7048=ORIENTED_EDGE('',*,*,#5213,.F.);
#7049=ORIENTED_EDGE('',*,*,#5203,.T.);
#7050=ORIENTED_EDGE('',*,*,#5201,.F.);
#7051=ORIENTED_EDGE('',*,*,#5197,.T.);
#7052=ORIENTED_EDGE('',*,*,#5194,.F.);
#7053=ORIENTED_EDGE('',*,*,#5191,.T.);
#7054=ORIENTED_EDGE('',*,*,#5188,.F.);
#7055=ORIENTED_EDGE('',*,*,#5185,.T.);
#7056=ORIENTED_EDGE('',*,*,#5183,.F.);
#7057=ORIENTED_EDGE('',*,*,#5179,.T.);
#7058=ORIENTED_EDGE('',*,*,#5177,.F.);
#7059=ORIENTED_EDGE('',*,*,#5173,.T.);
#7060=ORIENTED_EDGE('',*,*,#5170,.F.);
#7061=ORIENTED_EDGE('',*,*,#5167,.T.);
#7062=ORIENTED_EDGE('',*,*,#5164,.F.);
#7063=ORIENTED_EDGE('',*,*,#5161,.T.);
#7064=ORIENTED_EDGE('',*,*,#5159,.F.);
#7065=ORIENTED_EDGE('',*,*,#5155,.T.);
#7066=ORIENTED_EDGE('',*,*,#5308,.F.);
#7067=ORIENTED_EDGE('',*,*,#4882,.F.);
#7068=ORIENTED_EDGE('',*,*,#4884,.F.);
#7069=ORIENTED_EDGE('',*,*,#4888,.F.);
#7070=ORIENTED_EDGE('',*,*,#5033,.F.);
#7071=ORIENTED_EDGE('',*,*,#5036,.F.);
#7072=ORIENTED_EDGE('',*,*,#5038,.F.);
#7073=ORIENTED_EDGE('',*,*,#5042,.F.);
#7074=ORIENTED_EDGE('',*,*,#5309,.F.);
#7075=ORIENTED_EDGE('',*,*,#5310,.F.);
#7076=ORIENTED_EDGE('',*,*,#5311,.F.);
#7077=ORIENTED_EDGE('',*,*,#5312,.F.);
#7078=ORIENTED_EDGE('',*,*,#5313,.F.);
#7079=ORIENTED_EDGE('',*,*,#5314,.T.);
#7080=ORIENTED_EDGE('',*,*,#5315,.F.);
#7081=ORIENTED_EDGE('',*,*,#5316,.T.);
#7082=ORIENTED_EDGE('',*,*,#5317,.F.);
#7083=ORIENTED_EDGE('',*,*,#5318,.T.);
#7084=ORIENTED_EDGE('',*,*,#5319,.F.);
#7085=ORIENTED_EDGE('',*,*,#5320,.T.);
#7086=ORIENTED_EDGE('',*,*,#5321,.F.);
#7087=ORIENTED_EDGE('',*,*,#5322,.T.);
#7088=ORIENTED_EDGE('',*,*,#5323,.F.);
#7089=ORIENTED_EDGE('',*,*,#5324,.T.);
#7090=ORIENTED_EDGE('',*,*,#5325,.F.);
#7091=ORIENTED_EDGE('',*,*,#5326,.T.);
#7092=ORIENTED_EDGE('',*,*,#5327,.F.);
#7093=ORIENTED_EDGE('',*,*,#5328,.T.);
#7094=ORIENTED_EDGE('',*,*,#5329,.F.);
#7095=ORIENTED_EDGE('',*,*,#5330,.T.);
#7096=ORIENTED_EDGE('',*,*,#5331,.F.);
#7097=ORIENTED_EDGE('',*,*,#5332,.T.);
#7098=ORIENTED_EDGE('',*,*,#5333,.F.);
#7099=ORIENTED_EDGE('',*,*,#5334,.T.);
#7100=ORIENTED_EDGE('',*,*,#5335,.F.);
#7101=ORIENTED_EDGE('',*,*,#5336,.T.);
#7102=ORIENTED_EDGE('',*,*,#5337,.F.);
#7103=ORIENTED_EDGE('',*,*,#5338,.F.);
#7104=ORIENTED_EDGE('',*,*,#5339,.F.);
#7105=ORIENTED_EDGE('',*,*,#5340,.F.);
#7106=ORIENTED_EDGE('',*,*,#5341,.F.);
#7107=ORIENTED_EDGE('',*,*,#5342,.F.);
#7108=ORIENTED_EDGE('',*,*,#5343,.F.);
#7109=ORIENTED_EDGE('',*,*,#5344,.F.);
#7110=ORIENTED_EDGE('',*,*,#5345,.F.);
#7111=ORIENTED_EDGE('',*,*,#5346,.F.);
#7112=ORIENTED_EDGE('',*,*,#5347,.F.);
#7113=ORIENTED_EDGE('',*,*,#5348,.F.);
#7114=ORIENTED_EDGE('',*,*,#5349,.F.);
#7115=ORIENTED_EDGE('',*,*,#5350,.T.);
#7116=ORIENTED_EDGE('',*,*,#5351,.F.);
#7117=ORIENTED_EDGE('',*,*,#5352,.T.);
#7118=ORIENTED_EDGE('',*,*,#5353,.F.);
#7119=ORIENTED_EDGE('',*,*,#5354,.T.);
#7120=ORIENTED_EDGE('',*,*,#5355,.F.);
#7121=ORIENTED_EDGE('',*,*,#5356,.T.);
#7122=ORIENTED_EDGE('',*,*,#5357,.F.);
#7123=ORIENTED_EDGE('',*,*,#5358,.T.);
#7124=ORIENTED_EDGE('',*,*,#5359,.F.);
#7125=ORIENTED_EDGE('',*,*,#5360,.T.);
#7126=ORIENTED_EDGE('',*,*,#5361,.F.);
#7127=ORIENTED_EDGE('',*,*,#5362,.T.);
#7128=ORIENTED_EDGE('',*,*,#5363,.F.);
#7129=ORIENTED_EDGE('',*,*,#5364,.T.);
#7130=ORIENTED_EDGE('',*,*,#5365,.F.);
#7131=ORIENTED_EDGE('',*,*,#5366,.T.);
#7132=ORIENTED_EDGE('',*,*,#5367,.F.);
#7133=ORIENTED_EDGE('',*,*,#5368,.T.);
#7134=ORIENTED_EDGE('',*,*,#5369,.F.);
#7135=ORIENTED_EDGE('',*,*,#5370,.T.);
#7136=ORIENTED_EDGE('',*,*,#5371,.F.);
#7137=ORIENTED_EDGE('',*,*,#5372,.T.);
#7138=ORIENTED_EDGE('',*,*,#5373,.F.);
#7139=ORIENTED_EDGE('',*,*,#5374,.T.);
#7140=ORIENTED_EDGE('',*,*,#5375,.F.);
#7141=ORIENTED_EDGE('',*,*,#5376,.T.);
#7142=ORIENTED_EDGE('',*,*,#5377,.F.);
#7143=ORIENTED_EDGE('',*,*,#5378,.T.);
#7144=ORIENTED_EDGE('',*,*,#5379,.F.);
#7145=ORIENTED_EDGE('',*,*,#5380,.T.);
#7146=ORIENTED_EDGE('',*,*,#5381,.F.);
#7147=ORIENTED_EDGE('',*,*,#5382,.T.);
#7148=ORIENTED_EDGE('',*,*,#5383,.F.);
#7149=ORIENTED_EDGE('',*,*,#5384,.T.);
#7150=ORIENTED_EDGE('',*,*,#5385,.F.);
#7151=ORIENTED_EDGE('',*,*,#5386,.T.);
#7152=ORIENTED_EDGE('',*,*,#5387,.F.);
#7153=ORIENTED_EDGE('',*,*,#5388,.T.);
#7154=ORIENTED_EDGE('',*,*,#5389,.F.);
#7155=ORIENTED_EDGE('',*,*,#5390,.T.);
#7156=ORIENTED_EDGE('',*,*,#5391,.F.);
#7157=ORIENTED_EDGE('',*,*,#5392,.T.);
#7158=ORIENTED_EDGE('',*,*,#5393,.F.);
#7159=ORIENTED_EDGE('',*,*,#5394,.T.);
#7160=ORIENTED_EDGE('',*,*,#5395,.F.);
#7161=ORIENTED_EDGE('',*,*,#5396,.T.);
#7162=ORIENTED_EDGE('',*,*,#5397,.F.);
#7163=ORIENTED_EDGE('',*,*,#5398,.T.);
#7164=ORIENTED_EDGE('',*,*,#5399,.F.);
#7165=ORIENTED_EDGE('',*,*,#5400,.T.);
#7166=ORIENTED_EDGE('',*,*,#5401,.F.);
#7167=ORIENTED_EDGE('',*,*,#5402,.T.);
#7168=ORIENTED_EDGE('',*,*,#5403,.F.);
#7169=ORIENTED_EDGE('',*,*,#5404,.T.);
#7170=ORIENTED_EDGE('',*,*,#5405,.F.);
#7171=ORIENTED_EDGE('',*,*,#5406,.T.);
#7172=ORIENTED_EDGE('',*,*,#5407,.F.);
#7173=ORIENTED_EDGE('',*,*,#5408,.T.);
#7174=ORIENTED_EDGE('',*,*,#5409,.F.);
#7175=ORIENTED_EDGE('',*,*,#5410,.T.);
#7176=ORIENTED_EDGE('',*,*,#5411,.F.);
#7177=ORIENTED_EDGE('',*,*,#5412,.T.);
#7178=ORIENTED_EDGE('',*,*,#5413,.F.);
#7179=ORIENTED_EDGE('',*,*,#5414,.T.);
#7180=ORIENTED_EDGE('',*,*,#5415,.F.);
#7181=ORIENTED_EDGE('',*,*,#5416,.T.);
#7182=ORIENTED_EDGE('',*,*,#5417,.F.);
#7183=ORIENTED_EDGE('',*,*,#5418,.T.);
#7184=ORIENTED_EDGE('',*,*,#5419,.F.);
#7185=ORIENTED_EDGE('',*,*,#5420,.T.);
#7186=ORIENTED_EDGE('',*,*,#5421,.F.);
#7187=ORIENTED_EDGE('',*,*,#5422,.T.);
#7188=ORIENTED_EDGE('',*,*,#5423,.F.);
#7189=ORIENTED_EDGE('',*,*,#5424,.T.);
#7190=ORIENTED_EDGE('',*,*,#5425,.F.);
#7191=ORIENTED_EDGE('',*,*,#5426,.T.);
#7192=ORIENTED_EDGE('',*,*,#5427,.F.);
#7193=ORIENTED_EDGE('',*,*,#5428,.T.);
#7194=ORIENTED_EDGE('',*,*,#5429,.F.);
#7195=ORIENTED_EDGE('',*,*,#5430,.T.);
#7196=ORIENTED_EDGE('',*,*,#5431,.F.);
#7197=ORIENTED_EDGE('',*,*,#5432,.T.);
#7198=ORIENTED_EDGE('',*,*,#5433,.F.);
#7199=ORIENTED_EDGE('',*,*,#5434,.T.);
#7200=ORIENTED_EDGE('',*,*,#5435,.F.);
#7201=ORIENTED_EDGE('',*,*,#5436,.T.);
#7202=ORIENTED_EDGE('',*,*,#5437,.F.);
#7203=ORIENTED_EDGE('',*,*,#5438,.T.);
#7204=ORIENTED_EDGE('',*,*,#5439,.F.);
#7205=ORIENTED_EDGE('',*,*,#5440,.T.);
#7206=ORIENTED_EDGE('',*,*,#5441,.F.);
#7207=ORIENTED_EDGE('',*,*,#5442,.T.);
#7208=ORIENTED_EDGE('',*,*,#5443,.F.);
#7209=ORIENTED_EDGE('',*,*,#5444,.T.);
#7210=ORIENTED_EDGE('',*,*,#5445,.F.);
#7211=ORIENTED_EDGE('',*,*,#5446,.T.);
#7212=ORIENTED_EDGE('',*,*,#5447,.F.);
#7213=ORIENTED_EDGE('',*,*,#5448,.T.);
#7214=ORIENTED_EDGE('',*,*,#5449,.F.);
#7215=ORIENTED_EDGE('',*,*,#5450,.T.);
#7216=ORIENTED_EDGE('',*,*,#5451,.F.);
#7217=ORIENTED_EDGE('',*,*,#5452,.T.);
#7218=ORIENTED_EDGE('',*,*,#5453,.F.);
#7219=ORIENTED_EDGE('',*,*,#5454,.T.);
#7220=ORIENTED_EDGE('',*,*,#5455,.F.);
#7221=ORIENTED_EDGE('',*,*,#5456,.T.);
#7222=ORIENTED_EDGE('',*,*,#5457,.F.);
#7223=ORIENTED_EDGE('',*,*,#5458,.T.);
#7224=ORIENTED_EDGE('',*,*,#5459,.F.);
#7225=ORIENTED_EDGE('',*,*,#5460,.T.);
#7226=ORIENTED_EDGE('',*,*,#5461,.F.);
#7227=ORIENTED_EDGE('',*,*,#5462,.T.);
#7228=ORIENTED_EDGE('',*,*,#5463,.F.);
#7229=ORIENTED_EDGE('',*,*,#5464,.T.);
#7230=ORIENTED_EDGE('',*,*,#5465,.F.);
#7231=ORIENTED_EDGE('',*,*,#5466,.T.);
#7232=ORIENTED_EDGE('',*,*,#5467,.F.);
#7233=ORIENTED_EDGE('',*,*,#5468,.T.);
#7234=ORIENTED_EDGE('',*,*,#5030,.T.);
#7235=ORIENTED_EDGE('',*,*,#5469,.T.);
#7236=ORIENTED_EDGE('',*,*,#5470,.T.);
#7237=ORIENTED_EDGE('',*,*,#5223,.T.);
#7238=ORIENTED_EDGE('',*,*,#5029,.T.);
#7239=ORIENTED_EDGE('',*,*,#5471,.F.);
#7240=ORIENTED_EDGE('',*,*,#5472,.F.);
#7241=ORIENTED_EDGE('',*,*,#5469,.F.);
#7242=ORIENTED_EDGE('',*,*,#5028,.T.);
#7243=ORIENTED_EDGE('',*,*,#5473,.T.);
#7244=ORIENTED_EDGE('',*,*,#5474,.F.);
#7245=ORIENTED_EDGE('',*,*,#5471,.T.);
#7246=ORIENTED_EDGE('',*,*,#5027,.T.);
#7247=ORIENTED_EDGE('',*,*,#4925,.F.);
#7248=ORIENTED_EDGE('',*,*,#4927,.F.);
#7249=ORIENTED_EDGE('',*,*,#4929,.F.);
#7250=ORIENTED_EDGE('',*,*,#4931,.F.);
#7251=ORIENTED_EDGE('',*,*,#4933,.F.);
#7252=ORIENTED_EDGE('',*,*,#4935,.T.);
#7253=ORIENTED_EDGE('',*,*,#5475,.T.);
#7254=ORIENTED_EDGE('',*,*,#5476,.F.);
#7255=ORIENTED_EDGE('',*,*,#5477,.F.);
#7256=ORIENTED_EDGE('',*,*,#5478,.F.);
#7257=ORIENTED_EDGE('',*,*,#5479,.F.);
#7258=ORIENTED_EDGE('',*,*,#5473,.F.);
#7259=ORIENTED_EDGE('',*,*,#4938,.T.);
#7260=ORIENTED_EDGE('',*,*,#5219,.T.);
#7261=ORIENTED_EDGE('',*,*,#5118,.T.);
#7262=ORIENTED_EDGE('',*,*,#5221,.T.);
#7263=ORIENTED_EDGE('',*,*,#5142,.T.);
#7264=ORIENTED_EDGE('',*,*,#5480,.T.);
#7265=ORIENTED_EDGE('',*,*,#5481,.T.);
#7266=ORIENTED_EDGE('',*,*,#5482,.T.);
#7267=ORIENTED_EDGE('',*,*,#5483,.T.);
#7268=ORIENTED_EDGE('',*,*,#5484,.T.);
#7269=ORIENTED_EDGE('',*,*,#5485,.T.);
#7270=ORIENTED_EDGE('',*,*,#5486,.T.);
#7271=ORIENTED_EDGE('',*,*,#5487,.T.);
#7272=ORIENTED_EDGE('',*,*,#5488,.T.);
#7273=ORIENTED_EDGE('',*,*,#5489,.T.);
#7274=ORIENTED_EDGE('',*,*,#5490,.T.);
#7275=ORIENTED_EDGE('',*,*,#5491,.T.);
#7276=ORIENTED_EDGE('',*,*,#5492,.T.);
#7277=ORIENTED_EDGE('',*,*,#5493,.T.);
#7278=ORIENTED_EDGE('',*,*,#5494,.T.);
#7279=ORIENTED_EDGE('',*,*,#5495,.T.);
#7280=ORIENTED_EDGE('',*,*,#5496,.T.);
#7281=ORIENTED_EDGE('',*,*,#5152,.F.);
#7282=ORIENTED_EDGE('',*,*,#5157,.T.);
#7283=ORIENTED_EDGE('',*,*,#5158,.F.);
#7284=ORIENTED_EDGE('',*,*,#5163,.T.);
#7285=ORIENTED_EDGE('',*,*,#5166,.F.);
#7286=ORIENTED_EDGE('',*,*,#5169,.T.);
#7287=ORIENTED_EDGE('',*,*,#5172,.F.);
#7288=ORIENTED_EDGE('',*,*,#5175,.T.);
#7289=ORIENTED_EDGE('',*,*,#5176,.F.);
#7290=ORIENTED_EDGE('',*,*,#5181,.T.);
#7291=ORIENTED_EDGE('',*,*,#5182,.F.);
#7292=ORIENTED_EDGE('',*,*,#5187,.T.);
#7293=ORIENTED_EDGE('',*,*,#5190,.F.);
#7294=ORIENTED_EDGE('',*,*,#5193,.T.);
#7295=ORIENTED_EDGE('',*,*,#5196,.F.);
#7296=ORIENTED_EDGE('',*,*,#5199,.T.);
#7297=ORIENTED_EDGE('',*,*,#5200,.F.);
#7298=ORIENTED_EDGE('',*,*,#5205,.T.);
#7299=ORIENTED_EDGE('',*,*,#5212,.F.);
#7300=ORIENTED_EDGE('',*,*,#5217,.T.);
#7301=ORIENTED_EDGE('',*,*,#5208,.F.);
#7302=ORIENTED_EDGE('',*,*,#5210,.T.);
#7303=ORIENTED_EDGE('',*,*,#5147,.F.);
#7304=ORIENTED_EDGE('',*,*,#5151,.T.);
#7305=ORIENTED_EDGE('',*,*,#4961,.F.);
#7306=ORIENTED_EDGE('',*,*,#4966,.T.);
#7307=ORIENTED_EDGE('',*,*,#4967,.F.);
#7308=ORIENTED_EDGE('',*,*,#4972,.T.);
#7309=ORIENTED_EDGE('',*,*,#4975,.F.);
#7310=ORIENTED_EDGE('',*,*,#4978,.T.);
#7311=ORIENTED_EDGE('',*,*,#4981,.F.);
#7312=ORIENTED_EDGE('',*,*,#4984,.T.);
#7313=ORIENTED_EDGE('',*,*,#4985,.F.);
#7314=ORIENTED_EDGE('',*,*,#4990,.T.);
#7315=ORIENTED_EDGE('',*,*,#4991,.F.);
#7316=ORIENTED_EDGE('',*,*,#4996,.T.);
#7317=ORIENTED_EDGE('',*,*,#4999,.F.);
#7318=ORIENTED_EDGE('',*,*,#5002,.T.);
#7319=ORIENTED_EDGE('',*,*,#5005,.F.);
#7320=ORIENTED_EDGE('',*,*,#5008,.T.);
#7321=ORIENTED_EDGE('',*,*,#5009,.F.);
#7322=ORIENTED_EDGE('',*,*,#5014,.T.);
#7323=ORIENTED_EDGE('',*,*,#5021,.F.);
#7324=ORIENTED_EDGE('',*,*,#5024,.T.);
#7325=ORIENTED_EDGE('',*,*,#5017,.F.);
#7326=ORIENTED_EDGE('',*,*,#5019,.T.);
#7327=ORIENTED_EDGE('',*,*,#4956,.F.);
#7328=ORIENTED_EDGE('',*,*,#4960,.T.);
#7329=ORIENTED_EDGE('',*,*,#5497,.F.);
#7330=ORIENTED_EDGE('',*,*,#5498,.T.);
#7331=ORIENTED_EDGE('',*,*,#5499,.F.);
#7332=ORIENTED_EDGE('',*,*,#5500,.T.);
#7333=ORIENTED_EDGE('',*,*,#5501,.F.);
#7334=ORIENTED_EDGE('',*,*,#5502,.T.);
#7335=ORIENTED_EDGE('',*,*,#5503,.F.);
#7336=ORIENTED_EDGE('',*,*,#5504,.T.);
#7337=ORIENTED_EDGE('',*,*,#5505,.F.);
#7338=ORIENTED_EDGE('',*,*,#5506,.T.);
#7339=ORIENTED_EDGE('',*,*,#5507,.F.);
#7340=ORIENTED_EDGE('',*,*,#5508,.T.);
#7341=ORIENTED_EDGE('',*,*,#5509,.F.);
#7342=ORIENTED_EDGE('',*,*,#5510,.T.);
#7343=ORIENTED_EDGE('',*,*,#5511,.F.);
#7344=ORIENTED_EDGE('',*,*,#5512,.T.);
#7345=ORIENTED_EDGE('',*,*,#5513,.F.);
#7346=ORIENTED_EDGE('',*,*,#5514,.T.);
#7347=ORIENTED_EDGE('',*,*,#5515,.F.);
#7348=ORIENTED_EDGE('',*,*,#5516,.T.);
#7349=ORIENTED_EDGE('',*,*,#5517,.F.);
#7350=ORIENTED_EDGE('',*,*,#5518,.T.);
#7351=ORIENTED_EDGE('',*,*,#5519,.F.);
#7352=ORIENTED_EDGE('',*,*,#5520,.T.);
#7353=ORIENTED_EDGE('',*,*,#5521,.F.);
#7354=ORIENTED_EDGE('',*,*,#5522,.T.);
#7355=ORIENTED_EDGE('',*,*,#5523,.F.);
#7356=ORIENTED_EDGE('',*,*,#5524,.T.);
#7357=ORIENTED_EDGE('',*,*,#5525,.F.);
#7358=ORIENTED_EDGE('',*,*,#5526,.T.);
#7359=ORIENTED_EDGE('',*,*,#5527,.F.);
#7360=ORIENTED_EDGE('',*,*,#5528,.T.);
#7361=ORIENTED_EDGE('',*,*,#5529,.F.);
#7362=ORIENTED_EDGE('',*,*,#5530,.T.);
#7363=ORIENTED_EDGE('',*,*,#5531,.F.);
#7364=ORIENTED_EDGE('',*,*,#5532,.T.);
#7365=ORIENTED_EDGE('',*,*,#5533,.F.);
#7366=ORIENTED_EDGE('',*,*,#5534,.T.);
#7367=ORIENTED_EDGE('',*,*,#5535,.F.);
#7368=ORIENTED_EDGE('',*,*,#5536,.T.);
#7369=ORIENTED_EDGE('',*,*,#5537,.F.);
#7370=ORIENTED_EDGE('',*,*,#5538,.T.);
#7371=ORIENTED_EDGE('',*,*,#5539,.F.);
#7372=ORIENTED_EDGE('',*,*,#5540,.T.);
#7373=ORIENTED_EDGE('',*,*,#5541,.F.);
#7374=ORIENTED_EDGE('',*,*,#5542,.T.);
#7375=ORIENTED_EDGE('',*,*,#5543,.F.);
#7376=ORIENTED_EDGE('',*,*,#5544,.T.);
#7377=ORIENTED_EDGE('',*,*,#5545,.F.);
#7378=ORIENTED_EDGE('',*,*,#5546,.T.);
#7379=ORIENTED_EDGE('',*,*,#5547,.F.);
#7380=ORIENTED_EDGE('',*,*,#5548,.T.);
#7381=ORIENTED_EDGE('',*,*,#5549,.F.);
#7382=ORIENTED_EDGE('',*,*,#5550,.T.);
#7383=ORIENTED_EDGE('',*,*,#5551,.F.);
#7384=ORIENTED_EDGE('',*,*,#5552,.T.);
#7385=ORIENTED_EDGE('',*,*,#5553,.F.);
#7386=ORIENTED_EDGE('',*,*,#5554,.T.);
#7387=ORIENTED_EDGE('',*,*,#5555,.F.);
#7388=ORIENTED_EDGE('',*,*,#5556,.T.);
#7389=ORIENTED_EDGE('',*,*,#5557,.F.);
#7390=ORIENTED_EDGE('',*,*,#5558,.T.);
#7391=ORIENTED_EDGE('',*,*,#5559,.F.);
#7392=ORIENTED_EDGE('',*,*,#5560,.T.);
#7393=ORIENTED_EDGE('',*,*,#5561,.F.);
#7394=ORIENTED_EDGE('',*,*,#5562,.T.);
#7395=ORIENTED_EDGE('',*,*,#5563,.F.);
#7396=ORIENTED_EDGE('',*,*,#5564,.T.);
#7397=ORIENTED_EDGE('',*,*,#5565,.F.);
#7398=ORIENTED_EDGE('',*,*,#5566,.T.);
#7399=ORIENTED_EDGE('',*,*,#5567,.F.);
#7400=ORIENTED_EDGE('',*,*,#5568,.T.);
#7401=ORIENTED_EDGE('',*,*,#5569,.F.);
#7402=ORIENTED_EDGE('',*,*,#5570,.T.);
#7403=ORIENTED_EDGE('',*,*,#5571,.F.);
#7404=ORIENTED_EDGE('',*,*,#5572,.T.);
#7405=ORIENTED_EDGE('',*,*,#5573,.F.);
#7406=ORIENTED_EDGE('',*,*,#5574,.T.);
#7407=ORIENTED_EDGE('',*,*,#5575,.F.);
#7408=ORIENTED_EDGE('',*,*,#5576,.T.);
#7409=ORIENTED_EDGE('',*,*,#5577,.F.);
#7410=ORIENTED_EDGE('',*,*,#5578,.T.);
#7411=ORIENTED_EDGE('',*,*,#5579,.F.);
#7412=ORIENTED_EDGE('',*,*,#5580,.T.);
#7413=ORIENTED_EDGE('',*,*,#5581,.F.);
#7414=ORIENTED_EDGE('',*,*,#5582,.T.);
#7415=ORIENTED_EDGE('',*,*,#5583,.F.);
#7416=ORIENTED_EDGE('',*,*,#5584,.T.);
#7417=ORIENTED_EDGE('',*,*,#5585,.F.);
#7418=ORIENTED_EDGE('',*,*,#5586,.T.);
#7419=ORIENTED_EDGE('',*,*,#5587,.F.);
#7420=ORIENTED_EDGE('',*,*,#5588,.T.);
#7421=ORIENTED_EDGE('',*,*,#5589,.F.);
#7422=ORIENTED_EDGE('',*,*,#5590,.T.);
#7423=ORIENTED_EDGE('',*,*,#5591,.F.);
#7424=ORIENTED_EDGE('',*,*,#5592,.T.);
#7425=ORIENTED_EDGE('',*,*,#5593,.F.);
#7426=ORIENTED_EDGE('',*,*,#5594,.T.);
#7427=ORIENTED_EDGE('',*,*,#5595,.F.);
#7428=ORIENTED_EDGE('',*,*,#5596,.T.);
#7429=ORIENTED_EDGE('',*,*,#5597,.F.);
#7430=ORIENTED_EDGE('',*,*,#5598,.T.);
#7431=ORIENTED_EDGE('',*,*,#5599,.F.);
#7432=ORIENTED_EDGE('',*,*,#5600,.T.);
#7433=ORIENTED_EDGE('',*,*,#5601,.F.);
#7434=ORIENTED_EDGE('',*,*,#5602,.T.);
#7435=ORIENTED_EDGE('',*,*,#5603,.F.);
#7436=ORIENTED_EDGE('',*,*,#5604,.T.);
#7437=ORIENTED_EDGE('',*,*,#5605,.F.);
#7438=ORIENTED_EDGE('',*,*,#5606,.T.);
#7439=ORIENTED_EDGE('',*,*,#5607,.F.);
#7440=ORIENTED_EDGE('',*,*,#5608,.T.);
#7441=ORIENTED_EDGE('',*,*,#5609,.F.);
#7442=ORIENTED_EDGE('',*,*,#5610,.T.);
#7443=ORIENTED_EDGE('',*,*,#5611,.F.);
#7444=ORIENTED_EDGE('',*,*,#5612,.T.);
#7445=ORIENTED_EDGE('',*,*,#5613,.F.);
#7446=ORIENTED_EDGE('',*,*,#5614,.T.);
#7447=ORIENTED_EDGE('',*,*,#5615,.F.);
#7448=ORIENTED_EDGE('',*,*,#5616,.T.);
#7449=ORIENTED_EDGE('',*,*,#5617,.F.);
#7450=ORIENTED_EDGE('',*,*,#5618,.T.);
#7451=ORIENTED_EDGE('',*,*,#5619,.F.);
#7452=ORIENTED_EDGE('',*,*,#5620,.T.);
#7453=ORIENTED_EDGE('',*,*,#5621,.F.);
#7454=ORIENTED_EDGE('',*,*,#5622,.T.);
#7455=ORIENTED_EDGE('',*,*,#5623,.F.);
#7456=ORIENTED_EDGE('',*,*,#5624,.T.);
#7457=ORIENTED_EDGE('',*,*,#5625,.F.);
#7458=ORIENTED_EDGE('',*,*,#5626,.T.);
#7459=ORIENTED_EDGE('',*,*,#5627,.F.);
#7460=ORIENTED_EDGE('',*,*,#5628,.T.);
#7461=ORIENTED_EDGE('',*,*,#5629,.F.);
#7462=ORIENTED_EDGE('',*,*,#5630,.T.);
#7463=ORIENTED_EDGE('',*,*,#5631,.F.);
#7464=ORIENTED_EDGE('',*,*,#5632,.T.);
#7465=ORIENTED_EDGE('',*,*,#5633,.F.);
#7466=ORIENTED_EDGE('',*,*,#5634,.T.);
#7467=ORIENTED_EDGE('',*,*,#5635,.F.);
#7468=ORIENTED_EDGE('',*,*,#5636,.T.);
#7469=ORIENTED_EDGE('',*,*,#5637,.F.);
#7470=ORIENTED_EDGE('',*,*,#5638,.T.);
#7471=ORIENTED_EDGE('',*,*,#5639,.F.);
#7472=ORIENTED_EDGE('',*,*,#5640,.T.);
#7473=ORIENTED_EDGE('',*,*,#5641,.T.);
#7474=ORIENTED_EDGE('',*,*,#5642,.T.);
#7475=ORIENTED_EDGE('',*,*,#5643,.T.);
#7476=ORIENTED_EDGE('',*,*,#5244,.T.);
#7477=ORIENTED_EDGE('',*,*,#5643,.F.);
#7478=ORIENTED_EDGE('',*,*,#5644,.T.);
#7479=ORIENTED_EDGE('',*,*,#5645,.T.);
#7480=ORIENTED_EDGE('',*,*,#5245,.T.);
#7481=ORIENTED_EDGE('',*,*,#5646,.T.);
#7482=ORIENTED_EDGE('',*,*,#5246,.T.);
#7483=ORIENTED_EDGE('',*,*,#5645,.F.);
#7484=ORIENTED_EDGE('',*,*,#5647,.T.);
#7485=ORIENTED_EDGE('',*,*,#5646,.F.);
#7486=ORIENTED_EDGE('',*,*,#5648,.T.);
#7487=ORIENTED_EDGE('',*,*,#5649,.T.);
#7488=ORIENTED_EDGE('',*,*,#5247,.T.);
#7489=ORIENTED_EDGE('',*,*,#5648,.F.);
#7490=ORIENTED_EDGE('',*,*,#5650,.T.);
#7491=ORIENTED_EDGE('',*,*,#5651,.F.);
#7492=ORIENTED_EDGE('',*,*,#5652,.T.);
#7493=ORIENTED_EDGE('',*,*,#5647,.F.);
#7494=ORIENTED_EDGE('',*,*,#5653,.F.);
#7495=ORIENTED_EDGE('',*,*,#5654,.F.);
#7496=ORIENTED_EDGE('',*,*,#5650,.F.);
#7497=ORIENTED_EDGE('',*,*,#5644,.F.);
#7498=ORIENTED_EDGE('',*,*,#5655,.T.);
#7499=ORIENTED_EDGE('',*,*,#5656,.F.);
#7500=ORIENTED_EDGE('',*,*,#5653,.T.);
#7501=ORIENTED_EDGE('',*,*,#5642,.F.);
#7502=ORIENTED_EDGE('',*,*,#5657,.T.);
#7503=ORIENTED_EDGE('',*,*,#5658,.F.);
#7504=ORIENTED_EDGE('',*,*,#5655,.F.);
#7505=ORIENTED_EDGE('',*,*,#5659,.F.);
#7506=ORIENTED_EDGE('',*,*,#5660,.T.);
#7507=ORIENTED_EDGE('',*,*,#5661,.T.);
#7508=ORIENTED_EDGE('',*,*,#5338,.T.);
#7509=ORIENTED_EDGE('',*,*,#5662,.T.);
#7510=ORIENTED_EDGE('',*,*,#5339,.T.);
#7511=ORIENTED_EDGE('',*,*,#5661,.F.);
#7512=ORIENTED_EDGE('',*,*,#5663,.T.);
#7513=ORIENTED_EDGE('',*,*,#5662,.F.);
#7514=ORIENTED_EDGE('',*,*,#5664,.T.);
#7515=ORIENTED_EDGE('',*,*,#5665,.T.);
#7516=ORIENTED_EDGE('',*,*,#5340,.T.);
#7517=ORIENTED_EDGE('',*,*,#5664,.F.);
#7518=ORIENTED_EDGE('',*,*,#5666,.T.);
#7519=ORIENTED_EDGE('',*,*,#5667,.F.);
#7520=ORIENTED_EDGE('',*,*,#5668,.T.);
#7521=ORIENTED_EDGE('',*,*,#5663,.F.);
#7522=ORIENTED_EDGE('',*,*,#5669,.F.);
#7523=ORIENTED_EDGE('',*,*,#5670,.F.);
#7524=ORIENTED_EDGE('',*,*,#5666,.F.);
#7525=ORIENTED_EDGE('',*,*,#5660,.F.);
#7526=ORIENTED_EDGE('',*,*,#5671,.T.);
#7527=ORIENTED_EDGE('',*,*,#5672,.F.);
#7528=ORIENTED_EDGE('',*,*,#5669,.T.);
#7529=ORIENTED_EDGE('',*,*,#5673,.T.);
#7530=ORIENTED_EDGE('',*,*,#5674,.T.);
#7531=ORIENTED_EDGE('',*,*,#5675,.T.);
#7532=ORIENTED_EDGE('',*,*,#5237,.T.);
#7533=ORIENTED_EDGE('',*,*,#5675,.F.);
#7534=ORIENTED_EDGE('',*,*,#5676,.T.);
#7535=ORIENTED_EDGE('',*,*,#5677,.T.);
#7536=ORIENTED_EDGE('',*,*,#5238,.T.);
#7537=ORIENTED_EDGE('',*,*,#5678,.T.);
#7538=ORIENTED_EDGE('',*,*,#5239,.T.);
#7539=ORIENTED_EDGE('',*,*,#5677,.F.);
#7540=ORIENTED_EDGE('',*,*,#5679,.T.);
#7541=ORIENTED_EDGE('',*,*,#5678,.F.);
#7542=ORIENTED_EDGE('',*,*,#5680,.T.);
#7543=ORIENTED_EDGE('',*,*,#5681,.T.);
#7544=ORIENTED_EDGE('',*,*,#5240,.T.);
#7545=ORIENTED_EDGE('',*,*,#5682,.T.);
#7546=ORIENTED_EDGE('',*,*,#5241,.T.);
#7547=ORIENTED_EDGE('',*,*,#5681,.F.);
#7548=ORIENTED_EDGE('',*,*,#5683,.T.);
#7549=ORIENTED_EDGE('',*,*,#5683,.F.);
#7550=ORIENTED_EDGE('',*,*,#5684,.F.);
#7551=ORIENTED_EDGE('',*,*,#5685,.F.);
#7552=ORIENTED_EDGE('',*,*,#5686,.F.);
#7553=ORIENTED_EDGE('',*,*,#5680,.F.);
#7554=ORIENTED_EDGE('',*,*,#5687,.T.);
#7555=ORIENTED_EDGE('',*,*,#5688,.F.);
#7556=ORIENTED_EDGE('',*,*,#5684,.T.);
#7557=ORIENTED_EDGE('',*,*,#5679,.F.);
#7558=ORIENTED_EDGE('',*,*,#5689,.F.);
#7559=ORIENTED_EDGE('',*,*,#5690,.F.);
#7560=ORIENTED_EDGE('',*,*,#5687,.F.);
#7561=ORIENTED_EDGE('',*,*,#5676,.F.);
#7562=ORIENTED_EDGE('',*,*,#5691,.T.);
#7563=ORIENTED_EDGE('',*,*,#5692,.F.);
#7564=ORIENTED_EDGE('',*,*,#5689,.T.);
#7565=ORIENTED_EDGE('',*,*,#5674,.F.);
#7566=ORIENTED_EDGE('',*,*,#5693,.T.);
#7567=ORIENTED_EDGE('',*,*,#5694,.F.);
#7568=ORIENTED_EDGE('',*,*,#5691,.F.);
#7569=ORIENTED_EDGE('',*,*,#5695,.T.);
#7570=ORIENTED_EDGE('',*,*,#5685,.T.);
#7571=ORIENTED_EDGE('',*,*,#5696,.T.);
#7572=ORIENTED_EDGE('',*,*,#5697,.T.);
#7573=ORIENTED_EDGE('',*,*,#5696,.F.);
#7574=ORIENTED_EDGE('',*,*,#5688,.T.);
#7575=ORIENTED_EDGE('',*,*,#5698,.T.);
#7576=ORIENTED_EDGE('',*,*,#5699,.T.);
#7577=ORIENTED_EDGE('',*,*,#5700,.T.);
#7578=ORIENTED_EDGE('',*,*,#5701,.T.);
#7579=ORIENTED_EDGE('',*,*,#5698,.F.);
#7580=ORIENTED_EDGE('',*,*,#5690,.T.);
#7581=ORIENTED_EDGE('',*,*,#5700,.F.);
#7582=ORIENTED_EDGE('',*,*,#5692,.T.);
#7583=ORIENTED_EDGE('',*,*,#5702,.T.);
#7584=ORIENTED_EDGE('',*,*,#5703,.T.);
#7585=ORIENTED_EDGE('',*,*,#5704,.T.);
#7586=ORIENTED_EDGE('',*,*,#5705,.T.);
#7587=ORIENTED_EDGE('',*,*,#5702,.F.);
#7588=ORIENTED_EDGE('',*,*,#5694,.T.);
#7589=ORIENTED_EDGE('',*,*,#5704,.F.);
#7590=ORIENTED_EDGE('',*,*,#5693,.F.);
#7591=ORIENTED_EDGE('',*,*,#5673,.F.);
#7592=ORIENTED_EDGE('',*,*,#5236,.F.);
#7593=ORIENTED_EDGE('',*,*,#5706,.T.);
#7594=ORIENTED_EDGE('',*,*,#5493,.F.);
#7595=ORIENTED_EDGE('',*,*,#5707,.T.);
#7596=ORIENTED_EDGE('',*,*,#5708,.F.);
#7597=ORIENTED_EDGE('',*,*,#5709,.F.);
#7598=ORIENTED_EDGE('',*,*,#5651,.T.);
#7599=ORIENTED_EDGE('',*,*,#5710,.T.);
#7600=ORIENTED_EDGE('',*,*,#5711,.T.);
#7601=ORIENTED_EDGE('',*,*,#5712,.T.);
#7602=ORIENTED_EDGE('',*,*,#5713,.T.);
#7603=ORIENTED_EDGE('',*,*,#5710,.F.);
#7604=ORIENTED_EDGE('',*,*,#5654,.T.);
#7605=ORIENTED_EDGE('',*,*,#5712,.F.);
#7606=ORIENTED_EDGE('',*,*,#5656,.T.);
#7607=ORIENTED_EDGE('',*,*,#5714,.T.);
#7608=ORIENTED_EDGE('',*,*,#5715,.T.);
#7609=ORIENTED_EDGE('',*,*,#5716,.T.);
#7610=ORIENTED_EDGE('',*,*,#5717,.T.);
#7611=ORIENTED_EDGE('',*,*,#5714,.F.);
#7612=ORIENTED_EDGE('',*,*,#5658,.T.);
#7613=ORIENTED_EDGE('',*,*,#5718,.F.);
#7614=ORIENTED_EDGE('',*,*,#5667,.T.);
#7615=ORIENTED_EDGE('',*,*,#5719,.T.);
#7616=ORIENTED_EDGE('',*,*,#5720,.T.);
#7617=ORIENTED_EDGE('',*,*,#5721,.T.);
#7618=ORIENTED_EDGE('',*,*,#5722,.T.);
#7619=ORIENTED_EDGE('',*,*,#5719,.F.);
#7620=ORIENTED_EDGE('',*,*,#5670,.T.);
#7621=ORIENTED_EDGE('',*,*,#5721,.F.);
#7622=ORIENTED_EDGE('',*,*,#5672,.T.);
#7623=ORIENTED_EDGE('',*,*,#5723,.T.);
#7624=ORIENTED_EDGE('',*,*,#5724,.T.);
#7625=ORIENTED_EDGE('',*,*,#5423,.T.);
#7626=ORIENTED_EDGE('',*,*,#5725,.T.);
#7627=ORIENTED_EDGE('',*,*,#5615,.T.);
#7628=ORIENTED_EDGE('',*,*,#5726,.T.);
#7629=ORIENTED_EDGE('',*,*,#5725,.F.);
#7630=ORIENTED_EDGE('',*,*,#5422,.F.);
#7631=ORIENTED_EDGE('',*,*,#5727,.F.);
#7632=ORIENTED_EDGE('',*,*,#5616,.F.);
#7633=ORIENTED_EDGE('',*,*,#5593,.T.);
#7634=ORIENTED_EDGE('',*,*,#5727,.T.);
#7635=ORIENTED_EDGE('',*,*,#5421,.T.);
#7636=ORIENTED_EDGE('',*,*,#5728,.T.);
#7637=ORIENTED_EDGE('',*,*,#5728,.F.);
#7638=ORIENTED_EDGE('',*,*,#5444,.F.);
#7639=ORIENTED_EDGE('',*,*,#5729,.F.);
#7640=ORIENTED_EDGE('',*,*,#5594,.F.);
#7641=ORIENTED_EDGE('',*,*,#5595,.T.);
#7642=ORIENTED_EDGE('',*,*,#5729,.T.);
#7643=ORIENTED_EDGE('',*,*,#5443,.T.);
#7644=ORIENTED_EDGE('',*,*,#5730,.T.);
#7645=ORIENTED_EDGE('',*,*,#5730,.F.);
#7646=ORIENTED_EDGE('',*,*,#5442,.F.);
#7647=ORIENTED_EDGE('',*,*,#5731,.F.);
#7648=ORIENTED_EDGE('',*,*,#5596,.F.);
#7649=ORIENTED_EDGE('',*,*,#5441,.T.);
#7650=ORIENTED_EDGE('',*,*,#5732,.T.);
#7651=ORIENTED_EDGE('',*,*,#5597,.T.);
#7652=ORIENTED_EDGE('',*,*,#5731,.T.);
#7653=ORIENTED_EDGE('',*,*,#5732,.F.);
#7654=ORIENTED_EDGE('',*,*,#5440,.F.);
#7655=ORIENTED_EDGE('',*,*,#5733,.F.);
#7656=ORIENTED_EDGE('',*,*,#5598,.F.);
#7657=ORIENTED_EDGE('',*,*,#5439,.T.);
#7658=ORIENTED_EDGE('',*,*,#5734,.T.);
#7659=ORIENTED_EDGE('',*,*,#5599,.T.);
#7660=ORIENTED_EDGE('',*,*,#5733,.T.);
#7661=ORIENTED_EDGE('',*,*,#5734,.F.);
#7662=ORIENTED_EDGE('',*,*,#5438,.F.);
#7663=ORIENTED_EDGE('',*,*,#5735,.F.);
#7664=ORIENTED_EDGE('',*,*,#5600,.F.);
#7665=ORIENTED_EDGE('',*,*,#5601,.T.);
#7666=ORIENTED_EDGE('',*,*,#5735,.T.);
#7667=ORIENTED_EDGE('',*,*,#5437,.T.);
#7668=ORIENTED_EDGE('',*,*,#5736,.T.);
#7669=ORIENTED_EDGE('',*,*,#5736,.F.);
#7670=ORIENTED_EDGE('',*,*,#5436,.F.);
#7671=ORIENTED_EDGE('',*,*,#5737,.F.);
#7672=ORIENTED_EDGE('',*,*,#5602,.F.);
#7673=ORIENTED_EDGE('',*,*,#5603,.T.);
#7674=ORIENTED_EDGE('',*,*,#5737,.T.);
#7675=ORIENTED_EDGE('',*,*,#5435,.T.);
#7676=ORIENTED_EDGE('',*,*,#5738,.T.);
#7677=ORIENTED_EDGE('',*,*,#5738,.F.);
#7678=ORIENTED_EDGE('',*,*,#5434,.F.);
#7679=ORIENTED_EDGE('',*,*,#5739,.F.);
#7680=ORIENTED_EDGE('',*,*,#5604,.F.);
#7681=ORIENTED_EDGE('',*,*,#5433,.T.);
#7682=ORIENTED_EDGE('',*,*,#5740,.T.);
#7683=ORIENTED_EDGE('',*,*,#5605,.T.);
#7684=ORIENTED_EDGE('',*,*,#5739,.T.);
#7685=ORIENTED_EDGE('',*,*,#5740,.F.);
#7686=ORIENTED_EDGE('',*,*,#5432,.F.);
#7687=ORIENTED_EDGE('',*,*,#5741,.F.);
#7688=ORIENTED_EDGE('',*,*,#5606,.F.);
#7689=ORIENTED_EDGE('',*,*,#5431,.T.);
#7690=ORIENTED_EDGE('',*,*,#5742,.T.);
#7691=ORIENTED_EDGE('',*,*,#5607,.T.);
#7692=ORIENTED_EDGE('',*,*,#5741,.T.);
#7693=ORIENTED_EDGE('',*,*,#5742,.F.);
#7694=ORIENTED_EDGE('',*,*,#5430,.F.);
#7695=ORIENTED_EDGE('',*,*,#5743,.F.);
#7696=ORIENTED_EDGE('',*,*,#5608,.F.);
#7697=ORIENTED_EDGE('',*,*,#5609,.T.);
#7698=ORIENTED_EDGE('',*,*,#5743,.T.);
#7699=ORIENTED_EDGE('',*,*,#5429,.T.);
#7700=ORIENTED_EDGE('',*,*,#5744,.T.);
#7701=ORIENTED_EDGE('',*,*,#5744,.F.);
#7702=ORIENTED_EDGE('',*,*,#5428,.F.);
#7703=ORIENTED_EDGE('',*,*,#5745,.F.);
#7704=ORIENTED_EDGE('',*,*,#5610,.F.);
#7705=ORIENTED_EDGE('',*,*,#5425,.T.);
#7706=ORIENTED_EDGE('',*,*,#5746,.T.);
#7707=ORIENTED_EDGE('',*,*,#5613,.T.);
#7708=ORIENTED_EDGE('',*,*,#5747,.T.);
#7709=ORIENTED_EDGE('',*,*,#5726,.F.);
#7710=ORIENTED_EDGE('',*,*,#5614,.F.);
#7711=ORIENTED_EDGE('',*,*,#5746,.F.);
#7712=ORIENTED_EDGE('',*,*,#5424,.F.);
#7713=ORIENTED_EDGE('',*,*,#5611,.T.);
#7714=ORIENTED_EDGE('',*,*,#5745,.T.);
#7715=ORIENTED_EDGE('',*,*,#5427,.T.);
#7716=ORIENTED_EDGE('',*,*,#5748,.T.);
#7717=ORIENTED_EDGE('',*,*,#5705,.F.);
#7718=ORIENTED_EDGE('',*,*,#5708,.T.);
#7719=ORIENTED_EDGE('',*,*,#5749,.T.);
#7720=ORIENTED_EDGE('',*,*,#5697,.F.);
#7721=ORIENTED_EDGE('',*,*,#5699,.F.);
#7722=ORIENTED_EDGE('',*,*,#5701,.F.);
#7723=ORIENTED_EDGE('',*,*,#5703,.F.);
#7724=ORIENTED_EDGE('',*,*,#5747,.F.);
#7725=ORIENTED_EDGE('',*,*,#5612,.F.);
#7726=ORIENTED_EDGE('',*,*,#5748,.F.);
#7727=ORIENTED_EDGE('',*,*,#5426,.F.);
#7728=ORIENTED_EDGE('',*,*,#5695,.F.);
#7729=ORIENTED_EDGE('',*,*,#5749,.F.);
#7730=ORIENTED_EDGE('',*,*,#5707,.F.);
#7731=ORIENTED_EDGE('',*,*,#5492,.F.);
#7732=ORIENTED_EDGE('',*,*,#5750,.F.);
#7733=ORIENTED_EDGE('',*,*,#5242,.F.);
#7734=ORIENTED_EDGE('',*,*,#5682,.F.);
#7735=ORIENTED_EDGE('',*,*,#5686,.T.);
#7736=ORIENTED_EDGE('',*,*,#5716,.F.);
#7737=ORIENTED_EDGE('',*,*,#5657,.F.);
#7738=ORIENTED_EDGE('',*,*,#5641,.F.);
#7739=ORIENTED_EDGE('',*,*,#5243,.F.);
#7740=ORIENTED_EDGE('',*,*,#5750,.T.);
#7741=ORIENTED_EDGE('',*,*,#5491,.F.);
#7742=ORIENTED_EDGE('',*,*,#5751,.T.);
#7743=ORIENTED_EDGE('',*,*,#5752,.F.);
#7744=ORIENTED_EDGE('',*,*,#5753,.T.);
#7745=ORIENTED_EDGE('',*,*,#5754,.T.);
#7746=ORIENTED_EDGE('',*,*,#5341,.T.);
#7747=ORIENTED_EDGE('',*,*,#5665,.F.);
#7748=ORIENTED_EDGE('',*,*,#5754,.F.);
#7749=ORIENTED_EDGE('',*,*,#5755,.T.);
#7750=ORIENTED_EDGE('',*,*,#5756,.T.);
#7751=ORIENTED_EDGE('',*,*,#5342,.T.);
#7752=ORIENTED_EDGE('',*,*,#5757,.T.);
#7753=ORIENTED_EDGE('',*,*,#5343,.T.);
#7754=ORIENTED_EDGE('',*,*,#5756,.F.);
#7755=ORIENTED_EDGE('',*,*,#5758,.T.);
#7756=ORIENTED_EDGE('',*,*,#5757,.F.);
#7757=ORIENTED_EDGE('',*,*,#5759,.T.);
#7758=ORIENTED_EDGE('',*,*,#5760,.T.);
#7759=ORIENTED_EDGE('',*,*,#5344,.T.);
#7760=ORIENTED_EDGE('',*,*,#5759,.F.);
#7761=ORIENTED_EDGE('',*,*,#5761,.T.);
#7762=ORIENTED_EDGE('',*,*,#5762,.F.);
#7763=ORIENTED_EDGE('',*,*,#5763,.T.);
#7764=ORIENTED_EDGE('',*,*,#5758,.F.);
#7765=ORIENTED_EDGE('',*,*,#5764,.F.);
#7766=ORIENTED_EDGE('',*,*,#5765,.F.);
#7767=ORIENTED_EDGE('',*,*,#5761,.F.);
#7768=ORIENTED_EDGE('',*,*,#5755,.F.);
#7769=ORIENTED_EDGE('',*,*,#5766,.T.);
#7770=ORIENTED_EDGE('',*,*,#5767,.F.);
#7771=ORIENTED_EDGE('',*,*,#5764,.T.);
#7772=ORIENTED_EDGE('',*,*,#5753,.F.);
#7773=ORIENTED_EDGE('',*,*,#5668,.F.);
#7774=ORIENTED_EDGE('',*,*,#5768,.F.);
#7775=ORIENTED_EDGE('',*,*,#5766,.F.);
#7776=ORIENTED_EDGE('',*,*,#5470,.F.);
#7777=ORIENTED_EDGE('',*,*,#5769,.T.);
#7778=ORIENTED_EDGE('',*,*,#5770,.T.);
#7779=ORIENTED_EDGE('',*,*,#5224,.T.);
#7780=ORIENTED_EDGE('',*,*,#5771,.T.);
#7781=ORIENTED_EDGE('',*,*,#5225,.T.);
#7782=ORIENTED_EDGE('',*,*,#5770,.F.);
#7783=ORIENTED_EDGE('',*,*,#5772,.T.);
#7784=ORIENTED_EDGE('',*,*,#5771,.F.);
#7785=ORIENTED_EDGE('',*,*,#5773,.T.);
#7786=ORIENTED_EDGE('',*,*,#5774,.T.);
#7787=ORIENTED_EDGE('',*,*,#5226,.T.);
#7788=ORIENTED_EDGE('',*,*,#5775,.T.);
#7789=ORIENTED_EDGE('',*,*,#5227,.T.);
#7790=ORIENTED_EDGE('',*,*,#5774,.F.);
#7791=ORIENTED_EDGE('',*,*,#5776,.T.);
#7792=ORIENTED_EDGE('',*,*,#5776,.F.);
#7793=ORIENTED_EDGE('',*,*,#5777,.F.);
#7794=ORIENTED_EDGE('',*,*,#5778,.F.);
#7795=ORIENTED_EDGE('',*,*,#5779,.F.);
#7796=ORIENTED_EDGE('',*,*,#5773,.F.);
#7797=ORIENTED_EDGE('',*,*,#5780,.T.);
#7798=ORIENTED_EDGE('',*,*,#5781,.F.);
#7799=ORIENTED_EDGE('',*,*,#5777,.T.);
#7800=ORIENTED_EDGE('',*,*,#5772,.F.);
#7801=ORIENTED_EDGE('',*,*,#5782,.F.);
#7802=ORIENTED_EDGE('',*,*,#5783,.F.);
#7803=ORIENTED_EDGE('',*,*,#5780,.F.);
#7804=ORIENTED_EDGE('',*,*,#5769,.F.);
#7805=ORIENTED_EDGE('',*,*,#5472,.T.);
#7806=ORIENTED_EDGE('',*,*,#5784,.F.);
#7807=ORIENTED_EDGE('',*,*,#5782,.T.);
#7808=ORIENTED_EDGE('',*,*,#5785,.T.);
#7809=ORIENTED_EDGE('',*,*,#5786,.T.);
#7810=ORIENTED_EDGE('',*,*,#5787,.T.);
#7811=ORIENTED_EDGE('',*,*,#5230,.T.);
#7812=ORIENTED_EDGE('',*,*,#5787,.F.);
#7813=ORIENTED_EDGE('',*,*,#5788,.T.);
#7814=ORIENTED_EDGE('',*,*,#5789,.T.);
#7815=ORIENTED_EDGE('',*,*,#5231,.T.);
#7816=ORIENTED_EDGE('',*,*,#5790,.T.);
#7817=ORIENTED_EDGE('',*,*,#5232,.T.);
#7818=ORIENTED_EDGE('',*,*,#5789,.F.);
#7819=ORIENTED_EDGE('',*,*,#5791,.T.);
#7820=ORIENTED_EDGE('',*,*,#5790,.F.);
#7821=ORIENTED_EDGE('',*,*,#5792,.T.);
#7822=ORIENTED_EDGE('',*,*,#5793,.T.);
#7823=ORIENTED_EDGE('',*,*,#5233,.T.);
#7824=ORIENTED_EDGE('',*,*,#5794,.T.);
#7825=ORIENTED_EDGE('',*,*,#5234,.T.);
#7826=ORIENTED_EDGE('',*,*,#5793,.F.);
#7827=ORIENTED_EDGE('',*,*,#5795,.T.);
#7828=ORIENTED_EDGE('',*,*,#5795,.F.);
#7829=ORIENTED_EDGE('',*,*,#5796,.F.);
#7830=ORIENTED_EDGE('',*,*,#5797,.F.);
#7831=ORIENTED_EDGE('',*,*,#5798,.F.);
#7832=ORIENTED_EDGE('',*,*,#5792,.F.);
#7833=ORIENTED_EDGE('',*,*,#5799,.T.);
#7834=ORIENTED_EDGE('',*,*,#5800,.F.);
#7835=ORIENTED_EDGE('',*,*,#5796,.T.);
#7836=ORIENTED_EDGE('',*,*,#5791,.F.);
#7837=ORIENTED_EDGE('',*,*,#5801,.F.);
#7838=ORIENTED_EDGE('',*,*,#5802,.F.);
#7839=ORIENTED_EDGE('',*,*,#5799,.F.);
#7840=ORIENTED_EDGE('',*,*,#5788,.F.);
#7841=ORIENTED_EDGE('',*,*,#5803,.T.);
#7842=ORIENTED_EDGE('',*,*,#5804,.F.);
#7843=ORIENTED_EDGE('',*,*,#5801,.T.);
#7844=ORIENTED_EDGE('',*,*,#5786,.F.);
#7845=ORIENTED_EDGE('',*,*,#5805,.T.);
#7846=ORIENTED_EDGE('',*,*,#5806,.F.);
#7847=ORIENTED_EDGE('',*,*,#5803,.F.);
#7848=ORIENTED_EDGE('',*,*,#5807,.T.);
#7849=ORIENTED_EDGE('',*,*,#5797,.T.);
#7850=ORIENTED_EDGE('',*,*,#5808,.T.);
#7851=ORIENTED_EDGE('',*,*,#5809,.T.);
#7852=ORIENTED_EDGE('',*,*,#5808,.F.);
#7853=ORIENTED_EDGE('',*,*,#5800,.T.);
#7854=ORIENTED_EDGE('',*,*,#5810,.T.);
#7855=ORIENTED_EDGE('',*,*,#5811,.T.);
#7856=ORIENTED_EDGE('',*,*,#5812,.T.);
#7857=ORIENTED_EDGE('',*,*,#5813,.T.);
#7858=ORIENTED_EDGE('',*,*,#5810,.F.);
#7859=ORIENTED_EDGE('',*,*,#5802,.T.);
#7860=ORIENTED_EDGE('',*,*,#5812,.F.);
#7861=ORIENTED_EDGE('',*,*,#5804,.T.);
#7862=ORIENTED_EDGE('',*,*,#5814,.T.);
#7863=ORIENTED_EDGE('',*,*,#5815,.T.);
#7864=ORIENTED_EDGE('',*,*,#5816,.T.);
#7865=ORIENTED_EDGE('',*,*,#5817,.T.);
#7866=ORIENTED_EDGE('',*,*,#5814,.F.);
#7867=ORIENTED_EDGE('',*,*,#5806,.T.);
#7868=ORIENTED_EDGE('',*,*,#5816,.F.);
#7869=ORIENTED_EDGE('',*,*,#5805,.F.);
#7870=ORIENTED_EDGE('',*,*,#5785,.F.);
#7871=ORIENTED_EDGE('',*,*,#5229,.F.);
#7872=ORIENTED_EDGE('',*,*,#5818,.T.);
#7873=ORIENTED_EDGE('',*,*,#5495,.F.);
#7874=ORIENTED_EDGE('',*,*,#5819,.T.);
#7875=ORIENTED_EDGE('',*,*,#5820,.F.);
#7876=ORIENTED_EDGE('',*,*,#5821,.F.);
#7877=ORIENTED_EDGE('',*,*,#5762,.T.);
#7878=ORIENTED_EDGE('',*,*,#5822,.T.);
#7879=ORIENTED_EDGE('',*,*,#5823,.T.);
#7880=ORIENTED_EDGE('',*,*,#5824,.T.);
#7881=ORIENTED_EDGE('',*,*,#5825,.T.);
#7882=ORIENTED_EDGE('',*,*,#5822,.F.);
#7883=ORIENTED_EDGE('',*,*,#5765,.T.);
#7884=ORIENTED_EDGE('',*,*,#5824,.F.);
#7885=ORIENTED_EDGE('',*,*,#5767,.T.);
#7886=ORIENTED_EDGE('',*,*,#5826,.T.);
#7887=ORIENTED_EDGE('',*,*,#5827,.T.);
#7888=ORIENTED_EDGE('',*,*,#5828,.T.);
#7889=ORIENTED_EDGE('',*,*,#5826,.F.);
#7890=ORIENTED_EDGE('',*,*,#5768,.T.);
#7891=ORIENTED_EDGE('',*,*,#5718,.T.);
#7892=ORIENTED_EDGE('',*,*,#5829,.T.);
#7893=ORIENTED_EDGE('',*,*,#5778,.T.);
#7894=ORIENTED_EDGE('',*,*,#5830,.T.);
#7895=ORIENTED_EDGE('',*,*,#5476,.T.);
#7896=ORIENTED_EDGE('',*,*,#5830,.F.);
#7897=ORIENTED_EDGE('',*,*,#5781,.T.);
#7898=ORIENTED_EDGE('',*,*,#5831,.T.);
#7899=ORIENTED_EDGE('',*,*,#5477,.T.);
#7900=ORIENTED_EDGE('',*,*,#5832,.T.);
#7901=ORIENTED_EDGE('',*,*,#5478,.T.);
#7902=ORIENTED_EDGE('',*,*,#5831,.F.);
#7903=ORIENTED_EDGE('',*,*,#5783,.T.);
#7904=ORIENTED_EDGE('',*,*,#5832,.F.);
#7905=ORIENTED_EDGE('',*,*,#5784,.T.);
#7906=ORIENTED_EDGE('',*,*,#5474,.T.);
#7907=ORIENTED_EDGE('',*,*,#5479,.T.);
#7908=ORIENTED_EDGE('',*,*,#5447,.T.);
#7909=ORIENTED_EDGE('',*,*,#5833,.T.);
#7910=ORIENTED_EDGE('',*,*,#5639,.T.);
#7911=ORIENTED_EDGE('',*,*,#5834,.T.);
#7912=ORIENTED_EDGE('',*,*,#5833,.F.);
#7913=ORIENTED_EDGE('',*,*,#5446,.F.);
#7914=ORIENTED_EDGE('',*,*,#5835,.F.);
#7915=ORIENTED_EDGE('',*,*,#5640,.F.);
#7916=ORIENTED_EDGE('',*,*,#5617,.T.);
#7917=ORIENTED_EDGE('',*,*,#5835,.T.);
#7918=ORIENTED_EDGE('',*,*,#5445,.T.);
#7919=ORIENTED_EDGE('',*,*,#5836,.T.);
#7920=ORIENTED_EDGE('',*,*,#5836,.F.);
#7921=ORIENTED_EDGE('',*,*,#5468,.F.);
#7922=ORIENTED_EDGE('',*,*,#5837,.F.);
#7923=ORIENTED_EDGE('',*,*,#5618,.F.);
#7924=ORIENTED_EDGE('',*,*,#5619,.T.);
#7925=ORIENTED_EDGE('',*,*,#5837,.T.);
#7926=ORIENTED_EDGE('',*,*,#5467,.T.);
#7927=ORIENTED_EDGE('',*,*,#5838,.T.);
#7928=ORIENTED_EDGE('',*,*,#5838,.F.);
#7929=ORIENTED_EDGE('',*,*,#5466,.F.);
#7930=ORIENTED_EDGE('',*,*,#5839,.F.);
#7931=ORIENTED_EDGE('',*,*,#5620,.F.);
#7932=ORIENTED_EDGE('',*,*,#5465,.T.);
#7933=ORIENTED_EDGE('',*,*,#5840,.T.);
#7934=ORIENTED_EDGE('',*,*,#5621,.T.);
#7935=ORIENTED_EDGE('',*,*,#5839,.T.);
#7936=ORIENTED_EDGE('',*,*,#5840,.F.);
#7937=ORIENTED_EDGE('',*,*,#5464,.F.);
#7938=ORIENTED_EDGE('',*,*,#5841,.F.);
#7939=ORIENTED_EDGE('',*,*,#5622,.F.);
#7940=ORIENTED_EDGE('',*,*,#5463,.T.);
#7941=ORIENTED_EDGE('',*,*,#5842,.T.);
#7942=ORIENTED_EDGE('',*,*,#5623,.T.);
#7943=ORIENTED_EDGE('',*,*,#5841,.T.);
#7944=ORIENTED_EDGE('',*,*,#5842,.F.);
#7945=ORIENTED_EDGE('',*,*,#5462,.F.);
#7946=ORIENTED_EDGE('',*,*,#5843,.F.);
#7947=ORIENTED_EDGE('',*,*,#5624,.F.);
#7948=ORIENTED_EDGE('',*,*,#5625,.T.);
#7949=ORIENTED_EDGE('',*,*,#5843,.T.);
#7950=ORIENTED_EDGE('',*,*,#5461,.T.);
#7951=ORIENTED_EDGE('',*,*,#5844,.T.);
#7952=ORIENTED_EDGE('',*,*,#5844,.F.);
#7953=ORIENTED_EDGE('',*,*,#5460,.F.);
#7954=ORIENTED_EDGE('',*,*,#5845,.F.);
#7955=ORIENTED_EDGE('',*,*,#5626,.F.);
#7956=ORIENTED_EDGE('',*,*,#5627,.T.);
#7957=ORIENTED_EDGE('',*,*,#5845,.T.);
#7958=ORIENTED_EDGE('',*,*,#5459,.T.);
#7959=ORIENTED_EDGE('',*,*,#5846,.T.);
#7960=ORIENTED_EDGE('',*,*,#5846,.F.);
#7961=ORIENTED_EDGE('',*,*,#5458,.F.);
#7962=ORIENTED_EDGE('',*,*,#5847,.F.);
#7963=ORIENTED_EDGE('',*,*,#5628,.F.);
#7964=ORIENTED_EDGE('',*,*,#5457,.T.);
#7965=ORIENTED_EDGE('',*,*,#5848,.T.);
#7966=ORIENTED_EDGE('',*,*,#5629,.T.);
#7967=ORIENTED_EDGE('',*,*,#5847,.T.);
#7968=ORIENTED_EDGE('',*,*,#5848,.F.);
#7969=ORIENTED_EDGE('',*,*,#5456,.F.);
#7970=ORIENTED_EDGE('',*,*,#5849,.F.);
#7971=ORIENTED_EDGE('',*,*,#5630,.F.);
#7972=ORIENTED_EDGE('',*,*,#5455,.T.);
#7973=ORIENTED_EDGE('',*,*,#5850,.T.);
#7974=ORIENTED_EDGE('',*,*,#5631,.T.);
#7975=ORIENTED_EDGE('',*,*,#5849,.T.);
#7976=ORIENTED_EDGE('',*,*,#5850,.F.);
#7977=ORIENTED_EDGE('',*,*,#5454,.F.);
#7978=ORIENTED_EDGE('',*,*,#5851,.F.);
#7979=ORIENTED_EDGE('',*,*,#5632,.F.);
#7980=ORIENTED_EDGE('',*,*,#5633,.T.);
#7981=ORIENTED_EDGE('',*,*,#5851,.T.);
#7982=ORIENTED_EDGE('',*,*,#5453,.T.);
#7983=ORIENTED_EDGE('',*,*,#5852,.T.);
#7984=ORIENTED_EDGE('',*,*,#5852,.F.);
#7985=ORIENTED_EDGE('',*,*,#5452,.F.);
#7986=ORIENTED_EDGE('',*,*,#5853,.F.);
#7987=ORIENTED_EDGE('',*,*,#5634,.F.);
#7988=ORIENTED_EDGE('',*,*,#5449,.T.);
#7989=ORIENTED_EDGE('',*,*,#5854,.T.);
#7990=ORIENTED_EDGE('',*,*,#5637,.T.);
#7991=ORIENTED_EDGE('',*,*,#5855,.T.);
#7992=ORIENTED_EDGE('',*,*,#5834,.F.);
#7993=ORIENTED_EDGE('',*,*,#5638,.F.);
#7994=ORIENTED_EDGE('',*,*,#5854,.F.);
#7995=ORIENTED_EDGE('',*,*,#5448,.F.);
#7996=ORIENTED_EDGE('',*,*,#5635,.T.);
#7997=ORIENTED_EDGE('',*,*,#5853,.T.);
#7998=ORIENTED_EDGE('',*,*,#5451,.T.);
#7999=ORIENTED_EDGE('',*,*,#5856,.T.);
#8000=ORIENTED_EDGE('',*,*,#5817,.F.);
#8001=ORIENTED_EDGE('',*,*,#5820,.T.);
#8002=ORIENTED_EDGE('',*,*,#5857,.T.);
#8003=ORIENTED_EDGE('',*,*,#5809,.F.);
#8004=ORIENTED_EDGE('',*,*,#5811,.F.);
#8005=ORIENTED_EDGE('',*,*,#5813,.F.);
#8006=ORIENTED_EDGE('',*,*,#5815,.F.);
#8007=ORIENTED_EDGE('',*,*,#5855,.F.);
#8008=ORIENTED_EDGE('',*,*,#5636,.F.);
#8009=ORIENTED_EDGE('',*,*,#5856,.F.);
#8010=ORIENTED_EDGE('',*,*,#5450,.F.);
#8011=ORIENTED_EDGE('',*,*,#5807,.F.);
#8012=ORIENTED_EDGE('',*,*,#5857,.F.);
#8013=ORIENTED_EDGE('',*,*,#5819,.F.);
#8014=ORIENTED_EDGE('',*,*,#5494,.F.);
#8015=ORIENTED_EDGE('',*,*,#5706,.F.);
#8016=ORIENTED_EDGE('',*,*,#5235,.F.);
#8017=ORIENTED_EDGE('',*,*,#5794,.F.);
#8018=ORIENTED_EDGE('',*,*,#5798,.T.);
#8019=ORIENTED_EDGE('',*,*,#5829,.F.);
#8020=ORIENTED_EDGE('',*,*,#5475,.F.);
#8021=ORIENTED_EDGE('',*,*,#4934,.F.);
#8022=ORIENTED_EDGE('',*,*,#5496,.F.);
#8023=ORIENTED_EDGE('',*,*,#5818,.F.);
#8024=ORIENTED_EDGE('',*,*,#5228,.F.);
#8025=ORIENTED_EDGE('',*,*,#5775,.F.);
#8026=ORIENTED_EDGE('',*,*,#5779,.T.);
#8027=ORIENTED_EDGE('',*,*,#5858,.F.);
#8028=ORIENTED_EDGE('',*,*,#5859,.T.);
#8029=ORIENTED_EDGE('',*,*,#5860,.T.);
#8030=ORIENTED_EDGE('',*,*,#5303,.T.);
#8031=ORIENTED_EDGE('',*,*,#5861,.F.);
#8032=ORIENTED_EDGE('',*,*,#5862,.F.);
#8033=ORIENTED_EDGE('',*,*,#5863,.F.);
#8034=ORIENTED_EDGE('',*,*,#5859,.F.);
#8035=ORIENTED_EDGE('',*,*,#5864,.F.);
#8036=ORIENTED_EDGE('',*,*,#5865,.T.);
#8037=ORIENTED_EDGE('',*,*,#5866,.F.);
#8038=ORIENTED_EDGE('',*,*,#5862,.T.);
#8039=ORIENTED_EDGE('',*,*,#5867,.T.);
#8040=ORIENTED_EDGE('',*,*,#5868,.T.);
#8041=ORIENTED_EDGE('',*,*,#5869,.T.);
#8042=ORIENTED_EDGE('',*,*,#5255,.T.);
#8043=ORIENTED_EDGE('',*,*,#5869,.F.);
#8044=ORIENTED_EDGE('',*,*,#5870,.T.);
#8045=ORIENTED_EDGE('',*,*,#5871,.T.);
#8046=ORIENTED_EDGE('',*,*,#5256,.T.);
#8047=ORIENTED_EDGE('',*,*,#5872,.T.);
#8048=ORIENTED_EDGE('',*,*,#5257,.T.);
#8049=ORIENTED_EDGE('',*,*,#5871,.F.);
#8050=ORIENTED_EDGE('',*,*,#5873,.T.);
#8051=ORIENTED_EDGE('',*,*,#5872,.F.);
#8052=ORIENTED_EDGE('',*,*,#5874,.T.);
#8053=ORIENTED_EDGE('',*,*,#5875,.T.);
#8054=ORIENTED_EDGE('',*,*,#5258,.T.);
#8055=ORIENTED_EDGE('',*,*,#5876,.T.);
#8056=ORIENTED_EDGE('',*,*,#5259,.T.);
#8057=ORIENTED_EDGE('',*,*,#5875,.F.);
#8058=ORIENTED_EDGE('',*,*,#5877,.T.);
#8059=ORIENTED_EDGE('',*,*,#5877,.F.);
#8060=ORIENTED_EDGE('',*,*,#5878,.F.);
#8061=ORIENTED_EDGE('',*,*,#5879,.F.);
#8062=ORIENTED_EDGE('',*,*,#5880,.F.);
#8063=ORIENTED_EDGE('',*,*,#5874,.F.);
#8064=ORIENTED_EDGE('',*,*,#5881,.T.);
#8065=ORIENTED_EDGE('',*,*,#5882,.F.);
#8066=ORIENTED_EDGE('',*,*,#5878,.T.);
#8067=ORIENTED_EDGE('',*,*,#5873,.F.);
#8068=ORIENTED_EDGE('',*,*,#5883,.F.);
#8069=ORIENTED_EDGE('',*,*,#5884,.F.);
#8070=ORIENTED_EDGE('',*,*,#5881,.F.);
#8071=ORIENTED_EDGE('',*,*,#5870,.F.);
#8072=ORIENTED_EDGE('',*,*,#5885,.T.);
#8073=ORIENTED_EDGE('',*,*,#5886,.F.);
#8074=ORIENTED_EDGE('',*,*,#5883,.T.);
#8075=ORIENTED_EDGE('',*,*,#5868,.F.);
#8076=ORIENTED_EDGE('',*,*,#5887,.T.);
#8077=ORIENTED_EDGE('',*,*,#5888,.F.);
#8078=ORIENTED_EDGE('',*,*,#5885,.F.);
#8079=ORIENTED_EDGE('',*,*,#5889,.T.);
#8080=ORIENTED_EDGE('',*,*,#5890,.T.);
#8081=ORIENTED_EDGE('',*,*,#5891,.T.);
#8082=ORIENTED_EDGE('',*,*,#5262,.T.);
#8083=ORIENTED_EDGE('',*,*,#5891,.F.);
#8084=ORIENTED_EDGE('',*,*,#5892,.T.);
#8085=ORIENTED_EDGE('',*,*,#5893,.T.);
#8086=ORIENTED_EDGE('',*,*,#5263,.T.);
#8087=ORIENTED_EDGE('',*,*,#5894,.T.);
#8088=ORIENTED_EDGE('',*,*,#5264,.T.);
#8089=ORIENTED_EDGE('',*,*,#5893,.F.);
#8090=ORIENTED_EDGE('',*,*,#5895,.T.);
#8091=ORIENTED_EDGE('',*,*,#5894,.F.);
#8092=ORIENTED_EDGE('',*,*,#5896,.T.);
#8093=ORIENTED_EDGE('',*,*,#5897,.T.);
#8094=ORIENTED_EDGE('',*,*,#5265,.T.);
#8095=ORIENTED_EDGE('',*,*,#5896,.F.);
#8096=ORIENTED_EDGE('',*,*,#5898,.T.);
#8097=ORIENTED_EDGE('',*,*,#5899,.F.);
#8098=ORIENTED_EDGE('',*,*,#5900,.T.);
#8099=ORIENTED_EDGE('',*,*,#5895,.F.);
#8100=ORIENTED_EDGE('',*,*,#5901,.F.);
#8101=ORIENTED_EDGE('',*,*,#5902,.F.);
#8102=ORIENTED_EDGE('',*,*,#5898,.F.);
#8103=ORIENTED_EDGE('',*,*,#5892,.F.);
#8104=ORIENTED_EDGE('',*,*,#5903,.T.);
#8105=ORIENTED_EDGE('',*,*,#5904,.F.);
#8106=ORIENTED_EDGE('',*,*,#5901,.T.);
#8107=ORIENTED_EDGE('',*,*,#5890,.F.);
#8108=ORIENTED_EDGE('',*,*,#5905,.T.);
#8109=ORIENTED_EDGE('',*,*,#5906,.F.);
#8110=ORIENTED_EDGE('',*,*,#5903,.F.);
#8111=ORIENTED_EDGE('',*,*,#5907,.T.);
#8112=ORIENTED_EDGE('',*,*,#5908,.T.);
#8113=ORIENTED_EDGE('',*,*,#5248,.T.);
#8114=ORIENTED_EDGE('',*,*,#5649,.F.);
#8115=ORIENTED_EDGE('',*,*,#5908,.F.);
#8116=ORIENTED_EDGE('',*,*,#5909,.T.);
#8117=ORIENTED_EDGE('',*,*,#5910,.T.);
#8118=ORIENTED_EDGE('',*,*,#5249,.T.);
#8119=ORIENTED_EDGE('',*,*,#5911,.T.);
#8120=ORIENTED_EDGE('',*,*,#5250,.T.);
#8121=ORIENTED_EDGE('',*,*,#5910,.F.);
#8122=ORIENTED_EDGE('',*,*,#5912,.T.);
#8123=ORIENTED_EDGE('',*,*,#5911,.F.);
#8124=ORIENTED_EDGE('',*,*,#5913,.T.);
#8125=ORIENTED_EDGE('',*,*,#5914,.T.);
#8126=ORIENTED_EDGE('',*,*,#5251,.T.);
#8127=ORIENTED_EDGE('',*,*,#5915,.T.);
#8128=ORIENTED_EDGE('',*,*,#5252,.T.);
#8129=ORIENTED_EDGE('',*,*,#5914,.F.);
#8130=ORIENTED_EDGE('',*,*,#5916,.T.);
#8131=ORIENTED_EDGE('',*,*,#5916,.F.);
#8132=ORIENTED_EDGE('',*,*,#5917,.F.);
#8133=ORIENTED_EDGE('',*,*,#5918,.F.);
#8134=ORIENTED_EDGE('',*,*,#5919,.F.);
#8135=ORIENTED_EDGE('',*,*,#5913,.F.);
#8136=ORIENTED_EDGE('',*,*,#5920,.T.);
#8137=ORIENTED_EDGE('',*,*,#5921,.F.);
#8138=ORIENTED_EDGE('',*,*,#5917,.T.);
#8139=ORIENTED_EDGE('',*,*,#5912,.F.);
#8140=ORIENTED_EDGE('',*,*,#5922,.F.);
#8141=ORIENTED_EDGE('',*,*,#5923,.F.);
#8142=ORIENTED_EDGE('',*,*,#5920,.F.);
#8143=ORIENTED_EDGE('',*,*,#5909,.F.);
#8144=ORIENTED_EDGE('',*,*,#5924,.T.);
#8145=ORIENTED_EDGE('',*,*,#5925,.F.);
#8146=ORIENTED_EDGE('',*,*,#5922,.T.);
#8147=ORIENTED_EDGE('',*,*,#5907,.F.);
#8148=ORIENTED_EDGE('',*,*,#5652,.F.);
#8149=ORIENTED_EDGE('',*,*,#5926,.F.);
#8150=ORIENTED_EDGE('',*,*,#5924,.F.);
#8151=ORIENTED_EDGE('',*,*,#5927,.T.);
#8152=ORIENTED_EDGE('',*,*,#5918,.T.);
#8153=ORIENTED_EDGE('',*,*,#5928,.T.);
#8154=ORIENTED_EDGE('',*,*,#5929,.T.);
#8155=ORIENTED_EDGE('',*,*,#5928,.F.);
#8156=ORIENTED_EDGE('',*,*,#5921,.T.);
#8157=ORIENTED_EDGE('',*,*,#5930,.T.);
#8158=ORIENTED_EDGE('',*,*,#5931,.T.);
#8159=ORIENTED_EDGE('',*,*,#5932,.T.);
#8160=ORIENTED_EDGE('',*,*,#5933,.T.);
#8161=ORIENTED_EDGE('',*,*,#5930,.F.);
#8162=ORIENTED_EDGE('',*,*,#5923,.T.);
#8163=ORIENTED_EDGE('',*,*,#5932,.F.);
#8164=ORIENTED_EDGE('',*,*,#5925,.T.);
#8165=ORIENTED_EDGE('',*,*,#5934,.T.);
#8166=ORIENTED_EDGE('',*,*,#5935,.T.);
#8167=ORIENTED_EDGE('',*,*,#5936,.T.);
#8168=ORIENTED_EDGE('',*,*,#5934,.F.);
#8169=ORIENTED_EDGE('',*,*,#5926,.T.);
#8170=ORIENTED_EDGE('',*,*,#5709,.T.);
#8171=ORIENTED_EDGE('',*,*,#5937,.T.);
#8172=ORIENTED_EDGE('',*,*,#5879,.T.);
#8173=ORIENTED_EDGE('',*,*,#5938,.T.);
#8174=ORIENTED_EDGE('',*,*,#5939,.T.);
#8175=ORIENTED_EDGE('',*,*,#5938,.F.);
#8176=ORIENTED_EDGE('',*,*,#5882,.T.);
#8177=ORIENTED_EDGE('',*,*,#5940,.T.);
#8178=ORIENTED_EDGE('',*,*,#5941,.T.);
#8179=ORIENTED_EDGE('',*,*,#5942,.T.);
#8180=ORIENTED_EDGE('',*,*,#5943,.T.);
#8181=ORIENTED_EDGE('',*,*,#5940,.F.);
#8182=ORIENTED_EDGE('',*,*,#5884,.T.);
#8183=ORIENTED_EDGE('',*,*,#5942,.F.);
#8184=ORIENTED_EDGE('',*,*,#5886,.T.);
#8185=ORIENTED_EDGE('',*,*,#5944,.T.);
#8186=ORIENTED_EDGE('',*,*,#5945,.T.);
#8187=ORIENTED_EDGE('',*,*,#5946,.T.);
#8188=ORIENTED_EDGE('',*,*,#5947,.T.);
#8189=ORIENTED_EDGE('',*,*,#5944,.F.);
#8190=ORIENTED_EDGE('',*,*,#5888,.T.);
#8191=ORIENTED_EDGE('',*,*,#5937,.F.);
#8192=ORIENTED_EDGE('',*,*,#5948,.F.);
#8193=ORIENTED_EDGE('',*,*,#5949,.F.);
#8194=ORIENTED_EDGE('',*,*,#5488,.F.);
#8195=ORIENTED_EDGE('',*,*,#5950,.F.);
#8196=ORIENTED_EDGE('',*,*,#5260,.F.);
#8197=ORIENTED_EDGE('',*,*,#5876,.F.);
#8198=ORIENTED_EDGE('',*,*,#5880,.T.);
#8199=ORIENTED_EDGE('',*,*,#5951,.F.);
#8200=ORIENTED_EDGE('',*,*,#5899,.T.);
#8201=ORIENTED_EDGE('',*,*,#5952,.T.);
#8202=ORIENTED_EDGE('',*,*,#5953,.T.);
#8203=ORIENTED_EDGE('',*,*,#5954,.T.);
#8204=ORIENTED_EDGE('',*,*,#5955,.T.);
#8205=ORIENTED_EDGE('',*,*,#5952,.F.);
#8206=ORIENTED_EDGE('',*,*,#5902,.T.);
#8207=ORIENTED_EDGE('',*,*,#5954,.F.);
#8208=ORIENTED_EDGE('',*,*,#5904,.T.);
#8209=ORIENTED_EDGE('',*,*,#5956,.T.);
#8210=ORIENTED_EDGE('',*,*,#5957,.T.);
#8211=ORIENTED_EDGE('',*,*,#5958,.T.);
#8212=ORIENTED_EDGE('',*,*,#5959,.T.);
#8213=ORIENTED_EDGE('',*,*,#5956,.F.);
#8214=ORIENTED_EDGE('',*,*,#5906,.T.);
#8215=ORIENTED_EDGE('',*,*,#5958,.F.);
#8216=ORIENTED_EDGE('',*,*,#5905,.F.);
#8217=ORIENTED_EDGE('',*,*,#5889,.F.);
#8218=ORIENTED_EDGE('',*,*,#5261,.F.);
#8219=ORIENTED_EDGE('',*,*,#5950,.T.);
#8220=ORIENTED_EDGE('',*,*,#5487,.F.);
#8221=ORIENTED_EDGE('',*,*,#5960,.T.);
#8222=ORIENTED_EDGE('',*,*,#5961,.F.);
#8223=ORIENTED_EDGE('',*,*,#5375,.T.);
#8224=ORIENTED_EDGE('',*,*,#5962,.T.);
#8225=ORIENTED_EDGE('',*,*,#5567,.T.);
#8226=ORIENTED_EDGE('',*,*,#5963,.T.);
#8227=ORIENTED_EDGE('',*,*,#5962,.F.);
#8228=ORIENTED_EDGE('',*,*,#5374,.F.);
#8229=ORIENTED_EDGE('',*,*,#5964,.F.);
#8230=ORIENTED_EDGE('',*,*,#5568,.F.);
#8231=ORIENTED_EDGE('',*,*,#5545,.T.);
#8232=ORIENTED_EDGE('',*,*,#5964,.T.);
#8233=ORIENTED_EDGE('',*,*,#5373,.T.);
#8234=ORIENTED_EDGE('',*,*,#5965,.T.);
#8235=ORIENTED_EDGE('',*,*,#5965,.F.);
#8236=ORIENTED_EDGE('',*,*,#5396,.F.);
#8237=ORIENTED_EDGE('',*,*,#5966,.F.);
#8238=ORIENTED_EDGE('',*,*,#5546,.F.);
#8239=ORIENTED_EDGE('',*,*,#5547,.T.);
#8240=ORIENTED_EDGE('',*,*,#5966,.T.);
#8241=ORIENTED_EDGE('',*,*,#5395,.T.);
#8242=ORIENTED_EDGE('',*,*,#5967,.T.);
#8243=ORIENTED_EDGE('',*,*,#5967,.F.);
#8244=ORIENTED_EDGE('',*,*,#5394,.F.);
#8245=ORIENTED_EDGE('',*,*,#5968,.F.);
#8246=ORIENTED_EDGE('',*,*,#5548,.F.);
#8247=ORIENTED_EDGE('',*,*,#5393,.T.);
#8248=ORIENTED_EDGE('',*,*,#5969,.T.);
#8249=ORIENTED_EDGE('',*,*,#5549,.T.);
#8250=ORIENTED_EDGE('',*,*,#5968,.T.);
#8251=ORIENTED_EDGE('',*,*,#5969,.F.);
#8252=ORIENTED_EDGE('',*,*,#5392,.F.);
#8253=ORIENTED_EDGE('',*,*,#5970,.F.);
#8254=ORIENTED_EDGE('',*,*,#5550,.F.);
#8255=ORIENTED_EDGE('',*,*,#5391,.T.);
#8256=ORIENTED_EDGE('',*,*,#5971,.T.);
#8257=ORIENTED_EDGE('',*,*,#5551,.T.);
#8258=ORIENTED_EDGE('',*,*,#5970,.T.);
#8259=ORIENTED_EDGE('',*,*,#5971,.F.);
#8260=ORIENTED_EDGE('',*,*,#5390,.F.);
#8261=ORIENTED_EDGE('',*,*,#5972,.F.);
#8262=ORIENTED_EDGE('',*,*,#5552,.F.);
#8263=ORIENTED_EDGE('',*,*,#5553,.T.);
#8264=ORIENTED_EDGE('',*,*,#5972,.T.);
#8265=ORIENTED_EDGE('',*,*,#5389,.T.);
#8266=ORIENTED_EDGE('',*,*,#5973,.T.);
#8267=ORIENTED_EDGE('',*,*,#5973,.F.);
#8268=ORIENTED_EDGE('',*,*,#5388,.F.);
#8269=ORIENTED_EDGE('',*,*,#5974,.F.);
#8270=ORIENTED_EDGE('',*,*,#5554,.F.);
#8271=ORIENTED_EDGE('',*,*,#5555,.T.);
#8272=ORIENTED_EDGE('',*,*,#5974,.T.);
#8273=ORIENTED_EDGE('',*,*,#5387,.T.);
#8274=ORIENTED_EDGE('',*,*,#5975,.T.);
#8275=ORIENTED_EDGE('',*,*,#5975,.F.);
#8276=ORIENTED_EDGE('',*,*,#5386,.F.);
#8277=ORIENTED_EDGE('',*,*,#5976,.F.);
#8278=ORIENTED_EDGE('',*,*,#5556,.F.);
#8279=ORIENTED_EDGE('',*,*,#5385,.T.);
#8280=ORIENTED_EDGE('',*,*,#5977,.T.);
#8281=ORIENTED_EDGE('',*,*,#5557,.T.);
#8282=ORIENTED_EDGE('',*,*,#5976,.T.);
#8283=ORIENTED_EDGE('',*,*,#5977,.F.);
#8284=ORIENTED_EDGE('',*,*,#5384,.F.);
#8285=ORIENTED_EDGE('',*,*,#5978,.F.);
#8286=ORIENTED_EDGE('',*,*,#5558,.F.);
#8287=ORIENTED_EDGE('',*,*,#5383,.T.);
#8288=ORIENTED_EDGE('',*,*,#5979,.T.);
#8289=ORIENTED_EDGE('',*,*,#5559,.T.);
#8290=ORIENTED_EDGE('',*,*,#5978,.T.);
#8291=ORIENTED_EDGE('',*,*,#5979,.F.);
#8292=ORIENTED_EDGE('',*,*,#5382,.F.);
#8293=ORIENTED_EDGE('',*,*,#5980,.F.);
#8294=ORIENTED_EDGE('',*,*,#5560,.F.);
#8295=ORIENTED_EDGE('',*,*,#5561,.T.);
#8296=ORIENTED_EDGE('',*,*,#5980,.T.);
#8297=ORIENTED_EDGE('',*,*,#5381,.T.);
#8298=ORIENTED_EDGE('',*,*,#5981,.T.);
#8299=ORIENTED_EDGE('',*,*,#5981,.F.);
#8300=ORIENTED_EDGE('',*,*,#5380,.F.);
#8301=ORIENTED_EDGE('',*,*,#5982,.F.);
#8302=ORIENTED_EDGE('',*,*,#5562,.F.);
#8303=ORIENTED_EDGE('',*,*,#5377,.T.);
#8304=ORIENTED_EDGE('',*,*,#5983,.T.);
#8305=ORIENTED_EDGE('',*,*,#5565,.T.);
#8306=ORIENTED_EDGE('',*,*,#5984,.T.);
#8307=ORIENTED_EDGE('',*,*,#5963,.F.);
#8308=ORIENTED_EDGE('',*,*,#5566,.F.);
#8309=ORIENTED_EDGE('',*,*,#5983,.F.);
#8310=ORIENTED_EDGE('',*,*,#5376,.F.);
#8311=ORIENTED_EDGE('',*,*,#5563,.T.);
#8312=ORIENTED_EDGE('',*,*,#5982,.T.);
#8313=ORIENTED_EDGE('',*,*,#5379,.T.);
#8314=ORIENTED_EDGE('',*,*,#5985,.T.);
#8315=ORIENTED_EDGE('',*,*,#5947,.F.);
#8316=ORIENTED_EDGE('',*,*,#5986,.T.);
#8317=ORIENTED_EDGE('',*,*,#5948,.T.);
#8318=ORIENTED_EDGE('',*,*,#5939,.F.);
#8319=ORIENTED_EDGE('',*,*,#5941,.F.);
#8320=ORIENTED_EDGE('',*,*,#5943,.F.);
#8321=ORIENTED_EDGE('',*,*,#5945,.F.);
#8322=ORIENTED_EDGE('',*,*,#5936,.F.);
#8323=ORIENTED_EDGE('',*,*,#5711,.F.);
#8324=ORIENTED_EDGE('',*,*,#5713,.F.);
#8325=ORIENTED_EDGE('',*,*,#5715,.F.);
#8326=ORIENTED_EDGE('',*,*,#5717,.F.);
#8327=ORIENTED_EDGE('',*,*,#5752,.T.);
#8328=ORIENTED_EDGE('',*,*,#5987,.T.);
#8329=ORIENTED_EDGE('',*,*,#5929,.F.);
#8330=ORIENTED_EDGE('',*,*,#5931,.F.);
#8331=ORIENTED_EDGE('',*,*,#5933,.F.);
#8332=ORIENTED_EDGE('',*,*,#5935,.F.);
#8333=ORIENTED_EDGE('',*,*,#5984,.F.);
#8334=ORIENTED_EDGE('',*,*,#5564,.F.);
#8335=ORIENTED_EDGE('',*,*,#5985,.F.);
#8336=ORIENTED_EDGE('',*,*,#5378,.F.);
#8337=ORIENTED_EDGE('',*,*,#5927,.F.);
#8338=ORIENTED_EDGE('',*,*,#5987,.F.);
#8339=ORIENTED_EDGE('',*,*,#5751,.F.);
#8340=ORIENTED_EDGE('',*,*,#5490,.F.);
#8341=ORIENTED_EDGE('',*,*,#5988,.F.);
#8342=ORIENTED_EDGE('',*,*,#5253,.F.);
#8343=ORIENTED_EDGE('',*,*,#5915,.F.);
#8344=ORIENTED_EDGE('',*,*,#5919,.T.);
#8345=ORIENTED_EDGE('',*,*,#5946,.F.);
#8346=ORIENTED_EDGE('',*,*,#5887,.F.);
#8347=ORIENTED_EDGE('',*,*,#5867,.F.);
#8348=ORIENTED_EDGE('',*,*,#5254,.F.);
#8349=ORIENTED_EDGE('',*,*,#5988,.T.);
#8350=ORIENTED_EDGE('',*,*,#5489,.F.);
#8351=ORIENTED_EDGE('',*,*,#5949,.T.);
#8352=ORIENTED_EDGE('',*,*,#5986,.F.);
#8353=ORIENTED_EDGE('',*,*,#5989,.T.);
#8354=ORIENTED_EDGE('',*,*,#5990,.T.);
#8355=ORIENTED_EDGE('',*,*,#5266,.T.);
#8356=ORIENTED_EDGE('',*,*,#5897,.F.);
#8357=ORIENTED_EDGE('',*,*,#5990,.F.);
#8358=ORIENTED_EDGE('',*,*,#5991,.T.);
#8359=ORIENTED_EDGE('',*,*,#5992,.T.);
#8360=ORIENTED_EDGE('',*,*,#5267,.T.);
#8361=ORIENTED_EDGE('',*,*,#5993,.T.);
#8362=ORIENTED_EDGE('',*,*,#5268,.T.);
#8363=ORIENTED_EDGE('',*,*,#5992,.F.);
#8364=ORIENTED_EDGE('',*,*,#5994,.T.);
#8365=ORIENTED_EDGE('',*,*,#5993,.F.);
#8366=ORIENTED_EDGE('',*,*,#5995,.T.);
#8367=ORIENTED_EDGE('',*,*,#5996,.T.);
#8368=ORIENTED_EDGE('',*,*,#5269,.T.);
#8369=ORIENTED_EDGE('',*,*,#5997,.T.);
#8370=ORIENTED_EDGE('',*,*,#5270,.T.);
#8371=ORIENTED_EDGE('',*,*,#5996,.F.);
#8372=ORIENTED_EDGE('',*,*,#5998,.T.);
#8373=ORIENTED_EDGE('',*,*,#5998,.F.);
#8374=ORIENTED_EDGE('',*,*,#5999,.F.);
#8375=ORIENTED_EDGE('',*,*,#6000,.F.);
#8376=ORIENTED_EDGE('',*,*,#6001,.F.);
#8377=ORIENTED_EDGE('',*,*,#5995,.F.);
#8378=ORIENTED_EDGE('',*,*,#6002,.T.);
#8379=ORIENTED_EDGE('',*,*,#6003,.F.);
#8380=ORIENTED_EDGE('',*,*,#5999,.T.);
#8381=ORIENTED_EDGE('',*,*,#5994,.F.);
#8382=ORIENTED_EDGE('',*,*,#6004,.F.);
#8383=ORIENTED_EDGE('',*,*,#6005,.F.);
#8384=ORIENTED_EDGE('',*,*,#6002,.F.);
#8385=ORIENTED_EDGE('',*,*,#5991,.F.);
#8386=ORIENTED_EDGE('',*,*,#6006,.T.);
#8387=ORIENTED_EDGE('',*,*,#6007,.F.);
#8388=ORIENTED_EDGE('',*,*,#6004,.T.);
#8389=ORIENTED_EDGE('',*,*,#5989,.F.);
#8390=ORIENTED_EDGE('',*,*,#5900,.F.);
#8391=ORIENTED_EDGE('',*,*,#6008,.F.);
#8392=ORIENTED_EDGE('',*,*,#6006,.F.);
#8393=ORIENTED_EDGE('',*,*,#5860,.F.);
#8394=ORIENTED_EDGE('',*,*,#6009,.T.);
#8395=ORIENTED_EDGE('',*,*,#6010,.T.);
#8396=ORIENTED_EDGE('',*,*,#5304,.T.);
#8397=ORIENTED_EDGE('',*,*,#6011,.T.);
#8398=ORIENTED_EDGE('',*,*,#5305,.T.);
#8399=ORIENTED_EDGE('',*,*,#6010,.F.);
#8400=ORIENTED_EDGE('',*,*,#6012,.T.);
#8401=ORIENTED_EDGE('',*,*,#6011,.F.);
#8402=ORIENTED_EDGE('',*,*,#6013,.T.);
#8403=ORIENTED_EDGE('',*,*,#6014,.T.);
#8404=ORIENTED_EDGE('',*,*,#5306,.T.);
#8405=ORIENTED_EDGE('',*,*,#4852,.T.);
#8406=ORIENTED_EDGE('',*,*,#5307,.T.);
#8407=ORIENTED_EDGE('',*,*,#6014,.F.);
#8408=ORIENTED_EDGE('',*,*,#6015,.T.);
#8409=ORIENTED_EDGE('',*,*,#4853,.T.);
#8410=ORIENTED_EDGE('',*,*,#6015,.F.);
#8411=ORIENTED_EDGE('',*,*,#6016,.F.);
#8412=ORIENTED_EDGE('',*,*,#6017,.F.);
#8413=ORIENTED_EDGE('',*,*,#6013,.F.);
#8414=ORIENTED_EDGE('',*,*,#6018,.T.);
#8415=ORIENTED_EDGE('',*,*,#6019,.F.);
#8416=ORIENTED_EDGE('',*,*,#6016,.T.);
#8417=ORIENTED_EDGE('',*,*,#6012,.F.);
#8418=ORIENTED_EDGE('',*,*,#6020,.F.);
#8419=ORIENTED_EDGE('',*,*,#6021,.F.);
#8420=ORIENTED_EDGE('',*,*,#6018,.F.);
#8421=ORIENTED_EDGE('',*,*,#6009,.F.);
#8422=ORIENTED_EDGE('',*,*,#5863,.T.);
#8423=ORIENTED_EDGE('',*,*,#6022,.F.);
#8424=ORIENTED_EDGE('',*,*,#6020,.T.);
#8425=ORIENTED_EDGE('',*,*,#6023,.T.);
#8426=ORIENTED_EDGE('',*,*,#6024,.T.);
#8427=ORIENTED_EDGE('',*,*,#5345,.T.);
#8428=ORIENTED_EDGE('',*,*,#5760,.F.);
#8429=ORIENTED_EDGE('',*,*,#6024,.F.);
#8430=ORIENTED_EDGE('',*,*,#6025,.T.);
#8431=ORIENTED_EDGE('',*,*,#6026,.T.);
#8432=ORIENTED_EDGE('',*,*,#5346,.T.);
#8433=ORIENTED_EDGE('',*,*,#6027,.T.);
#8434=ORIENTED_EDGE('',*,*,#5347,.T.);
#8435=ORIENTED_EDGE('',*,*,#6026,.F.);
#8436=ORIENTED_EDGE('',*,*,#6028,.T.);
#8437=ORIENTED_EDGE('',*,*,#6027,.F.);
#8438=ORIENTED_EDGE('',*,*,#6029,.T.);
#8439=ORIENTED_EDGE('',*,*,#6030,.T.);
#8440=ORIENTED_EDGE('',*,*,#5348,.T.);
#8441=ORIENTED_EDGE('',*,*,#5337,.T.);
#8442=ORIENTED_EDGE('',*,*,#6030,.F.);
#8443=ORIENTED_EDGE('',*,*,#6031,.T.);
#8444=ORIENTED_EDGE('',*,*,#5659,.T.);
#8445=ORIENTED_EDGE('',*,*,#6031,.F.);
#8446=ORIENTED_EDGE('',*,*,#6032,.F.);
#8447=ORIENTED_EDGE('',*,*,#6033,.F.);
#8448=ORIENTED_EDGE('',*,*,#5671,.F.);
#8449=ORIENTED_EDGE('',*,*,#6029,.F.);
#8450=ORIENTED_EDGE('',*,*,#6034,.T.);
#8451=ORIENTED_EDGE('',*,*,#6035,.F.);
#8452=ORIENTED_EDGE('',*,*,#6032,.T.);
#8453=ORIENTED_EDGE('',*,*,#6028,.F.);
#8454=ORIENTED_EDGE('',*,*,#6036,.F.);
#8455=ORIENTED_EDGE('',*,*,#6037,.F.);
#8456=ORIENTED_EDGE('',*,*,#6034,.F.);
#8457=ORIENTED_EDGE('',*,*,#6025,.F.);
#8458=ORIENTED_EDGE('',*,*,#6038,.T.);
#8459=ORIENTED_EDGE('',*,*,#6039,.F.);
#8460=ORIENTED_EDGE('',*,*,#6036,.T.);
#8461=ORIENTED_EDGE('',*,*,#6023,.F.);
#8462=ORIENTED_EDGE('',*,*,#5763,.F.);
#8463=ORIENTED_EDGE('',*,*,#6040,.F.);
#8464=ORIENTED_EDGE('',*,*,#6038,.F.);
#8465=ORIENTED_EDGE('',*,*,#6033,.T.);
#8466=ORIENTED_EDGE('',*,*,#6041,.T.);
#8467=ORIENTED_EDGE('',*,*,#6042,.T.);
#8468=ORIENTED_EDGE('',*,*,#5723,.F.);
#8469=ORIENTED_EDGE('',*,*,#6041,.F.);
#8470=ORIENTED_EDGE('',*,*,#6035,.T.);
#8471=ORIENTED_EDGE('',*,*,#6043,.T.);
#8472=ORIENTED_EDGE('',*,*,#6044,.T.);
#8473=ORIENTED_EDGE('',*,*,#6045,.T.);
#8474=ORIENTED_EDGE('',*,*,#6046,.T.);
#8475=ORIENTED_EDGE('',*,*,#6043,.F.);
#8476=ORIENTED_EDGE('',*,*,#6037,.T.);
#8477=ORIENTED_EDGE('',*,*,#6045,.F.);
#8478=ORIENTED_EDGE('',*,*,#6039,.T.);
#8479=ORIENTED_EDGE('',*,*,#6047,.T.);
#8480=ORIENTED_EDGE('',*,*,#6048,.T.);
#8481=ORIENTED_EDGE('',*,*,#6049,.T.);
#8482=ORIENTED_EDGE('',*,*,#6047,.F.);
#8483=ORIENTED_EDGE('',*,*,#6040,.T.);
#8484=ORIENTED_EDGE('',*,*,#5821,.T.);
#8485=ORIENTED_EDGE('',*,*,#6050,.T.);
#8486=ORIENTED_EDGE('',*,*,#6000,.T.);
#8487=ORIENTED_EDGE('',*,*,#6051,.T.);
#8488=ORIENTED_EDGE('',*,*,#6052,.T.);
#8489=ORIENTED_EDGE('',*,*,#6051,.F.);
#8490=ORIENTED_EDGE('',*,*,#6003,.T.);
#8491=ORIENTED_EDGE('',*,*,#6053,.T.);
#8492=ORIENTED_EDGE('',*,*,#6054,.T.);
#8493=ORIENTED_EDGE('',*,*,#6055,.T.);
#8494=ORIENTED_EDGE('',*,*,#6056,.T.);
#8495=ORIENTED_EDGE('',*,*,#6053,.F.);
#8496=ORIENTED_EDGE('',*,*,#6005,.T.);
#8497=ORIENTED_EDGE('',*,*,#6055,.F.);
#8498=ORIENTED_EDGE('',*,*,#6007,.T.);
#8499=ORIENTED_EDGE('',*,*,#6057,.T.);
#8500=ORIENTED_EDGE('',*,*,#6058,.T.);
#8501=ORIENTED_EDGE('',*,*,#6059,.T.);
#8502=ORIENTED_EDGE('',*,*,#6057,.F.);
#8503=ORIENTED_EDGE('',*,*,#6008,.T.);
#8504=ORIENTED_EDGE('',*,*,#5951,.T.);
#8505=ORIENTED_EDGE('',*,*,#6060,.F.);
#8506=ORIENTED_EDGE('',*,*,#5271,.F.);
#8507=ORIENTED_EDGE('',*,*,#5997,.F.);
#8508=ORIENTED_EDGE('',*,*,#6001,.T.);
#8509=ORIENTED_EDGE('',*,*,#6050,.F.);
#8510=ORIENTED_EDGE('',*,*,#6061,.F.);
#8511=ORIENTED_EDGE('',*,*,#5960,.F.);
#8512=ORIENTED_EDGE('',*,*,#5486,.F.);
#8513=ORIENTED_EDGE('',*,*,#4854,.T.);
#8514=ORIENTED_EDGE('',*,*,#6017,.T.);
#8515=ORIENTED_EDGE('',*,*,#6062,.T.);
#8516=ORIENTED_EDGE('',*,*,#6063,.T.);
#8517=ORIENTED_EDGE('',*,*,#6062,.F.);
#8518=ORIENTED_EDGE('',*,*,#6019,.T.);
#8519=ORIENTED_EDGE('',*,*,#6064,.T.);
#8520=ORIENTED_EDGE('',*,*,#6065,.T.);
#8521=ORIENTED_EDGE('',*,*,#6066,.T.);
#8522=ORIENTED_EDGE('',*,*,#6067,.T.);
#8523=ORIENTED_EDGE('',*,*,#6064,.F.);
#8524=ORIENTED_EDGE('',*,*,#6021,.T.);
#8525=ORIENTED_EDGE('',*,*,#6066,.F.);
#8526=ORIENTED_EDGE('',*,*,#6022,.T.);
#8527=ORIENTED_EDGE('',*,*,#5866,.T.);
#8528=ORIENTED_EDGE('',*,*,#6068,.T.);
#8529=ORIENTED_EDGE('',*,*,#5399,.T.);
#8530=ORIENTED_EDGE('',*,*,#6069,.T.);
#8531=ORIENTED_EDGE('',*,*,#5591,.T.);
#8532=ORIENTED_EDGE('',*,*,#6070,.T.);
#8533=ORIENTED_EDGE('',*,*,#6069,.F.);
#8534=ORIENTED_EDGE('',*,*,#5398,.F.);
#8535=ORIENTED_EDGE('',*,*,#6071,.F.);
#8536=ORIENTED_EDGE('',*,*,#5592,.F.);
#8537=ORIENTED_EDGE('',*,*,#5569,.T.);
#8538=ORIENTED_EDGE('',*,*,#6071,.T.);
#8539=ORIENTED_EDGE('',*,*,#5397,.T.);
#8540=ORIENTED_EDGE('',*,*,#6072,.T.);
#8541=ORIENTED_EDGE('',*,*,#6072,.F.);
#8542=ORIENTED_EDGE('',*,*,#5420,.F.);
#8543=ORIENTED_EDGE('',*,*,#6073,.F.);
#8544=ORIENTED_EDGE('',*,*,#5570,.F.);
#8545=ORIENTED_EDGE('',*,*,#5571,.T.);
#8546=ORIENTED_EDGE('',*,*,#6073,.T.);
#8547=ORIENTED_EDGE('',*,*,#5419,.T.);
#8548=ORIENTED_EDGE('',*,*,#6074,.T.);
#8549=ORIENTED_EDGE('',*,*,#6074,.F.);
#8550=ORIENTED_EDGE('',*,*,#5418,.F.);
#8551=ORIENTED_EDGE('',*,*,#6075,.F.);
#8552=ORIENTED_EDGE('',*,*,#5572,.F.);
#8553=ORIENTED_EDGE('',*,*,#5417,.T.);
#8554=ORIENTED_EDGE('',*,*,#6076,.T.);
#8555=ORIENTED_EDGE('',*,*,#5573,.T.);
#8556=ORIENTED_EDGE('',*,*,#6075,.T.);
#8557=ORIENTED_EDGE('',*,*,#6076,.F.);
#8558=ORIENTED_EDGE('',*,*,#5416,.F.);
#8559=ORIENTED_EDGE('',*,*,#6077,.F.);
#8560=ORIENTED_EDGE('',*,*,#5574,.F.);
#8561=ORIENTED_EDGE('',*,*,#5415,.T.);
#8562=ORIENTED_EDGE('',*,*,#6078,.T.);
#8563=ORIENTED_EDGE('',*,*,#5575,.T.);
#8564=ORIENTED_EDGE('',*,*,#6077,.T.);
#8565=ORIENTED_EDGE('',*,*,#6078,.F.);
#8566=ORIENTED_EDGE('',*,*,#5414,.F.);
#8567=ORIENTED_EDGE('',*,*,#6079,.F.);
#8568=ORIENTED_EDGE('',*,*,#5576,.F.);
#8569=ORIENTED_EDGE('',*,*,#5577,.T.);
#8570=ORIENTED_EDGE('',*,*,#6079,.T.);
#8571=ORIENTED_EDGE('',*,*,#5413,.T.);
#8572=ORIENTED_EDGE('',*,*,#6080,.T.);
#8573=ORIENTED_EDGE('',*,*,#6080,.F.);
#8574=ORIENTED_EDGE('',*,*,#5412,.F.);
#8575=ORIENTED_EDGE('',*,*,#6081,.F.);
#8576=ORIENTED_EDGE('',*,*,#5578,.F.);
#8577=ORIENTED_EDGE('',*,*,#5579,.T.);
#8578=ORIENTED_EDGE('',*,*,#6081,.T.);
#8579=ORIENTED_EDGE('',*,*,#5411,.T.);
#8580=ORIENTED_EDGE('',*,*,#6082,.T.);
#8581=ORIENTED_EDGE('',*,*,#6082,.F.);
#8582=ORIENTED_EDGE('',*,*,#5410,.F.);
#8583=ORIENTED_EDGE('',*,*,#6083,.F.);
#8584=ORIENTED_EDGE('',*,*,#5580,.F.);
#8585=ORIENTED_EDGE('',*,*,#5409,.T.);
#8586=ORIENTED_EDGE('',*,*,#6084,.T.);
#8587=ORIENTED_EDGE('',*,*,#5581,.T.);
#8588=ORIENTED_EDGE('',*,*,#6083,.T.);
#8589=ORIENTED_EDGE('',*,*,#6084,.F.);
#8590=ORIENTED_EDGE('',*,*,#5408,.F.);
#8591=ORIENTED_EDGE('',*,*,#6085,.F.);
#8592=ORIENTED_EDGE('',*,*,#5582,.F.);
#8593=ORIENTED_EDGE('',*,*,#5407,.T.);
#8594=ORIENTED_EDGE('',*,*,#6086,.T.);
#8595=ORIENTED_EDGE('',*,*,#5583,.T.);
#8596=ORIENTED_EDGE('',*,*,#6085,.T.);
#8597=ORIENTED_EDGE('',*,*,#6086,.F.);
#8598=ORIENTED_EDGE('',*,*,#5406,.F.);
#8599=ORIENTED_EDGE('',*,*,#6087,.F.);
#8600=ORIENTED_EDGE('',*,*,#5584,.F.);
#8601=ORIENTED_EDGE('',*,*,#5585,.T.);
#8602=ORIENTED_EDGE('',*,*,#6087,.T.);
#8603=ORIENTED_EDGE('',*,*,#5405,.T.);
#8604=ORIENTED_EDGE('',*,*,#6088,.T.);
#8605=ORIENTED_EDGE('',*,*,#6088,.F.);
#8606=ORIENTED_EDGE('',*,*,#5404,.F.);
#8607=ORIENTED_EDGE('',*,*,#6089,.F.);
#8608=ORIENTED_EDGE('',*,*,#5586,.F.);
#8609=ORIENTED_EDGE('',*,*,#5401,.T.);
#8610=ORIENTED_EDGE('',*,*,#6090,.T.);
#8611=ORIENTED_EDGE('',*,*,#5589,.T.);
#8612=ORIENTED_EDGE('',*,*,#6091,.T.);
#8613=ORIENTED_EDGE('',*,*,#6070,.F.);
#8614=ORIENTED_EDGE('',*,*,#5590,.F.);
#8615=ORIENTED_EDGE('',*,*,#6090,.F.);
#8616=ORIENTED_EDGE('',*,*,#5400,.F.);
#8617=ORIENTED_EDGE('',*,*,#5587,.T.);
#8618=ORIENTED_EDGE('',*,*,#6089,.T.);
#8619=ORIENTED_EDGE('',*,*,#5403,.T.);
#8620=ORIENTED_EDGE('',*,*,#6092,.T.);
#8621=ORIENTED_EDGE('',*,*,#6059,.F.);
#8622=ORIENTED_EDGE('',*,*,#5953,.F.);
#8623=ORIENTED_EDGE('',*,*,#5955,.F.);
#8624=ORIENTED_EDGE('',*,*,#5957,.F.);
#8625=ORIENTED_EDGE('',*,*,#5959,.F.);
#8626=ORIENTED_EDGE('',*,*,#5961,.T.);
#8627=ORIENTED_EDGE('',*,*,#6061,.T.);
#8628=ORIENTED_EDGE('',*,*,#6052,.F.);
#8629=ORIENTED_EDGE('',*,*,#6054,.F.);
#8630=ORIENTED_EDGE('',*,*,#6056,.F.);
#8631=ORIENTED_EDGE('',*,*,#6058,.F.);
#8632=ORIENTED_EDGE('',*,*,#6049,.F.);
#8633=ORIENTED_EDGE('',*,*,#5823,.F.);
#8634=ORIENTED_EDGE('',*,*,#5825,.F.);
#8635=ORIENTED_EDGE('',*,*,#5827,.F.);
#8636=ORIENTED_EDGE('',*,*,#5828,.F.);
#8637=ORIENTED_EDGE('',*,*,#5720,.F.);
#8638=ORIENTED_EDGE('',*,*,#5722,.F.);
#8639=ORIENTED_EDGE('',*,*,#5724,.F.);
#8640=ORIENTED_EDGE('',*,*,#6042,.F.);
#8641=ORIENTED_EDGE('',*,*,#6044,.F.);
#8642=ORIENTED_EDGE('',*,*,#6046,.F.);
#8643=ORIENTED_EDGE('',*,*,#6048,.F.);
#8644=ORIENTED_EDGE('',*,*,#6091,.F.);
#8645=ORIENTED_EDGE('',*,*,#5588,.F.);
#8646=ORIENTED_EDGE('',*,*,#6092,.F.);
#8647=ORIENTED_EDGE('',*,*,#5402,.F.);
#8648=ORIENTED_EDGE('',*,*,#6093,.T.);
#8649=ORIENTED_EDGE('',*,*,#6094,.T.);
#8650=ORIENTED_EDGE('',*,*,#6095,.T.);
#8651=ORIENTED_EDGE('',*,*,#5273,.T.);
#8652=ORIENTED_EDGE('',*,*,#6095,.F.);
#8653=ORIENTED_EDGE('',*,*,#6096,.T.);
#8654=ORIENTED_EDGE('',*,*,#6097,.T.);
#8655=ORIENTED_EDGE('',*,*,#5274,.T.);
#8656=ORIENTED_EDGE('',*,*,#6098,.T.);
#8657=ORIENTED_EDGE('',*,*,#5275,.T.);
#8658=ORIENTED_EDGE('',*,*,#6097,.F.);
#8659=ORIENTED_EDGE('',*,*,#6099,.T.);
#8660=ORIENTED_EDGE('',*,*,#6098,.F.);
#8661=ORIENTED_EDGE('',*,*,#6100,.T.);
#8662=ORIENTED_EDGE('',*,*,#6101,.T.);
#8663=ORIENTED_EDGE('',*,*,#5276,.T.);
#8664=ORIENTED_EDGE('',*,*,#6102,.T.);
#8665=ORIENTED_EDGE('',*,*,#5277,.T.);
#8666=ORIENTED_EDGE('',*,*,#6101,.F.);
#8667=ORIENTED_EDGE('',*,*,#6103,.T.);
#8668=ORIENTED_EDGE('',*,*,#6103,.F.);
#8669=ORIENTED_EDGE('',*,*,#6104,.F.);
#8670=ORIENTED_EDGE('',*,*,#6105,.F.);
#8671=ORIENTED_EDGE('',*,*,#6106,.F.);
#8672=ORIENTED_EDGE('',*,*,#6100,.F.);
#8673=ORIENTED_EDGE('',*,*,#6107,.T.);
#8674=ORIENTED_EDGE('',*,*,#6108,.F.);
#8675=ORIENTED_EDGE('',*,*,#6104,.T.);
#8676=ORIENTED_EDGE('',*,*,#6099,.F.);
#8677=ORIENTED_EDGE('',*,*,#6109,.F.);
#8678=ORIENTED_EDGE('',*,*,#6110,.F.);
#8679=ORIENTED_EDGE('',*,*,#6107,.F.);
#8680=ORIENTED_EDGE('',*,*,#6096,.F.);
#8681=ORIENTED_EDGE('',*,*,#6111,.T.);
#8682=ORIENTED_EDGE('',*,*,#6112,.F.);
#8683=ORIENTED_EDGE('',*,*,#6109,.T.);
#8684=ORIENTED_EDGE('',*,*,#6094,.F.);
#8685=ORIENTED_EDGE('',*,*,#6113,.T.);
#8686=ORIENTED_EDGE('',*,*,#6114,.F.);
#8687=ORIENTED_EDGE('',*,*,#6111,.F.);
#8688=ORIENTED_EDGE('',*,*,#6115,.T.);
#8689=ORIENTED_EDGE('',*,*,#6116,.T.);
#8690=ORIENTED_EDGE('',*,*,#6117,.T.);
#8691=ORIENTED_EDGE('',*,*,#5280,.T.);
#8692=ORIENTED_EDGE('',*,*,#6117,.F.);
#8693=ORIENTED_EDGE('',*,*,#6118,.T.);
#8694=ORIENTED_EDGE('',*,*,#6119,.T.);
#8695=ORIENTED_EDGE('',*,*,#5281,.T.);
#8696=ORIENTED_EDGE('',*,*,#6120,.T.);
#8697=ORIENTED_EDGE('',*,*,#5282,.T.);
#8698=ORIENTED_EDGE('',*,*,#6119,.F.);
#8699=ORIENTED_EDGE('',*,*,#6121,.T.);
#8700=ORIENTED_EDGE('',*,*,#6120,.F.);
#8701=ORIENTED_EDGE('',*,*,#6122,.T.);
#8702=ORIENTED_EDGE('',*,*,#6123,.T.);
#8703=ORIENTED_EDGE('',*,*,#5283,.T.);
#8704=ORIENTED_EDGE('',*,*,#6122,.F.);
#8705=ORIENTED_EDGE('',*,*,#6124,.T.);
#8706=ORIENTED_EDGE('',*,*,#6125,.F.);
#8707=ORIENTED_EDGE('',*,*,#6126,.T.);
#8708=ORIENTED_EDGE('',*,*,#6121,.F.);
#8709=ORIENTED_EDGE('',*,*,#6127,.F.);
#8710=ORIENTED_EDGE('',*,*,#6128,.F.);
#8711=ORIENTED_EDGE('',*,*,#6124,.F.);
#8712=ORIENTED_EDGE('',*,*,#6118,.F.);
#8713=ORIENTED_EDGE('',*,*,#6129,.T.);
#8714=ORIENTED_EDGE('',*,*,#6130,.F.);
#8715=ORIENTED_EDGE('',*,*,#6127,.T.);
#8716=ORIENTED_EDGE('',*,*,#6116,.F.);
#8717=ORIENTED_EDGE('',*,*,#6131,.T.);
#8718=ORIENTED_EDGE('',*,*,#6132,.F.);
#8719=ORIENTED_EDGE('',*,*,#6129,.F.);
#8720=ORIENTED_EDGE('',*,*,#6133,.T.);
#8721=ORIENTED_EDGE('',*,*,#6134,.T.);
#8722=ORIENTED_EDGE('',*,*,#5297,.T.);
#8723=ORIENTED_EDGE('',*,*,#4869,.F.);
#8724=ORIENTED_EDGE('',*,*,#6134,.F.);
#8725=ORIENTED_EDGE('',*,*,#6135,.T.);
#8726=ORIENTED_EDGE('',*,*,#6136,.T.);
#8727=ORIENTED_EDGE('',*,*,#5298,.T.);
#8728=ORIENTED_EDGE('',*,*,#6137,.T.);
#8729=ORIENTED_EDGE('',*,*,#5299,.T.);
#8730=ORIENTED_EDGE('',*,*,#6136,.F.);
#8731=ORIENTED_EDGE('',*,*,#6138,.T.);
#8732=ORIENTED_EDGE('',*,*,#6137,.F.);
#8733=ORIENTED_EDGE('',*,*,#6139,.T.);
#8734=ORIENTED_EDGE('',*,*,#6140,.T.);
#8735=ORIENTED_EDGE('',*,*,#5300,.T.);
#8736=ORIENTED_EDGE('',*,*,#6141,.T.);
#8737=ORIENTED_EDGE('',*,*,#5301,.T.);
#8738=ORIENTED_EDGE('',*,*,#6140,.F.);
#8739=ORIENTED_EDGE('',*,*,#6142,.T.);
#8740=ORIENTED_EDGE('',*,*,#6142,.F.);
#8741=ORIENTED_EDGE('',*,*,#6143,.F.);
#8742=ORIENTED_EDGE('',*,*,#6144,.F.);
#8743=ORIENTED_EDGE('',*,*,#6145,.F.);
#8744=ORIENTED_EDGE('',*,*,#6139,.F.);
#8745=ORIENTED_EDGE('',*,*,#6146,.T.);
#8746=ORIENTED_EDGE('',*,*,#6147,.F.);
#8747=ORIENTED_EDGE('',*,*,#6143,.T.);
#8748=ORIENTED_EDGE('',*,*,#6138,.F.);
#8749=ORIENTED_EDGE('',*,*,#6148,.F.);
#8750=ORIENTED_EDGE('',*,*,#6149,.F.);
#8751=ORIENTED_EDGE('',*,*,#6146,.F.);
#8752=ORIENTED_EDGE('',*,*,#6135,.F.);
#8753=ORIENTED_EDGE('',*,*,#6150,.T.);
#8754=ORIENTED_EDGE('',*,*,#6151,.F.);
#8755=ORIENTED_EDGE('',*,*,#6148,.T.);
#8756=ORIENTED_EDGE('',*,*,#6133,.F.);
#8757=ORIENTED_EDGE('',*,*,#4873,.F.);
#8758=ORIENTED_EDGE('',*,*,#6152,.F.);
#8759=ORIENTED_EDGE('',*,*,#6150,.F.);
#8760=ORIENTED_EDGE('',*,*,#6153,.T.);
#8761=ORIENTED_EDGE('',*,*,#6144,.T.);
#8762=ORIENTED_EDGE('',*,*,#6154,.T.);
#8763=ORIENTED_EDGE('',*,*,#6155,.T.);
#8764=ORIENTED_EDGE('',*,*,#6154,.F.);
#8765=ORIENTED_EDGE('',*,*,#6147,.T.);
#8766=ORIENTED_EDGE('',*,*,#6156,.T.);
#8767=ORIENTED_EDGE('',*,*,#6157,.T.);
#8768=ORIENTED_EDGE('',*,*,#6158,.T.);
#8769=ORIENTED_EDGE('',*,*,#6159,.T.);
#8770=ORIENTED_EDGE('',*,*,#6156,.F.);
#8771=ORIENTED_EDGE('',*,*,#6149,.T.);
#8772=ORIENTED_EDGE('',*,*,#6158,.F.);
#8773=ORIENTED_EDGE('',*,*,#6151,.T.);
#8774=ORIENTED_EDGE('',*,*,#6160,.T.);
#8775=ORIENTED_EDGE('',*,*,#6161,.T.);
#8776=ORIENTED_EDGE('',*,*,#6162,.T.);
#8777=ORIENTED_EDGE('',*,*,#6160,.F.);
#8778=ORIENTED_EDGE('',*,*,#6152,.T.);
#8779=ORIENTED_EDGE('',*,*,#4939,.T.);
#8780=ORIENTED_EDGE('',*,*,#6163,.T.);
#8781=ORIENTED_EDGE('',*,*,#6105,.T.);
#8782=ORIENTED_EDGE('',*,*,#6164,.T.);
#8783=ORIENTED_EDGE('',*,*,#6165,.T.);
#8784=ORIENTED_EDGE('',*,*,#6164,.F.);
#8785=ORIENTED_EDGE('',*,*,#6108,.T.);
#8786=ORIENTED_EDGE('',*,*,#6166,.T.);
#8787=ORIENTED_EDGE('',*,*,#6167,.T.);
#8788=ORIENTED_EDGE('',*,*,#6168,.T.);
#8789=ORIENTED_EDGE('',*,*,#6169,.T.);
#8790=ORIENTED_EDGE('',*,*,#6166,.F.);
#8791=ORIENTED_EDGE('',*,*,#6110,.T.);
#8792=ORIENTED_EDGE('',*,*,#6168,.F.);
#8793=ORIENTED_EDGE('',*,*,#6112,.T.);
#8794=ORIENTED_EDGE('',*,*,#6170,.T.);
#8795=ORIENTED_EDGE('',*,*,#6171,.T.);
#8796=ORIENTED_EDGE('',*,*,#6172,.T.);
#8797=ORIENTED_EDGE('',*,*,#6173,.T.);
#8798=ORIENTED_EDGE('',*,*,#6170,.F.);
#8799=ORIENTED_EDGE('',*,*,#6114,.T.);
#8800=ORIENTED_EDGE('',*,*,#6163,.F.);
#8801=ORIENTED_EDGE('',*,*,#6174,.F.);
#8802=ORIENTED_EDGE('',*,*,#6175,.F.);
#8803=ORIENTED_EDGE('',*,*,#5484,.F.);
#8804=ORIENTED_EDGE('',*,*,#6176,.F.);
#8805=ORIENTED_EDGE('',*,*,#5278,.F.);
#8806=ORIENTED_EDGE('',*,*,#6102,.F.);
#8807=ORIENTED_EDGE('',*,*,#6106,.T.);
#8808=ORIENTED_EDGE('',*,*,#6177,.F.);
#8809=ORIENTED_EDGE('',*,*,#6125,.T.);
#8810=ORIENTED_EDGE('',*,*,#6178,.T.);
#8811=ORIENTED_EDGE('',*,*,#6179,.T.);
#8812=ORIENTED_EDGE('',*,*,#6180,.T.);
#8813=ORIENTED_EDGE('',*,*,#6181,.T.);
#8814=ORIENTED_EDGE('',*,*,#6178,.F.);
#8815=ORIENTED_EDGE('',*,*,#6128,.T.);
#8816=ORIENTED_EDGE('',*,*,#6180,.F.);
#8817=ORIENTED_EDGE('',*,*,#6130,.T.);
#8818=ORIENTED_EDGE('',*,*,#6182,.T.);
#8819=ORIENTED_EDGE('',*,*,#6183,.T.);
#8820=ORIENTED_EDGE('',*,*,#6184,.T.);
#8821=ORIENTED_EDGE('',*,*,#6185,.T.);
#8822=ORIENTED_EDGE('',*,*,#6182,.F.);
#8823=ORIENTED_EDGE('',*,*,#6132,.T.);
#8824=ORIENTED_EDGE('',*,*,#6184,.F.);
#8825=ORIENTED_EDGE('',*,*,#6131,.F.);
#8826=ORIENTED_EDGE('',*,*,#6115,.F.);
#8827=ORIENTED_EDGE('',*,*,#5279,.F.);
#8828=ORIENTED_EDGE('',*,*,#6176,.T.);
#8829=ORIENTED_EDGE('',*,*,#5483,.F.);
#8830=ORIENTED_EDGE('',*,*,#6186,.T.);
#8831=ORIENTED_EDGE('',*,*,#6187,.F.);
#8832=ORIENTED_EDGE('',*,*,#5315,.T.);
#8833=ORIENTED_EDGE('',*,*,#6188,.T.);
#8834=ORIENTED_EDGE('',*,*,#5519,.T.);
#8835=ORIENTED_EDGE('',*,*,#6189,.T.);
#8836=ORIENTED_EDGE('',*,*,#6188,.F.);
#8837=ORIENTED_EDGE('',*,*,#5314,.F.);
#8838=ORIENTED_EDGE('',*,*,#6190,.F.);
#8839=ORIENTED_EDGE('',*,*,#5520,.F.);
#8840=ORIENTED_EDGE('',*,*,#5497,.T.);
#8841=ORIENTED_EDGE('',*,*,#6190,.T.);
#8842=ORIENTED_EDGE('',*,*,#5313,.T.);
#8843=ORIENTED_EDGE('',*,*,#6191,.T.);
#8844=ORIENTED_EDGE('',*,*,#6191,.F.);
#8845=ORIENTED_EDGE('',*,*,#5336,.F.);
#8846=ORIENTED_EDGE('',*,*,#6192,.F.);
#8847=ORIENTED_EDGE('',*,*,#5498,.F.);
#8848=ORIENTED_EDGE('',*,*,#5499,.T.);
#8849=ORIENTED_EDGE('',*,*,#6192,.T.);
#8850=ORIENTED_EDGE('',*,*,#5335,.T.);
#8851=ORIENTED_EDGE('',*,*,#6193,.T.);
#8852=ORIENTED_EDGE('',*,*,#6193,.F.);
#8853=ORIENTED_EDGE('',*,*,#5334,.F.);
#8854=ORIENTED_EDGE('',*,*,#6194,.F.);
#8855=ORIENTED_EDGE('',*,*,#5500,.F.);
#8856=ORIENTED_EDGE('',*,*,#5333,.T.);
#8857=ORIENTED_EDGE('',*,*,#6195,.T.);
#8858=ORIENTED_EDGE('',*,*,#5501,.T.);
#8859=ORIENTED_EDGE('',*,*,#6194,.T.);
#8860=ORIENTED_EDGE('',*,*,#6195,.F.);
#8861=ORIENTED_EDGE('',*,*,#5332,.F.);
#8862=ORIENTED_EDGE('',*,*,#6196,.F.);
#8863=ORIENTED_EDGE('',*,*,#5502,.F.);
#8864=ORIENTED_EDGE('',*,*,#5331,.T.);
#8865=ORIENTED_EDGE('',*,*,#6197,.T.);
#8866=ORIENTED_EDGE('',*,*,#5503,.T.);
#8867=ORIENTED_EDGE('',*,*,#6196,.T.);
#8868=ORIENTED_EDGE('',*,*,#6197,.F.);
#8869=ORIENTED_EDGE('',*,*,#5330,.F.);
#8870=ORIENTED_EDGE('',*,*,#6198,.F.);
#8871=ORIENTED_EDGE('',*,*,#5504,.F.);
#8872=ORIENTED_EDGE('',*,*,#5505,.T.);
#8873=ORIENTED_EDGE('',*,*,#6198,.T.);
#8874=ORIENTED_EDGE('',*,*,#5329,.T.);
#8875=ORIENTED_EDGE('',*,*,#6199,.T.);
#8876=ORIENTED_EDGE('',*,*,#6199,.F.);
#8877=ORIENTED_EDGE('',*,*,#5328,.F.);
#8878=ORIENTED_EDGE('',*,*,#6200,.F.);
#8879=ORIENTED_EDGE('',*,*,#5506,.F.);
#8880=ORIENTED_EDGE('',*,*,#5507,.T.);
#8881=ORIENTED_EDGE('',*,*,#6200,.T.);
#8882=ORIENTED_EDGE('',*,*,#5327,.T.);
#8883=ORIENTED_EDGE('',*,*,#6201,.T.);
#8884=ORIENTED_EDGE('',*,*,#6201,.F.);
#8885=ORIENTED_EDGE('',*,*,#5326,.F.);
#8886=ORIENTED_EDGE('',*,*,#6202,.F.);
#8887=ORIENTED_EDGE('',*,*,#5508,.F.);
#8888=ORIENTED_EDGE('',*,*,#5325,.T.);
#8889=ORIENTED_EDGE('',*,*,#6203,.T.);
#8890=ORIENTED_EDGE('',*,*,#5509,.T.);
#8891=ORIENTED_EDGE('',*,*,#6202,.T.);
#8892=ORIENTED_EDGE('',*,*,#6203,.F.);
#8893=ORIENTED_EDGE('',*,*,#5324,.F.);
#8894=ORIENTED_EDGE('',*,*,#6204,.F.);
#8895=ORIENTED_EDGE('',*,*,#5510,.F.);
#8896=ORIENTED_EDGE('',*,*,#5323,.T.);
#8897=ORIENTED_EDGE('',*,*,#6205,.T.);
#8898=ORIENTED_EDGE('',*,*,#5511,.T.);
#8899=ORIENTED_EDGE('',*,*,#6204,.T.);
#8900=ORIENTED_EDGE('',*,*,#6205,.F.);
#8901=ORIENTED_EDGE('',*,*,#5322,.F.);
#8902=ORIENTED_EDGE('',*,*,#6206,.F.);
#8903=ORIENTED_EDGE('',*,*,#5512,.F.);
#8904=ORIENTED_EDGE('',*,*,#5513,.T.);
#8905=ORIENTED_EDGE('',*,*,#6206,.T.);
#8906=ORIENTED_EDGE('',*,*,#5321,.T.);
#8907=ORIENTED_EDGE('',*,*,#6207,.T.);
#8908=ORIENTED_EDGE('',*,*,#6207,.F.);
#8909=ORIENTED_EDGE('',*,*,#5320,.F.);
#8910=ORIENTED_EDGE('',*,*,#6208,.F.);
#8911=ORIENTED_EDGE('',*,*,#5514,.F.);
#8912=ORIENTED_EDGE('',*,*,#5317,.T.);
#8913=ORIENTED_EDGE('',*,*,#6209,.T.);
#8914=ORIENTED_EDGE('',*,*,#5517,.T.);
#8915=ORIENTED_EDGE('',*,*,#6210,.T.);
#8916=ORIENTED_EDGE('',*,*,#6189,.F.);
#8917=ORIENTED_EDGE('',*,*,#5518,.F.);
#8918=ORIENTED_EDGE('',*,*,#6209,.F.);
#8919=ORIENTED_EDGE('',*,*,#5316,.F.);
#8920=ORIENTED_EDGE('',*,*,#5515,.T.);
#8921=ORIENTED_EDGE('',*,*,#6208,.T.);
#8922=ORIENTED_EDGE('',*,*,#5319,.T.);
#8923=ORIENTED_EDGE('',*,*,#6211,.T.);
#8924=ORIENTED_EDGE('',*,*,#6173,.F.);
#8925=ORIENTED_EDGE('',*,*,#6212,.T.);
#8926=ORIENTED_EDGE('',*,*,#6174,.T.);
#8927=ORIENTED_EDGE('',*,*,#6165,.F.);
#8928=ORIENTED_EDGE('',*,*,#6167,.F.);
#8929=ORIENTED_EDGE('',*,*,#6169,.F.);
#8930=ORIENTED_EDGE('',*,*,#6171,.F.);
#8931=ORIENTED_EDGE('',*,*,#6063,.F.);
#8932=ORIENTED_EDGE('',*,*,#6065,.F.);
#8933=ORIENTED_EDGE('',*,*,#6067,.F.);
#8934=ORIENTED_EDGE('',*,*,#6068,.F.);
#8935=ORIENTED_EDGE('',*,*,#5865,.F.);
#8936=ORIENTED_EDGE('',*,*,#6213,.T.);
#8937=ORIENTED_EDGE('',*,*,#6155,.F.);
#8938=ORIENTED_EDGE('',*,*,#6157,.F.);
#8939=ORIENTED_EDGE('',*,*,#6159,.F.);
#8940=ORIENTED_EDGE('',*,*,#6161,.F.);
#8941=ORIENTED_EDGE('',*,*,#6162,.F.);
#8942=ORIENTED_EDGE('',*,*,#4941,.F.);
#8943=ORIENTED_EDGE('',*,*,#4943,.F.);
#8944=ORIENTED_EDGE('',*,*,#4945,.F.);
#8945=ORIENTED_EDGE('',*,*,#4946,.F.);
#8946=ORIENTED_EDGE('',*,*,#4855,.T.);
#8947=ORIENTED_EDGE('',*,*,#6210,.F.);
#8948=ORIENTED_EDGE('',*,*,#5516,.F.);
#8949=ORIENTED_EDGE('',*,*,#6211,.F.);
#8950=ORIENTED_EDGE('',*,*,#5318,.F.);
#8951=ORIENTED_EDGE('',*,*,#5302,.T.);
#8952=ORIENTED_EDGE('',*,*,#6141,.F.);
#8953=ORIENTED_EDGE('',*,*,#6145,.T.);
#8954=ORIENTED_EDGE('',*,*,#6153,.F.);
#8955=ORIENTED_EDGE('',*,*,#6213,.F.);
#8956=ORIENTED_EDGE('',*,*,#5864,.T.);
#8957=ORIENTED_EDGE('',*,*,#5861,.T.);
#8958=ORIENTED_EDGE('',*,*,#5858,.T.);
#8959=ORIENTED_EDGE('',*,*,#6172,.F.);
#8960=ORIENTED_EDGE('',*,*,#6113,.F.);
#8961=ORIENTED_EDGE('',*,*,#6093,.F.);
#8962=ORIENTED_EDGE('',*,*,#5272,.F.);
#8963=ORIENTED_EDGE('',*,*,#6060,.T.);
#8964=ORIENTED_EDGE('',*,*,#5485,.F.);
#8965=ORIENTED_EDGE('',*,*,#6175,.T.);
#8966=ORIENTED_EDGE('',*,*,#6212,.F.);
#8967=ORIENTED_EDGE('',*,*,#6214,.T.);
#8968=ORIENTED_EDGE('',*,*,#6215,.T.);
#8969=ORIENTED_EDGE('',*,*,#5284,.T.);
#8970=ORIENTED_EDGE('',*,*,#6123,.F.);
#8971=ORIENTED_EDGE('',*,*,#6215,.F.);
#8972=ORIENTED_EDGE('',*,*,#6216,.T.);
#8973=ORIENTED_EDGE('',*,*,#6217,.T.);
#8974=ORIENTED_EDGE('',*,*,#5285,.T.);
#8975=ORIENTED_EDGE('',*,*,#6218,.T.);
#8976=ORIENTED_EDGE('',*,*,#5286,.T.);
#8977=ORIENTED_EDGE('',*,*,#6217,.F.);
#8978=ORIENTED_EDGE('',*,*,#6219,.T.);
#8979=ORIENTED_EDGE('',*,*,#6218,.F.);
#8980=ORIENTED_EDGE('',*,*,#6220,.T.);
#8981=ORIENTED_EDGE('',*,*,#6221,.T.);
#8982=ORIENTED_EDGE('',*,*,#5287,.T.);
#8983=ORIENTED_EDGE('',*,*,#6222,.T.);
#8984=ORIENTED_EDGE('',*,*,#5288,.T.);
#8985=ORIENTED_EDGE('',*,*,#6221,.F.);
#8986=ORIENTED_EDGE('',*,*,#6223,.T.);
#8987=ORIENTED_EDGE('',*,*,#6223,.F.);
#8988=ORIENTED_EDGE('',*,*,#6224,.F.);
#8989=ORIENTED_EDGE('',*,*,#6225,.F.);
#8990=ORIENTED_EDGE('',*,*,#6226,.F.);
#8991=ORIENTED_EDGE('',*,*,#6220,.F.);
#8992=ORIENTED_EDGE('',*,*,#6227,.T.);
#8993=ORIENTED_EDGE('',*,*,#6228,.F.);
#8994=ORIENTED_EDGE('',*,*,#6224,.T.);
#8995=ORIENTED_EDGE('',*,*,#6219,.F.);
#8996=ORIENTED_EDGE('',*,*,#6229,.F.);
#8997=ORIENTED_EDGE('',*,*,#6230,.F.);
#8998=ORIENTED_EDGE('',*,*,#6227,.F.);
#8999=ORIENTED_EDGE('',*,*,#6216,.F.);
#9000=ORIENTED_EDGE('',*,*,#6231,.T.);
#9001=ORIENTED_EDGE('',*,*,#6232,.F.);
#9002=ORIENTED_EDGE('',*,*,#6229,.T.);
#9003=ORIENTED_EDGE('',*,*,#6214,.F.);
#9004=ORIENTED_EDGE('',*,*,#6126,.F.);
#9005=ORIENTED_EDGE('',*,*,#6233,.F.);
#9006=ORIENTED_EDGE('',*,*,#6231,.F.);
#9007=ORIENTED_EDGE('',*,*,#6234,.T.);
#9008=ORIENTED_EDGE('',*,*,#6235,.T.);
#9009=ORIENTED_EDGE('',*,*,#6236,.T.);
#9010=ORIENTED_EDGE('',*,*,#5291,.T.);
#9011=ORIENTED_EDGE('',*,*,#6236,.F.);
#9012=ORIENTED_EDGE('',*,*,#6237,.T.);
#9013=ORIENTED_EDGE('',*,*,#6238,.T.);
#9014=ORIENTED_EDGE('',*,*,#5292,.T.);
#9015=ORIENTED_EDGE('',*,*,#6239,.T.);
#9016=ORIENTED_EDGE('',*,*,#5293,.T.);
#9017=ORIENTED_EDGE('',*,*,#6238,.F.);
#9018=ORIENTED_EDGE('',*,*,#6240,.T.);
#9019=ORIENTED_EDGE('',*,*,#6239,.F.);
#9020=ORIENTED_EDGE('',*,*,#6241,.T.);
#9021=ORIENTED_EDGE('',*,*,#6242,.T.);
#9022=ORIENTED_EDGE('',*,*,#5294,.T.);
#9023=ORIENTED_EDGE('',*,*,#6243,.T.);
#9024=ORIENTED_EDGE('',*,*,#5295,.T.);
#9025=ORIENTED_EDGE('',*,*,#6242,.F.);
#9026=ORIENTED_EDGE('',*,*,#6244,.T.);
#9027=ORIENTED_EDGE('',*,*,#6244,.F.);
#9028=ORIENTED_EDGE('',*,*,#6245,.F.);
#9029=ORIENTED_EDGE('',*,*,#6246,.F.);
#9030=ORIENTED_EDGE('',*,*,#6247,.F.);
#9031=ORIENTED_EDGE('',*,*,#6241,.F.);
#9032=ORIENTED_EDGE('',*,*,#6248,.T.);
#9033=ORIENTED_EDGE('',*,*,#6249,.F.);
#9034=ORIENTED_EDGE('',*,*,#6245,.T.);
#9035=ORIENTED_EDGE('',*,*,#6240,.F.);
#9036=ORIENTED_EDGE('',*,*,#6250,.F.);
#9037=ORIENTED_EDGE('',*,*,#6251,.F.);
#9038=ORIENTED_EDGE('',*,*,#6248,.F.);
#9039=ORIENTED_EDGE('',*,*,#6237,.F.);
#9040=ORIENTED_EDGE('',*,*,#6252,.T.);
#9041=ORIENTED_EDGE('',*,*,#6253,.F.);
#9042=ORIENTED_EDGE('',*,*,#6250,.T.);
#9043=ORIENTED_EDGE('',*,*,#6235,.F.);
#9044=ORIENTED_EDGE('',*,*,#6254,.T.);
#9045=ORIENTED_EDGE('',*,*,#6255,.F.);
#9046=ORIENTED_EDGE('',*,*,#6252,.F.);
#9047=ORIENTED_EDGE('',*,*,#6256,.T.);
#9048=ORIENTED_EDGE('',*,*,#6257,.T.);
#9049=ORIENTED_EDGE('',*,*,#5309,.T.);
#9050=ORIENTED_EDGE('',*,*,#5041,.F.);
#9051=ORIENTED_EDGE('',*,*,#6257,.F.);
#9052=ORIENTED_EDGE('',*,*,#6258,.T.);
#9053=ORIENTED_EDGE('',*,*,#6259,.T.);
#9054=ORIENTED_EDGE('',*,*,#5310,.T.);
#9055=ORIENTED_EDGE('',*,*,#6260,.T.);
#9056=ORIENTED_EDGE('',*,*,#5311,.T.);
#9057=ORIENTED_EDGE('',*,*,#6259,.F.);
#9058=ORIENTED_EDGE('',*,*,#6261,.T.);
#9059=ORIENTED_EDGE('',*,*,#6260,.F.);
#9060=ORIENTED_EDGE('',*,*,#6262,.T.);
#9061=ORIENTED_EDGE('',*,*,#6263,.T.);
#9062=ORIENTED_EDGE('',*,*,#5312,.T.);
#9063=ORIENTED_EDGE('',*,*,#5308,.T.);
#9064=ORIENTED_EDGE('',*,*,#6263,.F.);
#9065=ORIENTED_EDGE('',*,*,#6264,.T.);
#9066=ORIENTED_EDGE('',*,*,#4879,.T.);
#9067=ORIENTED_EDGE('',*,*,#6264,.F.);
#9068=ORIENTED_EDGE('',*,*,#6265,.F.);
#9069=ORIENTED_EDGE('',*,*,#6266,.F.);
#9070=ORIENTED_EDGE('',*,*,#4894,.F.);
#9071=ORIENTED_EDGE('',*,*,#6262,.F.);
#9072=ORIENTED_EDGE('',*,*,#6267,.T.);
#9073=ORIENTED_EDGE('',*,*,#6268,.F.);
#9074=ORIENTED_EDGE('',*,*,#6265,.T.);
#9075=ORIENTED_EDGE('',*,*,#6261,.F.);
#9076=ORIENTED_EDGE('',*,*,#6269,.F.);
#9077=ORIENTED_EDGE('',*,*,#6270,.F.);
#9078=ORIENTED_EDGE('',*,*,#6267,.F.);
#9079=ORIENTED_EDGE('',*,*,#6258,.F.);
#9080=ORIENTED_EDGE('',*,*,#6271,.T.);
#9081=ORIENTED_EDGE('',*,*,#6272,.F.);
#9082=ORIENTED_EDGE('',*,*,#6269,.T.);
#9083=ORIENTED_EDGE('',*,*,#6256,.F.);
#9084=ORIENTED_EDGE('',*,*,#5045,.F.);
#9085=ORIENTED_EDGE('',*,*,#6273,.F.);
#9086=ORIENTED_EDGE('',*,*,#6271,.F.);
#9087=ORIENTED_EDGE('',*,*,#6266,.T.);
#9088=ORIENTED_EDGE('',*,*,#6274,.T.);
#9089=ORIENTED_EDGE('',*,*,#6275,.T.);
#9090=ORIENTED_EDGE('',*,*,#4952,.F.);
#9091=ORIENTED_EDGE('',*,*,#6274,.F.);
#9092=ORIENTED_EDGE('',*,*,#6268,.T.);
#9093=ORIENTED_EDGE('',*,*,#6276,.T.);
#9094=ORIENTED_EDGE('',*,*,#6277,.T.);
#9095=ORIENTED_EDGE('',*,*,#6278,.T.);
#9096=ORIENTED_EDGE('',*,*,#6279,.T.);
#9097=ORIENTED_EDGE('',*,*,#6276,.F.);
#9098=ORIENTED_EDGE('',*,*,#6270,.T.);
#9099=ORIENTED_EDGE('',*,*,#6278,.F.);
#9100=ORIENTED_EDGE('',*,*,#6272,.T.);
#9101=ORIENTED_EDGE('',*,*,#6280,.T.);
#9102=ORIENTED_EDGE('',*,*,#6281,.T.);
#9103=ORIENTED_EDGE('',*,*,#6282,.T.);
#9104=ORIENTED_EDGE('',*,*,#6280,.F.);
#9105=ORIENTED_EDGE('',*,*,#6273,.T.);
#9106=ORIENTED_EDGE('',*,*,#5121,.T.);
#9107=ORIENTED_EDGE('',*,*,#6283,.T.);
#9108=ORIENTED_EDGE('',*,*,#6225,.T.);
#9109=ORIENTED_EDGE('',*,*,#6284,.T.);
#9110=ORIENTED_EDGE('',*,*,#6285,.T.);
#9111=ORIENTED_EDGE('',*,*,#6284,.F.);
#9112=ORIENTED_EDGE('',*,*,#6228,.T.);
#9113=ORIENTED_EDGE('',*,*,#6286,.T.);
#9114=ORIENTED_EDGE('',*,*,#6287,.T.);
#9115=ORIENTED_EDGE('',*,*,#6288,.T.);
#9116=ORIENTED_EDGE('',*,*,#6289,.T.);
#9117=ORIENTED_EDGE('',*,*,#6286,.F.);
#9118=ORIENTED_EDGE('',*,*,#6230,.T.);
#9119=ORIENTED_EDGE('',*,*,#6288,.F.);
#9120=ORIENTED_EDGE('',*,*,#6232,.T.);
#9121=ORIENTED_EDGE('',*,*,#6290,.T.);
#9122=ORIENTED_EDGE('',*,*,#6291,.T.);
#9123=ORIENTED_EDGE('',*,*,#6292,.T.);
#9124=ORIENTED_EDGE('',*,*,#6290,.F.);
#9125=ORIENTED_EDGE('',*,*,#6233,.T.);
#9126=ORIENTED_EDGE('',*,*,#6177,.T.);
#9127=ORIENTED_EDGE('',*,*,#6283,.F.);
#9128=ORIENTED_EDGE('',*,*,#6293,.F.);
#9129=ORIENTED_EDGE('',*,*,#6186,.F.);
#9130=ORIENTED_EDGE('',*,*,#5482,.F.);
#9131=ORIENTED_EDGE('',*,*,#6294,.F.);
#9132=ORIENTED_EDGE('',*,*,#5289,.F.);
#9133=ORIENTED_EDGE('',*,*,#6222,.F.);
#9134=ORIENTED_EDGE('',*,*,#6226,.T.);
#9135=ORIENTED_EDGE('',*,*,#6295,.T.);
#9136=ORIENTED_EDGE('',*,*,#6246,.T.);
#9137=ORIENTED_EDGE('',*,*,#6296,.T.);
#9138=ORIENTED_EDGE('',*,*,#6297,.T.);
#9139=ORIENTED_EDGE('',*,*,#6296,.F.);
#9140=ORIENTED_EDGE('',*,*,#6249,.T.);
#9141=ORIENTED_EDGE('',*,*,#6298,.T.);
#9142=ORIENTED_EDGE('',*,*,#6299,.T.);
#9143=ORIENTED_EDGE('',*,*,#6300,.T.);
#9144=ORIENTED_EDGE('',*,*,#6301,.T.);
#9145=ORIENTED_EDGE('',*,*,#6298,.F.);
#9146=ORIENTED_EDGE('',*,*,#6251,.T.);
#9147=ORIENTED_EDGE('',*,*,#6300,.F.);
#9148=ORIENTED_EDGE('',*,*,#6253,.T.);
#9149=ORIENTED_EDGE('',*,*,#6302,.T.);
#9150=ORIENTED_EDGE('',*,*,#6303,.T.);
#9151=ORIENTED_EDGE('',*,*,#6304,.T.);
#9152=ORIENTED_EDGE('',*,*,#6305,.T.);
#9153=ORIENTED_EDGE('',*,*,#6302,.F.);
#9154=ORIENTED_EDGE('',*,*,#6255,.T.);
#9155=ORIENTED_EDGE('',*,*,#6304,.F.);
#9156=ORIENTED_EDGE('',*,*,#6254,.F.);
#9157=ORIENTED_EDGE('',*,*,#6234,.F.);
#9158=ORIENTED_EDGE('',*,*,#5290,.F.);
#9159=ORIENTED_EDGE('',*,*,#6294,.T.);
#9160=ORIENTED_EDGE('',*,*,#5481,.F.);
#9161=ORIENTED_EDGE('',*,*,#6306,.T.);
#9162=ORIENTED_EDGE('',*,*,#6307,.F.);
#9163=ORIENTED_EDGE('',*,*,#5351,.T.);
#9164=ORIENTED_EDGE('',*,*,#6308,.T.);
#9165=ORIENTED_EDGE('',*,*,#5543,.T.);
#9166=ORIENTED_EDGE('',*,*,#6309,.T.);
#9167=ORIENTED_EDGE('',*,*,#6308,.F.);
#9168=ORIENTED_EDGE('',*,*,#5350,.F.);
#9169=ORIENTED_EDGE('',*,*,#6310,.F.);
#9170=ORIENTED_EDGE('',*,*,#5544,.F.);
#9171=ORIENTED_EDGE('',*,*,#5521,.T.);
#9172=ORIENTED_EDGE('',*,*,#6310,.T.);
#9173=ORIENTED_EDGE('',*,*,#5349,.T.);
#9174=ORIENTED_EDGE('',*,*,#6311,.T.);
#9175=ORIENTED_EDGE('',*,*,#6311,.F.);
#9176=ORIENTED_EDGE('',*,*,#5372,.F.);
#9177=ORIENTED_EDGE('',*,*,#6312,.F.);
#9178=ORIENTED_EDGE('',*,*,#5522,.F.);
#9179=ORIENTED_EDGE('',*,*,#5523,.T.);
#9180=ORIENTED_EDGE('',*,*,#6312,.T.);
#9181=ORIENTED_EDGE('',*,*,#5371,.T.);
#9182=ORIENTED_EDGE('',*,*,#6313,.T.);
#9183=ORIENTED_EDGE('',*,*,#6313,.F.);
#9184=ORIENTED_EDGE('',*,*,#5370,.F.);
#9185=ORIENTED_EDGE('',*,*,#6314,.F.);
#9186=ORIENTED_EDGE('',*,*,#5524,.F.);
#9187=ORIENTED_EDGE('',*,*,#5369,.T.);
#9188=ORIENTED_EDGE('',*,*,#6315,.T.);
#9189=ORIENTED_EDGE('',*,*,#5525,.T.);
#9190=ORIENTED_EDGE('',*,*,#6314,.T.);
#9191=ORIENTED_EDGE('',*,*,#6315,.F.);
#9192=ORIENTED_EDGE('',*,*,#5368,.F.);
#9193=ORIENTED_EDGE('',*,*,#6316,.F.);
#9194=ORIENTED_EDGE('',*,*,#5526,.F.);
#9195=ORIENTED_EDGE('',*,*,#5367,.T.);
#9196=ORIENTED_EDGE('',*,*,#6317,.T.);
#9197=ORIENTED_EDGE('',*,*,#5527,.T.);
#9198=ORIENTED_EDGE('',*,*,#6316,.T.);
#9199=ORIENTED_EDGE('',*,*,#6317,.F.);
#9200=ORIENTED_EDGE('',*,*,#5366,.F.);
#9201=ORIENTED_EDGE('',*,*,#6318,.F.);
#9202=ORIENTED_EDGE('',*,*,#5528,.F.);
#9203=ORIENTED_EDGE('',*,*,#5529,.T.);
#9204=ORIENTED_EDGE('',*,*,#6318,.T.);
#9205=ORIENTED_EDGE('',*,*,#5365,.T.);
#9206=ORIENTED_EDGE('',*,*,#6319,.T.);
#9207=ORIENTED_EDGE('',*,*,#6319,.F.);
#9208=ORIENTED_EDGE('',*,*,#5364,.F.);
#9209=ORIENTED_EDGE('',*,*,#6320,.F.);
#9210=ORIENTED_EDGE('',*,*,#5530,.F.);
#9211=ORIENTED_EDGE('',*,*,#5531,.T.);
#9212=ORIENTED_EDGE('',*,*,#6320,.T.);
#9213=ORIENTED_EDGE('',*,*,#5363,.T.);
#9214=ORIENTED_EDGE('',*,*,#6321,.T.);
#9215=ORIENTED_EDGE('',*,*,#6321,.F.);
#9216=ORIENTED_EDGE('',*,*,#5362,.F.);
#9217=ORIENTED_EDGE('',*,*,#6322,.F.);
#9218=ORIENTED_EDGE('',*,*,#5532,.F.);
#9219=ORIENTED_EDGE('',*,*,#5361,.T.);
#9220=ORIENTED_EDGE('',*,*,#6323,.T.);
#9221=ORIENTED_EDGE('',*,*,#5533,.T.);
#9222=ORIENTED_EDGE('',*,*,#6322,.T.);
#9223=ORIENTED_EDGE('',*,*,#6323,.F.);
#9224=ORIENTED_EDGE('',*,*,#5360,.F.);
#9225=ORIENTED_EDGE('',*,*,#6324,.F.);
#9226=ORIENTED_EDGE('',*,*,#5534,.F.);
#9227=ORIENTED_EDGE('',*,*,#5359,.T.);
#9228=ORIENTED_EDGE('',*,*,#6325,.T.);
#9229=ORIENTED_EDGE('',*,*,#5535,.T.);
#9230=ORIENTED_EDGE('',*,*,#6324,.T.);
#9231=ORIENTED_EDGE('',*,*,#6325,.F.);
#9232=ORIENTED_EDGE('',*,*,#5358,.F.);
#9233=ORIENTED_EDGE('',*,*,#6326,.F.);
#9234=ORIENTED_EDGE('',*,*,#5536,.F.);
#9235=ORIENTED_EDGE('',*,*,#5537,.T.);
#9236=ORIENTED_EDGE('',*,*,#6326,.T.);
#9237=ORIENTED_EDGE('',*,*,#5357,.T.);
#9238=ORIENTED_EDGE('',*,*,#6327,.T.);
#9239=ORIENTED_EDGE('',*,*,#6327,.F.);
#9240=ORIENTED_EDGE('',*,*,#5356,.F.);
#9241=ORIENTED_EDGE('',*,*,#6328,.F.);
#9242=ORIENTED_EDGE('',*,*,#5538,.F.);
#9243=ORIENTED_EDGE('',*,*,#5353,.T.);
#9244=ORIENTED_EDGE('',*,*,#6329,.T.);
#9245=ORIENTED_EDGE('',*,*,#5541,.T.);
#9246=ORIENTED_EDGE('',*,*,#6330,.T.);
#9247=ORIENTED_EDGE('',*,*,#6309,.F.);
#9248=ORIENTED_EDGE('',*,*,#5542,.F.);
#9249=ORIENTED_EDGE('',*,*,#6329,.F.);
#9250=ORIENTED_EDGE('',*,*,#5352,.F.);
#9251=ORIENTED_EDGE('',*,*,#5539,.T.);
#9252=ORIENTED_EDGE('',*,*,#6328,.T.);
#9253=ORIENTED_EDGE('',*,*,#5355,.T.);
#9254=ORIENTED_EDGE('',*,*,#6331,.T.);
#9255=ORIENTED_EDGE('',*,*,#6305,.F.);
#9256=ORIENTED_EDGE('',*,*,#6307,.T.);
#9257=ORIENTED_EDGE('',*,*,#6332,.T.);
#9258=ORIENTED_EDGE('',*,*,#6297,.F.);
#9259=ORIENTED_EDGE('',*,*,#6299,.F.);
#9260=ORIENTED_EDGE('',*,*,#6301,.F.);
#9261=ORIENTED_EDGE('',*,*,#6303,.F.);
#9262=ORIENTED_EDGE('',*,*,#6292,.F.);
#9263=ORIENTED_EDGE('',*,*,#6179,.F.);
#9264=ORIENTED_EDGE('',*,*,#6181,.F.);
#9265=ORIENTED_EDGE('',*,*,#6183,.F.);
#9266=ORIENTED_EDGE('',*,*,#6185,.F.);
#9267=ORIENTED_EDGE('',*,*,#6187,.T.);
#9268=ORIENTED_EDGE('',*,*,#6293,.T.);
#9269=ORIENTED_EDGE('',*,*,#6285,.F.);
#9270=ORIENTED_EDGE('',*,*,#6287,.F.);
#9271=ORIENTED_EDGE('',*,*,#6289,.F.);
#9272=ORIENTED_EDGE('',*,*,#6291,.F.);
#9273=ORIENTED_EDGE('',*,*,#6282,.F.);
#9274=ORIENTED_EDGE('',*,*,#5123,.F.);
#9275=ORIENTED_EDGE('',*,*,#5125,.F.);
#9276=ORIENTED_EDGE('',*,*,#5127,.F.);
#9277=ORIENTED_EDGE('',*,*,#5128,.F.);
#9278=ORIENTED_EDGE('',*,*,#4949,.F.);
#9279=ORIENTED_EDGE('',*,*,#4951,.F.);
#9280=ORIENTED_EDGE('',*,*,#4953,.F.);
#9281=ORIENTED_EDGE('',*,*,#6275,.F.);
#9282=ORIENTED_EDGE('',*,*,#6277,.F.);
#9283=ORIENTED_EDGE('',*,*,#6279,.F.);
#9284=ORIENTED_EDGE('',*,*,#6281,.F.);
#9285=ORIENTED_EDGE('',*,*,#6330,.F.);
#9286=ORIENTED_EDGE('',*,*,#5540,.F.);
#9287=ORIENTED_EDGE('',*,*,#6331,.F.);
#9288=ORIENTED_EDGE('',*,*,#5354,.F.);
#9289=ORIENTED_EDGE('',*,*,#6295,.F.);
#9290=ORIENTED_EDGE('',*,*,#6332,.F.);
#9291=ORIENTED_EDGE('',*,*,#6306,.F.);
#9292=ORIENTED_EDGE('',*,*,#5480,.F.);
#9293=ORIENTED_EDGE('',*,*,#5141,.F.);
#9294=ORIENTED_EDGE('',*,*,#5296,.F.);
#9295=ORIENTED_EDGE('',*,*,#6243,.F.);
#9296=ORIENTED_EDGE('',*,*,#6247,.T.);
#9297=PLANE('',#10077);
#9298=PLANE('',#10078);
#9299=PLANE('',#10094);
#9300=PLANE('',#10110);
#9301=PLANE('',#10120);
#9302=PLANE('',#10121);
#9303=PLANE('',#10128);
#9304=PLANE('',#10129);
#9305=PLANE('',#10136);
#9306=PLANE('',#10137);
#9307=PLANE('',#10144);
#9308=PLANE('',#10154);
#9309=PLANE('',#10164);
#9310=PLANE('',#10174);
#9311=PLANE('',#10184);
#9312=PLANE('',#10194);
#9313=PLANE('',#10210);
#9314=PLANE('',#10211);
#9315=PLANE('',#10212);
#9316=PLANE('',#10228);
#9317=PLANE('',#10229);
#9318=PLANE('',#10239);
#9319=PLANE('',#10240);
#9320=PLANE('',#10247);
#9321=PLANE('',#10248);
#9322=PLANE('',#10258);
#9323=PLANE('',#10259);
#9324=PLANE('',#10266);
#9325=PLANE('',#10267);
#9326=PLANE('',#10274);
#9327=PLANE('',#10275);
#9328=PLANE('',#10282);
#9329=PLANE('',#10283);
#9330=PLANE('',#10290);
#9331=PLANE('',#10291);
#9332=PLANE('',#10295);
#9333=PLANE('',#10305);
#9334=PLANE('',#10315);
#9335=PLANE('',#10325);
#9336=PLANE('',#10335);
#9337=PLANE('',#10351);
#9338=PLANE('',#10352);
#9339=PLANE('',#10353);
#9340=PLANE('',#10354);
#9341=PLANE('',#10355);
#9342=PLANE('',#10356);
#9343=PLANE('',#10519);
#9344=PLANE('',#10520);
#9345=PLANE('',#10521);
#9346=PLANE('',#10522);
#9347=PLANE('',#10526);
#9348=PLANE('',#10635);
#9349=PLANE('',#10648);
#9350=PLANE('',#10661);
#9351=PLANE('',#10668);
#9352=PLANE('',#10669);
#9353=PLANE('',#10676);
#9354=PLANE('',#10677);
#9355=PLANE('',#10684);
#9356=PLANE('',#10685);
#9357=PLANE('',#10692);
#9358=PLANE('',#10700);
#9359=PLANE('',#10704);
#9360=PLANE('',#10708);
#9361=PLANE('',#10712);
#9362=PLANE('',#10716);
#9363=PLANE('',#10722);
#9364=PLANE('',#10723);
#9365=PLANE('',#10724);
#9366=PLANE('',#10725);
#9367=PLANE('',#10726);
#9368=PLANE('',#10739);
#9369=PLANE('',#10746);
#9370=PLANE('',#10747);
#9371=PLANE('',#10754);
#9372=PLANE('',#10761);
#9373=PLANE('',#10762);
#9374=PLANE('',#10769);
#9375=PLANE('',#10770);
#9376=PLANE('',#10777);
#9377=PLANE('',#10778);
#9378=PLANE('',#10785);
#9379=PLANE('',#10786);
#9380=PLANE('',#10791);
#9381=PLANE('',#10795);
#9382=PLANE('',#10799);
#9383=PLANE('',#10803);
#9384=PLANE('',#10807);
#9385=PLANE('',#10813);
#9386=PLANE('',#10814);
#9387=PLANE('',#10815);
#9388=PLANE('',#10816);
#9389=PLANE('',#10817);
#9390=PLANE('',#10818);
#9391=PLANE('',#10819);
#9392=PLANE('',#10820);
#9393=PLANE('',#10827);
#9394=PLANE('',#10828);
#9395=PLANE('',#10835);
#9396=PLANE('',#10836);
#9397=PLANE('',#10849);
#9398=PLANE('',#10850);
#9399=PLANE('',#10857);
#9400=PLANE('',#10858);
#9401=PLANE('',#10865);
#9402=PLANE('',#10866);
#9403=PLANE('',#10873);
#9404=PLANE('',#10874);
#9405=PLANE('',#10881);
#9406=PLANE('',#10882);
#9407=PLANE('',#10889);
#9408=PLANE('',#10890);
#9409=PLANE('',#10892);
#9410=PLANE('',#10896);
#9411=PLANE('',#10900);
#9412=PLANE('',#10904);
#9413=PLANE('',#10908);
#9414=PLANE('',#10914);
#9415=PLANE('',#10915);
#9416=PLANE('',#10916);
#9417=PLANE('',#10917);
#9418=PLANE('',#10918);
#9419=PLANE('',#10919);
#9420=PLANE('',#10926);
#9421=PLANE('',#10927);
#9422=PLANE('',#10934);
#9423=PLANE('',#10941);
#9424=PLANE('',#10942);
#9425=PLANE('',#10949);
#9426=PLANE('',#10956);
#9427=PLANE('',#10957);
#9428=PLANE('',#10964);
#9429=PLANE('',#10965);
#9430=PLANE('',#10972);
#9431=PLANE('',#10973);
#9432=PLANE('',#10980);
#9433=PLANE('',#10981);
#9434=PLANE('',#10982);
#9435=PLANE('',#10990);
#9436=PLANE('',#10994);
#9437=PLANE('',#10998);
#9438=PLANE('',#11002);
#9439=PLANE('',#11006);
#9440=PLANE('',#11012);
#9441=PLANE('',#11013);
#9442=PLANE('',#11014);
#9443=PLANE('',#11015);
#9444=PLANE('',#11022);
#9445=PLANE('',#11023);
#9446=PLANE('',#11030);
#9447=PLANE('',#11031);
#9448=PLANE('',#11044);
#9449=PLANE('',#11045);
#9450=PLANE('',#11052);
#9451=PLANE('',#11053);
#9452=PLANE('',#11060);
#9453=PLANE('',#11061);
#9454=PLANE('',#11068);
#9455=PLANE('',#11069);
#9456=PLANE('',#11076);
#9457=PLANE('',#11077);
#9458=PLANE('',#11084);
#9459=PLANE('',#11085);
#9460=PLANE('',#11087);
#9461=PLANE('',#11091);
#9462=PLANE('',#11095);
#9463=PLANE('',#11099);
#9464=PLANE('',#11103);
#9465=PLANE('',#11109);
#9466=PLANE('',#11110);
#9467=PLANE('',#11111);
#9468=PLANE('',#11112);
#9469=PLANE('',#11113);
#9470=PLANE('',#11114);
#9471=PLANE('',#11121);
#9472=PLANE('',#11122);
#9473=PLANE('',#11129);
#9474=PLANE('',#11130);
#9475=PLANE('',#11137);
#9476=PLANE('',#11138);
#9477=PLANE('',#11145);
#9478=PLANE('',#11146);
#9479=PLANE('',#11153);
#9480=PLANE('',#11154);
#9481=PLANE('',#11161);
#9482=PLANE('',#11162);
#9483=PLANE('',#11169);
#9484=PLANE('',#11170);
#9485=PLANE('',#11177);
#9486=PLANE('',#11178);
#9487=PLANE('',#11179);
#9488=PLANE('',#11186);
#9489=PLANE('',#11187);
#9490=PLANE('',#11189);
#9491=PLANE('',#11193);
#9492=PLANE('',#11197);
#9493=PLANE('',#11201);
#9494=PLANE('',#11205);
#9495=PLANE('',#11211);
#9496=PLANE('',#11212);
#9497=PLANE('',#11213);
#9498=PLANE('',#11214);
#9499=PLANE('',#11215);
#9500=ADVANCED_FACE('',(#970),#9297,.T.);
#9501=ADVANCED_FACE('',(#971),#9298,.T.);
#9502=ADVANCED_FACE('',(#972),#826,.T.);
#9503=ADVANCED_FACE('',(#973),#827,.F.);
#9504=ADVANCED_FACE('',(#974),#828,.T.);
#9505=ADVANCED_FACE('',(#975),#34,.T.);
#9506=ADVANCED_FACE('',(#976),#35,.F.);
#9507=ADVANCED_FACE('',(#977),#36,.T.);
#9508=ADVANCED_FACE('',(#978),#9299,.T.);
#9509=ADVANCED_FACE('',(#979),#829,.T.);
#9510=ADVANCED_FACE('',(#980),#830,.F.);
#9511=ADVANCED_FACE('',(#981),#831,.T.);
#9512=ADVANCED_FACE('',(#982),#37,.T.);
#9513=ADVANCED_FACE('',(#983),#38,.F.);
#9514=ADVANCED_FACE('',(#984),#39,.T.);
#9515=ADVANCED_FACE('',(#985),#9300,.T.);
#9516=ADVANCED_FACE('',(#986),#832,.T.);
#9517=ADVANCED_FACE('',(#987),#833,.F.);
#9518=ADVANCED_FACE('',(#988),#834,.T.);
#9519=ADVANCED_FACE('',(#989),#9301,.T.);
#9520=ADVANCED_FACE('',(#990),#9302,.T.);
#9521=ADVANCED_FACE('',(#991),#40,.T.);
#9522=ADVANCED_FACE('',(#992),#41,.F.);
#9523=ADVANCED_FACE('',(#993),#42,.T.);
#9524=ADVANCED_FACE('',(#994),#9303,.T.);
#9525=ADVANCED_FACE('',(#995),#9304,.T.);
#9526=ADVANCED_FACE('',(#996),#835,.T.);
#9527=ADVANCED_FACE('',(#997),#836,.F.);
#9528=ADVANCED_FACE('',(#998),#837,.T.);
#9529=ADVANCED_FACE('',(#999),#9305,.T.);
#9530=ADVANCED_FACE('',(#1000),#9306,.T.);
#9531=ADVANCED_FACE('',(#1001),#838,.T.);
#9532=ADVANCED_FACE('',(#1002),#839,.F.);
#9533=ADVANCED_FACE('',(#1003),#840,.T.);
#9534=ADVANCED_FACE('',(#1004),#9307,.T.);
#9535=ADVANCED_FACE('',(#1005),#841,.T.);
#9536=ADVANCED_FACE('',(#1006),#842,.F.);
#9537=ADVANCED_FACE('',(#1007),#843,.T.);
#9538=ADVANCED_FACE('',(#1008),#43,.F.);
#9539=ADVANCED_FACE('',(#1009),#9308,.T.);
#9540=ADVANCED_FACE('',(#1010),#44,.T.);
#9541=ADVANCED_FACE('',(#1011),#45,.F.);
#9542=ADVANCED_FACE('',(#1012),#46,.T.);
#9543=ADVANCED_FACE('',(#1013),#9309,.T.);
#9544=ADVANCED_FACE('',(#1014),#47,.F.);
#9545=ADVANCED_FACE('',(#1015),#48,.F.);
#9546=ADVANCED_FACE('',(#1016),#49,.F.);
#9547=ADVANCED_FACE('',(#1017),#9310,.T.);
#9548=ADVANCED_FACE('',(#1018),#50,.T.);
#9549=ADVANCED_FACE('',(#1019),#51,.F.);
#9550=ADVANCED_FACE('',(#1020),#52,.T.);
#9551=ADVANCED_FACE('',(#1021),#9311,.T.);
#9552=ADVANCED_FACE('',(#1022),#53,.F.);
#9553=ADVANCED_FACE('',(#1023),#54,.F.);
#9554=ADVANCED_FACE('',(#1024),#55,.F.);
#9555=ADVANCED_FACE('',(#1025),#9312,.T.);
#9556=ADVANCED_FACE('',(#1026),#56,.T.);
#9557=ADVANCED_FACE('',(#1027),#57,.F.);
#9558=ADVANCED_FACE('',(#1028),#58,.F.);
#9559=ADVANCED_FACE('',(#1029),#59,.F.);
#9560=ADVANCED_FACE('',(#1030),#60,.T.);
#9561=ADVANCED_FACE('',(#1031),#9313,.T.);
#9562=ADVANCED_FACE('',(#1032),#9314,.T.);
#9563=ADVANCED_FACE('',(#1033),#9315,.T.);
#9564=ADVANCED_FACE('',(#1034),#844,.T.);
#9565=ADVANCED_FACE('',(#1035),#845,.F.);
#9566=ADVANCED_FACE('',(#1036),#846,.T.);
#9567=ADVANCED_FACE('',(#1037),#61,.T.);
#9568=ADVANCED_FACE('',(#1038),#62,.F.);
#9569=ADVANCED_FACE('',(#1039),#63,.T.);
#9570=ADVANCED_FACE('',(#1040),#9316,.T.);
#9571=ADVANCED_FACE('',(#1041),#9317,.T.);
#9572=ADVANCED_FACE('',(#1042),#847,.T.);
#9573=ADVANCED_FACE('',(#1043),#848,.F.);
#9574=ADVANCED_FACE('',(#1044),#849,.T.);
#9575=ADVANCED_FACE('',(#1045),#9318,.T.);
#9576=ADVANCED_FACE('',(#1046),#9319,.T.);
#9577=ADVANCED_FACE('',(#1047),#64,.T.);
#9578=ADVANCED_FACE('',(#1048),#65,.F.);
#9579=ADVANCED_FACE('',(#1049),#66,.T.);
#9580=ADVANCED_FACE('',(#1050),#9320,.T.);
#9581=ADVANCED_FACE('',(#1051),#9321,.T.);
#9582=ADVANCED_FACE('',(#1052),#850,.T.);
#9583=ADVANCED_FACE('',(#1053),#851,.F.);
#9584=ADVANCED_FACE('',(#1054),#852,.T.);
#9585=ADVANCED_FACE('',(#1055),#9322,.T.);
#9586=ADVANCED_FACE('',(#1056),#9323,.T.);
#9587=ADVANCED_FACE('',(#1057),#67,.T.);
#9588=ADVANCED_FACE('',(#1058),#68,.F.);
#9589=ADVANCED_FACE('',(#1059),#69,.T.);
#9590=ADVANCED_FACE('',(#1060),#9324,.T.);
#9591=ADVANCED_FACE('',(#1061),#9325,.T.);
#9592=ADVANCED_FACE('',(#1062),#853,.T.);
#9593=ADVANCED_FACE('',(#1063),#854,.F.);
#9594=ADVANCED_FACE('',(#1064),#855,.T.);
#9595=ADVANCED_FACE('',(#1065),#9326,.T.);
#9596=ADVANCED_FACE('',(#1066),#9327,.T.);
#9597=ADVANCED_FACE('',(#1067),#856,.T.);
#9598=ADVANCED_FACE('',(#1068),#857,.F.);
#9599=ADVANCED_FACE('',(#1069),#858,.T.);
#9600=ADVANCED_FACE('',(#1070),#9328,.T.);
#9601=ADVANCED_FACE('',(#1071),#9329,.T.);
#9602=ADVANCED_FACE('',(#1072),#859,.T.);
#9603=ADVANCED_FACE('',(#1073),#860,.F.);
#9604=ADVANCED_FACE('',(#1074),#861,.T.);
#9605=ADVANCED_FACE('',(#1075),#9330,.T.);
#9606=ADVANCED_FACE('',(#1076),#9331,.T.);
#9607=ADVANCED_FACE('',(#1077),#70,.F.);
#9608=ADVANCED_FACE('',(#1078),#9332,.T.);
#9609=ADVANCED_FACE('',(#1079),#71,.T.);
#9610=ADVANCED_FACE('',(#1080),#72,.F.);
#9611=ADVANCED_FACE('',(#1081),#73,.T.);
#9612=ADVANCED_FACE('',(#1082),#9333,.T.);
#9613=ADVANCED_FACE('',(#1083),#74,.F.);
#9614=ADVANCED_FACE('',(#1084),#75,.F.);
#9615=ADVANCED_FACE('',(#1085),#76,.F.);
#9616=ADVANCED_FACE('',(#1086),#9334,.T.);
#9617=ADVANCED_FACE('',(#1087),#77,.T.);
#9618=ADVANCED_FACE('',(#1088),#78,.F.);
#9619=ADVANCED_FACE('',(#1089),#79,.T.);
#9620=ADVANCED_FACE('',(#1090),#9335,.T.);
#9621=ADVANCED_FACE('',(#1091),#80,.F.);
#9622=ADVANCED_FACE('',(#1092),#81,.F.);
#9623=ADVANCED_FACE('',(#1093),#82,.F.);
#9624=ADVANCED_FACE('',(#1094),#9336,.T.);
#9625=ADVANCED_FACE('',(#1095),#83,.T.);
#9626=ADVANCED_FACE('',(#1096),#84,.F.);
#9627=ADVANCED_FACE('',(#1097),#85,.F.);
#9628=ADVANCED_FACE('',(#1098),#86,.F.);
#9629=ADVANCED_FACE('',(#1099),#87,.T.);
#9630=ADVANCED_FACE('',(#1100),#9337,.T.);
#9631=ADVANCED_FACE('',(#1101),#9338,.T.);
#9632=ADVANCED_FACE('',(#1102),#9339,.T.);
#9633=ADVANCED_FACE('',(#1103),#9340,.T.);
#9634=ADVANCED_FACE('',(#1104),#9341,.T.);
#9635=ADVANCED_FACE('',(#1105,#15,#16,#17,#18,#19,#20,#21,#22,#23,#24,#25),
#9342,.T.);
#9636=ADVANCED_FACE('',(#1106),#9343,.T.);
#9637=ADVANCED_FACE('',(#1107),#9344,.T.);
#9638=ADVANCED_FACE('',(#1108),#9345,.T.);
#9639=ADVANCED_FACE('',(#1109),#9346,.T.);
#9640=ADVANCED_FACE('',(#1110,#26,#27,#28,#29,#30,#31,#32,#33),#9347,.F.);
#9641=ADVANCED_FACE('',(#1111),#9348,.T.);
#9642=ADVANCED_FACE('',(#1112),#862,.T.);
#9643=ADVANCED_FACE('',(#1113),#863,.F.);
#9644=ADVANCED_FACE('',(#1114),#864,.T.);
#9645=ADVANCED_FACE('',(#1115),#88,.T.);
#9646=ADVANCED_FACE('',(#1116),#89,.F.);
#9647=ADVANCED_FACE('',(#1117),#90,.T.);
#9648=ADVANCED_FACE('',(#1118),#9349,.T.);
#9649=ADVANCED_FACE('',(#1119),#865,.T.);
#9650=ADVANCED_FACE('',(#1120),#866,.F.);
#9651=ADVANCED_FACE('',(#1121),#867,.T.);
#9652=ADVANCED_FACE('',(#1122),#91,.T.);
#9653=ADVANCED_FACE('',(#1123),#92,.F.);
#9654=ADVANCED_FACE('',(#1124),#93,.T.);
#9655=ADVANCED_FACE('',(#1125),#9350,.T.);
#9656=ADVANCED_FACE('',(#1126),#868,.T.);
#9657=ADVANCED_FACE('',(#1127),#869,.F.);
#9658=ADVANCED_FACE('',(#1128),#870,.T.);
#9659=ADVANCED_FACE('',(#1129),#9351,.T.);
#9660=ADVANCED_FACE('',(#1130),#9352,.T.);
#9661=ADVANCED_FACE('',(#1131),#94,.T.);
#9662=ADVANCED_FACE('',(#1132),#95,.F.);
#9663=ADVANCED_FACE('',(#1133),#96,.T.);
#9664=ADVANCED_FACE('',(#1134),#9353,.T.);
#9665=ADVANCED_FACE('',(#1135),#9354,.T.);
#9666=ADVANCED_FACE('',(#1136),#871,.T.);
#9667=ADVANCED_FACE('',(#1137),#872,.F.);
#9668=ADVANCED_FACE('',(#1138),#873,.T.);
#9669=ADVANCED_FACE('',(#1139),#9355,.T.);
#9670=ADVANCED_FACE('',(#1140),#9356,.T.);
#9671=ADVANCED_FACE('',(#1141),#874,.T.);
#9672=ADVANCED_FACE('',(#1142),#875,.F.);
#9673=ADVANCED_FACE('',(#1143),#876,.T.);
#9674=ADVANCED_FACE('',(#1144),#9357,.T.);
#9675=ADVANCED_FACE('',(#1145),#877,.T.);
#9676=ADVANCED_FACE('',(#1146),#878,.F.);
#9677=ADVANCED_FACE('',(#1147),#879,.T.);
#9678=ADVANCED_FACE('',(#1148),#97,.F.);
#9679=ADVANCED_FACE('',(#1149),#9358,.T.);
#9680=ADVANCED_FACE('',(#1150),#98,.T.);
#9681=ADVANCED_FACE('',(#1151),#99,.F.);
#9682=ADVANCED_FACE('',(#1152),#100,.T.);
#9683=ADVANCED_FACE('',(#1153),#9359,.T.);
#9684=ADVANCED_FACE('',(#1154),#101,.F.);
#9685=ADVANCED_FACE('',(#1155),#102,.F.);
#9686=ADVANCED_FACE('',(#1156),#103,.F.);
#9687=ADVANCED_FACE('',(#1157),#9360,.T.);
#9688=ADVANCED_FACE('',(#1158),#104,.T.);
#9689=ADVANCED_FACE('',(#1159),#105,.F.);
#9690=ADVANCED_FACE('',(#1160),#106,.T.);
#9691=ADVANCED_FACE('',(#1161),#9361,.T.);
#9692=ADVANCED_FACE('',(#1162),#107,.F.);
#9693=ADVANCED_FACE('',(#1163),#108,.F.);
#9694=ADVANCED_FACE('',(#1164),#109,.F.);
#9695=ADVANCED_FACE('',(#1165),#9362,.T.);
#9696=ADVANCED_FACE('',(#1166),#110,.T.);
#9697=ADVANCED_FACE('',(#1167),#111,.F.);
#9698=ADVANCED_FACE('',(#1168),#112,.F.);
#9699=ADVANCED_FACE('',(#1169),#113,.F.);
#9700=ADVANCED_FACE('',(#1170),#114,.T.);
#9701=ADVANCED_FACE('',(#1171),#9363,.T.);
#9702=ADVANCED_FACE('',(#1172),#9364,.T.);
#9703=ADVANCED_FACE('',(#1173),#9365,.T.);
#9704=ADVANCED_FACE('',(#1174),#9366,.T.);
#9705=ADVANCED_FACE('',(#1175),#9367,.T.);
#9706=ADVANCED_FACE('',(#1176),#880,.T.);
#9707=ADVANCED_FACE('',(#1177),#881,.F.);
#9708=ADVANCED_FACE('',(#1178),#882,.T.);
#9709=ADVANCED_FACE('',(#1179),#115,.T.);
#9710=ADVANCED_FACE('',(#1180),#116,.F.);
#9711=ADVANCED_FACE('',(#1181),#117,.T.);
#9712=ADVANCED_FACE('',(#1182),#9368,.T.);
#9713=ADVANCED_FACE('',(#1183),#883,.T.);
#9714=ADVANCED_FACE('',(#1184),#884,.F.);
#9715=ADVANCED_FACE('',(#1185),#885,.T.);
#9716=ADVANCED_FACE('',(#1186),#9369,.T.);
#9717=ADVANCED_FACE('',(#1187),#9370,.T.);
#9718=ADVANCED_FACE('',(#1188),#118,.T.);
#9719=ADVANCED_FACE('',(#1189),#119,.F.);
#9720=ADVANCED_FACE('',(#1190),#120,.T.);
#9721=ADVANCED_FACE('',(#1191),#9371,.T.);
#9722=ADVANCED_FACE('',(#1192),#886,.T.);
#9723=ADVANCED_FACE('',(#1193),#887,.F.);
#9724=ADVANCED_FACE('',(#1194),#888,.T.);
#9725=ADVANCED_FACE('',(#1195),#9372,.T.);
#9726=ADVANCED_FACE('',(#1196),#9373,.T.);
#9727=ADVANCED_FACE('',(#1197),#121,.T.);
#9728=ADVANCED_FACE('',(#1198),#122,.F.);
#9729=ADVANCED_FACE('',(#1199),#123,.T.);
#9730=ADVANCED_FACE('',(#1200),#9374,.T.);
#9731=ADVANCED_FACE('',(#1201),#9375,.T.);
#9732=ADVANCED_FACE('',(#1202),#889,.T.);
#9733=ADVANCED_FACE('',(#1203),#890,.F.);
#9734=ADVANCED_FACE('',(#1204),#891,.T.);
#9735=ADVANCED_FACE('',(#1205),#9376,.T.);
#9736=ADVANCED_FACE('',(#1206),#9377,.T.);
#9737=ADVANCED_FACE('',(#1207),#892,.T.);
#9738=ADVANCED_FACE('',(#1208),#893,.F.);
#9739=ADVANCED_FACE('',(#1209),#894,.T.);
#9740=ADVANCED_FACE('',(#1210),#9378,.T.);
#9741=ADVANCED_FACE('',(#1211),#9379,.T.);
#9742=ADVANCED_FACE('',(#1212),#895,.T.);
#9743=ADVANCED_FACE('',(#1213),#896,.F.);
#9744=ADVANCED_FACE('',(#1214),#897,.T.);
#9745=ADVANCED_FACE('',(#1215),#124,.F.);
#9746=ADVANCED_FACE('',(#1216),#9380,.T.);
#9747=ADVANCED_FACE('',(#1217),#125,.T.);
#9748=ADVANCED_FACE('',(#1218),#126,.F.);
#9749=ADVANCED_FACE('',(#1219),#127,.T.);
#9750=ADVANCED_FACE('',(#1220),#9381,.T.);
#9751=ADVANCED_FACE('',(#1221),#128,.F.);
#9752=ADVANCED_FACE('',(#1222),#129,.F.);
#9753=ADVANCED_FACE('',(#1223),#130,.F.);
#9754=ADVANCED_FACE('',(#1224),#9382,.T.);
#9755=ADVANCED_FACE('',(#1225),#131,.T.);
#9756=ADVANCED_FACE('',(#1226),#132,.F.);
#9757=ADVANCED_FACE('',(#1227),#133,.T.);
#9758=ADVANCED_FACE('',(#1228),#9383,.T.);
#9759=ADVANCED_FACE('',(#1229),#134,.F.);
#9760=ADVANCED_FACE('',(#1230),#135,.F.);
#9761=ADVANCED_FACE('',(#1231),#136,.F.);
#9762=ADVANCED_FACE('',(#1232),#9384,.T.);
#9763=ADVANCED_FACE('',(#1233),#137,.T.);
#9764=ADVANCED_FACE('',(#1234),#138,.F.);
#9765=ADVANCED_FACE('',(#1235),#139,.F.);
#9766=ADVANCED_FACE('',(#1236),#140,.F.);
#9767=ADVANCED_FACE('',(#1237),#141,.T.);
#9768=ADVANCED_FACE('',(#1238),#9385,.T.);
#9769=ADVANCED_FACE('',(#1239),#9386,.T.);
#9770=ADVANCED_FACE('',(#1240),#9387,.T.);
#9771=ADVANCED_FACE('',(#1241),#9388,.T.);
#9772=ADVANCED_FACE('',(#1242),#9389,.T.);
#9773=ADVANCED_FACE('',(#1243),#9390,.T.);
#9774=ADVANCED_FACE('',(#1244),#9391,.T.);
#9775=ADVANCED_FACE('',(#1245),#9392,.T.);
#9776=ADVANCED_FACE('',(#1246),#898,.T.);
#9777=ADVANCED_FACE('',(#1247),#899,.F.);
#9778=ADVANCED_FACE('',(#1248),#900,.T.);
#9779=ADVANCED_FACE('',(#1249),#9393,.T.);
#9780=ADVANCED_FACE('',(#1250),#9394,.T.);
#9781=ADVANCED_FACE('',(#1251),#142,.T.);
#9782=ADVANCED_FACE('',(#1252),#143,.F.);
#9783=ADVANCED_FACE('',(#1253),#144,.T.);
#9784=ADVANCED_FACE('',(#1254),#9395,.T.);
#9785=ADVANCED_FACE('',(#1255),#9396,.T.);
#9786=ADVANCED_FACE('',(#1256),#901,.T.);
#9787=ADVANCED_FACE('',(#1257),#902,.F.);
#9788=ADVANCED_FACE('',(#1258),#903,.T.);
#9789=ADVANCED_FACE('',(#1259),#145,.T.);
#9790=ADVANCED_FACE('',(#1260),#146,.F.);
#9791=ADVANCED_FACE('',(#1261),#147,.T.);
#9792=ADVANCED_FACE('',(#1262),#9397,.T.);
#9793=ADVANCED_FACE('',(#1263),#9398,.T.);
#9794=ADVANCED_FACE('',(#1264),#904,.T.);
#9795=ADVANCED_FACE('',(#1265),#905,.F.);
#9796=ADVANCED_FACE('',(#1266),#906,.T.);
#9797=ADVANCED_FACE('',(#1267),#9399,.T.);
#9798=ADVANCED_FACE('',(#1268),#9400,.T.);
#9799=ADVANCED_FACE('',(#1269),#148,.T.);
#9800=ADVANCED_FACE('',(#1270),#149,.F.);
#9801=ADVANCED_FACE('',(#1271),#150,.T.);
#9802=ADVANCED_FACE('',(#1272),#9401,.T.);
#9803=ADVANCED_FACE('',(#1273),#9402,.T.);
#9804=ADVANCED_FACE('',(#1274),#907,.T.);
#9805=ADVANCED_FACE('',(#1275),#908,.F.);
#9806=ADVANCED_FACE('',(#1276),#909,.T.);
#9807=ADVANCED_FACE('',(#1277),#9403,.T.);
#9808=ADVANCED_FACE('',(#1278),#9404,.T.);
#9809=ADVANCED_FACE('',(#1279),#910,.T.);
#9810=ADVANCED_FACE('',(#1280),#911,.F.);
#9811=ADVANCED_FACE('',(#1281),#912,.T.);
#9812=ADVANCED_FACE('',(#1282),#9405,.T.);
#9813=ADVANCED_FACE('',(#1283),#9406,.T.);
#9814=ADVANCED_FACE('',(#1284),#913,.T.);
#9815=ADVANCED_FACE('',(#1285),#914,.F.);
#9816=ADVANCED_FACE('',(#1286),#915,.T.);
#9817=ADVANCED_FACE('',(#1287),#9407,.T.);
#9818=ADVANCED_FACE('',(#1288),#9408,.T.);
#9819=ADVANCED_FACE('',(#1289),#151,.F.);
#9820=ADVANCED_FACE('',(#1290),#9409,.T.);
#9821=ADVANCED_FACE('',(#1291),#152,.T.);
#9822=ADVANCED_FACE('',(#1292),#153,.F.);
#9823=ADVANCED_FACE('',(#1293),#154,.T.);
#9824=ADVANCED_FACE('',(#1294),#9410,.T.);
#9825=ADVANCED_FACE('',(#1295),#155,.F.);
#9826=ADVANCED_FACE('',(#1296),#156,.F.);
#9827=ADVANCED_FACE('',(#1297),#157,.F.);
#9828=ADVANCED_FACE('',(#1298),#9411,.T.);
#9829=ADVANCED_FACE('',(#1299),#158,.T.);
#9830=ADVANCED_FACE('',(#1300),#159,.F.);
#9831=ADVANCED_FACE('',(#1301),#160,.T.);
#9832=ADVANCED_FACE('',(#1302),#9412,.T.);
#9833=ADVANCED_FACE('',(#1303),#161,.F.);
#9834=ADVANCED_FACE('',(#1304),#162,.F.);
#9835=ADVANCED_FACE('',(#1305),#163,.F.);
#9836=ADVANCED_FACE('',(#1306),#9413,.T.);
#9837=ADVANCED_FACE('',(#1307),#164,.T.);
#9838=ADVANCED_FACE('',(#1308),#165,.F.);
#9839=ADVANCED_FACE('',(#1309),#166,.F.);
#9840=ADVANCED_FACE('',(#1310),#167,.F.);
#9841=ADVANCED_FACE('',(#1311),#168,.T.);
#9842=ADVANCED_FACE('',(#1312),#9414,.T.);
#9843=ADVANCED_FACE('',(#1313),#9415,.T.);
#9844=ADVANCED_FACE('',(#1314),#9416,.T.);
#9845=ADVANCED_FACE('',(#1315),#9417,.T.);
#9846=ADVANCED_FACE('',(#1316),#9418,.T.);
#9847=ADVANCED_FACE('',(#1317),#9419,.T.);
#9848=ADVANCED_FACE('',(#1318),#916,.T.);
#9849=ADVANCED_FACE('',(#1319),#917,.F.);
#9850=ADVANCED_FACE('',(#1320),#918,.T.);
#9851=ADVANCED_FACE('',(#1321),#9420,.T.);
#9852=ADVANCED_FACE('',(#1322),#9421,.T.);
#9853=ADVANCED_FACE('',(#1323),#169,.T.);
#9854=ADVANCED_FACE('',(#1324),#170,.F.);
#9855=ADVANCED_FACE('',(#1325),#171,.T.);
#9856=ADVANCED_FACE('',(#1326),#9422,.T.);
#9857=ADVANCED_FACE('',(#1327),#919,.T.);
#9858=ADVANCED_FACE('',(#1328),#920,.F.);
#9859=ADVANCED_FACE('',(#1329),#921,.T.);
#9860=ADVANCED_FACE('',(#1330),#9423,.T.);
#9861=ADVANCED_FACE('',(#1331),#9424,.T.);
#9862=ADVANCED_FACE('',(#1332),#172,.T.);
#9863=ADVANCED_FACE('',(#1333),#173,.F.);
#9864=ADVANCED_FACE('',(#1334),#174,.T.);
#9865=ADVANCED_FACE('',(#1335),#9425,.T.);
#9866=ADVANCED_FACE('',(#1336),#922,.T.);
#9867=ADVANCED_FACE('',(#1337),#923,.F.);
#9868=ADVANCED_FACE('',(#1338),#924,.T.);
#9869=ADVANCED_FACE('',(#1339),#9426,.T.);
#9870=ADVANCED_FACE('',(#1340),#9427,.T.);
#9871=ADVANCED_FACE('',(#1341),#175,.T.);
#9872=ADVANCED_FACE('',(#1342),#176,.F.);
#9873=ADVANCED_FACE('',(#1343),#177,.T.);
#9874=ADVANCED_FACE('',(#1344),#9428,.T.);
#9875=ADVANCED_FACE('',(#1345),#9429,.T.);
#9876=ADVANCED_FACE('',(#1346),#925,.T.);
#9877=ADVANCED_FACE('',(#1347),#926,.F.);
#9878=ADVANCED_FACE('',(#1348),#927,.T.);
#9879=ADVANCED_FACE('',(#1349),#9430,.T.);
#9880=ADVANCED_FACE('',(#1350),#9431,.T.);
#9881=ADVANCED_FACE('',(#1351),#928,.T.);
#9882=ADVANCED_FACE('',(#1352),#929,.F.);
#9883=ADVANCED_FACE('',(#1353),#930,.T.);
#9884=ADVANCED_FACE('',(#1354),#9432,.T.);
#9885=ADVANCED_FACE('',(#1355),#9433,.T.);
#9886=ADVANCED_FACE('',(#1356),#9434,.T.);
#9887=ADVANCED_FACE('',(#1357),#931,.T.);
#9888=ADVANCED_FACE('',(#1358),#932,.F.);
#9889=ADVANCED_FACE('',(#1359),#933,.T.);
#9890=ADVANCED_FACE('',(#1360),#178,.F.);
#9891=ADVANCED_FACE('',(#1361),#9435,.T.);
#9892=ADVANCED_FACE('',(#1362),#179,.T.);
#9893=ADVANCED_FACE('',(#1363),#180,.F.);
#9894=ADVANCED_FACE('',(#1364),#181,.T.);
#9895=ADVANCED_FACE('',(#1365),#9436,.T.);
#9896=ADVANCED_FACE('',(#1366),#182,.F.);
#9897=ADVANCED_FACE('',(#1367),#183,.F.);
#9898=ADVANCED_FACE('',(#1368),#184,.F.);
#9899=ADVANCED_FACE('',(#1369),#9437,.T.);
#9900=ADVANCED_FACE('',(#1370),#185,.T.);
#9901=ADVANCED_FACE('',(#1371),#186,.F.);
#9902=ADVANCED_FACE('',(#1372),#187,.T.);
#9903=ADVANCED_FACE('',(#1373),#9438,.T.);
#9904=ADVANCED_FACE('',(#1374),#188,.F.);
#9905=ADVANCED_FACE('',(#1375),#189,.F.);
#9906=ADVANCED_FACE('',(#1376),#190,.F.);
#9907=ADVANCED_FACE('',(#1377),#9439,.T.);
#9908=ADVANCED_FACE('',(#1378),#191,.T.);
#9909=ADVANCED_FACE('',(#1379),#192,.F.);
#9910=ADVANCED_FACE('',(#1380),#193,.F.);
#9911=ADVANCED_FACE('',(#1381),#194,.F.);
#9912=ADVANCED_FACE('',(#1382),#195,.T.);
#9913=ADVANCED_FACE('',(#1383),#9440,.T.);
#9914=ADVANCED_FACE('',(#1384),#9441,.T.);
#9915=ADVANCED_FACE('',(#1385),#9442,.T.);
#9916=ADVANCED_FACE('',(#1386),#9443,.T.);
#9917=ADVANCED_FACE('',(#1387),#934,.T.);
#9918=ADVANCED_FACE('',(#1388),#935,.F.);
#9919=ADVANCED_FACE('',(#1389),#936,.T.);
#9920=ADVANCED_FACE('',(#1390),#9444,.T.);
#9921=ADVANCED_FACE('',(#1391),#9445,.T.);
#9922=ADVANCED_FACE('',(#1392),#196,.T.);
#9923=ADVANCED_FACE('',(#1393),#197,.F.);
#9924=ADVANCED_FACE('',(#1394),#198,.T.);
#9925=ADVANCED_FACE('',(#1395),#9446,.T.);
#9926=ADVANCED_FACE('',(#1396),#9447,.T.);
#9927=ADVANCED_FACE('',(#1397),#937,.T.);
#9928=ADVANCED_FACE('',(#1398),#938,.F.);
#9929=ADVANCED_FACE('',(#1399),#939,.T.);
#9930=ADVANCED_FACE('',(#1400),#199,.T.);
#9931=ADVANCED_FACE('',(#1401),#200,.F.);
#9932=ADVANCED_FACE('',(#1402),#201,.T.);
#9933=ADVANCED_FACE('',(#1403),#9448,.T.);
#9934=ADVANCED_FACE('',(#1404),#9449,.T.);
#9935=ADVANCED_FACE('',(#1405),#940,.T.);
#9936=ADVANCED_FACE('',(#1406),#941,.F.);
#9937=ADVANCED_FACE('',(#1407),#942,.T.);
#9938=ADVANCED_FACE('',(#1408),#9450,.T.);
#9939=ADVANCED_FACE('',(#1409),#9451,.T.);
#9940=ADVANCED_FACE('',(#1410),#202,.T.);
#9941=ADVANCED_FACE('',(#1411),#203,.F.);
#9942=ADVANCED_FACE('',(#1412),#204,.T.);
#9943=ADVANCED_FACE('',(#1413),#9452,.T.);
#9944=ADVANCED_FACE('',(#1414),#9453,.T.);
#9945=ADVANCED_FACE('',(#1415),#943,.T.);
#9946=ADVANCED_FACE('',(#1416),#944,.F.);
#9947=ADVANCED_FACE('',(#1417),#945,.T.);
#9948=ADVANCED_FACE('',(#1418),#9454,.T.);
#9949=ADVANCED_FACE('',(#1419),#9455,.T.);
#9950=ADVANCED_FACE('',(#1420),#946,.T.);
#9951=ADVANCED_FACE('',(#1421),#947,.F.);
#9952=ADVANCED_FACE('',(#1422),#948,.T.);
#9953=ADVANCED_FACE('',(#1423),#9456,.T.);
#9954=ADVANCED_FACE('',(#1424),#9457,.T.);
#9955=ADVANCED_FACE('',(#1425),#949,.T.);
#9956=ADVANCED_FACE('',(#1426),#950,.F.);
#9957=ADVANCED_FACE('',(#1427),#951,.T.);
#9958=ADVANCED_FACE('',(#1428),#9458,.T.);
#9959=ADVANCED_FACE('',(#1429),#9459,.T.);
#9960=ADVANCED_FACE('',(#1430),#205,.F.);
#9961=ADVANCED_FACE('',(#1431),#9460,.T.);
#9962=ADVANCED_FACE('',(#1432),#206,.T.);
#9963=ADVANCED_FACE('',(#1433),#207,.F.);
#9964=ADVANCED_FACE('',(#1434),#208,.T.);
#9965=ADVANCED_FACE('',(#1435),#9461,.T.);
#9966=ADVANCED_FACE('',(#1436),#209,.F.);
#9967=ADVANCED_FACE('',(#1437),#210,.F.);
#9968=ADVANCED_FACE('',(#1438),#211,.F.);
#9969=ADVANCED_FACE('',(#1439),#9462,.T.);
#9970=ADVANCED_FACE('',(#1440),#212,.T.);
#9971=ADVANCED_FACE('',(#1441),#213,.F.);
#9972=ADVANCED_FACE('',(#1442),#214,.T.);
#9973=ADVANCED_FACE('',(#1443),#9463,.T.);
#9974=ADVANCED_FACE('',(#1444),#215,.F.);
#9975=ADVANCED_FACE('',(#1445),#216,.F.);
#9976=ADVANCED_FACE('',(#1446),#217,.F.);
#9977=ADVANCED_FACE('',(#1447),#9464,.T.);
#9978=ADVANCED_FACE('',(#1448),#218,.T.);
#9979=ADVANCED_FACE('',(#1449),#219,.F.);
#9980=ADVANCED_FACE('',(#1450),#220,.F.);
#9981=ADVANCED_FACE('',(#1451),#221,.F.);
#9982=ADVANCED_FACE('',(#1452),#222,.T.);
#9983=ADVANCED_FACE('',(#1453),#9465,.T.);
#9984=ADVANCED_FACE('',(#1454),#9466,.T.);
#9985=ADVANCED_FACE('',(#1455),#9467,.T.);
#9986=ADVANCED_FACE('',(#1456),#9468,.T.);
#9987=ADVANCED_FACE('',(#1457),#9469,.T.);
#9988=ADVANCED_FACE('',(#1458),#9470,.T.);
#9989=ADVANCED_FACE('',(#1459),#952,.T.);
#9990=ADVANCED_FACE('',(#1460),#953,.F.);
#9991=ADVANCED_FACE('',(#1461),#954,.T.);
#9992=ADVANCED_FACE('',(#1462),#9471,.T.);
#9993=ADVANCED_FACE('',(#1463),#9472,.T.);
#9994=ADVANCED_FACE('',(#1464),#223,.T.);
#9995=ADVANCED_FACE('',(#1465),#224,.F.);
#9996=ADVANCED_FACE('',(#1466),#225,.T.);
#9997=ADVANCED_FACE('',(#1467),#9473,.T.);
#9998=ADVANCED_FACE('',(#1468),#9474,.T.);
#9999=ADVANCED_FACE('',(#1469),#955,.T.);
#10000=ADVANCED_FACE('',(#1470),#956,.F.);
#10001=ADVANCED_FACE('',(#1471),#957,.T.);
#10002=ADVANCED_FACE('',(#1472),#9475,.T.);
#10003=ADVANCED_FACE('',(#1473),#9476,.T.);
#10004=ADVANCED_FACE('',(#1474),#226,.T.);
#10005=ADVANCED_FACE('',(#1475),#227,.F.);
#10006=ADVANCED_FACE('',(#1476),#228,.T.);
#10007=ADVANCED_FACE('',(#1477),#9477,.T.);
#10008=ADVANCED_FACE('',(#1478),#9478,.T.);
#10009=ADVANCED_FACE('',(#1479),#958,.T.);
#10010=ADVANCED_FACE('',(#1480),#959,.F.);
#10011=ADVANCED_FACE('',(#1481),#960,.T.);
#10012=ADVANCED_FACE('',(#1482),#9479,.T.);
#10013=ADVANCED_FACE('',(#1483),#9480,.T.);
#10014=ADVANCED_FACE('',(#1484),#229,.T.);
#10015=ADVANCED_FACE('',(#1485),#230,.F.);
#10016=ADVANCED_FACE('',(#1486),#231,.T.);
#10017=ADVANCED_FACE('',(#1487),#9481,.T.);
#10018=ADVANCED_FACE('',(#1488),#9482,.T.);
#10019=ADVANCED_FACE('',(#1489),#961,.T.);
#10020=ADVANCED_FACE('',(#1490),#962,.F.);
#10021=ADVANCED_FACE('',(#1491),#963,.T.);
#10022=ADVANCED_FACE('',(#1492),#9483,.T.);
#10023=ADVANCED_FACE('',(#1493),#9484,.T.);
#10024=ADVANCED_FACE('',(#1494),#964,.T.);
#10025=ADVANCED_FACE('',(#1495),#965,.F.);
#10026=ADVANCED_FACE('',(#1496),#966,.T.);
#10027=ADVANCED_FACE('',(#1497),#9485,.T.);
#10028=ADVANCED_FACE('',(#1498),#9486,.T.);
#10029=ADVANCED_FACE('',(#1499),#9487,.T.);
#10030=ADVANCED_FACE('',(#1500),#967,.T.);
#10031=ADVANCED_FACE('',(#1501),#968,.F.);
#10032=ADVANCED_FACE('',(#1502),#969,.T.);
#10033=ADVANCED_FACE('',(#1503),#9488,.T.);
#10034=ADVANCED_FACE('',(#1504),#9489,.T.);
#10035=ADVANCED_FACE('',(#1505),#232,.F.);
#10036=ADVANCED_FACE('',(#1506),#9490,.T.);
#10037=ADVANCED_FACE('',(#1507),#233,.T.);
#10038=ADVANCED_FACE('',(#1508),#234,.F.);
#10039=ADVANCED_FACE('',(#1509),#235,.T.);
#10040=ADVANCED_FACE('',(#1510),#9491,.T.);
#10041=ADVANCED_FACE('',(#1511),#236,.F.);
#10042=ADVANCED_FACE('',(#1512),#237,.F.);
#10043=ADVANCED_FACE('',(#1513),#238,.F.);
#10044=ADVANCED_FACE('',(#1514),#9492,.T.);
#10045=ADVANCED_FACE('',(#1515),#239,.T.);
#10046=ADVANCED_FACE('',(#1516),#240,.F.);
#10047=ADVANCED_FACE('',(#1517),#241,.T.);
#10048=ADVANCED_FACE('',(#1518),#9493,.T.);
#10049=ADVANCED_FACE('',(#1519),#242,.F.);
#10050=ADVANCED_FACE('',(#1520),#243,.F.);
#10051=ADVANCED_FACE('',(#1521),#244,.F.);
#10052=ADVANCED_FACE('',(#1522),#9494,.T.);
#10053=ADVANCED_FACE('',(#1523),#245,.T.);
#10054=ADVANCED_FACE('',(#1524),#246,.F.);
#10055=ADVANCED_FACE('',(#1525),#247,.F.);
#10056=ADVANCED_FACE('',(#1526),#248,.F.);
#10057=ADVANCED_FACE('',(#1527),#249,.T.);
#10058=ADVANCED_FACE('',(#1528),#9495,.T.);
#10059=ADVANCED_FACE('',(#1529),#9496,.T.);
#10060=ADVANCED_FACE('',(#1530),#9497,.T.);
#10061=ADVANCED_FACE('',(#1531),#9498,.T.);
#10062=ADVANCED_FACE('',(#1532),#9499,.T.);
#10063=CLOSED_SHELL('',(#9500,#9501,#9502,#9503,#9504,#9505,#9506,#9507,
#9508,#9509,#9510,#9511,#9512,#9513,#9514,#9515,#9516,#9517,#9518,#9519,
#9520,#9521,#9522,#9523,#9524,#9525,#9526,#9527,#9528,#9529,#9530,#9531,
#9532,#9533,#9534,#9535,#9536,#9537,#9538,#9539,#9540,#9541,#9542,#9543,
#9544,#9545,#9546,#9547,#9548,#9549,#9550,#9551,#9552,#9553,#9554,#9555,
#9556,#9557,#9558,#9559,#9560,#9561,#9562,#9563,#9564,#9565,#9566,#9567,
#9568,#9569,#9570,#9571,#9572,#9573,#9574,#9575,#9576,#9577,#9578,#9579,
#9580,#9581,#9582,#9583,#9584,#9585,#9586,#9587,#9588,#9589,#9590,#9591,
#9592,#9593,#9594,#9595,#9596,#9597,#9598,#9599,#9600,#9601,#9602,#9603,
#9604,#9605,#9606,#9607,#9608,#9609,#9610,#9611,#9612,#9613,#9614,#9615,
#9616,#9617,#9618,#9619,#9620,#9621,#9622,#9623,#9624,#9625,#9626,#9627,
#9628,#9629,#9630,#9631,#9632,#9633,#9634,#9635,#9636,#9637,#9638,#9639,
#9640,#9641,#9642,#9643,#9644,#9645,#9646,#9647,#9648,#9649,#9650,#9651,
#9652,#9653,#9654,#9655,#9656,#9657,#9658,#9659,#9660,#9661,#9662,#9663,
#9664,#9665,#9666,#9667,#9668,#9669,#9670,#9671,#9672,#9673,#9674,#9675,
#9676,#9677,#9678,#9679,#9680,#9681,#9682,#9683,#9684,#9685,#9686,#9687,
#9688,#9689,#9690,#9691,#9692,#9693,#9694,#9695,#9696,#9697,#9698,#9699,
#9700,#9701,#9702,#9703,#9704,#9705,#9706,#9707,#9708,#9709,#9710,#9711,
#9712,#9713,#9714,#9715,#9716,#9717,#9718,#9719,#9720,#9721,#9722,#9723,
#9724,#9725,#9726,#9727,#9728,#9729,#9730,#9731,#9732,#9733,#9734,#9735,
#9736,#9737,#9738,#9739,#9740,#9741,#9742,#9743,#9744,#9745,#9746,#9747,
#9748,#9749,#9750,#9751,#9752,#9753,#9754,#9755,#9756,#9757,#9758,#9759,
#9760,#9761,#9762,#9763,#9764,#9765,#9766,#9767,#9768,#9769,#9770,#9771,
#9772,#9773,#9774,#9775,#9776,#9777,#9778,#9779,#9780,#9781,#9782,#9783,
#9784,#9785,#9786,#9787,#9788,#9789,#9790,#9791,#9792,#9793,#9794,#9795,
#9796,#9797,#9798,#9799,#9800,#9801,#9802,#9803,#9804,#9805,#9806,#9807,
#9808,#9809,#9810,#9811,#9812,#9813,#9814,#9815,#9816,#9817,#9818,#9819,
#9820,#9821,#9822,#9823,#9824,#9825,#9826,#9827,#9828,#9829,#9830,#9831,
#9832,#9833,#9834,#9835,#9836,#9837,#9838,#9839,#9840,#9841,#9842,#9843,
#9844,#9845,#9846,#9847,#9848,#9849,#9850,#9851,#9852,#9853,#9854,#9855,
#9856,#9857,#9858,#9859,#9860,#9861,#9862,#9863,#9864,#9865,#9866,#9867,
#9868,#9869,#9870,#9871,#9872,#9873,#9874,#9875,#9876,#9877,#9878,#9879,
#9880,#9881,#9882,#9883,#9884,#9885,#9886,#9887,#9888,#9889,#9890,#9891,
#9892,#9893,#9894,#9895,#9896,#9897,#9898,#9899,#9900,#9901,#9902,#9903,
#9904,#9905,#9906,#9907,#9908,#9909,#9910,#9911,#9912,#9913,#9914,#9915,
#9916,#9917,#9918,#9919,#9920,#9921,#9922,#9923,#9924,#9925,#9926,#9927,
#9928,#9929,#9930,#9931,#9932,#9933,#9934,#9935,#9936,#9937,#9938,#9939,
#9940,#9941,#9942,#9943,#9944,#9945,#9946,#9947,#9948,#9949,#9950,#9951,
#9952,#9953,#9954,#9955,#9956,#9957,#9958,#9959,#9960,#9961,#9962,#9963,
#9964,#9965,#9966,#9967,#9968,#9969,#9970,#9971,#9972,#9973,#9974,#9975,
#9976,#9977,#9978,#9979,#9980,#9981,#9982,#9983,#9984,#9985,#9986,#9987,
#9988,#9989,#9990,#9991,#9992,#9993,#9994,#9995,#9996,#9997,#9998,#9999,
#10000,#10001,#10002,#10003,#10004,#10005,#10006,#10007,#10008,#10009,#10010,
#10011,#10012,#10013,#10014,#10015,#10016,#10017,#10018,#10019,#10020,#10021,
#10022,#10023,#10024,#10025,#10026,#10027,#10028,#10029,#10030,#10031,#10032,
#10033,#10034,#10035,#10036,#10037,#10038,#10039,#10040,#10041,#10042,#10043,
#10044,#10045,#10046,#10047,#10048,#10049,#10050,#10051,#10052,#10053,#10054,
#10055,#10056,#10057,#10058,#10059,#10060,#10061,#10062));
#10064=DERIVED_UNIT_ELEMENT(#10066,1.);
#10065=DERIVED_UNIT_ELEMENT(#17377,-3.);
#10066=(
MASS_UNIT()
NAMED_UNIT(*)
SI_UNIT(.KILO.,.GRAM.)
);
#10067=DERIVED_UNIT((#10064,#10065));
#10068=MEASURE_REPRESENTATION_ITEM('density measure',
POSITIVE_RATIO_MEASURE(7850.),#10067);
#10069=PROPERTY_DEFINITION_REPRESENTATION(#10074,#10071);
#10070=PROPERTY_DEFINITION_REPRESENTATION(#10075,#10072);
#10071=REPRESENTATION('material name',(#10073),#17374);
#10072=REPRESENTATION('density',(#10068),#17374);
#10073=DESCRIPTIVE_REPRESENTATION_ITEM('Steel','Steel');
#10074=PROPERTY_DEFINITION('material property','material name',#17384);
#10075=PROPERTY_DEFINITION('material property','density of part',#17384);
#10076=AXIS2_PLACEMENT_3D('',#14402,#11216,#11217);
#10077=AXIS2_PLACEMENT_3D('',#14403,#11218,#11219);
#10078=AXIS2_PLACEMENT_3D('',#14420,#11228,#11229);
#10079=AXIS2_PLACEMENT_3D('',#14426,#11233,#11234);
#10080=AXIS2_PLACEMENT_3D('',#14428,#11235,#11236);
#10081=AXIS2_PLACEMENT_3D('',#14431,#11238,#11239);
#10082=AXIS2_PLACEMENT_3D('',#14432,#11240,#11241);
#10083=AXIS2_PLACEMENT_3D('',#14436,#11243,#11244);
#10084=AXIS2_PLACEMENT_3D('',#14437,#11245,#11246);
#10085=AXIS2_PLACEMENT_3D('',#14438,#11247,#11248);
#10086=AXIS2_PLACEMENT_3D('',#14440,#11249,#11250);
#10087=AXIS2_PLACEMENT_3D('',#14443,#11252,#11253);
#10088=AXIS2_PLACEMENT_3D('',#14444,#11254,#11255);
#10089=AXIS2_PLACEMENT_3D('',#14448,#11257,#11258);
#10090=AXIS2_PLACEMENT_3D('',#14450,#11260,#11261);
#10091=AXIS2_PLACEMENT_3D('',#14453,#11263,#11264);
#10092=AXIS2_PLACEMENT_3D('',#14454,#11265,#11266);
#10093=AXIS2_PLACEMENT_3D('',#14457,#11268,#11269);
#10094=AXIS2_PLACEMENT_3D('',#14458,#11270,#11271);
#10095=AXIS2_PLACEMENT_3D('',#14460,#11273,#11274);
#10096=AXIS2_PLACEMENT_3D('',#14465,#11276,#11277);
#10097=AXIS2_PLACEMENT_3D('',#14468,#11279,#11280);
#10098=AXIS2_PLACEMENT_3D('',#14469,#11281,#11282);
#10099=AXIS2_PLACEMENT_3D('',#14473,#11284,#11285);
#10100=AXIS2_PLACEMENT_3D('',#14474,#11286,#11287);
#10101=AXIS2_PLACEMENT_3D('',#14475,#11288,#11289);
#10102=AXIS2_PLACEMENT_3D('',#14477,#11290,#11291);
#10103=AXIS2_PLACEMENT_3D('',#14480,#11293,#11294);
#10104=AXIS2_PLACEMENT_3D('',#14481,#11295,#11296);
#10105=AXIS2_PLACEMENT_3D('',#14485,#11298,#11299);
#10106=AXIS2_PLACEMENT_3D('',#14487,#11301,#11302);
#10107=AXIS2_PLACEMENT_3D('',#14490,#11304,#11305);
#10108=AXIS2_PLACEMENT_3D('',#14491,#11306,#11307);
#10109=AXIS2_PLACEMENT_3D('',#14494,#11309,#11310);
#10110=AXIS2_PLACEMENT_3D('',#14495,#11311,#11312);
#10111=AXIS2_PLACEMENT_3D('',#14504,#11317,#11318);
#10112=AXIS2_PLACEMENT_3D('',#14506,#11319,#11320);
#10113=AXIS2_PLACEMENT_3D('',#14509,#11322,#11323);
#10114=AXIS2_PLACEMENT_3D('',#14510,#11324,#11325);
#10115=AXIS2_PLACEMENT_3D('',#14514,#11327,#11328);
#10116=AXIS2_PLACEMENT_3D('',#14515,#11329,#11330);
#10117=AXIS2_PLACEMENT_3D('',#14516,#11331,#11332);
#10118=AXIS2_PLACEMENT_3D('',#14518,#11333,#11334);
#10119=AXIS2_PLACEMENT_3D('',#14521,#11336,#11337);
#10120=AXIS2_PLACEMENT_3D('',#14522,#11338,#11339);
#10121=AXIS2_PLACEMENT_3D('',#14528,#11343,#11344);
#10122=AXIS2_PLACEMENT_3D('',#14534,#11348,#11349);
#10123=AXIS2_PLACEMENT_3D('',#14537,#11351,#11352);
#10124=AXIS2_PLACEMENT_3D('',#14538,#11353,#11354);
#10125=AXIS2_PLACEMENT_3D('',#14541,#11356,#11357);
#10126=AXIS2_PLACEMENT_3D('',#14542,#11358,#11359);
#10127=AXIS2_PLACEMENT_3D('',#14545,#11361,#11362);
#10128=AXIS2_PLACEMENT_3D('',#14546,#11363,#11364);
#10129=AXIS2_PLACEMENT_3D('',#14550,#11367,#11368);
#10130=AXIS2_PLACEMENT_3D('',#14556,#11372,#11373);
#10131=AXIS2_PLACEMENT_3D('',#14559,#11375,#11376);
#10132=AXIS2_PLACEMENT_3D('',#14560,#11377,#11378);
#10133=AXIS2_PLACEMENT_3D('',#14563,#11380,#11381);
#10134=AXIS2_PLACEMENT_3D('',#14564,#11382,#11383);
#10135=AXIS2_PLACEMENT_3D('',#14567,#11385,#11386);
#10136=AXIS2_PLACEMENT_3D('',#14568,#11387,#11388);
#10137=AXIS2_PLACEMENT_3D('',#14572,#11391,#11392);
#10138=AXIS2_PLACEMENT_3D('',#14582,#11398,#11399);
#10139=AXIS2_PLACEMENT_3D('',#14587,#11402,#11403);
#10140=AXIS2_PLACEMENT_3D('',#14588,#11404,#11405);
#10141=AXIS2_PLACEMENT_3D('',#14591,#11407,#11408);
#10142=AXIS2_PLACEMENT_3D('',#14592,#11409,#11410);
#10143=AXIS2_PLACEMENT_3D('',#14595,#11412,#11413);
#10144=AXIS2_PLACEMENT_3D('',#14596,#11414,#11415);
#10145=AXIS2_PLACEMENT_3D('',#14598,#11417,#11418);
#10146=AXIS2_PLACEMENT_3D('',#14603,#11421,#11422);
#10147=AXIS2_PLACEMENT_3D('',#14604,#11423,#11424);
#10148=AXIS2_PLACEMENT_3D('',#14607,#11426,#11427);
#10149=AXIS2_PLACEMENT_3D('',#14608,#11428,#11429);
#10150=AXIS2_PLACEMENT_3D('',#14611,#11431,#11432);
#10151=AXIS2_PLACEMENT_3D('',#14612,#11433,#11434);
#10152=AXIS2_PLACEMENT_3D('',#14615,#11435,#11436);
#10153=AXIS2_PLACEMENT_3D('',#14619,#11438,#11439);
#10154=AXIS2_PLACEMENT_3D('',#14621,#11441,#11442);
#10155=AXIS2_PLACEMENT_3D('',#14627,#11446,#11447);
#10156=AXIS2_PLACEMENT_3D('',#14629,#11448,#11449);
#10157=AXIS2_PLACEMENT_3D('',#14631,#11450,#11451);
#10158=AXIS2_PLACEMENT_3D('',#14633,#11453,#11454);
#10159=AXIS2_PLACEMENT_3D('',#14635,#11455,#11456);
#10160=AXIS2_PLACEMENT_3D('',#14638,#11458,#11459);
#10161=AXIS2_PLACEMENT_3D('',#14639,#11460,#11461);
#10162=AXIS2_PLACEMENT_3D('',#14641,#11462,#11463);
#10163=AXIS2_PLACEMENT_3D('',#14643,#11464,#11465);
#10164=AXIS2_PLACEMENT_3D('',#14645,#11467,#11468);
#10165=AXIS2_PLACEMENT_3D('',#14651,#11472,#11473);
#10166=AXIS2_PLACEMENT_3D('',#14653,#11474,#11475);
#10167=AXIS2_PLACEMENT_3D('',#14656,#11477,#11478);
#10168=AXIS2_PLACEMENT_3D('',#14657,#11479,#11480);
#10169=AXIS2_PLACEMENT_3D('',#14659,#11481,#11482);
#10170=AXIS2_PLACEMENT_3D('',#14662,#11484,#11485);
#10171=AXIS2_PLACEMENT_3D('',#14663,#11486,#11487);
#10172=AXIS2_PLACEMENT_3D('',#14665,#11488,#11489);
#10173=AXIS2_PLACEMENT_3D('',#14668,#11491,#11492);
#10174=AXIS2_PLACEMENT_3D('',#14669,#11493,#11494);
#10175=AXIS2_PLACEMENT_3D('',#14675,#11498,#11499);
#10176=AXIS2_PLACEMENT_3D('',#14677,#11500,#11501);
#10177=AXIS2_PLACEMENT_3D('',#14679,#11502,#11503);
#10178=AXIS2_PLACEMENT_3D('',#14681,#11505,#11506);
#10179=AXIS2_PLACEMENT_3D('',#14683,#11507,#11508);
#10180=AXIS2_PLACEMENT_3D('',#14686,#11510,#11511);
#10181=AXIS2_PLACEMENT_3D('',#14687,#11512,#11513);
#10182=AXIS2_PLACEMENT_3D('',#14689,#11514,#11515);
#10183=AXIS2_PLACEMENT_3D('',#14691,#11516,#11517);
#10184=AXIS2_PLACEMENT_3D('',#14693,#11519,#11520);
#10185=AXIS2_PLACEMENT_3D('',#14699,#11524,#11525);
#10186=AXIS2_PLACEMENT_3D('',#14701,#11526,#11527);
#10187=AXIS2_PLACEMENT_3D('',#14704,#11529,#11530);
#10188=AXIS2_PLACEMENT_3D('',#14705,#11531,#11532);
#10189=AXIS2_PLACEMENT_3D('',#14707,#11533,#11534);
#10190=AXIS2_PLACEMENT_3D('',#14710,#11536,#11537);
#10191=AXIS2_PLACEMENT_3D('',#14711,#11538,#11539);
#10192=AXIS2_PLACEMENT_3D('',#14713,#11540,#11541);
#10193=AXIS2_PLACEMENT_3D('',#14716,#11543,#11544);
#10194=AXIS2_PLACEMENT_3D('',#14717,#11545,#11546);
#10195=AXIS2_PLACEMENT_3D('',#14723,#11550,#11551);
#10196=AXIS2_PLACEMENT_3D('',#14725,#11552,#11553);
#10197=AXIS2_PLACEMENT_3D('',#14727,#11554,#11555);
#10198=AXIS2_PLACEMENT_3D('',#14729,#11557,#11558);
#10199=AXIS2_PLACEMENT_3D('',#14731,#11559,#11560);
#10200=AXIS2_PLACEMENT_3D('',#14734,#11562,#11563);
#10201=AXIS2_PLACEMENT_3D('',#14735,#11564,#11565);
#10202=AXIS2_PLACEMENT_3D('',#14738,#11566,#11567);
#10203=AXIS2_PLACEMENT_3D('',#14742,#11569,#11570);
#10204=AXIS2_PLACEMENT_3D('',#14744,#11572,#11573);
#10205=AXIS2_PLACEMENT_3D('',#14745,#11574,#11575);
#10206=AXIS2_PLACEMENT_3D('',#14746,#11576,#11577);
#10207=AXIS2_PLACEMENT_3D('',#14747,#11578,#11579);
#10208=AXIS2_PLACEMENT_3D('',#14749,#11580,#11581);
#10209=AXIS2_PLACEMENT_3D('',#14751,#11582,#11583);
#10210=AXIS2_PLACEMENT_3D('',#14753,#11585,#11586);
#10211=AXIS2_PLACEMENT_3D('',#14756,#11589,#11590);
#10212=AXIS2_PLACEMENT_3D('',#14766,#11596,#11597);
#10213=AXIS2_PLACEMENT_3D('',#14772,#11601,#11602);
#10214=AXIS2_PLACEMENT_3D('',#14774,#11603,#11604);
#10215=AXIS2_PLACEMENT_3D('',#14777,#11606,#11607);
#10216=AXIS2_PLACEMENT_3D('',#14778,#11608,#11609);
#10217=AXIS2_PLACEMENT_3D('',#14782,#11611,#11612);
#10218=AXIS2_PLACEMENT_3D('',#14783,#11613,#11614);
#10219=AXIS2_PLACEMENT_3D('',#14784,#11615,#11616);
#10220=AXIS2_PLACEMENT_3D('',#14786,#11617,#11618);
#10221=AXIS2_PLACEMENT_3D('',#14789,#11620,#11621);
#10222=AXIS2_PLACEMENT_3D('',#14790,#11622,#11623);
#10223=AXIS2_PLACEMENT_3D('',#14794,#11625,#11626);
#10224=AXIS2_PLACEMENT_3D('',#14796,#11628,#11629);
#10225=AXIS2_PLACEMENT_3D('',#14799,#11631,#11632);
#10226=AXIS2_PLACEMENT_3D('',#14800,#11633,#11634);
#10227=AXIS2_PLACEMENT_3D('',#14803,#11636,#11637);
#10228=AXIS2_PLACEMENT_3D('',#14804,#11638,#11639);
#10229=AXIS2_PLACEMENT_3D('',#14806,#11641,#11642);
#10230=AXIS2_PLACEMENT_3D('',#14815,#11647,#11648);
#10231=AXIS2_PLACEMENT_3D('',#14817,#11649,#11650);
#10232=AXIS2_PLACEMENT_3D('',#14820,#11652,#11653);
#10233=AXIS2_PLACEMENT_3D('',#14821,#11654,#11655);
#10234=AXIS2_PLACEMENT_3D('',#14825,#11657,#11658);
#10235=AXIS2_PLACEMENT_3D('',#14826,#11659,#11660);
#10236=AXIS2_PLACEMENT_3D('',#14827,#11661,#11662);
#10237=AXIS2_PLACEMENT_3D('',#14829,#11663,#11664);
#10238=AXIS2_PLACEMENT_3D('',#14832,#11666,#11667);
#10239=AXIS2_PLACEMENT_3D('',#14833,#11668,#11669);
#10240=AXIS2_PLACEMENT_3D('',#14839,#11673,#11674);
#10241=AXIS2_PLACEMENT_3D('',#14845,#11678,#11679);
#10242=AXIS2_PLACEMENT_3D('',#14848,#11681,#11682);
#10243=AXIS2_PLACEMENT_3D('',#14849,#11683,#11684);
#10244=AXIS2_PLACEMENT_3D('',#14852,#11686,#11687);
#10245=AXIS2_PLACEMENT_3D('',#14853,#11688,#11689);
#10246=AXIS2_PLACEMENT_3D('',#14856,#11691,#11692);
#10247=AXIS2_PLACEMENT_3D('',#14857,#11693,#11694);
#10248=AXIS2_PLACEMENT_3D('',#14861,#11697,#11698);
#10249=AXIS2_PLACEMENT_3D('',#14870,#11703,#11704);
#10250=AXIS2_PLACEMENT_3D('',#14872,#11705,#11706);
#10251=AXIS2_PLACEMENT_3D('',#14875,#11708,#11709);
#10252=AXIS2_PLACEMENT_3D('',#14876,#11710,#11711);
#10253=AXIS2_PLACEMENT_3D('',#14880,#11713,#11714);
#10254=AXIS2_PLACEMENT_3D('',#14881,#11715,#11716);
#10255=AXIS2_PLACEMENT_3D('',#14882,#11717,#11718);
#10256=AXIS2_PLACEMENT_3D('',#14884,#11719,#11720);
#10257=AXIS2_PLACEMENT_3D('',#14887,#11722,#11723);
#10258=AXIS2_PLACEMENT_3D('',#14888,#11724,#11725);
#10259=AXIS2_PLACEMENT_3D('',#14894,#11729,#11730);
#10260=AXIS2_PLACEMENT_3D('',#14900,#11734,#11735);
#10261=AXIS2_PLACEMENT_3D('',#14903,#11737,#11738);
#10262=AXIS2_PLACEMENT_3D('',#14904,#11739,#11740);
#10263=AXIS2_PLACEMENT_3D('',#14907,#11742,#11743);
#10264=AXIS2_PLACEMENT_3D('',#14908,#11744,#11745);
#10265=AXIS2_PLACEMENT_3D('',#14911,#11747,#11748);
#10266=AXIS2_PLACEMENT_3D('',#14912,#11749,#11750);
#10267=AXIS2_PLACEMENT_3D('',#14916,#11753,#11754);
#10268=AXIS2_PLACEMENT_3D('',#14922,#11758,#11759);
#10269=AXIS2_PLACEMENT_3D('',#14925,#11761,#11762);
#10270=AXIS2_PLACEMENT_3D('',#14926,#11763,#11764);
#10271=AXIS2_PLACEMENT_3D('',#14929,#11766,#11767);
#10272=AXIS2_PLACEMENT_3D('',#14930,#11768,#11769);
#10273=AXIS2_PLACEMENT_3D('',#14933,#11771,#11772);
#10274=AXIS2_PLACEMENT_3D('',#14934,#11773,#11774);
#10275=AXIS2_PLACEMENT_3D('',#14938,#11777,#11778);
#10276=AXIS2_PLACEMENT_3D('',#14948,#11784,#11785);
#10277=AXIS2_PLACEMENT_3D('',#14953,#11788,#11789);
#10278=AXIS2_PLACEMENT_3D('',#14954,#11790,#11791);
#10279=AXIS2_PLACEMENT_3D('',#14957,#11793,#11794);
#10280=AXIS2_PLACEMENT_3D('',#14958,#11795,#11796);
#10281=AXIS2_PLACEMENT_3D('',#14961,#11798,#11799);
#10282=AXIS2_PLACEMENT_3D('',#14962,#11800,#11801);
#10283=AXIS2_PLACEMENT_3D('',#14964,#11803,#11804);
#10284=AXIS2_PLACEMENT_3D('',#14970,#11808,#11809);
#10285=AXIS2_PLACEMENT_3D('',#14973,#11811,#11812);
#10286=AXIS2_PLACEMENT_3D('',#14974,#11813,#11814);
#10287=AXIS2_PLACEMENT_3D('',#14977,#11816,#11817);
#10288=AXIS2_PLACEMENT_3D('',#14978,#11818,#11819);
#10289=AXIS2_PLACEMENT_3D('',#14981,#11821,#11822);
#10290=AXIS2_PLACEMENT_3D('',#14982,#11823,#11824);
#10291=AXIS2_PLACEMENT_3D('',#14986,#11827,#11828);
#10292=AXIS2_PLACEMENT_3D('',#14996,#11834,#11835);
#10293=AXIS2_PLACEMENT_3D('',#14999,#11836,#11837);
#10294=AXIS2_PLACEMENT_3D('',#15003,#11839,#11840);
#10295=AXIS2_PLACEMENT_3D('',#15005,#11842,#11843);
#10296=AXIS2_PLACEMENT_3D('',#15011,#11847,#11848);
#10297=AXIS2_PLACEMENT_3D('',#15013,#11849,#11850);
#10298=AXIS2_PLACEMENT_3D('',#15015,#11851,#11852);
#10299=AXIS2_PLACEMENT_3D('',#15017,#11854,#11855);
#10300=AXIS2_PLACEMENT_3D('',#15019,#11856,#11857);
#10301=AXIS2_PLACEMENT_3D('',#15022,#11859,#11860);
#10302=AXIS2_PLACEMENT_3D('',#15023,#11861,#11862);
#10303=AXIS2_PLACEMENT_3D('',#15025,#11863,#11864);
#10304=AXIS2_PLACEMENT_3D('',#15027,#11865,#11866);
#10305=AXIS2_PLACEMENT_3D('',#15029,#11868,#11869);
#10306=AXIS2_PLACEMENT_3D('',#15035,#11873,#11874);
#10307=AXIS2_PLACEMENT_3D('',#15037,#11875,#11876);
#10308=AXIS2_PLACEMENT_3D('',#15040,#11878,#11879);
#10309=AXIS2_PLACEMENT_3D('',#15041,#11880,#11881);
#10310=AXIS2_PLACEMENT_3D('',#15043,#11882,#11883);
#10311=AXIS2_PLACEMENT_3D('',#15046,#11885,#11886);
#10312=AXIS2_PLACEMENT_3D('',#15047,#11887,#11888);
#10313=AXIS2_PLACEMENT_3D('',#15049,#11889,#11890);
#10314=AXIS2_PLACEMENT_3D('',#15052,#11892,#11893);
#10315=AXIS2_PLACEMENT_3D('',#15053,#11894,#11895);
#10316=AXIS2_PLACEMENT_3D('',#15059,#11899,#11900);
#10317=AXIS2_PLACEMENT_3D('',#15061,#11901,#11902);
#10318=AXIS2_PLACEMENT_3D('',#15063,#11903,#11904);
#10319=AXIS2_PLACEMENT_3D('',#15065,#11906,#11907);
#10320=AXIS2_PLACEMENT_3D('',#15067,#11908,#11909);
#10321=AXIS2_PLACEMENT_3D('',#15070,#11911,#11912);
#10322=AXIS2_PLACEMENT_3D('',#15071,#11913,#11914);
#10323=AXIS2_PLACEMENT_3D('',#15073,#11915,#11916);
#10324=AXIS2_PLACEMENT_3D('',#15075,#11917,#11918);
#10325=AXIS2_PLACEMENT_3D('',#15077,#11920,#11921);
#10326=AXIS2_PLACEMENT_3D('',#15083,#11925,#11926);
#10327=AXIS2_PLACEMENT_3D('',#15085,#11927,#11928);
#10328=AXIS2_PLACEMENT_3D('',#15088,#11930,#11931);
#10329=AXIS2_PLACEMENT_3D('',#15089,#11932,#11933);
#10330=AXIS2_PLACEMENT_3D('',#15091,#11934,#11935);
#10331=AXIS2_PLACEMENT_3D('',#15094,#11937,#11938);
#10332=AXIS2_PLACEMENT_3D('',#15095,#11939,#11940);
#10333=AXIS2_PLACEMENT_3D('',#15097,#11941,#11942);
#10334=AXIS2_PLACEMENT_3D('',#15100,#11944,#11945);
#10335=AXIS2_PLACEMENT_3D('',#15101,#11946,#11947);
#10336=AXIS2_PLACEMENT_3D('',#15107,#11951,#11952);
#10337=AXIS2_PLACEMENT_3D('',#15109,#11953,#11954);
#10338=AXIS2_PLACEMENT_3D('',#15111,#11955,#11956);
#10339=AXIS2_PLACEMENT_3D('',#15113,#11958,#11959);
#10340=AXIS2_PLACEMENT_3D('',#15115,#11960,#11961);
#10341=AXIS2_PLACEMENT_3D('',#15118,#11963,#11964);
#10342=AXIS2_PLACEMENT_3D('',#15119,#11965,#11966);
#10343=AXIS2_PLACEMENT_3D('',#15122,#11967,#11968);
#10344=AXIS2_PLACEMENT_3D('',#15126,#11970,#11971);
#10345=AXIS2_PLACEMENT_3D('',#15128,#11973,#11974);
#10346=AXIS2_PLACEMENT_3D('',#15129,#11975,#11976);
#10347=AXIS2_PLACEMENT_3D('',#15130,#11977,#11978);
#10348=AXIS2_PLACEMENT_3D('',#15131,#11979,#11980);
#10349=AXIS2_PLACEMENT_3D('',#15133,#11981,#11982);
#10350=AXIS2_PLACEMENT_3D('',#15135,#11983,#11984);
#10351=AXIS2_PLACEMENT_3D('',#15137,#11986,#11987);
#10352=AXIS2_PLACEMENT_3D('',#15139,#11989,#11990);
#10353=AXIS2_PLACEMENT_3D('',#15141,#11992,#11993);
#10354=AXIS2_PLACEMENT_3D('',#15144,#11996,#11997);
#10355=AXIS2_PLACEMENT_3D('',#15147,#12000,#12001);
#10356=AXIS2_PLACEMENT_3D('',#15150,#12004,#12005);
#10357=AXIS2_PLACEMENT_3D('',#15154,#12007,#12008);
#10358=AXIS2_PLACEMENT_3D('',#15156,#12009,#12010);
#10359=AXIS2_PLACEMENT_3D('',#15158,#12011,#12012);
#10360=AXIS2_PLACEMENT_3D('',#15168,#12017,#12018);
#10361=AXIS2_PLACEMENT_3D('',#15170,#12019,#12020);
#10362=AXIS2_PLACEMENT_3D('',#15172,#12021,#12022);
#10363=AXIS2_PLACEMENT_3D('',#15182,#12027,#12028);
#10364=AXIS2_PLACEMENT_3D('',#15184,#12029,#12030);
#10365=AXIS2_PLACEMENT_3D('',#15186,#12031,#12032);
#10366=AXIS2_PLACEMENT_3D('',#15196,#12037,#12038);
#10367=AXIS2_PLACEMENT_3D('',#15198,#12039,#12040);
#10368=AXIS2_PLACEMENT_3D('',#15200,#12041,#12042);
#10369=AXIS2_PLACEMENT_3D('',#15204,#12044,#12045);
#10370=AXIS2_PLACEMENT_3D('',#15206,#12046,#12047);
#10371=AXIS2_PLACEMENT_3D('',#15208,#12048,#12049);
#10372=AXIS2_PLACEMENT_3D('',#15218,#12054,#12055);
#10373=AXIS2_PLACEMENT_3D('',#15220,#12056,#12057);
#10374=AXIS2_PLACEMENT_3D('',#15222,#12058,#12059);
#10375=AXIS2_PLACEMENT_3D('',#15232,#12064,#12065);
#10376=AXIS2_PLACEMENT_3D('',#15234,#12066,#12067);
#10377=AXIS2_PLACEMENT_3D('',#15236,#12068,#12069);
#10378=AXIS2_PLACEMENT_3D('',#15240,#12071,#12072);
#10379=AXIS2_PLACEMENT_3D('',#15242,#12073,#12074);
#10380=AXIS2_PLACEMENT_3D('',#15244,#12075,#12076);
#10381=AXIS2_PLACEMENT_3D('',#15254,#12081,#12082);
#10382=AXIS2_PLACEMENT_3D('',#15256,#12083,#12084);
#10383=AXIS2_PLACEMENT_3D('',#15258,#12085,#12086);
#10384=AXIS2_PLACEMENT_3D('',#15268,#12091,#12092);
#10385=AXIS2_PLACEMENT_3D('',#15270,#12093,#12094);
#10386=AXIS2_PLACEMENT_3D('',#15272,#12095,#12096);
#10387=AXIS2_PLACEMENT_3D('',#15276,#12098,#12099);
#10388=AXIS2_PLACEMENT_3D('',#15278,#12100,#12101);
#10389=AXIS2_PLACEMENT_3D('',#15280,#12102,#12103);
#10390=AXIS2_PLACEMENT_3D('',#15290,#12108,#12109);
#10391=AXIS2_PLACEMENT_3D('',#15292,#12110,#12111);
#10392=AXIS2_PLACEMENT_3D('',#15294,#12112,#12113);
#10393=AXIS2_PLACEMENT_3D('',#15301,#12117,#12118);
#10394=AXIS2_PLACEMENT_3D('',#15303,#12119,#12120);
#10395=AXIS2_PLACEMENT_3D('',#15305,#12121,#12122);
#10396=AXIS2_PLACEMENT_3D('',#15313,#12126,#12127);
#10397=AXIS2_PLACEMENT_3D('',#15315,#12128,#12129);
#10398=AXIS2_PLACEMENT_3D('',#15317,#12130,#12131);
#10399=AXIS2_PLACEMENT_3D('',#15324,#12135,#12136);
#10400=AXIS2_PLACEMENT_3D('',#15326,#12137,#12138);
#10401=AXIS2_PLACEMENT_3D('',#15327,#12139,#12140);
#10402=AXIS2_PLACEMENT_3D('',#15330,#12141,#12142);
#10403=AXIS2_PLACEMENT_3D('',#15334,#12144,#12145);
#10404=AXIS2_PLACEMENT_3D('',#15336,#12146,#12147);
#10405=AXIS2_PLACEMENT_3D('',#15338,#12148,#12149);
#10406=AXIS2_PLACEMENT_3D('',#15342,#12151,#12152);
#10407=AXIS2_PLACEMENT_3D('',#15344,#12153,#12154);
#10408=AXIS2_PLACEMENT_3D('',#15346,#12155,#12156);
#10409=AXIS2_PLACEMENT_3D('',#15350,#12158,#12159);
#10410=AXIS2_PLACEMENT_3D('',#15352,#12160,#12161);
#10411=AXIS2_PLACEMENT_3D('',#15354,#12162,#12163);
#10412=AXIS2_PLACEMENT_3D('',#15358,#12165,#12166);
#10413=AXIS2_PLACEMENT_3D('',#15360,#12167,#12168);
#10414=AXIS2_PLACEMENT_3D('',#15362,#12169,#12170);
#10415=AXIS2_PLACEMENT_3D('',#15366,#12172,#12173);
#10416=AXIS2_PLACEMENT_3D('',#15368,#12174,#12175);
#10417=AXIS2_PLACEMENT_3D('',#15370,#12176,#12177);
#10418=AXIS2_PLACEMENT_3D('',#15374,#12179,#12180);
#10419=AXIS2_PLACEMENT_3D('',#15375,#12181,#12182);
#10420=AXIS2_PLACEMENT_3D('',#15380,#12184,#12185);
#10421=AXIS2_PLACEMENT_3D('',#15382,#12186,#12187);
#10422=AXIS2_PLACEMENT_3D('',#15384,#12188,#12189);
#10423=AXIS2_PLACEMENT_3D('',#15388,#12191,#12192);
#10424=AXIS2_PLACEMENT_3D('',#15390,#12193,#12194);
#10425=AXIS2_PLACEMENT_3D('',#15392,#12195,#12196);
#10426=AXIS2_PLACEMENT_3D('',#15396,#12198,#12199);
#10427=AXIS2_PLACEMENT_3D('',#15398,#12200,#12201);
#10428=AXIS2_PLACEMENT_3D('',#15399,#12202,#12203);
#10429=AXIS2_PLACEMENT_3D('',#15402,#12204,#12205);
#10430=AXIS2_PLACEMENT_3D('',#15406,#12207,#12208);
#10431=AXIS2_PLACEMENT_3D('',#15408,#12209,#12210);
#10432=AXIS2_PLACEMENT_3D('',#15410,#12211,#12212);
#10433=AXIS2_PLACEMENT_3D('',#15414,#12214,#12215);
#10434=AXIS2_PLACEMENT_3D('',#15416,#12216,#12217);
#10435=AXIS2_PLACEMENT_3D('',#15418,#12218,#12219);
#10436=AXIS2_PLACEMENT_3D('',#15422,#12221,#12222);
#10437=AXIS2_PLACEMENT_3D('',#15424,#12223,#12224);
#10438=AXIS2_PLACEMENT_3D('',#15426,#12225,#12226);
#10439=AXIS2_PLACEMENT_3D('',#15430,#12228,#12229);
#10440=AXIS2_PLACEMENT_3D('',#15432,#12230,#12231);
#10441=AXIS2_PLACEMENT_3D('',#15434,#12232,#12233);
#10442=AXIS2_PLACEMENT_3D('',#15438,#12235,#12236);
#10443=AXIS2_PLACEMENT_3D('',#15440,#12237,#12238);
#10444=AXIS2_PLACEMENT_3D('',#15442,#12239,#12240);
#10445=AXIS2_PLACEMENT_3D('',#15446,#12242,#12243);
#10446=AXIS2_PLACEMENT_3D('',#15447,#12244,#12245);
#10447=AXIS2_PLACEMENT_3D('',#15450,#12246,#12247);
#10448=AXIS2_PLACEMENT_3D('',#15454,#12249,#12250);
#10449=AXIS2_PLACEMENT_3D('',#15456,#12251,#12252);
#10450=AXIS2_PLACEMENT_3D('',#15458,#12253,#12254);
#10451=AXIS2_PLACEMENT_3D('',#15462,#12256,#12257);
#10452=AXIS2_PLACEMENT_3D('',#15464,#12258,#12259);
#10453=AXIS2_PLACEMENT_3D('',#15466,#12260,#12261);
#10454=AXIS2_PLACEMENT_3D('',#15470,#12263,#12264);
#10455=AXIS2_PLACEMENT_3D('',#15472,#12265,#12266);
#10456=AXIS2_PLACEMENT_3D('',#15474,#12267,#12268);
#10457=AXIS2_PLACEMENT_3D('',#15478,#12270,#12271);
#10458=AXIS2_PLACEMENT_3D('',#15480,#12272,#12273);
#10459=AXIS2_PLACEMENT_3D('',#15482,#12274,#12275);
#10460=AXIS2_PLACEMENT_3D('',#15486,#12277,#12278);
#10461=AXIS2_PLACEMENT_3D('',#15488,#12279,#12280);
#10462=AXIS2_PLACEMENT_3D('',#15490,#12281,#12282);
#10463=AXIS2_PLACEMENT_3D('',#15494,#12284,#12285);
#10464=AXIS2_PLACEMENT_3D('',#15495,#12286,#12287);
#10465=AXIS2_PLACEMENT_3D('',#15498,#12288,#12289);
#10466=AXIS2_PLACEMENT_3D('',#15502,#12291,#12292);
#10467=AXIS2_PLACEMENT_3D('',#15504,#12293,#12294);
#10468=AXIS2_PLACEMENT_3D('',#15506,#12295,#12296);
#10469=AXIS2_PLACEMENT_3D('',#15510,#12298,#12299);
#10470=AXIS2_PLACEMENT_3D('',#15512,#12300,#12301);
#10471=AXIS2_PLACEMENT_3D('',#15514,#12302,#12303);
#10472=AXIS2_PLACEMENT_3D('',#15518,#12305,#12306);
#10473=AXIS2_PLACEMENT_3D('',#15520,#12307,#12308);
#10474=AXIS2_PLACEMENT_3D('',#15522,#12309,#12310);
#10475=AXIS2_PLACEMENT_3D('',#15526,#12312,#12313);
#10476=AXIS2_PLACEMENT_3D('',#15528,#12314,#12315);
#10477=AXIS2_PLACEMENT_3D('',#15530,#12316,#12317);
#10478=AXIS2_PLACEMENT_3D('',#15534,#12319,#12320);
#10479=AXIS2_PLACEMENT_3D('',#15536,#12321,#12322);
#10480=AXIS2_PLACEMENT_3D('',#15538,#12323,#12324);
#10481=AXIS2_PLACEMENT_3D('',#15542,#12326,#12327);
#10482=AXIS2_PLACEMENT_3D('',#15543,#12328,#12329);
#10483=AXIS2_PLACEMENT_3D('',#15546,#12330,#12331);
#10484=AXIS2_PLACEMENT_3D('',#15550,#12333,#12334);
#10485=AXIS2_PLACEMENT_3D('',#15552,#12335,#12336);
#10486=AXIS2_PLACEMENT_3D('',#15554,#12337,#12338);
#10487=AXIS2_PLACEMENT_3D('',#15558,#12340,#12341);
#10488=AXIS2_PLACEMENT_3D('',#15560,#12342,#12343);
#10489=AXIS2_PLACEMENT_3D('',#15562,#12344,#12345);
#10490=AXIS2_PLACEMENT_3D('',#15566,#12347,#12348);
#10491=AXIS2_PLACEMENT_3D('',#15568,#12349,#12350);
#10492=AXIS2_PLACEMENT_3D('',#15570,#12351,#12352);
#10493=AXIS2_PLACEMENT_3D('',#15574,#12354,#12355);
#10494=AXIS2_PLACEMENT_3D('',#15576,#12356,#12357);
#10495=AXIS2_PLACEMENT_3D('',#15578,#12358,#12359);
#10496=AXIS2_PLACEMENT_3D('',#15582,#12361,#12362);
#10497=AXIS2_PLACEMENT_3D('',#15584,#12363,#12364);
#10498=AXIS2_PLACEMENT_3D('',#15586,#12365,#12366);
#10499=AXIS2_PLACEMENT_3D('',#15590,#12368,#12369);
#10500=AXIS2_PLACEMENT_3D('',#15591,#12370,#12371);
#10501=AXIS2_PLACEMENT_3D('',#15594,#12372,#12373);
#10502=AXIS2_PLACEMENT_3D('',#15598,#12375,#12376);
#10503=AXIS2_PLACEMENT_3D('',#15600,#12377,#12378);
#10504=AXIS2_PLACEMENT_3D('',#15602,#12379,#12380);
#10505=AXIS2_PLACEMENT_3D('',#15606,#12382,#12383);
#10506=AXIS2_PLACEMENT_3D('',#15608,#12384,#12385);
#10507=AXIS2_PLACEMENT_3D('',#15610,#12386,#12387);
#10508=AXIS2_PLACEMENT_3D('',#15614,#12389,#12390);
#10509=AXIS2_PLACEMENT_3D('',#15616,#12391,#12392);
#10510=AXIS2_PLACEMENT_3D('',#15618,#12393,#12394);
#10511=AXIS2_PLACEMENT_3D('',#15622,#12396,#12397);
#10512=AXIS2_PLACEMENT_3D('',#15624,#12398,#12399);
#10513=AXIS2_PLACEMENT_3D('',#15626,#12400,#12401);
#10514=AXIS2_PLACEMENT_3D('',#15630,#12403,#12404);
#10515=AXIS2_PLACEMENT_3D('',#15632,#12405,#12406);
#10516=AXIS2_PLACEMENT_3D('',#15634,#12407,#12408);
#10517=AXIS2_PLACEMENT_3D('',#15638,#12410,#12411);
#10518=AXIS2_PLACEMENT_3D('',#15639,#12412,#12413);
#10519=AXIS2_PLACEMENT_3D('',#15640,#12414,#12415);
#10520=AXIS2_PLACEMENT_3D('',#15644,#12418,#12419);
#10521=AXIS2_PLACEMENT_3D('',#15648,#12422,#12423);
#10522=AXIS2_PLACEMENT_3D('',#15652,#12426,#12427);
#10523=AXIS2_PLACEMENT_3D('',#15658,#12430,#12431);
#10524=AXIS2_PLACEMENT_3D('',#15660,#12432,#12433);
#10525=AXIS2_PLACEMENT_3D('',#15661,#12434,#12435);
#10526=AXIS2_PLACEMENT_3D('',#15662,#12436,#12437);
#10527=AXIS2_PLACEMENT_3D('',#15698,#12455,#12456);
#10528=AXIS2_PLACEMENT_3D('',#15700,#12457,#12458);
#10529=AXIS2_PLACEMENT_3D('',#15702,#12459,#12460);
#10530=AXIS2_PLACEMENT_3D('',#15706,#12462,#12463);
#10531=AXIS2_PLACEMENT_3D('',#15708,#12464,#12465);
#10532=AXIS2_PLACEMENT_3D('',#15710,#12466,#12467);
#10533=AXIS2_PLACEMENT_3D('',#15714,#12469,#12470);
#10534=AXIS2_PLACEMENT_3D('',#15716,#12471,#12472);
#10535=AXIS2_PLACEMENT_3D('',#15718,#12473,#12474);
#10536=AXIS2_PLACEMENT_3D('',#15722,#12476,#12477);
#10537=AXIS2_PLACEMENT_3D('',#15724,#12478,#12479);
#10538=AXIS2_PLACEMENT_3D('',#15726,#12480,#12481);
#10539=AXIS2_PLACEMENT_3D('',#15730,#12483,#12484);
#10540=AXIS2_PLACEMENT_3D('',#15732,#12485,#12486);
#10541=AXIS2_PLACEMENT_3D('',#15734,#12487,#12488);
#10542=AXIS2_PLACEMENT_3D('',#15738,#12490,#12491);
#10543=AXIS2_PLACEMENT_3D('',#15740,#12492,#12493);
#10544=AXIS2_PLACEMENT_3D('',#15742,#12494,#12495);
#10545=AXIS2_PLACEMENT_3D('',#15746,#12497,#12498);
#10546=AXIS2_PLACEMENT_3D('',#15748,#12499,#12500);
#10547=AXIS2_PLACEMENT_3D('',#15750,#12501,#12502);
#10548=AXIS2_PLACEMENT_3D('',#15754,#12504,#12505);
#10549=AXIS2_PLACEMENT_3D('',#15756,#12506,#12507);
#10550=AXIS2_PLACEMENT_3D('',#15758,#12508,#12509);
#10551=AXIS2_PLACEMENT_3D('',#15762,#12511,#12512);
#10552=AXIS2_PLACEMENT_3D('',#15764,#12513,#12514);
#10553=AXIS2_PLACEMENT_3D('',#15766,#12515,#12516);
#10554=AXIS2_PLACEMENT_3D('',#15770,#12518,#12519);
#10555=AXIS2_PLACEMENT_3D('',#15772,#12520,#12521);
#10556=AXIS2_PLACEMENT_3D('',#15774,#12522,#12523);
#10557=AXIS2_PLACEMENT_3D('',#15778,#12525,#12526);
#10558=AXIS2_PLACEMENT_3D('',#15780,#12527,#12528);
#10559=AXIS2_PLACEMENT_3D('',#15782,#12529,#12530);
#10560=AXIS2_PLACEMENT_3D('',#15786,#12532,#12533);
#10561=AXIS2_PLACEMENT_3D('',#15788,#12534,#12535);
#10562=AXIS2_PLACEMENT_3D('',#15790,#12536,#12537);
#10563=AXIS2_PLACEMENT_3D('',#15794,#12539,#12540);
#10564=AXIS2_PLACEMENT_3D('',#15796,#12541,#12542);
#10565=AXIS2_PLACEMENT_3D('',#15798,#12543,#12544);
#10566=AXIS2_PLACEMENT_3D('',#15802,#12546,#12547);
#10567=AXIS2_PLACEMENT_3D('',#15804,#12548,#12549);
#10568=AXIS2_PLACEMENT_3D('',#15806,#12550,#12551);
#10569=AXIS2_PLACEMENT_3D('',#15810,#12553,#12554);
#10570=AXIS2_PLACEMENT_3D('',#15812,#12555,#12556);
#10571=AXIS2_PLACEMENT_3D('',#15814,#12557,#12558);
#10572=AXIS2_PLACEMENT_3D('',#15818,#12560,#12561);
#10573=AXIS2_PLACEMENT_3D('',#15820,#12562,#12563);
#10574=AXIS2_PLACEMENT_3D('',#15822,#12564,#12565);
#10575=AXIS2_PLACEMENT_3D('',#15826,#12567,#12568);
#10576=AXIS2_PLACEMENT_3D('',#15828,#12569,#12570);
#10577=AXIS2_PLACEMENT_3D('',#15830,#12571,#12572);
#10578=AXIS2_PLACEMENT_3D('',#15834,#12574,#12575);
#10579=AXIS2_PLACEMENT_3D('',#15836,#12576,#12577);
#10580=AXIS2_PLACEMENT_3D('',#15838,#12578,#12579);
#10581=AXIS2_PLACEMENT_3D('',#15842,#12581,#12582);
#10582=AXIS2_PLACEMENT_3D('',#15844,#12583,#12584);
#10583=AXIS2_PLACEMENT_3D('',#15846,#12585,#12586);
#10584=AXIS2_PLACEMENT_3D('',#15850,#12588,#12589);
#10585=AXIS2_PLACEMENT_3D('',#15852,#12590,#12591);
#10586=AXIS2_PLACEMENT_3D('',#15854,#12592,#12593);
#10587=AXIS2_PLACEMENT_3D('',#15858,#12595,#12596);
#10588=AXIS2_PLACEMENT_3D('',#15860,#12597,#12598);
#10589=AXIS2_PLACEMENT_3D('',#15862,#12599,#12600);
#10590=AXIS2_PLACEMENT_3D('',#15866,#12602,#12603);
#10591=AXIS2_PLACEMENT_3D('',#15868,#12604,#12605);
#10592=AXIS2_PLACEMENT_3D('',#15870,#12606,#12607);
#10593=AXIS2_PLACEMENT_3D('',#15874,#12609,#12610);
#10594=AXIS2_PLACEMENT_3D('',#15876,#12611,#12612);
#10595=AXIS2_PLACEMENT_3D('',#15878,#12613,#12614);
#10596=AXIS2_PLACEMENT_3D('',#15882,#12616,#12617);
#10597=AXIS2_PLACEMENT_3D('',#15884,#12618,#12619);
#10598=AXIS2_PLACEMENT_3D('',#15886,#12620,#12621);
#10599=AXIS2_PLACEMENT_3D('',#15890,#12623,#12624);
#10600=AXIS2_PLACEMENT_3D('',#15892,#12625,#12626);
#10601=AXIS2_PLACEMENT_3D('',#15894,#12627,#12628);
#10602=AXIS2_PLACEMENT_3D('',#15898,#12630,#12631);
#10603=AXIS2_PLACEMENT_3D('',#15900,#12632,#12633);
#10604=AXIS2_PLACEMENT_3D('',#15902,#12634,#12635);
#10605=AXIS2_PLACEMENT_3D('',#15906,#12637,#12638);
#10606=AXIS2_PLACEMENT_3D('',#15908,#12639,#12640);
#10607=AXIS2_PLACEMENT_3D('',#15910,#12641,#12642);
#10608=AXIS2_PLACEMENT_3D('',#15914,#12644,#12645);
#10609=AXIS2_PLACEMENT_3D('',#15916,#12646,#12647);
#10610=AXIS2_PLACEMENT_3D('',#15918,#12648,#12649);
#10611=AXIS2_PLACEMENT_3D('',#15922,#12651,#12652);
#10612=AXIS2_PLACEMENT_3D('',#15924,#12653,#12654);
#10613=AXIS2_PLACEMENT_3D('',#15926,#12655,#12656);
#10614=AXIS2_PLACEMENT_3D('',#15930,#12658,#12659);
#10615=AXIS2_PLACEMENT_3D('',#15932,#12660,#12661);
#10616=AXIS2_PLACEMENT_3D('',#15934,#12662,#12663);
#10617=AXIS2_PLACEMENT_3D('',#15938,#12665,#12666);
#10618=AXIS2_PLACEMENT_3D('',#15940,#12667,#12668);
#10619=AXIS2_PLACEMENT_3D('',#15942,#12669,#12670);
#10620=AXIS2_PLACEMENT_3D('',#15946,#12672,#12673);
#10621=AXIS2_PLACEMENT_3D('',#15948,#12674,#12675);
#10622=AXIS2_PLACEMENT_3D('',#15950,#12676,#12677);
#10623=AXIS2_PLACEMENT_3D('',#15954,#12679,#12680);
#10624=AXIS2_PLACEMENT_3D('',#15956,#12681,#12682);
#10625=AXIS2_PLACEMENT_3D('',#15958,#12683,#12684);
#10626=AXIS2_PLACEMENT_3D('',#15962,#12686,#12687);
#10627=AXIS2_PLACEMENT_3D('',#15964,#12688,#12689);
#10628=AXIS2_PLACEMENT_3D('',#15966,#12690,#12691);
#10629=AXIS2_PLACEMENT_3D('',#15970,#12693,#12694);
#10630=AXIS2_PLACEMENT_3D('',#15972,#12695,#12696);
#10631=AXIS2_PLACEMENT_3D('',#15974,#12697,#12698);
#10632=AXIS2_PLACEMENT_3D('',#15978,#12700,#12701);
#10633=AXIS2_PLACEMENT_3D('',#15980,#12702,#12703);
#10634=AXIS2_PLACEMENT_3D('',#15982,#12704,#12705);
#10635=AXIS2_PLACEMENT_3D('',#15984,#12707,#12708);
#10636=AXIS2_PLACEMENT_3D('',#15990,#12712,#12713);
#10637=AXIS2_PLACEMENT_3D('',#15992,#12714,#12715);
#10638=AXIS2_PLACEMENT_3D('',#15994,#12717,#12718);
#10639=AXIS2_PLACEMENT_3D('',#15997,#12720,#12721);
#10640=AXIS2_PLACEMENT_3D('',#15998,#12722,#12723);
#10641=AXIS2_PLACEMENT_3D('',#16000,#12724,#12725);
#10642=AXIS2_PLACEMENT_3D('',#16002,#12727,#12728);
#10643=AXIS2_PLACEMENT_3D('',#16006,#12730,#12731);
#10644=AXIS2_PLACEMENT_3D('',#16008,#12733,#12734);
#10645=AXIS2_PLACEMENT_3D('',#16011,#12736,#12737);
#10646=AXIS2_PLACEMENT_3D('',#16012,#12738,#12739);
#10647=AXIS2_PLACEMENT_3D('',#16015,#12741,#12742);
#10648=AXIS2_PLACEMENT_3D('',#16016,#12743,#12744);
#10649=AXIS2_PLACEMENT_3D('',#16020,#12747,#12748);
#10650=AXIS2_PLACEMENT_3D('',#16024,#12750,#12751);
#10651=AXIS2_PLACEMENT_3D('',#16026,#12753,#12754);
#10652=AXIS2_PLACEMENT_3D('',#16029,#12756,#12757);
#10653=AXIS2_PLACEMENT_3D('',#16030,#12758,#12759);
#10654=AXIS2_PLACEMENT_3D('',#16032,#12760,#12761);
#10655=AXIS2_PLACEMENT_3D('',#16034,#12763,#12764);
#10656=AXIS2_PLACEMENT_3D('',#16038,#12766,#12767);
#10657=AXIS2_PLACEMENT_3D('',#16040,#12769,#12770);
#10658=AXIS2_PLACEMENT_3D('',#16043,#12772,#12773);
#10659=AXIS2_PLACEMENT_3D('',#16044,#12774,#12775);
#10660=AXIS2_PLACEMENT_3D('',#16047,#12777,#12778);
#10661=AXIS2_PLACEMENT_3D('',#16048,#12779,#12780);
#10662=AXIS2_PLACEMENT_3D('',#16054,#12784,#12785);
#10663=AXIS2_PLACEMENT_3D('',#16056,#12786,#12787);
#10664=AXIS2_PLACEMENT_3D('',#16058,#12789,#12790);
#10665=AXIS2_PLACEMENT_3D('',#16061,#12792,#12793);
#10666=AXIS2_PLACEMENT_3D('',#16062,#12794,#12795);
#10667=AXIS2_PLACEMENT_3D('',#16064,#12796,#12797);
#10668=AXIS2_PLACEMENT_3D('',#16066,#12799,#12800);
#10669=AXIS2_PLACEMENT_3D('',#16070,#12803,#12804);
#10670=AXIS2_PLACEMENT_3D('',#16076,#12808,#12809);
#10671=AXIS2_PLACEMENT_3D('',#16079,#12811,#12812);
#10672=AXIS2_PLACEMENT_3D('',#16080,#12813,#12814);
#10673=AXIS2_PLACEMENT_3D('',#16083,#12816,#12817);
#10674=AXIS2_PLACEMENT_3D('',#16084,#12818,#12819);
#10675=AXIS2_PLACEMENT_3D('',#16087,#12821,#12822);
#10676=AXIS2_PLACEMENT_3D('',#16088,#12823,#12824);
#10677=AXIS2_PLACEMENT_3D('',#16092,#12827,#12828);
#10678=AXIS2_PLACEMENT_3D('',#16098,#12832,#12833);
#10679=AXIS2_PLACEMENT_3D('',#16101,#12835,#12836);
#10680=AXIS2_PLACEMENT_3D('',#16102,#12837,#12838);
#10681=AXIS2_PLACEMENT_3D('',#16105,#12840,#12841);
#10682=AXIS2_PLACEMENT_3D('',#16106,#12842,#12843);
#10683=AXIS2_PLACEMENT_3D('',#16109,#12845,#12846);
#10684=AXIS2_PLACEMENT_3D('',#16110,#12847,#12848);
#10685=AXIS2_PLACEMENT_3D('',#16114,#12851,#12852);
#10686=AXIS2_PLACEMENT_3D('',#16119,#12856,#12857);
#10687=AXIS2_PLACEMENT_3D('',#16124,#12860,#12861);
#10688=AXIS2_PLACEMENT_3D('',#16125,#12862,#12863);
#10689=AXIS2_PLACEMENT_3D('',#16128,#12865,#12866);
#10690=AXIS2_PLACEMENT_3D('',#16129,#12867,#12868);
#10691=AXIS2_PLACEMENT_3D('',#16132,#12870,#12871);
#10692=AXIS2_PLACEMENT_3D('',#16133,#12872,#12873);
#10693=AXIS2_PLACEMENT_3D('',#16137,#12876,#12877);
#10694=AXIS2_PLACEMENT_3D('',#16142,#12880,#12881);
#10695=AXIS2_PLACEMENT_3D('',#16143,#12882,#12883);
#10696=AXIS2_PLACEMENT_3D('',#16146,#12885,#12886);
#10697=AXIS2_PLACEMENT_3D('',#16147,#12887,#12888);
#10698=AXIS2_PLACEMENT_3D('',#16150,#12890,#12891);
#10699=AXIS2_PLACEMENT_3D('',#16151,#12892,#12893);
#10700=AXIS2_PLACEMENT_3D('',#16154,#12896,#12897);
#10701=AXIS2_PLACEMENT_3D('',#16156,#12899,#12900);
#10702=AXIS2_PLACEMENT_3D('',#16158,#12902,#12903);
#10703=AXIS2_PLACEMENT_3D('',#16160,#12905,#12906);
#10704=AXIS2_PLACEMENT_3D('',#16162,#12908,#12909);
#10705=AXIS2_PLACEMENT_3D('',#16164,#12911,#12912);
#10706=AXIS2_PLACEMENT_3D('',#16166,#12914,#12915);
#10707=AXIS2_PLACEMENT_3D('',#16168,#12917,#12918);
#10708=AXIS2_PLACEMENT_3D('',#16170,#12920,#12921);
#10709=AXIS2_PLACEMENT_3D('',#16172,#12923,#12924);
#10710=AXIS2_PLACEMENT_3D('',#16174,#12926,#12927);
#10711=AXIS2_PLACEMENT_3D('',#16176,#12929,#12930);
#10712=AXIS2_PLACEMENT_3D('',#16178,#12932,#12933);
#10713=AXIS2_PLACEMENT_3D('',#16180,#12935,#12936);
#10714=AXIS2_PLACEMENT_3D('',#16182,#12938,#12939);
#10715=AXIS2_PLACEMENT_3D('',#16184,#12941,#12942);
#10716=AXIS2_PLACEMENT_3D('',#16186,#12944,#12945);
#10717=AXIS2_PLACEMENT_3D('',#16188,#12947,#12948);
#10718=AXIS2_PLACEMENT_3D('',#16190,#12950,#12951);
#10719=AXIS2_PLACEMENT_3D('',#16192,#12953,#12954);
#10720=AXIS2_PLACEMENT_3D('',#16195,#12957,#12958);
#10721=AXIS2_PLACEMENT_3D('',#16196,#12959,#12960);
#10722=AXIS2_PLACEMENT_3D('',#16198,#12962,#12963);
#10723=AXIS2_PLACEMENT_3D('',#16200,#12965,#12966);
#10724=AXIS2_PLACEMENT_3D('',#16201,#12967,#12968);
#10725=AXIS2_PLACEMENT_3D('',#16203,#12970,#12971);
#10726=AXIS2_PLACEMENT_3D('',#16207,#12974,#12975);
#10727=AXIS2_PLACEMENT_3D('',#16211,#12978,#12979);
#10728=AXIS2_PLACEMENT_3D('',#16213,#12980,#12981);
#10729=AXIS2_PLACEMENT_3D('',#16215,#12983,#12984);
#10730=AXIS2_PLACEMENT_3D('',#16218,#12986,#12987);
#10731=AXIS2_PLACEMENT_3D('',#16219,#12988,#12989);
#10732=AXIS2_PLACEMENT_3D('',#16221,#12990,#12991);
#10733=AXIS2_PLACEMENT_3D('',#16223,#12993,#12994);
#10734=AXIS2_PLACEMENT_3D('',#16227,#12996,#12997);
#10735=AXIS2_PLACEMENT_3D('',#16229,#12999,#13000);
#10736=AXIS2_PLACEMENT_3D('',#16232,#13002,#13003);
#10737=AXIS2_PLACEMENT_3D('',#16233,#13004,#13005);
#10738=AXIS2_PLACEMENT_3D('',#16236,#13007,#13008);
#10739=AXIS2_PLACEMENT_3D('',#16237,#13009,#13010);
#10740=AXIS2_PLACEMENT_3D('',#16239,#13012,#13013);
#10741=AXIS2_PLACEMENT_3D('',#16241,#13014,#13015);
#10742=AXIS2_PLACEMENT_3D('',#16243,#13017,#13018);
#10743=AXIS2_PLACEMENT_3D('',#16246,#13020,#13021);
#10744=AXIS2_PLACEMENT_3D('',#16247,#13022,#13023);
#10745=AXIS2_PLACEMENT_3D('',#16249,#13024,#13025);
#10746=AXIS2_PLACEMENT_3D('',#16251,#13027,#13028);
#10747=AXIS2_PLACEMENT_3D('',#16255,#13031,#13032);
#10748=AXIS2_PLACEMENT_3D('',#16261,#13036,#13037);
#10749=AXIS2_PLACEMENT_3D('',#16264,#13039,#13040);
#10750=AXIS2_PLACEMENT_3D('',#16265,#13041,#13042);
#10751=AXIS2_PLACEMENT_3D('',#16268,#13044,#13045);
#10752=AXIS2_PLACEMENT_3D('',#16269,#13046,#13047);
#10753=AXIS2_PLACEMENT_3D('',#16270,#13048,#13049);
#10754=AXIS2_PLACEMENT_3D('',#16271,#13050,#13051);
#10755=AXIS2_PLACEMENT_3D('',#16277,#13055,#13056);
#10756=AXIS2_PLACEMENT_3D('',#16279,#13057,#13058);
#10757=AXIS2_PLACEMENT_3D('',#16281,#13060,#13061);
#10758=AXIS2_PLACEMENT_3D('',#16284,#13063,#13064);
#10759=AXIS2_PLACEMENT_3D('',#16285,#13065,#13066);
#10760=AXIS2_PLACEMENT_3D('',#16287,#13067,#13068);
#10761=AXIS2_PLACEMENT_3D('',#16289,#13070,#13071);
#10762=AXIS2_PLACEMENT_3D('',#16293,#13074,#13075);
#10763=AXIS2_PLACEMENT_3D('',#16299,#13079,#13080);
#10764=AXIS2_PLACEMENT_3D('',#16302,#13082,#13083);
#10765=AXIS2_PLACEMENT_3D('',#16303,#13084,#13085);
#10766=AXIS2_PLACEMENT_3D('',#16306,#13087,#13088);
#10767=AXIS2_PLACEMENT_3D('',#16307,#13089,#13090);
#10768=AXIS2_PLACEMENT_3D('',#16310,#13092,#13093);
#10769=AXIS2_PLACEMENT_3D('',#16311,#13094,#13095);
#10770=AXIS2_PLACEMENT_3D('',#16315,#13098,#13099);
#10771=AXIS2_PLACEMENT_3D('',#16321,#13103,#13104);
#10772=AXIS2_PLACEMENT_3D('',#16324,#13106,#13107);
#10773=AXIS2_PLACEMENT_3D('',#16325,#13108,#13109);
#10774=AXIS2_PLACEMENT_3D('',#16328,#13111,#13112);
#10775=AXIS2_PLACEMENT_3D('',#16329,#13113,#13114);
#10776=AXIS2_PLACEMENT_3D('',#16332,#13116,#13117);
#10777=AXIS2_PLACEMENT_3D('',#16333,#13118,#13119);
#10778=AXIS2_PLACEMENT_3D('',#16337,#13122,#13123);
#10779=AXIS2_PLACEMENT_3D('',#16342,#13127,#13128);
#10780=AXIS2_PLACEMENT_3D('',#16347,#13131,#13132);
#10781=AXIS2_PLACEMENT_3D('',#16348,#13133,#13134);
#10782=AXIS2_PLACEMENT_3D('',#16351,#13136,#13137);
#10783=AXIS2_PLACEMENT_3D('',#16352,#13138,#13139);
#10784=AXIS2_PLACEMENT_3D('',#16355,#13141,#13142);
#10785=AXIS2_PLACEMENT_3D('',#16356,#13143,#13144);
#10786=AXIS2_PLACEMENT_3D('',#16358,#13146,#13147);
#10787=AXIS2_PLACEMENT_3D('',#16361,#13150,#13151);
#10788=AXIS2_PLACEMENT_3D('',#16363,#13153,#13154);
#10789=AXIS2_PLACEMENT_3D('',#16365,#13156,#13157);
#10790=AXIS2_PLACEMENT_3D('',#16366,#13158,#13159);
#10791=AXIS2_PLACEMENT_3D('',#16369,#13162,#13163);
#10792=AXIS2_PLACEMENT_3D('',#16371,#13165,#13166);
#10793=AXIS2_PLACEMENT_3D('',#16373,#13168,#13169);
#10794=AXIS2_PLACEMENT_3D('',#16375,#13171,#13172);
#10795=AXIS2_PLACEMENT_3D('',#16377,#13174,#13175);
#10796=AXIS2_PLACEMENT_3D('',#16379,#13177,#13178);
#10797=AXIS2_PLACEMENT_3D('',#16381,#13180,#13181);
#10798=AXIS2_PLACEMENT_3D('',#16383,#13183,#13184);
#10799=AXIS2_PLACEMENT_3D('',#16385,#13186,#13187);
#10800=AXIS2_PLACEMENT_3D('',#16387,#13189,#13190);
#10801=AXIS2_PLACEMENT_3D('',#16389,#13192,#13193);
#10802=AXIS2_PLACEMENT_3D('',#16391,#13195,#13196);
#10803=AXIS2_PLACEMENT_3D('',#16393,#13198,#13199);
#10804=AXIS2_PLACEMENT_3D('',#16395,#13201,#13202);
#10805=AXIS2_PLACEMENT_3D('',#16397,#13204,#13205);
#10806=AXIS2_PLACEMENT_3D('',#16399,#13207,#13208);
#10807=AXIS2_PLACEMENT_3D('',#16401,#13210,#13211);
#10808=AXIS2_PLACEMENT_3D('',#16403,#13213,#13214);
#10809=AXIS2_PLACEMENT_3D('',#16405,#13216,#13217);
#10810=AXIS2_PLACEMENT_3D('',#16407,#13219,#13220);
#10811=AXIS2_PLACEMENT_3D('',#16410,#13223,#13224);
#10812=AXIS2_PLACEMENT_3D('',#16411,#13225,#13226);
#10813=AXIS2_PLACEMENT_3D('',#16413,#13228,#13229);
#10814=AXIS2_PLACEMENT_3D('',#16415,#13231,#13232);
#10815=AXIS2_PLACEMENT_3D('',#16416,#13233,#13234);
#10816=AXIS2_PLACEMENT_3D('',#16417,#13235,#13236);
#10817=AXIS2_PLACEMENT_3D('',#16418,#13237,#13238);
#10818=AXIS2_PLACEMENT_3D('',#16424,#13242,#13243);
#10819=AXIS2_PLACEMENT_3D('',#16430,#13247,#13248);
#10820=AXIS2_PLACEMENT_3D('',#16436,#13252,#13253);
#10821=AXIS2_PLACEMENT_3D('',#16442,#13257,#13258);
#10822=AXIS2_PLACEMENT_3D('',#16444,#13259,#13260);
#10823=AXIS2_PLACEMENT_3D('',#16446,#13262,#13263);
#10824=AXIS2_PLACEMENT_3D('',#16449,#13265,#13266);
#10825=AXIS2_PLACEMENT_3D('',#16450,#13267,#13268);
#10826=AXIS2_PLACEMENT_3D('',#16452,#13269,#13270);
#10827=AXIS2_PLACEMENT_3D('',#16454,#13272,#13273);
#10828=AXIS2_PLACEMENT_3D('',#16458,#13276,#13277);
#10829=AXIS2_PLACEMENT_3D('',#16464,#13281,#13282);
#10830=AXIS2_PLACEMENT_3D('',#16467,#13284,#13285);
#10831=AXIS2_PLACEMENT_3D('',#16468,#13286,#13287);
#10832=AXIS2_PLACEMENT_3D('',#16471,#13289,#13290);
#10833=AXIS2_PLACEMENT_3D('',#16472,#13291,#13292);
#10834=AXIS2_PLACEMENT_3D('',#16475,#13294,#13295);
#10835=AXIS2_PLACEMENT_3D('',#16476,#13296,#13297);
#10836=AXIS2_PLACEMENT_3D('',#16480,#13300,#13301);
#10837=AXIS2_PLACEMENT_3D('',#16486,#13305,#13306);
#10838=AXIS2_PLACEMENT_3D('',#16488,#13307,#13308);
#10839=AXIS2_PLACEMENT_3D('',#16490,#13310,#13311);
#10840=AXIS2_PLACEMENT_3D('',#16493,#13313,#13314);
#10841=AXIS2_PLACEMENT_3D('',#16494,#13315,#13316);
#10842=AXIS2_PLACEMENT_3D('',#16496,#13317,#13318);
#10843=AXIS2_PLACEMENT_3D('',#16498,#13320,#13321);
#10844=AXIS2_PLACEMENT_3D('',#16502,#13323,#13324);
#10845=AXIS2_PLACEMENT_3D('',#16504,#13326,#13327);
#10846=AXIS2_PLACEMENT_3D('',#16507,#13329,#13330);
#10847=AXIS2_PLACEMENT_3D('',#16508,#13331,#13332);
#10848=AXIS2_PLACEMENT_3D('',#16511,#13334,#13335);
#10849=AXIS2_PLACEMENT_3D('',#16512,#13336,#13337);
#10850=AXIS2_PLACEMENT_3D('',#16516,#13340,#13341);
#10851=AXIS2_PLACEMENT_3D('',#16520,#13344,#13345);
#10852=AXIS2_PLACEMENT_3D('',#16522,#13346,#13347);
#10853=AXIS2_PLACEMENT_3D('',#16524,#13349,#13350);
#10854=AXIS2_PLACEMENT_3D('',#16527,#13352,#13353);
#10855=AXIS2_PLACEMENT_3D('',#16528,#13354,#13355);
#10856=AXIS2_PLACEMENT_3D('',#16530,#13356,#13357);
#10857=AXIS2_PLACEMENT_3D('',#16532,#13359,#13360);
#10858=AXIS2_PLACEMENT_3D('',#16536,#13363,#13364);
#10859=AXIS2_PLACEMENT_3D('',#16542,#13368,#13369);
#10860=AXIS2_PLACEMENT_3D('',#16545,#13371,#13372);
#10861=AXIS2_PLACEMENT_3D('',#16546,#13373,#13374);
#10862=AXIS2_PLACEMENT_3D('',#16549,#13376,#13377);
#10863=AXIS2_PLACEMENT_3D('',#16550,#13378,#13379);
#10864=AXIS2_PLACEMENT_3D('',#16553,#13381,#13382);
#10865=AXIS2_PLACEMENT_3D('',#16554,#13383,#13384);
#10866=AXIS2_PLACEMENT_3D('',#16556,#13386,#13387);
#10867=AXIS2_PLACEMENT_3D('',#16562,#13391,#13392);
#10868=AXIS2_PLACEMENT_3D('',#16565,#13394,#13395);
#10869=AXIS2_PLACEMENT_3D('',#16566,#13396,#13397);
#10870=AXIS2_PLACEMENT_3D('',#16569,#13399,#13400);
#10871=AXIS2_PLACEMENT_3D('',#16570,#13401,#13402);
#10872=AXIS2_PLACEMENT_3D('',#16573,#13404,#13405);
#10873=AXIS2_PLACEMENT_3D('',#16574,#13406,#13407);
#10874=AXIS2_PLACEMENT_3D('',#16576,#13409,#13410);
#10875=AXIS2_PLACEMENT_3D('',#16582,#13414,#13415);
#10876=AXIS2_PLACEMENT_3D('',#16585,#13417,#13418);
#10877=AXIS2_PLACEMENT_3D('',#16586,#13419,#13420);
#10878=AXIS2_PLACEMENT_3D('',#16589,#13422,#13423);
#10879=AXIS2_PLACEMENT_3D('',#16590,#13424,#13425);
#10880=AXIS2_PLACEMENT_3D('',#16593,#13427,#13428);
#10881=AXIS2_PLACEMENT_3D('',#16594,#13429,#13430);
#10882=AXIS2_PLACEMENT_3D('',#16598,#13433,#13434);
#10883=AXIS2_PLACEMENT_3D('',#16603,#13438,#13439);
#10884=AXIS2_PLACEMENT_3D('',#16608,#13442,#13443);
#10885=AXIS2_PLACEMENT_3D('',#16609,#13444,#13445);
#10886=AXIS2_PLACEMENT_3D('',#16612,#13447,#13448);
#10887=AXIS2_PLACEMENT_3D('',#16613,#13449,#13450);
#10888=AXIS2_PLACEMENT_3D('',#16616,#13452,#13453);
#10889=AXIS2_PLACEMENT_3D('',#16617,#13454,#13455);
#10890=AXIS2_PLACEMENT_3D('',#16621,#13458,#13459);
#10891=AXIS2_PLACEMENT_3D('',#16625,#13462,#13463);
#10892=AXIS2_PLACEMENT_3D('',#16628,#13466,#13467);
#10893=AXIS2_PLACEMENT_3D('',#16630,#13469,#13470);
#10894=AXIS2_PLACEMENT_3D('',#16632,#13472,#13473);
#10895=AXIS2_PLACEMENT_3D('',#16634,#13475,#13476);
#10896=AXIS2_PLACEMENT_3D('',#16636,#13478,#13479);
#10897=AXIS2_PLACEMENT_3D('',#16638,#13481,#13482);
#10898=AXIS2_PLACEMENT_3D('',#16640,#13484,#13485);
#10899=AXIS2_PLACEMENT_3D('',#16642,#13487,#13488);
#10900=AXIS2_PLACEMENT_3D('',#16644,#13490,#13491);
#10901=AXIS2_PLACEMENT_3D('',#16646,#13493,#13494);
#10902=AXIS2_PLACEMENT_3D('',#16648,#13496,#13497);
#10903=AXIS2_PLACEMENT_3D('',#16650,#13499,#13500);
#10904=AXIS2_PLACEMENT_3D('',#16652,#13502,#13503);
#10905=AXIS2_PLACEMENT_3D('',#16654,#13505,#13506);
#10906=AXIS2_PLACEMENT_3D('',#16656,#13508,#13509);
#10907=AXIS2_PLACEMENT_3D('',#16658,#13511,#13512);
#10908=AXIS2_PLACEMENT_3D('',#16660,#13514,#13515);
#10909=AXIS2_PLACEMENT_3D('',#16662,#13517,#13518);
#10910=AXIS2_PLACEMENT_3D('',#16664,#13520,#13521);
#10911=AXIS2_PLACEMENT_3D('',#16666,#13523,#13524);
#10912=AXIS2_PLACEMENT_3D('',#16669,#13527,#13528);
#10913=AXIS2_PLACEMENT_3D('',#16670,#13529,#13530);
#10914=AXIS2_PLACEMENT_3D('',#16672,#13532,#13533);
#10915=AXIS2_PLACEMENT_3D('',#16674,#13535,#13536);
#10916=AXIS2_PLACEMENT_3D('',#16676,#13538,#13539);
#10917=AXIS2_PLACEMENT_3D('',#16677,#13540,#13541);
#10918=AXIS2_PLACEMENT_3D('',#16679,#13543,#13544);
#10919=AXIS2_PLACEMENT_3D('',#16680,#13545,#13546);
#10920=AXIS2_PLACEMENT_3D('',#16684,#13549,#13550);
#10921=AXIS2_PLACEMENT_3D('',#16686,#13551,#13552);
#10922=AXIS2_PLACEMENT_3D('',#16688,#13554,#13555);
#10923=AXIS2_PLACEMENT_3D('',#16691,#13557,#13558);
#10924=AXIS2_PLACEMENT_3D('',#16692,#13559,#13560);
#10925=AXIS2_PLACEMENT_3D('',#16694,#13561,#13562);
#10926=AXIS2_PLACEMENT_3D('',#16696,#13564,#13565);
#10927=AXIS2_PLACEMENT_3D('',#16700,#13568,#13569);
#10928=AXIS2_PLACEMENT_3D('',#16706,#13573,#13574);
#10929=AXIS2_PLACEMENT_3D('',#16709,#13576,#13577);
#10930=AXIS2_PLACEMENT_3D('',#16710,#13578,#13579);
#10931=AXIS2_PLACEMENT_3D('',#16713,#13581,#13582);
#10932=AXIS2_PLACEMENT_3D('',#16714,#13583,#13584);
#10933=AXIS2_PLACEMENT_3D('',#16717,#13586,#13587);
#10934=AXIS2_PLACEMENT_3D('',#16718,#13588,#13589);
#10935=AXIS2_PLACEMENT_3D('',#16720,#13591,#13592);
#10936=AXIS2_PLACEMENT_3D('',#16722,#13593,#13594);
#10937=AXIS2_PLACEMENT_3D('',#16724,#13596,#13597);
#10938=AXIS2_PLACEMENT_3D('',#16727,#13599,#13600);
#10939=AXIS2_PLACEMENT_3D('',#16728,#13601,#13602);
#10940=AXIS2_PLACEMENT_3D('',#16730,#13603,#13604);
#10941=AXIS2_PLACEMENT_3D('',#16732,#13606,#13607);
#10942=AXIS2_PLACEMENT_3D('',#16734,#13609,#13610);
#10943=AXIS2_PLACEMENT_3D('',#16738,#13613,#13614);
#10944=AXIS2_PLACEMENT_3D('',#16741,#13616,#13617);
#10945=AXIS2_PLACEMENT_3D('',#16742,#13618,#13619);
#10946=AXIS2_PLACEMENT_3D('',#16745,#13621,#13622);
#10947=AXIS2_PLACEMENT_3D('',#16746,#13623,#13624);
#10948=AXIS2_PLACEMENT_3D('',#16747,#13625,#13626);
#10949=AXIS2_PLACEMENT_3D('',#16748,#13627,#13628);
#10950=AXIS2_PLACEMENT_3D('',#16752,#13631,#13632);
#10951=AXIS2_PLACEMENT_3D('',#16754,#13633,#13634);
#10952=AXIS2_PLACEMENT_3D('',#16756,#13636,#13637);
#10953=AXIS2_PLACEMENT_3D('',#16759,#13639,#13640);
#10954=AXIS2_PLACEMENT_3D('',#16760,#13641,#13642);
#10955=AXIS2_PLACEMENT_3D('',#16762,#13643,#13644);
#10956=AXIS2_PLACEMENT_3D('',#16764,#13646,#13647);
#10957=AXIS2_PLACEMENT_3D('',#16766,#13649,#13650);
#10958=AXIS2_PLACEMENT_3D('',#16770,#13653,#13654);
#10959=AXIS2_PLACEMENT_3D('',#16773,#13656,#13657);
#10960=AXIS2_PLACEMENT_3D('',#16774,#13658,#13659);
#10961=AXIS2_PLACEMENT_3D('',#16777,#13661,#13662);
#10962=AXIS2_PLACEMENT_3D('',#16778,#13663,#13664);
#10963=AXIS2_PLACEMENT_3D('',#16781,#13666,#13667);
#10964=AXIS2_PLACEMENT_3D('',#16782,#13668,#13669);
#10965=AXIS2_PLACEMENT_3D('',#16784,#13671,#13672);
#10966=AXIS2_PLACEMENT_3D('',#16788,#13675,#13676);
#10967=AXIS2_PLACEMENT_3D('',#16791,#13678,#13679);
#10968=AXIS2_PLACEMENT_3D('',#16792,#13680,#13681);
#10969=AXIS2_PLACEMENT_3D('',#16795,#13683,#13684);
#10970=AXIS2_PLACEMENT_3D('',#16796,#13685,#13686);
#10971=AXIS2_PLACEMENT_3D('',#16799,#13688,#13689);
#10972=AXIS2_PLACEMENT_3D('',#16800,#13690,#13691);
#10973=AXIS2_PLACEMENT_3D('',#16802,#13693,#13694);
#10974=AXIS2_PLACEMENT_3D('',#16808,#13698,#13699);
#10975=AXIS2_PLACEMENT_3D('',#16811,#13701,#13702);
#10976=AXIS2_PLACEMENT_3D('',#16812,#13703,#13704);
#10977=AXIS2_PLACEMENT_3D('',#16815,#13706,#13707);
#10978=AXIS2_PLACEMENT_3D('',#16816,#13708,#13709);
#10979=AXIS2_PLACEMENT_3D('',#16819,#13711,#13712);
#10980=AXIS2_PLACEMENT_3D('',#16820,#13713,#13714);
#10981=AXIS2_PLACEMENT_3D('',#16822,#13716,#13717);
#10982=AXIS2_PLACEMENT_3D('',#16825,#13720,#13721);
#10983=AXIS2_PLACEMENT_3D('',#16829,#13724,#13725);
#10984=AXIS2_PLACEMENT_3D('',#16832,#13727,#13728);
#10985=AXIS2_PLACEMENT_3D('',#16833,#13729,#13730);
#10986=AXIS2_PLACEMENT_3D('',#16836,#13732,#13733);
#10987=AXIS2_PLACEMENT_3D('',#16837,#13734,#13735);
#10988=AXIS2_PLACEMENT_3D('',#16838,#13736,#13737);
#10989=AXIS2_PLACEMENT_3D('',#16839,#13738,#13739);
#10990=AXIS2_PLACEMENT_3D('',#16842,#13742,#13743);
#10991=AXIS2_PLACEMENT_3D('',#16844,#13745,#13746);
#10992=AXIS2_PLACEMENT_3D('',#16846,#13748,#13749);
#10993=AXIS2_PLACEMENT_3D('',#16848,#13751,#13752);
#10994=AXIS2_PLACEMENT_3D('',#16850,#13754,#13755);
#10995=AXIS2_PLACEMENT_3D('',#16852,#13757,#13758);
#10996=AXIS2_PLACEMENT_3D('',#16854,#13760,#13761);
#10997=AXIS2_PLACEMENT_3D('',#16856,#13763,#13764);
#10998=AXIS2_PLACEMENT_3D('',#16858,#13766,#13767);
#10999=AXIS2_PLACEMENT_3D('',#16860,#13769,#13770);
#11000=AXIS2_PLACEMENT_3D('',#16862,#13772,#13773);
#11001=AXIS2_PLACEMENT_3D('',#16864,#13775,#13776);
#11002=AXIS2_PLACEMENT_3D('',#16866,#13778,#13779);
#11003=AXIS2_PLACEMENT_3D('',#16868,#13781,#13782);
#11004=AXIS2_PLACEMENT_3D('',#16870,#13784,#13785);
#11005=AXIS2_PLACEMENT_3D('',#16872,#13787,#13788);
#11006=AXIS2_PLACEMENT_3D('',#16874,#13790,#13791);
#11007=AXIS2_PLACEMENT_3D('',#16876,#13793,#13794);
#11008=AXIS2_PLACEMENT_3D('',#16878,#13796,#13797);
#11009=AXIS2_PLACEMENT_3D('',#16880,#13799,#13800);
#11010=AXIS2_PLACEMENT_3D('',#16883,#13803,#13804);
#11011=AXIS2_PLACEMENT_3D('',#16884,#13805,#13806);
#11012=AXIS2_PLACEMENT_3D('',#16886,#13808,#13809);
#11013=AXIS2_PLACEMENT_3D('',#16887,#13810,#13811);
#11014=AXIS2_PLACEMENT_3D('',#16888,#13812,#13813);
#11015=AXIS2_PLACEMENT_3D('',#16889,#13814,#13815);
#11016=AXIS2_PLACEMENT_3D('',#16895,#13819,#13820);
#11017=AXIS2_PLACEMENT_3D('',#16897,#13821,#13822);
#11018=AXIS2_PLACEMENT_3D('',#16899,#13824,#13825);
#11019=AXIS2_PLACEMENT_3D('',#16902,#13827,#13828);
#11020=AXIS2_PLACEMENT_3D('',#16903,#13829,#13830);
#11021=AXIS2_PLACEMENT_3D('',#16905,#13831,#13832);
#11022=AXIS2_PLACEMENT_3D('',#16907,#13834,#13835);
#11023=AXIS2_PLACEMENT_3D('',#16911,#13838,#13839);
#11024=AXIS2_PLACEMENT_3D('',#16917,#13843,#13844);
#11025=AXIS2_PLACEMENT_3D('',#16920,#13846,#13847);
#11026=AXIS2_PLACEMENT_3D('',#16921,#13848,#13849);
#11027=AXIS2_PLACEMENT_3D('',#16924,#13851,#13852);
#11028=AXIS2_PLACEMENT_3D('',#16925,#13853,#13854);
#11029=AXIS2_PLACEMENT_3D('',#16928,#13856,#13857);
#11030=AXIS2_PLACEMENT_3D('',#16929,#13858,#13859);
#11031=AXIS2_PLACEMENT_3D('',#16933,#13862,#13863);
#11032=AXIS2_PLACEMENT_3D('',#16939,#13867,#13868);
#11033=AXIS2_PLACEMENT_3D('',#16941,#13869,#13870);
#11034=AXIS2_PLACEMENT_3D('',#16943,#13872,#13873);
#11035=AXIS2_PLACEMENT_3D('',#16946,#13875,#13876);
#11036=AXIS2_PLACEMENT_3D('',#16947,#13877,#13878);
#11037=AXIS2_PLACEMENT_3D('',#16949,#13879,#13880);
#11038=AXIS2_PLACEMENT_3D('',#16951,#13882,#13883);
#11039=AXIS2_PLACEMENT_3D('',#16955,#13885,#13886);
#11040=AXIS2_PLACEMENT_3D('',#16957,#13888,#13889);
#11041=AXIS2_PLACEMENT_3D('',#16960,#13891,#13892);
#11042=AXIS2_PLACEMENT_3D('',#16961,#13893,#13894);
#11043=AXIS2_PLACEMENT_3D('',#16964,#13896,#13897);
#11044=AXIS2_PLACEMENT_3D('',#16965,#13898,#13899);
#11045=AXIS2_PLACEMENT_3D('',#16969,#13902,#13903);
#11046=AXIS2_PLACEMENT_3D('',#16973,#13906,#13907);
#11047=AXIS2_PLACEMENT_3D('',#16975,#13908,#13909);
#11048=AXIS2_PLACEMENT_3D('',#16977,#13911,#13912);
#11049=AXIS2_PLACEMENT_3D('',#16980,#13914,#13915);
#11050=AXIS2_PLACEMENT_3D('',#16981,#13916,#13917);
#11051=AXIS2_PLACEMENT_3D('',#16983,#13918,#13919);
#11052=AXIS2_PLACEMENT_3D('',#16985,#13921,#13922);
#11053=AXIS2_PLACEMENT_3D('',#16989,#13925,#13926);
#11054=AXIS2_PLACEMENT_3D('',#16995,#13930,#13931);
#11055=AXIS2_PLACEMENT_3D('',#16998,#13933,#13934);
#11056=AXIS2_PLACEMENT_3D('',#16999,#13935,#13936);
#11057=AXIS2_PLACEMENT_3D('',#17002,#13938,#13939);
#11058=AXIS2_PLACEMENT_3D('',#17003,#13940,#13941);
#11059=AXIS2_PLACEMENT_3D('',#17006,#13943,#13944);
#11060=AXIS2_PLACEMENT_3D('',#17007,#13945,#13946);
#11061=AXIS2_PLACEMENT_3D('',#17009,#13948,#13949);
#11062=AXIS2_PLACEMENT_3D('',#17015,#13953,#13954);
#11063=AXIS2_PLACEMENT_3D('',#17018,#13956,#13957);
#11064=AXIS2_PLACEMENT_3D('',#17019,#13958,#13959);
#11065=AXIS2_PLACEMENT_3D('',#17022,#13961,#13962);
#11066=AXIS2_PLACEMENT_3D('',#17023,#13963,#13964);
#11067=AXIS2_PLACEMENT_3D('',#17026,#13966,#13967);
#11068=AXIS2_PLACEMENT_3D('',#17027,#13968,#13969);
#11069=AXIS2_PLACEMENT_3D('',#17029,#13971,#13972);
#11070=AXIS2_PLACEMENT_3D('',#17035,#13976,#13977);
#11071=AXIS2_PLACEMENT_3D('',#17038,#13979,#13980);
#11072=AXIS2_PLACEMENT_3D('',#17039,#13981,#13982);
#11073=AXIS2_PLACEMENT_3D('',#17042,#13984,#13985);
#11074=AXIS2_PLACEMENT_3D('',#17043,#13986,#13987);
#11075=AXIS2_PLACEMENT_3D('',#17046,#13989,#13990);
#11076=AXIS2_PLACEMENT_3D('',#17047,#13991,#13992);
#11077=AXIS2_PLACEMENT_3D('',#17051,#13995,#13996);
#11078=AXIS2_PLACEMENT_3D('',#17056,#14000,#14001);
#11079=AXIS2_PLACEMENT_3D('',#17061,#14004,#14005);
#11080=AXIS2_PLACEMENT_3D('',#17062,#14006,#14007);
#11081=AXIS2_PLACEMENT_3D('',#17065,#14009,#14010);
#11082=AXIS2_PLACEMENT_3D('',#17066,#14011,#14012);
#11083=AXIS2_PLACEMENT_3D('',#17069,#14014,#14015);
#11084=AXIS2_PLACEMENT_3D('',#17070,#14016,#14017);
#11085=AXIS2_PLACEMENT_3D('',#17074,#14020,#14021);
#11086=AXIS2_PLACEMENT_3D('',#17078,#14024,#14025);
#11087=AXIS2_PLACEMENT_3D('',#17081,#14028,#14029);
#11088=AXIS2_PLACEMENT_3D('',#17083,#14031,#14032);
#11089=AXIS2_PLACEMENT_3D('',#17085,#14034,#14035);
#11090=AXIS2_PLACEMENT_3D('',#17087,#14037,#14038);
#11091=AXIS2_PLACEMENT_3D('',#17089,#14040,#14041);
#11092=AXIS2_PLACEMENT_3D('',#17091,#14043,#14044);
#11093=AXIS2_PLACEMENT_3D('',#17093,#14046,#14047);
#11094=AXIS2_PLACEMENT_3D('',#17095,#14049,#14050);
#11095=AXIS2_PLACEMENT_3D('',#17097,#14052,#14053);
#11096=AXIS2_PLACEMENT_3D('',#17099,#14055,#14056);
#11097=AXIS2_PLACEMENT_3D('',#17101,#14058,#14059);
#11098=AXIS2_PLACEMENT_3D('',#17103,#14061,#14062);
#11099=AXIS2_PLACEMENT_3D('',#17105,#14064,#14065);
#11100=AXIS2_PLACEMENT_3D('',#17107,#14067,#14068);
#11101=AXIS2_PLACEMENT_3D('',#17109,#14070,#14071);
#11102=AXIS2_PLACEMENT_3D('',#17111,#14073,#14074);
#11103=AXIS2_PLACEMENT_3D('',#17113,#14076,#14077);
#11104=AXIS2_PLACEMENT_3D('',#17115,#14079,#14080);
#11105=AXIS2_PLACEMENT_3D('',#17117,#14082,#14083);
#11106=AXIS2_PLACEMENT_3D('',#17119,#14085,#14086);
#11107=AXIS2_PLACEMENT_3D('',#17122,#14089,#14090);
#11108=AXIS2_PLACEMENT_3D('',#17123,#14091,#14092);
#11109=AXIS2_PLACEMENT_3D('',#17125,#14094,#14095);
#11110=AXIS2_PLACEMENT_3D('',#17127,#14097,#14098);
#11111=AXIS2_PLACEMENT_3D('',#17129,#14100,#14101);
#11112=AXIS2_PLACEMENT_3D('',#17130,#14102,#14103);
#11113=AXIS2_PLACEMENT_3D('',#17131,#14104,#14105);
#11114=AXIS2_PLACEMENT_3D('',#17132,#14106,#14107);
#11115=AXIS2_PLACEMENT_3D('',#17136,#14110,#14111);
#11116=AXIS2_PLACEMENT_3D('',#17138,#14112,#14113);
#11117=AXIS2_PLACEMENT_3D('',#17140,#14115,#14116);
#11118=AXIS2_PLACEMENT_3D('',#17143,#14118,#14119);
#11119=AXIS2_PLACEMENT_3D('',#17144,#14120,#14121);
#11120=AXIS2_PLACEMENT_3D('',#17146,#14122,#14123);
#11121=AXIS2_PLACEMENT_3D('',#17148,#14125,#14126);
#11122=AXIS2_PLACEMENT_3D('',#17152,#14129,#14130);
#11123=AXIS2_PLACEMENT_3D('',#17158,#14134,#14135);
#11124=AXIS2_PLACEMENT_3D('',#17161,#14137,#14138);
#11125=AXIS2_PLACEMENT_3D('',#17162,#14139,#14140);
#11126=AXIS2_PLACEMENT_3D('',#17165,#14142,#14143);
#11127=AXIS2_PLACEMENT_3D('',#17166,#14144,#14145);
#11128=AXIS2_PLACEMENT_3D('',#17169,#14147,#14148);
#11129=AXIS2_PLACEMENT_3D('',#17170,#14149,#14150);
#11130=AXIS2_PLACEMENT_3D('',#17172,#14152,#14153);
#11131=AXIS2_PLACEMENT_3D('',#17178,#14157,#14158);
#11132=AXIS2_PLACEMENT_3D('',#17180,#14159,#14160);
#11133=AXIS2_PLACEMENT_3D('',#17182,#14162,#14163);
#11134=AXIS2_PLACEMENT_3D('',#17185,#14165,#14166);
#11135=AXIS2_PLACEMENT_3D('',#17186,#14167,#14168);
#11136=AXIS2_PLACEMENT_3D('',#17188,#14169,#14170);
#11137=AXIS2_PLACEMENT_3D('',#17190,#14172,#14173);
#11138=AXIS2_PLACEMENT_3D('',#17194,#14176,#14177);
#11139=AXIS2_PLACEMENT_3D('',#17200,#14181,#14182);
#11140=AXIS2_PLACEMENT_3D('',#17203,#14184,#14185);
#11141=AXIS2_PLACEMENT_3D('',#17204,#14186,#14187);
#11142=AXIS2_PLACEMENT_3D('',#17207,#14189,#14190);
#11143=AXIS2_PLACEMENT_3D('',#17208,#14191,#14192);
#11144=AXIS2_PLACEMENT_3D('',#17211,#14194,#14195);
#11145=AXIS2_PLACEMENT_3D('',#17212,#14196,#14197);
#11146=AXIS2_PLACEMENT_3D('',#17216,#14200,#14201);
#11147=AXIS2_PLACEMENT_3D('',#17220,#14204,#14205);
#11148=AXIS2_PLACEMENT_3D('',#17222,#14206,#14207);
#11149=AXIS2_PLACEMENT_3D('',#17224,#14209,#14210);
#11150=AXIS2_PLACEMENT_3D('',#17227,#14212,#14213);
#11151=AXIS2_PLACEMENT_3D('',#17228,#14214,#14215);
#11152=AXIS2_PLACEMENT_3D('',#17230,#14216,#14217);
#11153=AXIS2_PLACEMENT_3D('',#17232,#14219,#14220);
#11154=AXIS2_PLACEMENT_3D('',#17234,#14222,#14223);
#11155=AXIS2_PLACEMENT_3D('',#17238,#14226,#14227);
#11156=AXIS2_PLACEMENT_3D('',#17241,#14229,#14230);
#11157=AXIS2_PLACEMENT_3D('',#17242,#14231,#14232);
#11158=AXIS2_PLACEMENT_3D('',#17245,#14234,#14235);
#11159=AXIS2_PLACEMENT_3D('',#17246,#14236,#14237);
#11160=AXIS2_PLACEMENT_3D('',#17249,#14239,#14240);
#11161=AXIS2_PLACEMENT_3D('',#17250,#14241,#14242);
#11162=AXIS2_PLACEMENT_3D('',#17252,#14244,#14245);
#11163=AXIS2_PLACEMENT_3D('',#17256,#14248,#14249);
#11164=AXIS2_PLACEMENT_3D('',#17259,#14251,#14252);
#11165=AXIS2_PLACEMENT_3D('',#17260,#14253,#14254);
#11166=AXIS2_PLACEMENT_3D('',#17263,#14256,#14257);
#11167=AXIS2_PLACEMENT_3D('',#17264,#14258,#14259);
#11168=AXIS2_PLACEMENT_3D('',#17267,#14261,#14262);
#11169=AXIS2_PLACEMENT_3D('',#17268,#14263,#14264);
#11170=AXIS2_PLACEMENT_3D('',#17270,#14266,#14267);
#11171=AXIS2_PLACEMENT_3D('',#17276,#14271,#14272);
#11172=AXIS2_PLACEMENT_3D('',#17279,#14274,#14275);
#11173=AXIS2_PLACEMENT_3D('',#17280,#14276,#14277);
#11174=AXIS2_PLACEMENT_3D('',#17283,#14279,#14280);
#11175=AXIS2_PLACEMENT_3D('',#17284,#14281,#14282);
#11176=AXIS2_PLACEMENT_3D('',#17287,#14284,#14285);
#11177=AXIS2_PLACEMENT_3D('',#17288,#14286,#14287);
#11178=AXIS2_PLACEMENT_3D('',#17290,#14289,#14290);
#11179=AXIS2_PLACEMENT_3D('',#17293,#14293,#14294);
#11180=AXIS2_PLACEMENT_3D('',#17299,#14298,#14299);
#11181=AXIS2_PLACEMENT_3D('',#17302,#14301,#14302);
#11182=AXIS2_PLACEMENT_3D('',#17303,#14303,#14304);
#11183=AXIS2_PLACEMENT_3D('',#17306,#14306,#14307);
#11184=AXIS2_PLACEMENT_3D('',#17307,#14308,#14309);
#11185=AXIS2_PLACEMENT_3D('',#17310,#14311,#14312);
#11186=AXIS2_PLACEMENT_3D('',#17311,#14313,#14314);
#11187=AXIS2_PLACEMENT_3D('',#17315,#14317,#14318);
#11188=AXIS2_PLACEMENT_3D('',#17319,#14321,#14322);
#11189=AXIS2_PLACEMENT_3D('',#17322,#14325,#14326);
#11190=AXIS2_PLACEMENT_3D('',#17324,#14328,#14329);
#11191=AXIS2_PLACEMENT_3D('',#17326,#14331,#14332);
#11192=AXIS2_PLACEMENT_3D('',#17328,#14334,#14335);
#11193=AXIS2_PLACEMENT_3D('',#17330,#14337,#14338);
#11194=AXIS2_PLACEMENT_3D('',#17332,#14340,#14341);
#11195=AXIS2_PLACEMENT_3D('',#17334,#14343,#14344);
#11196=AXIS2_PLACEMENT_3D('',#17336,#14346,#14347);
#11197=AXIS2_PLACEMENT_3D('',#17338,#14349,#14350);
#11198=AXIS2_PLACEMENT_3D('',#17340,#14352,#14353);
#11199=AXIS2_PLACEMENT_3D('',#17342,#14355,#14356);
#11200=AXIS2_PLACEMENT_3D('',#17344,#14358,#14359);
#11201=AXIS2_PLACEMENT_3D('',#17346,#14361,#14362);
#11202=AXIS2_PLACEMENT_3D('',#17348,#14364,#14365);
#11203=AXIS2_PLACEMENT_3D('',#17350,#14367,#14368);
#11204=AXIS2_PLACEMENT_3D('',#17352,#14370,#14371);
#11205=AXIS2_PLACEMENT_3D('',#17354,#14373,#14374);
#11206=AXIS2_PLACEMENT_3D('',#17356,#14376,#14377);
#11207=AXIS2_PLACEMENT_3D('',#17358,#14379,#14380);
#11208=AXIS2_PLACEMENT_3D('',#17360,#14382,#14383);
#11209=AXIS2_PLACEMENT_3D('',#17363,#14386,#14387);
#11210=AXIS2_PLACEMENT_3D('',#17364,#14388,#14389);
#11211=AXIS2_PLACEMENT_3D('',#17366,#14391,#14392);
#11212=AXIS2_PLACEMENT_3D('',#17368,#14394,#14395);
#11213=AXIS2_PLACEMENT_3D('',#17369,#14396,#14397);
#11214=AXIS2_PLACEMENT_3D('',#17370,#14398,#14399);
#11215=AXIS2_PLACEMENT_3D('',#17371,#14400,#14401);
#11216=DIRECTION('axis',(0.,0.,1.));
#11217=DIRECTION('refdir',(1.,0.,0.));
#11218=DIRECTION('center_axis',(-0.866025403784439,-0.5,0.));
#11219=DIRECTION('ref_axis',(-0.5,0.866025403784439,0.));
#11220=DIRECTION('',(-0.5,0.866025403784439,0.));
#11221=DIRECTION('',(-0.353553390593273,0.612372435695794,-0.707106781186548));
#11222=DIRECTION('',(0.,0.,-1.));
#11223=DIRECTION('',(-0.353553390593273,0.612372435695793,-0.70710678118655));
#11224=DIRECTION('',(0.5,-0.866025403784439,0.));
#11225=DIRECTION('',(0.353553390593273,-0.612372435695794,0.707106781186548));
#11226=DIRECTION('',(0.,0.,1.));
#11227=DIRECTION('',(0.353553390593273,-0.612372435695794,0.707106781186548));
#11228=DIRECTION('center_axis',(-0.353553390593274,0.612372435695795,0.707106781186547));
#11229=DIRECTION('ref_axis',(0.894427190999916,0.,0.447213595499958));
#11230=DIRECTION('',(0.866025403784439,0.5,0.));
#11231=DIRECTION('',(-0.353553390593273,0.612372435695793,-0.707106781186549));
#11232=DIRECTION('',(-0.866025403784439,-0.5,0.));
#11233=DIRECTION('center_axis',(0.,0.,-1.));
#11234=DIRECTION('ref_axis',(0.240192230707629,0.970725343394151,0.));
#11235=DIRECTION('center_axis',(0.,0.,-1.));
#11236=DIRECTION('ref_axis',(0.240192230707629,0.970725343394151,0.));
#11237=DIRECTION('',(0.598321122542462,0.376844575812797,-0.707106781186548));
#11238=DIRECTION('center_axis',(0.,0.,1.));
#11239=DIRECTION('ref_axis',(0.240192230707629,0.970725343394151,0.));
#11240=DIRECTION('center_axis',(0.,0.,1.));
#11241=DIRECTION('ref_axis',(-1.,0.,0.));
#11242=DIRECTION('',(0.0271964146610247,0.706583579648997,-0.707106781186544));
#11243=DIRECTION('center_axis',(0.,0.,-1.));
#11244=DIRECTION('ref_axis',(-1.,0.,0.));
#11245=DIRECTION('center_axis',(0.,0.,1.));
#11246=DIRECTION('ref_axis',(-1.,0.,0.));
#11247=DIRECTION('center_axis',(0.,0.,-1.));
#11248=DIRECTION('ref_axis',(0.720576692122895,0.693375245281534,0.));
#11249=DIRECTION('center_axis',(0.,0.,-1.));
#11250=DIRECTION('ref_axis',(0.720576692122895,0.693375245281534,0.));
#11251=DIRECTION('',(0.707106781186547,0.,-0.707106781186548));
#11252=DIRECTION('center_axis',(0.,0.,1.));
#11253=DIRECTION('ref_axis',(0.720576692122894,0.693375245281534,0.));
#11254=DIRECTION('center_axis',(0.,0.,1.));
#11255=DIRECTION('ref_axis',(0.720576692122895,0.693375245281534,0.));
#11256=DIRECTION('',(0.,0.,1.));
#11257=DIRECTION('center_axis',(0.,0.,1.));
#11258=DIRECTION('ref_axis',(0.720576692122895,0.693375245281534,0.));
#11259=DIRECTION('',(0.,0.,-1.));
#11260=DIRECTION('center_axis',(0.,0.,1.));
#11261=DIRECTION('ref_axis',(1.,0.,0.));
#11262=DIRECTION('',(0.,0.,-1.));
#11263=DIRECTION('center_axis',(0.,0.,-1.));
#11264=DIRECTION('ref_axis',(-1.,0.,0.));
#11265=DIRECTION('center_axis',(0.,0.,1.));
#11266=DIRECTION('ref_axis',(0.240192230707629,0.970725343394151,0.));
#11267=DIRECTION('',(0.,0.,1.));
#11268=DIRECTION('center_axis',(0.,0.,1.));
#11269=DIRECTION('ref_axis',(0.240192230707629,0.970725343394151,0.));
#11270=DIRECTION('center_axis',(-0.5,0.866025403784439,0.));
#11271=DIRECTION('ref_axis',(-0.866025403784439,-0.5,0.));
#11272=DIRECTION('',(-0.866025403784439,-0.5,0.));
#11273=DIRECTION('center_axis',(0.,0.,-1.));
#11274=DIRECTION('ref_axis',(-0.960768922830523,-0.277350098112613,0.));
#11275=DIRECTION('',(-0.353553390593273,-0.612372435695793,-0.707106781186549));
#11276=DIRECTION('center_axis',(0.,0.,-1.));
#11277=DIRECTION('ref_axis',(-0.960768922830523,-0.277350098112613,0.));
#11278=DIRECTION('',(-0.625517537203483,0.329739003836196,-0.707106781186549));
#11279=DIRECTION('center_axis',(0.,0.,1.));
#11280=DIRECTION('ref_axis',(-0.960768922830523,-0.277350098112613,0.));
#11281=DIRECTION('center_axis',(0.,0.,1.));
#11282=DIRECTION('ref_axis',(1.,0.,0.));
#11283=DIRECTION('',(-0.625517537203483,-0.329739003836196,-0.707106781186549));
#11284=DIRECTION('center_axis',(0.,0.,-1.));
#11285=DIRECTION('ref_axis',(1.,0.,0.));
#11286=DIRECTION('center_axis',(0.,0.,1.));
#11287=DIRECTION('ref_axis',(1.,0.,0.));
#11288=DIRECTION('center_axis',(0.,0.,-1.));
#11289=DIRECTION('ref_axis',(-0.960768922830523,0.277350098112614,0.));
#11290=DIRECTION('center_axis',(0.,0.,-1.));
#11291=DIRECTION('ref_axis',(-0.960768922830523,0.277350098112614,0.));
#11292=DIRECTION('',(-0.353553390593272,0.612372435695797,-0.707106781186547));
#11293=DIRECTION('center_axis',(0.,0.,1.));
#11294=DIRECTION('ref_axis',(-0.960768922830523,0.277350098112614,0.));
#11295=DIRECTION('center_axis',(0.,0.,1.));
#11296=DIRECTION('ref_axis',(-0.960768922830523,0.277350098112614,0.));
#11297=DIRECTION('',(0.,0.,1.));
#11298=DIRECTION('center_axis',(0.,0.,1.));
#11299=DIRECTION('ref_axis',(-0.960768922830523,0.277350098112614,0.));
#11300=DIRECTION('',(0.,0.,-1.));
#11301=DIRECTION('center_axis',(0.,0.,1.));
#11302=DIRECTION('ref_axis',(1.,0.,0.));
#11303=DIRECTION('',(0.,0.,-1.));
#11304=DIRECTION('center_axis',(0.,0.,-1.));
#11305=DIRECTION('ref_axis',(1.,0.,0.));
#11306=DIRECTION('center_axis',(0.,0.,1.));
#11307=DIRECTION('ref_axis',(-0.960768922830523,-0.277350098112613,0.));
#11308=DIRECTION('',(0.,0.,1.));
#11309=DIRECTION('center_axis',(0.,0.,1.));
#11310=DIRECTION('ref_axis',(-0.960768922830523,-0.277350098112613,0.));
#11311=DIRECTION('center_axis',(0.707106781186547,-2.50182265685557E-16,
0.707106781186548));
#11312=DIRECTION('ref_axis',(0.707106781186548,0.,-0.707106781186547));
#11313=DIRECTION('',(-0.707106781186548,5.03607390929821E-16,0.707106781186547));
#11314=DIRECTION('',(-3.53811153197744E-16,-1.,0.));
#11315=DIRECTION('',(0.707106781186548,0.,-0.707106781186547));
#11316=DIRECTION('',(3.53811153197744E-16,1.,0.));
#11317=DIRECTION('center_axis',(0.,0.,-1.));
#11318=DIRECTION('ref_axis',(0.720576692122895,-0.693375245281534,0.));
#11319=DIRECTION('center_axis',(0.,0.,-1.));
#11320=DIRECTION('ref_axis',(0.720576692122895,-0.693375245281534,0.));
#11321=DIRECTION('',(0.0271964146610205,-0.706583579648994,-0.707106781186547));
#11322=DIRECTION('center_axis',(0.,0.,1.));
#11323=DIRECTION('ref_axis',(0.720576692122895,-0.693375245281534,0.));
#11324=DIRECTION('center_axis',(0.,0.,1.));
#11325=DIRECTION('ref_axis',(-1.,0.,0.));
#11326=DIRECTION('',(0.598321122542462,-0.376844575812797,-0.707106781186548));
#11327=DIRECTION('center_axis',(0.,0.,-1.));
#11328=DIRECTION('ref_axis',(-1.,0.,0.));
#11329=DIRECTION('center_axis',(0.,0.,1.));
#11330=DIRECTION('ref_axis',(-1.,0.,0.));
#11331=DIRECTION('center_axis',(0.,0.,-1.));
#11332=DIRECTION('ref_axis',(0.240192230707624,-0.970725343394153,0.));
#11333=DIRECTION('center_axis',(0.,0.,-1.));
#11334=DIRECTION('ref_axis',(0.240192230707624,-0.970725343394153,0.));
#11335=DIRECTION('',(-0.353553390593279,-0.612372435695791,-0.707106781186548));
#11336=DIRECTION('center_axis',(0.,0.,1.));
#11337=DIRECTION('ref_axis',(0.240192230707624,-0.970725343394153,0.));
#11338=DIRECTION('center_axis',(-0.353553390593274,-0.612372435695793,0.707106781186549));
#11339=DIRECTION('ref_axis',(0.894427190999916,0.,0.447213595499957));
#11340=DIRECTION('',(-0.353553390593275,-0.612372435695795,-0.707106781186546));
#11341=DIRECTION('',(-0.866025403784438,0.5,0.));
#11342=DIRECTION('',(-0.866025403784438,0.5,0.));
#11343=DIRECTION('center_axis',(-0.5,-0.866025403784438,0.));
#11344=DIRECTION('ref_axis',(0.866025403784438,-0.5,0.));
#11345=DIRECTION('',(0.,0.,-1.));
#11346=DIRECTION('',(0.866025403784438,-0.5,0.));
#11347=DIRECTION('',(0.,0.,1.));
#11348=DIRECTION('center_axis',(0.,0.,1.));
#11349=DIRECTION('ref_axis',(0.240192230707624,-0.970725343394153,0.));
#11350=DIRECTION('',(0.,0.,1.));
#11351=DIRECTION('center_axis',(0.,0.,1.));
#11352=DIRECTION('ref_axis',(0.240192230707624,-0.970725343394153,0.));
#11353=DIRECTION('center_axis',(0.,0.,1.));
#11354=DIRECTION('ref_axis',(1.,0.,0.));
#11355=DIRECTION('',(0.,0.,-1.));
#11356=DIRECTION('center_axis',(0.,0.,-1.));
#11357=DIRECTION('ref_axis',(-1.,0.,0.));
#11358=DIRECTION('center_axis',(0.,0.,1.));
#11359=DIRECTION('ref_axis',(0.720576692122895,-0.693375245281534,0.));
#11360=DIRECTION('',(0.,0.,1.));
#11361=DIRECTION('center_axis',(0.,0.,1.));
#11362=DIRECTION('ref_axis',(0.720576692122895,-0.693375245281534,0.));
#11363=DIRECTION('center_axis',(1.,-3.53811153197744E-16,0.));
#11364=DIRECTION('ref_axis',(3.53811153197744E-16,1.,0.));
#11365=DIRECTION('',(0.,0.,1.));
#11366=DIRECTION('',(3.53811153197744E-16,1.,0.));
#11367=DIRECTION('center_axis',(-0.353553390593274,-0.612372435695795,0.707106781186547));
#11368=DIRECTION('ref_axis',(0.894427190999915,0.,0.447213595499959));
#11369=DIRECTION('',(-0.353553390593274,-0.612372435695794,-0.707106781186548));
#11370=DIRECTION('',(0.353553390593273,0.612372435695794,0.707106781186548));
#11371=DIRECTION('',(-0.866025403784438,0.5,0.));
#11372=DIRECTION('center_axis',(0.,0.,-1.));
#11373=DIRECTION('ref_axis',(0.240192230707624,-0.970725343394153,0.));
#11374=DIRECTION('',(-0.598321122542462,0.376844575812797,0.707106781186549));
#11375=DIRECTION('center_axis',(0.,0.,-1.));
#11376=DIRECTION('ref_axis',(0.240192230707624,-0.970725343394153,0.));
#11377=DIRECTION('center_axis',(0.,0.,1.));
#11378=DIRECTION('ref_axis',(-1.,0.,0.));
#11379=DIRECTION('',(-0.0271964146610172,0.706583579648994,0.707106781186547));
#11380=DIRECTION('center_axis',(0.,0.,1.));
#11381=DIRECTION('ref_axis',(-1.,0.,0.));
#11382=DIRECTION('center_axis',(0.,0.,-1.));
#11383=DIRECTION('ref_axis',(0.720576692122895,-0.693375245281534,0.));
#11384=DIRECTION('',(-0.707106781186547,0.,0.707106781186549));
#11385=DIRECTION('center_axis',(0.,0.,-1.));
#11386=DIRECTION('ref_axis',(0.720576692122895,-0.693375245281534,0.));
#11387=DIRECTION('center_axis',(0.707106781186548,-2.50182265685557E-16,
0.707106781186547));
#11388=DIRECTION('ref_axis',(0.707106781186547,0.,-0.707106781186548));
#11389=DIRECTION('',(-0.707106781186547,5.03607390929821E-16,0.707106781186548));
#11390=DIRECTION('',(-3.53811153197744E-16,-1.,0.));
#11391=DIRECTION('center_axis',(7.12208402364283E-16,1.,0.));
#11392=DIRECTION('ref_axis',(1.,-7.12208402364283E-16,0.));
#11393=DIRECTION('',(0.,0.,1.));
#11394=DIRECTION('',(-1.,7.12208402364283E-16,0.));
#11395=DIRECTION('',(-1.,7.12208402364283E-16,0.));
#11396=DIRECTION('',(0.,0.,-1.));
#11397=DIRECTION('',(1.,-7.12208402364283E-16,0.));
#11398=DIRECTION('center_axis',(0.,0.,-1.));
#11399=DIRECTION('ref_axis',(0.720576692122894,0.693375245281534,0.));
#11400=DIRECTION('',(-0.707106781186547,0.,0.707106781186548));
#11401=DIRECTION('',(-0.027196414661021,-0.706583579648991,0.70710678118655));
#11402=DIRECTION('center_axis',(0.,0.,-1.));
#11403=DIRECTION('ref_axis',(0.720576692122895,0.693375245281534,0.));
#11404=DIRECTION('center_axis',(0.,0.,1.));
#11405=DIRECTION('ref_axis',(-1.,0.,0.));
#11406=DIRECTION('',(-0.598321122542464,-0.376844575812801,0.707106781186544));
#11407=DIRECTION('center_axis',(0.,0.,1.));
#11408=DIRECTION('ref_axis',(-1.,0.,0.));
#11409=DIRECTION('center_axis',(0.,0.,-1.));
#11410=DIRECTION('ref_axis',(0.240192230707629,0.970725343394151,0.));
#11411=DIRECTION('',(0.353553390593271,-0.612372435695798,0.707106781186546));
#11412=DIRECTION('center_axis',(0.,0.,-1.));
#11413=DIRECTION('ref_axis',(0.240192230707629,0.970725343394151,0.));
#11414=DIRECTION('center_axis',(-0.353553390593274,0.612372435695795,0.707106781186547));
#11415=DIRECTION('ref_axis',(0.894427190999916,0.,0.447213595499958));
#11416=DIRECTION('',(0.866025403784439,0.5,0.));
#11417=DIRECTION('center_axis',(0.,0.,-1.));
#11418=DIRECTION('ref_axis',(-0.960768922830523,0.277350098112614,0.));
#11419=DIRECTION('',(0.353553390593274,-0.61237243569579,0.707106781186551));
#11420=DIRECTION('',(0.625517537203483,0.329739003836196,0.707106781186549));
#11421=DIRECTION('center_axis',(0.,0.,-1.));
#11422=DIRECTION('ref_axis',(-0.960768922830523,0.277350098112614,0.));
#11423=DIRECTION('center_axis',(0.,0.,1.));
#11424=DIRECTION('ref_axis',(1.,0.,0.));
#11425=DIRECTION('',(0.625517537203482,-0.329739003836198,0.707106781186549));
#11426=DIRECTION('center_axis',(0.,0.,1.));
#11427=DIRECTION('ref_axis',(1.,0.,0.));
#11428=DIRECTION('center_axis',(0.,0.,-1.));
#11429=DIRECTION('ref_axis',(-0.960768922830523,-0.277350098112613,0.));
#11430=DIRECTION('',(0.353553390593277,0.612372435695795,0.707106781186545));
#11431=DIRECTION('center_axis',(0.,0.,-1.));
#11432=DIRECTION('ref_axis',(-0.960768922830523,-0.277350098112613,0.));
#11433=DIRECTION('center_axis',(0.,0.,-1.));
#11434=DIRECTION('ref_axis',(0.959151237970402,0.2828938010983,0.));
#11435=DIRECTION('center_axis',(0.,0.,1.));
#11436=DIRECTION('ref_axis',(0.959151237970402,0.2828938010983,0.));
#11437=DIRECTION('',(0.,0.,-1.));
#11438=DIRECTION('center_axis',(0.,0.,-1.));
#11439=DIRECTION('ref_axis',(0.959151237970402,0.2828938010983,0.));
#11440=DIRECTION('',(0.,0.,1.));
#11441=DIRECTION('center_axis',(-0.5,-0.866025403784438,0.));
#11442=DIRECTION('ref_axis',(-0.866025403784438,0.5,0.));
#11443=DIRECTION('',(-0.866025403784438,0.5,0.));
#11444=DIRECTION('',(0.,0.,1.));
#11445=DIRECTION('',(-0.866025403784438,0.5,0.));
#11446=DIRECTION('center_axis',(0.,0.,-1.));
#11447=DIRECTION('ref_axis',(-0.93467238661337,-0.355510238533952,0.));
#11448=DIRECTION('center_axis',(0.,0.,1.));
#11449=DIRECTION('ref_axis',(-0.93467238661337,-0.355510238533952,0.));
#11450=DIRECTION('center_axis',(0.,0.,-1.));
#11451=DIRECTION('ref_axis',(-0.93467238661337,-0.355510238533952,0.));
#11452=DIRECTION('',(0.,0.,-1.));
#11453=DIRECTION('center_axis',(0.,0.,-1.));
#11454=DIRECTION('ref_axis',(1.,0.,0.));
#11455=DIRECTION('center_axis',(0.,0.,1.));
#11456=DIRECTION('ref_axis',(1.,0.,0.));
#11457=DIRECTION('',(0.,0.,1.));
#11458=DIRECTION('center_axis',(0.,0.,1.));
#11459=DIRECTION('ref_axis',(1.,0.,0.));
#11460=DIRECTION('center_axis',(0.,0.,-1.));
#11461=DIRECTION('ref_axis',(-0.934672386613369,0.355510238533953,0.));
#11462=DIRECTION('center_axis',(0.,0.,1.));
#11463=DIRECTION('ref_axis',(-0.934672386613369,0.355510238533953,0.));
#11464=DIRECTION('center_axis',(0.,0.,-1.));
#11465=DIRECTION('ref_axis',(-0.934672386613369,0.355510238533953,0.));
#11466=DIRECTION('',(0.,0.,-1.));
#11467=DIRECTION('center_axis',(-0.5,0.866025403784439,0.));
#11468=DIRECTION('ref_axis',(0.866025403784439,0.5,0.));
#11469=DIRECTION('',(0.866025403784439,0.5,0.));
#11470=DIRECTION('',(0.,0.,1.));
#11471=DIRECTION('',(0.866025403784439,0.5,0.));
#11472=DIRECTION('center_axis',(0.,0.,-1.));
#11473=DIRECTION('ref_axis',(0.959151237970402,-0.282893801098303,0.));
#11474=DIRECTION('center_axis',(0.,0.,1.));
#11475=DIRECTION('ref_axis',(0.959151237970402,-0.282893801098303,0.));
#11476=DIRECTION('',(0.,0.,-1.));
#11477=DIRECTION('center_axis',(0.,0.,-1.));
#11478=DIRECTION('ref_axis',(0.959151237970402,-0.282893801098303,0.));
#11479=DIRECTION('center_axis',(0.,0.,-1.));
#11480=DIRECTION('ref_axis',(1.,0.,0.));
#11481=DIRECTION('center_axis',(0.,0.,1.));
#11482=DIRECTION('ref_axis',(1.,0.,0.));
#11483=DIRECTION('',(0.,0.,1.));
#11484=DIRECTION('center_axis',(0.,0.,1.));
#11485=DIRECTION('ref_axis',(1.,0.,0.));
#11486=DIRECTION('center_axis',(0.,0.,-1.));
#11487=DIRECTION('ref_axis',(-0.724568837309473,0.68920243760451,0.));
#11488=DIRECTION('center_axis',(0.,0.,1.));
#11489=DIRECTION('ref_axis',(-0.724568837309473,0.68920243760451,0.));
#11490=DIRECTION('',(0.,0.,-1.));
#11491=DIRECTION('center_axis',(0.,0.,-1.));
#11492=DIRECTION('ref_axis',(-0.724568837309473,0.68920243760451,0.));
#11493=DIRECTION('center_axis',(1.,-3.53811153197744E-16,0.));
#11494=DIRECTION('ref_axis',(-3.53811153197744E-16,-1.,0.));
#11495=DIRECTION('',(-3.53811153197744E-16,-1.,0.));
#11496=DIRECTION('',(0.,0.,1.));
#11497=DIRECTION('',(-3.53811153197744E-16,-1.,0.));
#11498=DIRECTION('center_axis',(0.,0.,-1.));
#11499=DIRECTION('ref_axis',(0.775217091182553,-0.631694911756032,0.));
#11500=DIRECTION('center_axis',(0.,0.,1.));
#11501=DIRECTION('ref_axis',(0.775217091182553,-0.631694911756032,0.));
#11502=DIRECTION('center_axis',(0.,0.,-1.));
#11503=DIRECTION('ref_axis',(0.775217091182553,-0.631694911756032,0.));
#11504=DIRECTION('',(0.,0.,-1.));
#11505=DIRECTION('center_axis',(0.,0.,-1.));
#11506=DIRECTION('ref_axis',(1.,0.,0.));
#11507=DIRECTION('center_axis',(0.,0.,1.));
#11508=DIRECTION('ref_axis',(1.,0.,0.));
#11509=DIRECTION('',(0.,0.,1.));
#11510=DIRECTION('center_axis',(0.,0.,1.));
#11511=DIRECTION('ref_axis',(1.,0.,0.));
#11512=DIRECTION('center_axis',(0.,0.,-1.));
#11513=DIRECTION('ref_axis',(0.159455295430816,-0.987205150289985,0.));
#11514=DIRECTION('center_axis',(0.,0.,1.));
#11515=DIRECTION('ref_axis',(0.159455295430816,-0.987205150289985,0.));
#11516=DIRECTION('center_axis',(0.,0.,-1.));
#11517=DIRECTION('ref_axis',(0.159455295430816,-0.987205150289985,0.));
#11518=DIRECTION('',(0.,0.,-1.));
#11519=DIRECTION('center_axis',(-0.5,-0.866025403784438,0.));
#11520=DIRECTION('ref_axis',(-0.866025403784438,0.5,0.));
#11521=DIRECTION('',(-0.866025403784438,0.5,0.));
#11522=DIRECTION('',(0.,0.,1.));
#11523=DIRECTION('',(-0.866025403784438,0.5,0.));
#11524=DIRECTION('center_axis',(0.,0.,-1.));
#11525=DIRECTION('ref_axis',(-0.234582400660927,0.972096238702813,0.));
#11526=DIRECTION('center_axis',(0.,0.,1.));
#11527=DIRECTION('ref_axis',(-0.234582400660927,0.972096238702813,0.));
#11528=DIRECTION('',(0.,0.,-1.));
#11529=DIRECTION('center_axis',(0.,0.,-1.));
#11530=DIRECTION('ref_axis',(-0.234582400660927,0.972096238702813,0.));
#11531=DIRECTION('center_axis',(0.,0.,-1.));
#11532=DIRECTION('ref_axis',(-1.,1.22464679914735E-16,0.));
#11533=DIRECTION('center_axis',(0.,0.,1.));
#11534=DIRECTION('ref_axis',(1.,0.,0.));
#11535=DIRECTION('',(0.,0.,1.));
#11536=DIRECTION('center_axis',(0.,0.,1.));
#11537=DIRECTION('ref_axis',(1.,0.,0.));
#11538=DIRECTION('center_axis',(0.,0.,-1.));
#11539=DIRECTION('ref_axis',(-0.234582400660932,-0.972096238702812,0.));
#11540=DIRECTION('center_axis',(0.,0.,1.));
#11541=DIRECTION('ref_axis',(-0.234582400660932,-0.972096238702812,0.));
#11542=DIRECTION('',(0.,0.,-1.));
#11543=DIRECTION('center_axis',(0.,0.,-1.));
#11544=DIRECTION('ref_axis',(-0.234582400660932,-0.972096238702812,0.));
#11545=DIRECTION('center_axis',(-0.5,0.866025403784439,0.));
#11546=DIRECTION('ref_axis',(0.866025403784439,0.5,0.));
#11547=DIRECTION('',(0.866025403784439,0.5,0.));
#11548=DIRECTION('',(0.,0.,1.));
#11549=DIRECTION('',(0.866025403784439,0.5,0.));
#11550=DIRECTION('center_axis',(0.,0.,-1.));
#11551=DIRECTION('ref_axis',(0.159455295430816,0.987205150289985,0.));
#11552=DIRECTION('center_axis',(0.,0.,1.));
#11553=DIRECTION('ref_axis',(0.159455295430816,0.987205150289985,0.));
#11554=DIRECTION('center_axis',(0.,0.,-1.));
#11555=DIRECTION('ref_axis',(0.159455295430816,0.987205150289985,0.));
#11556=DIRECTION('',(0.,0.,-1.));
#11557=DIRECTION('center_axis',(0.,0.,-1.));
#11558=DIRECTION('ref_axis',(1.,0.,0.));
#11559=DIRECTION('center_axis',(0.,0.,1.));
#11560=DIRECTION('ref_axis',(1.,0.,0.));
#11561=DIRECTION('',(0.,0.,1.));
#11562=DIRECTION('center_axis',(0.,0.,1.));
#11563=DIRECTION('ref_axis',(1.,0.,0.));
#11564=DIRECTION('center_axis',(0.,0.,-1.));
#11565=DIRECTION('ref_axis',(-0.724568837309472,-0.689202437604511,0.));
#11566=DIRECTION('center_axis',(0.,0.,1.));
#11567=DIRECTION('ref_axis',(-0.724568837309472,-0.689202437604511,0.));
#11568=DIRECTION('',(0.,0.,-1.));
#11569=DIRECTION('center_axis',(0.,0.,-1.));
#11570=DIRECTION('ref_axis',(-0.724568837309472,-0.689202437604511,0.));
#11571=DIRECTION('',(0.,0.,1.));
#11572=DIRECTION('center_axis',(0.,0.,-1.));
#11573=DIRECTION('ref_axis',(1.,0.,0.));
#11574=DIRECTION('center_axis',(0.,0.,1.));
#11575=DIRECTION('ref_axis',(1.,0.,0.));
#11576=DIRECTION('center_axis',(0.,0.,1.));
#11577=DIRECTION('ref_axis',(1.,0.,0.));
#11578=DIRECTION('center_axis',(0.,0.,-1.));
#11579=DIRECTION('ref_axis',(0.775217091182554,0.631694911756031,0.));
#11580=DIRECTION('center_axis',(0.,0.,1.));
#11581=DIRECTION('ref_axis',(0.775217091182554,0.631694911756031,0.));
#11582=DIRECTION('center_axis',(0.,0.,-1.));
#11583=DIRECTION('ref_axis',(0.775217091182554,0.631694911756031,0.));
#11584=DIRECTION('',(0.,0.,-1.));
#11585=DIRECTION('center_axis',(1.,-3.53811153197744E-16,0.));
#11586=DIRECTION('ref_axis',(-3.53811153197744E-16,-1.,0.));
#11587=DIRECTION('',(-3.53811153197744E-16,-1.,0.));
#11588=DIRECTION('',(-3.53811153197744E-16,-1.,0.));
#11589=DIRECTION('center_axis',(-0.866025403784438,0.5,0.));
#11590=DIRECTION('ref_axis',(0.5,0.866025403784438,0.));
#11591=DIRECTION('',(0.5,0.866025403784438,0.));
#11592=DIRECTION('',(-0.5,-0.866025403784438,0.));
#11593=DIRECTION('',(0.353553390593273,0.612372435695793,0.70710678118655));
#11594=DIRECTION('',(0.,0.,1.));
#11595=DIRECTION('',(0.353553390593274,0.612372435695794,0.707106781186548));
#11596=DIRECTION('center_axis',(-0.353553390593274,0.612372435695795,0.707106781186547));
#11597=DIRECTION('ref_axis',(0.894427190999916,0.,0.447213595499958));
#11598=DIRECTION('',(0.866025403784439,0.5,0.));
#11599=DIRECTION('',(-0.353553390593273,0.612372435695793,-0.707106781186549));
#11600=DIRECTION('',(-0.866025403784439,-0.5,0.));
#11601=DIRECTION('center_axis',(0.,0.,-1.));
#11602=DIRECTION('ref_axis',(0.240192230707629,0.970725343394151,0.));
#11603=DIRECTION('center_axis',(0.,0.,-1.));
#11604=DIRECTION('ref_axis',(0.240192230707629,0.970725343394151,0.));
#11605=DIRECTION('',(0.598321122542462,0.376844575812797,-0.707106781186548));
#11606=DIRECTION('center_axis',(0.,0.,1.));
#11607=DIRECTION('ref_axis',(0.240192230707629,0.970725343394151,0.));
#11608=DIRECTION('center_axis',(0.,0.,1.));
#11609=DIRECTION('ref_axis',(-1.,0.,0.));
#11610=DIRECTION('',(0.0271964146610247,0.706583579648997,-0.707106781186544));
#11611=DIRECTION('center_axis',(0.,0.,-1.));
#11612=DIRECTION('ref_axis',(-1.,0.,0.));
#11613=DIRECTION('center_axis',(0.,0.,1.));
#11614=DIRECTION('ref_axis',(-1.,0.,0.));
#11615=DIRECTION('center_axis',(0.,0.,-1.));
#11616=DIRECTION('ref_axis',(0.720576692122895,0.693375245281534,0.));
#11617=DIRECTION('center_axis',(0.,0.,-1.));
#11618=DIRECTION('ref_axis',(0.720576692122895,0.693375245281534,0.));
#11619=DIRECTION('',(0.707106781186547,0.,-0.707106781186548));
#11620=DIRECTION('center_axis',(0.,0.,1.));
#11621=DIRECTION('ref_axis',(0.720576692122894,0.693375245281534,0.));
#11622=DIRECTION('center_axis',(0.,0.,1.));
#11623=DIRECTION('ref_axis',(0.720576692122895,0.693375245281534,0.));
#11624=DIRECTION('',(0.,0.,1.));
#11625=DIRECTION('center_axis',(0.,0.,1.));
#11626=DIRECTION('ref_axis',(0.720576692122895,0.693375245281534,0.));
#11627=DIRECTION('',(0.,0.,-1.));
#11628=DIRECTION('center_axis',(0.,0.,1.));
#11629=DIRECTION('ref_axis',(1.,0.,0.));
#11630=DIRECTION('',(0.,0.,-1.));
#11631=DIRECTION('center_axis',(0.,0.,-1.));
#11632=DIRECTION('ref_axis',(-1.,0.,0.));
#11633=DIRECTION('center_axis',(0.,0.,1.));
#11634=DIRECTION('ref_axis',(0.240192230707629,0.970725343394151,0.));
#11635=DIRECTION('',(0.,0.,1.));
#11636=DIRECTION('center_axis',(0.,0.,1.));
#11637=DIRECTION('ref_axis',(0.240192230707629,0.970725343394151,0.));
#11638=DIRECTION('center_axis',(-0.5,0.866025403784439,0.));
#11639=DIRECTION('ref_axis',(-0.866025403784439,-0.5,0.));
#11640=DIRECTION('',(-0.866025403784439,-0.5,0.));
#11641=DIRECTION('center_axis',(-0.353553390593274,-0.612372435695795,0.707106781186547));
#11642=DIRECTION('ref_axis',(0.894427190999916,0.,0.447213595499959));
#11643=DIRECTION('',(0.353553390593274,0.612372435695794,0.707106781186548));
#11644=DIRECTION('',(-0.866025403784438,0.5,0.));
#11645=DIRECTION('',(-0.353553390593273,-0.612372435695793,-0.707106781186549));
#11646=DIRECTION('',(0.866025403784438,-0.5,0.));
#11647=DIRECTION('center_axis',(0.,0.,-1.));
#11648=DIRECTION('ref_axis',(-0.960768922830523,-0.277350098112613,0.));
#11649=DIRECTION('center_axis',(0.,0.,-1.));
#11650=DIRECTION('ref_axis',(-0.960768922830523,-0.277350098112613,0.));
#11651=DIRECTION('',(-0.625517537203483,0.329739003836196,-0.707106781186549));
#11652=DIRECTION('center_axis',(0.,0.,1.));
#11653=DIRECTION('ref_axis',(-0.960768922830523,-0.277350098112613,0.));
#11654=DIRECTION('center_axis',(0.,0.,1.));
#11655=DIRECTION('ref_axis',(1.,0.,0.));
#11656=DIRECTION('',(-0.625517537203483,-0.329739003836196,-0.707106781186549));
#11657=DIRECTION('center_axis',(0.,0.,-1.));
#11658=DIRECTION('ref_axis',(1.,0.,0.));
#11659=DIRECTION('center_axis',(0.,0.,1.));
#11660=DIRECTION('ref_axis',(1.,0.,0.));
#11661=DIRECTION('center_axis',(0.,0.,-1.));
#11662=DIRECTION('ref_axis',(-0.960768922830523,0.277350098112614,0.));
#11663=DIRECTION('center_axis',(0.,0.,-1.));
#11664=DIRECTION('ref_axis',(-0.960768922830523,0.277350098112614,0.));
#11665=DIRECTION('',(-0.353553390593272,0.612372435695797,-0.707106781186547));
#11666=DIRECTION('center_axis',(0.,0.,1.));
#11667=DIRECTION('ref_axis',(-0.960768922830523,0.277350098112614,0.));
#11668=DIRECTION('center_axis',(-0.353553390593274,0.612372435695795,0.707106781186547));
#11669=DIRECTION('ref_axis',(0.894427190999916,0.,0.447213595499958));
#11670=DIRECTION('',(-0.353553390593273,0.612372435695794,-0.707106781186548));
#11671=DIRECTION('',(-0.866025403784439,-0.5,0.));
#11672=DIRECTION('',(0.866025403784439,0.5,0.));
#11673=DIRECTION('center_axis',(-0.5,0.866025403784439,0.));
#11674=DIRECTION('ref_axis',(-0.866025403784439,-0.5,0.));
#11675=DIRECTION('',(0.,0.,-1.));
#11676=DIRECTION('',(-0.866025403784439,-0.5,0.));
#11677=DIRECTION('',(0.,0.,1.));
#11678=DIRECTION('center_axis',(0.,0.,1.));
#11679=DIRECTION('ref_axis',(-0.960768922830523,0.277350098112614,0.));
#11680=DIRECTION('',(0.,0.,1.));
#11681=DIRECTION('center_axis',(0.,0.,1.));
#11682=DIRECTION('ref_axis',(-0.960768922830523,0.277350098112614,0.));
#11683=DIRECTION('center_axis',(0.,0.,1.));
#11684=DIRECTION('ref_axis',(1.,0.,0.));
#11685=DIRECTION('',(0.,0.,-1.));
#11686=DIRECTION('center_axis',(0.,0.,-1.));
#11687=DIRECTION('ref_axis',(1.,0.,0.));
#11688=DIRECTION('center_axis',(0.,0.,1.));
#11689=DIRECTION('ref_axis',(-0.960768922830523,-0.277350098112613,0.));
#11690=DIRECTION('',(0.,0.,1.));
#11691=DIRECTION('center_axis',(0.,0.,1.));
#11692=DIRECTION('ref_axis',(-0.960768922830523,-0.277350098112613,0.));
#11693=DIRECTION('center_axis',(-0.5,-0.866025403784438,0.));
#11694=DIRECTION('ref_axis',(0.866025403784438,-0.5,0.));
#11695=DIRECTION('',(0.,0.,1.));
#11696=DIRECTION('',(0.866025403784438,-0.5,0.));
#11697=DIRECTION('center_axis',(0.707106781186547,-2.50182265685557E-16,
0.707106781186548));
#11698=DIRECTION('ref_axis',(0.707106781186548,0.,-0.707106781186547));
#11699=DIRECTION('',(-0.707106781186548,5.03607390929821E-16,0.707106781186547));
#11700=DIRECTION('',(-3.53811153197744E-16,-1.,0.));
#11701=DIRECTION('',(0.707106781186548,0.,-0.707106781186547));
#11702=DIRECTION('',(3.53811153197744E-16,1.,0.));
#11703=DIRECTION('center_axis',(0.,0.,-1.));
#11704=DIRECTION('ref_axis',(0.720576692122895,-0.693375245281534,0.));
#11705=DIRECTION('center_axis',(0.,0.,-1.));
#11706=DIRECTION('ref_axis',(0.720576692122895,-0.693375245281534,0.));
#11707=DIRECTION('',(0.0271964146610205,-0.706583579648994,-0.707106781186547));
#11708=DIRECTION('center_axis',(0.,0.,1.));
#11709=DIRECTION('ref_axis',(0.720576692122895,-0.693375245281534,0.));
#11710=DIRECTION('center_axis',(0.,0.,1.));
#11711=DIRECTION('ref_axis',(-1.,0.,0.));
#11712=DIRECTION('',(0.598321122542462,-0.376844575812797,-0.707106781186548));
#11713=DIRECTION('center_axis',(0.,0.,-1.));
#11714=DIRECTION('ref_axis',(-1.,0.,0.));
#11715=DIRECTION('center_axis',(0.,0.,1.));
#11716=DIRECTION('ref_axis',(-1.,0.,0.));
#11717=DIRECTION('center_axis',(0.,0.,-1.));
#11718=DIRECTION('ref_axis',(0.240192230707624,-0.970725343394153,0.));
#11719=DIRECTION('center_axis',(0.,0.,-1.));
#11720=DIRECTION('ref_axis',(0.240192230707624,-0.970725343394153,0.));
#11721=DIRECTION('',(-0.353553390593279,-0.612372435695791,-0.707106781186548));
#11722=DIRECTION('center_axis',(0.,0.,1.));
#11723=DIRECTION('ref_axis',(0.240192230707624,-0.970725343394153,0.));
#11724=DIRECTION('center_axis',(-0.353553390593274,-0.612372435695793,0.707106781186549));
#11725=DIRECTION('ref_axis',(0.894427190999916,0.,0.447213595499957));
#11726=DIRECTION('',(-0.353553390593275,-0.612372435695795,-0.707106781186546));
#11727=DIRECTION('',(0.866025403784438,-0.5,0.));
#11728=DIRECTION('',(-0.866025403784438,0.5,0.));
#11729=DIRECTION('center_axis',(-0.5,-0.866025403784438,0.));
#11730=DIRECTION('ref_axis',(0.866025403784438,-0.5,0.));
#11731=DIRECTION('',(0.,0.,-1.));
#11732=DIRECTION('',(0.866025403784438,-0.5,0.));
#11733=DIRECTION('',(0.,0.,1.));
#11734=DIRECTION('center_axis',(0.,0.,1.));
#11735=DIRECTION('ref_axis',(0.240192230707624,-0.970725343394153,0.));
#11736=DIRECTION('',(0.,0.,1.));
#11737=DIRECTION('center_axis',(0.,0.,1.));
#11738=DIRECTION('ref_axis',(0.240192230707624,-0.970725343394153,0.));
#11739=DIRECTION('center_axis',(0.,0.,1.));
#11740=DIRECTION('ref_axis',(1.,0.,0.));
#11741=DIRECTION('',(0.,0.,-1.));
#11742=DIRECTION('center_axis',(0.,0.,-1.));
#11743=DIRECTION('ref_axis',(-1.,0.,0.));
#11744=DIRECTION('center_axis',(0.,0.,1.));
#11745=DIRECTION('ref_axis',(0.720576692122895,-0.693375245281534,0.));
#11746=DIRECTION('',(0.,0.,1.));
#11747=DIRECTION('center_axis',(0.,0.,1.));
#11748=DIRECTION('ref_axis',(0.720576692122895,-0.693375245281534,0.));
#11749=DIRECTION('center_axis',(1.,-3.53811153197744E-16,0.));
#11750=DIRECTION('ref_axis',(3.53811153197744E-16,1.,0.));
#11751=DIRECTION('',(0.,0.,1.));
#11752=DIRECTION('',(3.53811153197744E-16,1.,0.));
#11753=DIRECTION('center_axis',(-0.353553390593274,-0.612372435695795,0.707106781186547));
#11754=DIRECTION('ref_axis',(0.894427190999915,0.,0.447213595499959));
#11755=DIRECTION('',(-0.353553390593274,-0.612372435695794,-0.707106781186548));
#11756=DIRECTION('',(0.353553390593273,0.612372435695794,0.707106781186548));
#11757=DIRECTION('',(-0.866025403784438,0.5,0.));
#11758=DIRECTION('center_axis',(0.,0.,-1.));
#11759=DIRECTION('ref_axis',(0.240192230707624,-0.970725343394153,0.));
#11760=DIRECTION('',(-0.598321122542462,0.376844575812797,0.707106781186549));
#11761=DIRECTION('center_axis',(0.,0.,-1.));
#11762=DIRECTION('ref_axis',(0.240192230707624,-0.970725343394153,0.));
#11763=DIRECTION('center_axis',(0.,0.,1.));
#11764=DIRECTION('ref_axis',(-1.,0.,0.));
#11765=DIRECTION('',(-0.0271964146610172,0.706583579648994,0.707106781186547));
#11766=DIRECTION('center_axis',(0.,0.,1.));
#11767=DIRECTION('ref_axis',(-1.,0.,0.));
#11768=DIRECTION('center_axis',(0.,0.,-1.));
#11769=DIRECTION('ref_axis',(0.720576692122895,-0.693375245281534,0.));
#11770=DIRECTION('',(-0.707106781186547,0.,0.707106781186549));
#11771=DIRECTION('center_axis',(0.,0.,-1.));
#11772=DIRECTION('ref_axis',(0.720576692122895,-0.693375245281534,0.));
#11773=DIRECTION('center_axis',(0.707106781186548,-2.50182265685557E-16,
0.707106781186547));
#11774=DIRECTION('ref_axis',(0.707106781186547,0.,-0.707106781186548));
#11775=DIRECTION('',(-0.707106781186547,5.03607390929821E-16,0.707106781186548));
#11776=DIRECTION('',(-3.53811153197744E-16,-1.,0.));
#11777=DIRECTION('center_axis',(7.12208402364283E-16,1.,0.));
#11778=DIRECTION('ref_axis',(1.,-7.12208402364283E-16,0.));
#11779=DIRECTION('',(-1.,7.12208402364283E-16,0.));
#11780=DIRECTION('',(0.,0.,-1.));
#11781=DIRECTION('',(1.,-7.12208402364283E-16,0.));
#11782=DIRECTION('',(0.,0.,1.));
#11783=DIRECTION('',(-1.,7.12208402364283E-16,0.));
#11784=DIRECTION('center_axis',(0.,0.,-1.));
#11785=DIRECTION('ref_axis',(0.720576692122894,0.693375245281534,0.));
#11786=DIRECTION('',(-0.707106781186547,0.,0.707106781186548));
#11787=DIRECTION('',(-0.027196414661021,-0.706583579648991,0.70710678118655));
#11788=DIRECTION('center_axis',(0.,0.,-1.));
#11789=DIRECTION('ref_axis',(0.720576692122895,0.693375245281534,0.));
#11790=DIRECTION('center_axis',(0.,0.,1.));
#11791=DIRECTION('ref_axis',(-1.,0.,0.));
#11792=DIRECTION('',(-0.598321122542464,-0.376844575812801,0.707106781186544));
#11793=DIRECTION('center_axis',(0.,0.,1.));
#11794=DIRECTION('ref_axis',(-1.,0.,0.));
#11795=DIRECTION('center_axis',(0.,0.,-1.));
#11796=DIRECTION('ref_axis',(0.240192230707629,0.970725343394151,0.));
#11797=DIRECTION('',(0.353553390593271,-0.612372435695798,0.707106781186546));
#11798=DIRECTION('center_axis',(0.,0.,-1.));
#11799=DIRECTION('ref_axis',(0.240192230707629,0.970725343394151,0.));
#11800=DIRECTION('center_axis',(-0.353553390593274,0.612372435695795,0.707106781186547));
#11801=DIRECTION('ref_axis',(0.894427190999916,0.,0.447213595499958));
#11802=DIRECTION('',(0.866025403784439,0.5,0.));
#11803=DIRECTION('center_axis',(-0.353553390593274,0.612372435695796,0.707106781186545));
#11804=DIRECTION('ref_axis',(0.894427190999915,0.,0.44721359549996));
#11805=DIRECTION('',(-0.353553390593272,0.612372435695793,-0.70710678118655));
#11806=DIRECTION('',(0.353553390593274,-0.61237243569579,0.707106781186551));
#11807=DIRECTION('',(0.866025403784439,0.5,0.));
#11808=DIRECTION('center_axis',(0.,0.,-1.));
#11809=DIRECTION('ref_axis',(-0.960768922830523,0.277350098112614,0.));
#11810=DIRECTION('',(0.625517537203483,0.329739003836196,0.707106781186549));
#11811=DIRECTION('center_axis',(0.,0.,-1.));
#11812=DIRECTION('ref_axis',(-0.960768922830523,0.277350098112614,0.));
#11813=DIRECTION('center_axis',(0.,0.,1.));
#11814=DIRECTION('ref_axis',(1.,0.,0.));
#11815=DIRECTION('',(0.625517537203482,-0.329739003836198,0.707106781186549));
#11816=DIRECTION('center_axis',(0.,0.,1.));
#11817=DIRECTION('ref_axis',(1.,0.,0.));
#11818=DIRECTION('center_axis',(0.,0.,-1.));
#11819=DIRECTION('ref_axis',(-0.960768922830523,-0.277350098112613,0.));
#11820=DIRECTION('',(0.353553390593277,0.612372435695795,0.707106781186545));
#11821=DIRECTION('center_axis',(0.,0.,-1.));
#11822=DIRECTION('ref_axis',(-0.960768922830523,-0.277350098112613,0.));
#11823=DIRECTION('center_axis',(-0.353553390593275,-0.612372435695796,0.707106781186545));
#11824=DIRECTION('ref_axis',(0.894427190999915,0.,0.44721359549996));
#11825=DIRECTION('',(0.353553390593273,0.612372435695793,0.70710678118655));
#11826=DIRECTION('',(-0.866025403784438,0.5,0.));
#11827=DIRECTION('center_axis',(0.866025403784439,-0.5,0.));
#11828=DIRECTION('ref_axis',(-0.5,-0.866025403784439,0.));
#11829=DIRECTION('',(0.5,0.866025403784439,0.));
#11830=DIRECTION('',(0.,0.,-1.));
#11831=DIRECTION('',(-0.5,-0.866025403784439,0.));
#11832=DIRECTION('',(0.,0.,1.));
#11833=DIRECTION('',(0.5,0.866025403784439,0.));
#11834=DIRECTION('center_axis',(0.,0.,-1.));
#11835=DIRECTION('ref_axis',(0.959151237970402,0.2828938010983,0.));
#11836=DIRECTION('center_axis',(0.,0.,1.));
#11837=DIRECTION('ref_axis',(0.959151237970402,0.2828938010983,0.));
#11838=DIRECTION('',(0.,0.,-1.));
#11839=DIRECTION('center_axis',(0.,0.,-1.));
#11840=DIRECTION('ref_axis',(0.959151237970402,0.2828938010983,0.));
#11841=DIRECTION('',(0.,0.,1.));
#11842=DIRECTION('center_axis',(-0.5,-0.866025403784438,0.));
#11843=DIRECTION('ref_axis',(-0.866025403784438,0.5,0.));
#11844=DIRECTION('',(-0.866025403784438,0.5,0.));
#11845=DIRECTION('',(0.,0.,1.));
#11846=DIRECTION('',(-0.866025403784438,0.5,0.));
#11847=DIRECTION('center_axis',(0.,0.,-1.));
#11848=DIRECTION('ref_axis',(-0.93467238661337,-0.355510238533952,0.));
#11849=DIRECTION('center_axis',(0.,0.,1.));
#11850=DIRECTION('ref_axis',(-0.93467238661337,-0.355510238533952,0.));
#11851=DIRECTION('center_axis',(0.,0.,-1.));
#11852=DIRECTION('ref_axis',(-0.93467238661337,-0.355510238533952,0.));
#11853=DIRECTION('',(0.,0.,-1.));
#11854=DIRECTION('center_axis',(0.,0.,-1.));
#11855=DIRECTION('ref_axis',(1.,0.,0.));
#11856=DIRECTION('center_axis',(0.,0.,1.));
#11857=DIRECTION('ref_axis',(1.,0.,0.));
#11858=DIRECTION('',(0.,0.,1.));
#11859=DIRECTION('center_axis',(0.,0.,1.));
#11860=DIRECTION('ref_axis',(1.,0.,0.));
#11861=DIRECTION('center_axis',(0.,0.,-1.));
#11862=DIRECTION('ref_axis',(-0.934672386613369,0.355510238533953,0.));
#11863=DIRECTION('center_axis',(0.,0.,1.));
#11864=DIRECTION('ref_axis',(-0.934672386613369,0.355510238533953,0.));
#11865=DIRECTION('center_axis',(0.,0.,-1.));
#11866=DIRECTION('ref_axis',(-0.934672386613369,0.355510238533953,0.));
#11867=DIRECTION('',(0.,0.,-1.));
#11868=DIRECTION('center_axis',(-0.5,0.866025403784439,0.));
#11869=DIRECTION('ref_axis',(0.866025403784439,0.5,0.));
#11870=DIRECTION('',(0.866025403784439,0.5,0.));
#11871=DIRECTION('',(0.,0.,1.));
#11872=DIRECTION('',(0.866025403784439,0.5,0.));
#11873=DIRECTION('center_axis',(0.,0.,-1.));
#11874=DIRECTION('ref_axis',(0.959151237970402,-0.282893801098303,0.));
#11875=DIRECTION('center_axis',(0.,0.,1.));
#11876=DIRECTION('ref_axis',(0.959151237970402,-0.282893801098303,0.));
#11877=DIRECTION('',(0.,0.,-1.));
#11878=DIRECTION('center_axis',(0.,0.,-1.));
#11879=DIRECTION('ref_axis',(0.959151237970402,-0.282893801098303,0.));
#11880=DIRECTION('center_axis',(0.,0.,-1.));
#11881=DIRECTION('ref_axis',(1.,0.,0.));
#11882=DIRECTION('center_axis',(0.,0.,1.));
#11883=DIRECTION('ref_axis',(1.,0.,0.));
#11884=DIRECTION('',(0.,0.,1.));
#11885=DIRECTION('center_axis',(0.,0.,1.));
#11886=DIRECTION('ref_axis',(1.,0.,0.));
#11887=DIRECTION('center_axis',(0.,0.,-1.));
#11888=DIRECTION('ref_axis',(-0.724568837309473,0.68920243760451,0.));
#11889=DIRECTION('center_axis',(0.,0.,1.));
#11890=DIRECTION('ref_axis',(-0.724568837309473,0.68920243760451,0.));
#11891=DIRECTION('',(0.,0.,-1.));
#11892=DIRECTION('center_axis',(0.,0.,-1.));
#11893=DIRECTION('ref_axis',(-0.724568837309473,0.68920243760451,0.));
#11894=DIRECTION('center_axis',(1.,-3.53811153197744E-16,0.));
#11895=DIRECTION('ref_axis',(-3.53811153197744E-16,-1.,0.));
#11896=DIRECTION('',(-3.53811153197744E-16,-1.,0.));
#11897=DIRECTION('',(0.,0.,1.));
#11898=DIRECTION('',(-3.53811153197744E-16,-1.,0.));
#11899=DIRECTION('center_axis',(0.,0.,-1.));
#11900=DIRECTION('ref_axis',(0.775217091182553,-0.631694911756032,0.));
#11901=DIRECTION('center_axis',(0.,0.,1.));
#11902=DIRECTION('ref_axis',(0.775217091182553,-0.631694911756032,0.));
#11903=DIRECTION('center_axis',(0.,0.,-1.));
#11904=DIRECTION('ref_axis',(0.775217091182553,-0.631694911756032,0.));
#11905=DIRECTION('',(0.,0.,-1.));
#11906=DIRECTION('center_axis',(0.,0.,-1.));
#11907=DIRECTION('ref_axis',(1.,0.,0.));
#11908=DIRECTION('center_axis',(0.,0.,1.));
#11909=DIRECTION('ref_axis',(1.,0.,0.));
#11910=DIRECTION('',(0.,0.,1.));
#11911=DIRECTION('center_axis',(0.,0.,1.));
#11912=DIRECTION('ref_axis',(1.,0.,0.));
#11913=DIRECTION('center_axis',(0.,0.,-1.));
#11914=DIRECTION('ref_axis',(0.159455295430816,-0.987205150289985,0.));
#11915=DIRECTION('center_axis',(0.,0.,1.));
#11916=DIRECTION('ref_axis',(0.159455295430816,-0.987205150289985,0.));
#11917=DIRECTION('center_axis',(0.,0.,-1.));
#11918=DIRECTION('ref_axis',(0.159455295430816,-0.987205150289985,0.));
#11919=DIRECTION('',(0.,0.,-1.));
#11920=DIRECTION('center_axis',(-0.5,-0.866025403784438,0.));
#11921=DIRECTION('ref_axis',(-0.866025403784438,0.5,0.));
#11922=DIRECTION('',(-0.866025403784438,0.5,0.));
#11923=DIRECTION('',(0.,0.,1.));
#11924=DIRECTION('',(-0.866025403784438,0.5,0.));
#11925=DIRECTION('center_axis',(0.,0.,-1.));
#11926=DIRECTION('ref_axis',(-0.234582400660927,0.972096238702813,0.));
#11927=DIRECTION('center_axis',(0.,0.,1.));
#11928=DIRECTION('ref_axis',(-0.234582400660927,0.972096238702813,0.));
#11929=DIRECTION('',(0.,0.,-1.));
#11930=DIRECTION('center_axis',(0.,0.,-1.));
#11931=DIRECTION('ref_axis',(-0.234582400660927,0.972096238702813,0.));
#11932=DIRECTION('center_axis',(0.,0.,-1.));
#11933=DIRECTION('ref_axis',(-1.,1.22464679914735E-16,0.));
#11934=DIRECTION('center_axis',(0.,0.,1.));
#11935=DIRECTION('ref_axis',(1.,0.,0.));
#11936=DIRECTION('',(0.,0.,1.));
#11937=DIRECTION('center_axis',(0.,0.,1.));
#11938=DIRECTION('ref_axis',(1.,0.,0.));
#11939=DIRECTION('center_axis',(0.,0.,-1.));
#11940=DIRECTION('ref_axis',(-0.234582400660932,-0.972096238702812,0.));
#11941=DIRECTION('center_axis',(0.,0.,1.));
#11942=DIRECTION('ref_axis',(-0.234582400660932,-0.972096238702812,0.));
#11943=DIRECTION('',(0.,0.,-1.));
#11944=DIRECTION('center_axis',(0.,0.,-1.));
#11945=DIRECTION('ref_axis',(-0.234582400660932,-0.972096238702812,0.));
#11946=DIRECTION('center_axis',(-0.5,0.866025403784439,0.));
#11947=DIRECTION('ref_axis',(0.866025403784439,0.5,0.));
#11948=DIRECTION('',(0.866025403784439,0.5,0.));
#11949=DIRECTION('',(0.,0.,1.));
#11950=DIRECTION('',(0.866025403784439,0.5,0.));
#11951=DIRECTION('center_axis',(0.,0.,-1.));
#11952=DIRECTION('ref_axis',(0.159455295430816,0.987205150289985,0.));
#11953=DIRECTION('center_axis',(0.,0.,1.));
#11954=DIRECTION('ref_axis',(0.159455295430816,0.987205150289985,0.));
#11955=DIRECTION('center_axis',(0.,0.,-1.));
#11956=DIRECTION('ref_axis',(0.159455295430816,0.987205150289985,0.));
#11957=DIRECTION('',(0.,0.,-1.));
#11958=DIRECTION('center_axis',(0.,0.,-1.));
#11959=DIRECTION('ref_axis',(1.,0.,0.));
#11960=DIRECTION('center_axis',(0.,0.,1.));
#11961=DIRECTION('ref_axis',(1.,0.,0.));
#11962=DIRECTION('',(0.,0.,1.));
#11963=DIRECTION('center_axis',(0.,0.,1.));
#11964=DIRECTION('ref_axis',(1.,0.,0.));
#11965=DIRECTION('center_axis',(0.,0.,-1.));
#11966=DIRECTION('ref_axis',(-0.724568837309472,-0.689202437604511,0.));
#11967=DIRECTION('center_axis',(0.,0.,1.));
#11968=DIRECTION('ref_axis',(-0.724568837309472,-0.689202437604511,0.));
#11969=DIRECTION('',(0.,0.,-1.));
#11970=DIRECTION('center_axis',(0.,0.,-1.));
#11971=DIRECTION('ref_axis',(-0.724568837309472,-0.689202437604511,0.));
#11972=DIRECTION('',(0.,0.,1.));
#11973=DIRECTION('center_axis',(0.,0.,-1.));
#11974=DIRECTION('ref_axis',(1.,0.,0.));
#11975=DIRECTION('center_axis',(0.,0.,1.));
#11976=DIRECTION('ref_axis',(1.,0.,0.));
#11977=DIRECTION('center_axis',(0.,0.,1.));
#11978=DIRECTION('ref_axis',(1.,0.,0.));
#11979=DIRECTION('center_axis',(0.,0.,-1.));
#11980=DIRECTION('ref_axis',(0.775217091182554,0.631694911756031,0.));
#11981=DIRECTION('center_axis',(0.,0.,1.));
#11982=DIRECTION('ref_axis',(0.775217091182554,0.631694911756031,0.));
#11983=DIRECTION('center_axis',(0.,0.,-1.));
#11984=DIRECTION('ref_axis',(0.775217091182554,0.631694911756031,0.));
#11985=DIRECTION('',(0.,0.,-1.));
#11986=DIRECTION('center_axis',(0.,0.,1.));
#11987=DIRECTION('ref_axis',(1.,0.,0.));
#11988=DIRECTION('',(-0.499999999999999,0.866025403784439,0.));
#11989=DIRECTION('center_axis',(0.,0.,1.));
#11990=DIRECTION('ref_axis',(1.,0.,0.));
#11991=DIRECTION('',(-0.5,-0.866025403784438,0.));
#11992=DIRECTION('center_axis',(1.,-3.53811153197744E-16,0.));
#11993=DIRECTION('ref_axis',(-3.53811153197744E-16,-1.,0.));
#11994=DIRECTION('',(-3.53811153197744E-16,-1.,0.));
#11995=DIRECTION('',(-3.53811153197744E-16,-1.,0.));
#11996=DIRECTION('center_axis',(-0.866025403784438,0.5,0.));
#11997=DIRECTION('ref_axis',(0.5,0.866025403784438,0.));
#11998=DIRECTION('',(0.5,0.866025403784438,0.));
#11999=DIRECTION('',(-0.5,-0.866025403784438,0.));
#12000=DIRECTION('center_axis',(0.866025403784439,0.499999999999999,0.));
#12001=DIRECTION('ref_axis',(0.499999999999999,-0.866025403784439,0.));
#12002=DIRECTION('',(0.499999999999999,-0.866025403784439,0.));
#12003=DIRECTION('',(-0.499999999999999,0.866025403784439,0.));
#12004=DIRECTION('center_axis',(0.,0.,1.));
#12005=DIRECTION('ref_axis',(1.,0.,0.));
#12006=DIRECTION('',(0.866025403784438,-0.5,0.));
#12007=DIRECTION('center_axis',(0.,0.,1.));
#12008=DIRECTION('ref_axis',(-0.960768922830523,-0.277350098112613,0.));
#12009=DIRECTION('center_axis',(0.,0.,-1.));
#12010=DIRECTION('ref_axis',(1.,0.,0.));
#12011=DIRECTION('center_axis',(0.,0.,1.));
#12012=DIRECTION('ref_axis',(-0.960768922830523,0.277350098112614,0.));
#12013=DIRECTION('',(-0.866025403784439,-0.5,0.));
#12014=DIRECTION('',(-0.499999999999999,0.866025403784439,0.));
#12015=DIRECTION('',(-1.,7.12208402364283E-16,0.));
#12016=DIRECTION('',(3.53811153197744E-16,1.,0.));
#12017=DIRECTION('center_axis',(0.,0.,1.));
#12018=DIRECTION('ref_axis',(0.720576692122895,-0.693375245281534,0.));
#12019=DIRECTION('center_axis',(0.,0.,-1.));
#12020=DIRECTION('ref_axis',(-1.,0.,0.));
#12021=DIRECTION('center_axis',(0.,0.,1.));
#12022=DIRECTION('ref_axis',(0.240192230707624,-0.970725343394153,0.));
#12023=DIRECTION('',(0.866025403784438,-0.5,0.));
#12024=DIRECTION('',(-0.5,-0.866025403784438,0.));
#12025=DIRECTION('',(-1.,7.12208402364283E-16,0.));
#12026=DIRECTION('',(3.53811153197744E-16,1.,0.));
#12027=DIRECTION('center_axis',(0.,0.,1.));
#12028=DIRECTION('ref_axis',(0.720576692122895,-0.693375245281534,0.));
#12029=DIRECTION('center_axis',(0.,0.,-1.));
#12030=DIRECTION('ref_axis',(-1.,0.,0.));
#12031=DIRECTION('center_axis',(0.,0.,1.));
#12032=DIRECTION('ref_axis',(0.240192230707624,-0.970725343394153,0.));
#12033=DIRECTION('',(0.866025403784438,-0.5,0.));
#12034=DIRECTION('',(-0.5,-0.866025403784438,0.));
#12035=DIRECTION('',(0.5,-0.866025403784439,0.));
#12036=DIRECTION('',(-0.866025403784439,-0.5,0.));
#12037=DIRECTION('center_axis',(0.,0.,1.));
#12038=DIRECTION('ref_axis',(0.240192230707629,0.970725343394151,0.));
#12039=DIRECTION('center_axis',(0.,0.,-1.));
#12040=DIRECTION('ref_axis',(-1.,0.,0.));
#12041=DIRECTION('center_axis',(0.,0.,1.));
#12042=DIRECTION('ref_axis',(0.720576692122894,0.693375245281534,0.));
#12043=DIRECTION('',(3.53811153197744E-16,1.,0.));
#12044=DIRECTION('center_axis',(0.,0.,1.));
#12045=DIRECTION('ref_axis',(0.720576692122895,-0.693375245281534,0.));
#12046=DIRECTION('center_axis',(0.,0.,-1.));
#12047=DIRECTION('ref_axis',(-1.,0.,0.));
#12048=DIRECTION('center_axis',(0.,0.,1.));
#12049=DIRECTION('ref_axis',(0.240192230707624,-0.970725343394153,0.));
#12050=DIRECTION('',(0.866025403784438,-0.5,0.));
#12051=DIRECTION('',(-0.5,-0.866025403784438,0.));
#12052=DIRECTION('',(0.5,-0.866025403784439,0.));
#12053=DIRECTION('',(-0.866025403784439,-0.5,0.));
#12054=DIRECTION('center_axis',(0.,0.,1.));
#12055=DIRECTION('ref_axis',(0.240192230707629,0.970725343394151,0.));
#12056=DIRECTION('center_axis',(0.,0.,-1.));
#12057=DIRECTION('ref_axis',(-1.,0.,0.));
#12058=DIRECTION('center_axis',(0.,0.,1.));
#12059=DIRECTION('ref_axis',(0.720576692122894,0.693375245281534,0.));
#12060=DIRECTION('',(3.53811153197744E-16,1.,0.));
#12061=DIRECTION('',(1.,-5.69766721891426E-16,0.));
#12062=DIRECTION('',(0.5,0.866025403784439,0.));
#12063=DIRECTION('',(0.866025403784438,-0.5,0.));
#12064=DIRECTION('center_axis',(0.,0.,1.));
#12065=DIRECTION('ref_axis',(-0.960768922830523,-0.277350098112613,0.));
#12066=DIRECTION('center_axis',(0.,0.,-1.));
#12067=DIRECTION('ref_axis',(1.,0.,0.));
#12068=DIRECTION('center_axis',(0.,0.,1.));
#12069=DIRECTION('ref_axis',(-0.960768922830523,0.277350098112614,0.));
#12070=DIRECTION('',(-0.866025403784439,-0.5,0.));
#12071=DIRECTION('center_axis',(0.,0.,1.));
#12072=DIRECTION('ref_axis',(0.240192230707629,0.970725343394151,0.));
#12073=DIRECTION('center_axis',(0.,0.,-1.));
#12074=DIRECTION('ref_axis',(-1.,0.,0.));
#12075=DIRECTION('center_axis',(0.,0.,1.));
#12076=DIRECTION('ref_axis',(0.720576692122894,0.693375245281534,0.));
#12077=DIRECTION('',(3.53811153197744E-16,1.,0.));
#12078=DIRECTION('',(1.,-5.69766721891426E-16,0.));
#12079=DIRECTION('',(0.5,-0.866025403784439,0.));
#12080=DIRECTION('',(-0.866025403784439,-0.5,0.));
#12081=DIRECTION('center_axis',(0.,0.,1.));
#12082=DIRECTION('ref_axis',(0.240192230707629,0.970725343394151,0.));
#12083=DIRECTION('center_axis',(0.,0.,-1.));
#12084=DIRECTION('ref_axis',(-1.,0.,0.));
#12085=DIRECTION('center_axis',(0.,0.,1.));
#12086=DIRECTION('ref_axis',(0.720576692122894,0.693375245281534,0.));
#12087=DIRECTION('',(3.53811153197744E-16,1.,0.));
#12088=DIRECTION('',(1.,-5.69766721891426E-16,0.));
#12089=DIRECTION('',(0.5,0.866025403784439,0.));
#12090=DIRECTION('',(0.866025403784438,-0.5,0.));
#12091=DIRECTION('center_axis',(0.,0.,1.));
#12092=DIRECTION('ref_axis',(-0.960768922830523,-0.277350098112613,0.));
#12093=DIRECTION('center_axis',(0.,0.,-1.));
#12094=DIRECTION('ref_axis',(1.,0.,0.));
#12095=DIRECTION('center_axis',(0.,0.,1.));
#12096=DIRECTION('ref_axis',(-0.960768922830523,0.277350098112614,0.));
#12097=DIRECTION('',(-0.866025403784439,-0.5,0.));
#12098=DIRECTION('center_axis',(0.,0.,1.));
#12099=DIRECTION('ref_axis',(0.240192230707629,0.970725343394151,0.));
#12100=DIRECTION('center_axis',(0.,0.,-1.));
#12101=DIRECTION('ref_axis',(-1.,0.,0.));
#12102=DIRECTION('center_axis',(0.,0.,1.));
#12103=DIRECTION('ref_axis',(0.720576692122894,0.693375245281534,0.));
#12104=DIRECTION('',(3.53811153197744E-16,1.,0.));
#12105=DIRECTION('',(1.,-5.69766721891426E-16,0.));
#12106=DIRECTION('',(0.5,0.866025403784439,0.));
#12107=DIRECTION('',(0.866025403784438,-0.5,0.));
#12108=DIRECTION('center_axis',(0.,0.,1.));
#12109=DIRECTION('ref_axis',(-0.960768922830523,-0.277350098112613,0.));
#12110=DIRECTION('center_axis',(0.,0.,-1.));
#12111=DIRECTION('ref_axis',(1.,0.,0.));
#12112=DIRECTION('center_axis',(0.,0.,1.));
#12113=DIRECTION('ref_axis',(-0.960768922830523,0.277350098112614,0.));
#12114=DIRECTION('',(-0.866025403784439,-0.5,0.));
#12115=DIRECTION('',(-0.499999999999999,0.866025403784439,0.));
#12116=DIRECTION('',(3.53811153197744E-16,1.,0.));
#12117=DIRECTION('center_axis',(0.,0.,1.));
#12118=DIRECTION('ref_axis',(0.720576692122895,-0.693375245281534,0.));
#12119=DIRECTION('center_axis',(0.,0.,-1.));
#12120=DIRECTION('ref_axis',(-1.,0.,0.));
#12121=DIRECTION('center_axis',(0.,0.,1.));
#12122=DIRECTION('ref_axis',(0.240192230707624,-0.970725343394153,0.));
#12123=DIRECTION('',(0.866025403784438,-0.5,0.));
#12124=DIRECTION('',(-0.5,-0.866025403784438,0.));
#12125=DIRECTION('',(0.866025403784438,-0.5,0.));
#12126=DIRECTION('center_axis',(0.,0.,1.));
#12127=DIRECTION('ref_axis',(-0.960768922830523,-0.277350098112613,0.));
#12128=DIRECTION('center_axis',(0.,0.,-1.));
#12129=DIRECTION('ref_axis',(1.,0.,0.));
#12130=DIRECTION('center_axis',(0.,0.,1.));
#12131=DIRECTION('ref_axis',(-0.960768922830523,0.277350098112614,0.));
#12132=DIRECTION('',(-0.866025403784439,-0.5,0.));
#12133=DIRECTION('',(0.866025403784438,-0.5,0.));
#12134=DIRECTION('',(3.53811153197744E-16,1.,0.));
#12135=DIRECTION('center_axis',(0.,0.,1.));
#12136=DIRECTION('ref_axis',(0.720576692122895,-0.693375245281534,0.));
#12137=DIRECTION('center_axis',(0.,0.,-1.));
#12138=DIRECTION('ref_axis',(-1.,0.,0.));
#12139=DIRECTION('center_axis',(0.,0.,1.));
#12140=DIRECTION('ref_axis',(0.240192230707624,-0.970725343394153,0.));
#12141=DIRECTION('center_axis',(0.,0.,-1.));
#12142=DIRECTION('ref_axis',(-0.93467238661337,-0.355510238533952,0.));
#12143=DIRECTION('',(-0.866025403784438,0.5,0.));
#12144=DIRECTION('center_axis',(0.,0.,1.));
#12145=DIRECTION('ref_axis',(0.959151237970402,0.2828938010983,0.));
#12146=DIRECTION('center_axis',(0.,0.,1.));
#12147=DIRECTION('ref_axis',(1.,0.,0.));
#12148=DIRECTION('center_axis',(0.,0.,1.));
#12149=DIRECTION('ref_axis',(-0.724568837309472,-0.689202437604511,0.));
#12150=DIRECTION('',(-3.53811153197744E-16,-1.,0.));
#12151=DIRECTION('center_axis',(0.,0.,-1.));
#12152=DIRECTION('ref_axis',(0.775217091182554,0.631694911756031,0.));
#12153=DIRECTION('center_axis',(0.,0.,1.));
#12154=DIRECTION('ref_axis',(1.,0.,0.));
#12155=DIRECTION('center_axis',(0.,0.,-1.));
#12156=DIRECTION('ref_axis',(0.159455295430816,0.987205150289985,0.));
#12157=DIRECTION('',(0.866025403784439,0.5,0.));
#12158=DIRECTION('center_axis',(0.,0.,1.));
#12159=DIRECTION('ref_axis',(-0.234582400660932,-0.972096238702812,0.));
#12160=DIRECTION('center_axis',(0.,0.,1.));
#12161=DIRECTION('ref_axis',(1.,0.,0.));
#12162=DIRECTION('center_axis',(0.,0.,1.));
#12163=DIRECTION('ref_axis',(-0.234582400660927,0.972096238702813,0.));
#12164=DIRECTION('',(-0.866025403784438,0.5,0.));
#12165=DIRECTION('center_axis',(0.,0.,-1.));
#12166=DIRECTION('ref_axis',(0.159455295430816,-0.987205150289985,0.));
#12167=DIRECTION('center_axis',(0.,0.,1.));
#12168=DIRECTION('ref_axis',(1.,0.,0.));
#12169=DIRECTION('center_axis',(0.,0.,-1.));
#12170=DIRECTION('ref_axis',(0.775217091182553,-0.631694911756032,0.));
#12171=DIRECTION('',(-3.53811153197744E-16,-1.,0.));
#12172=DIRECTION('center_axis',(0.,0.,1.));
#12173=DIRECTION('ref_axis',(-0.724568837309473,0.68920243760451,0.));
#12174=DIRECTION('center_axis',(0.,0.,1.));
#12175=DIRECTION('ref_axis',(1.,0.,0.));
#12176=DIRECTION('center_axis',(0.,0.,1.));
#12177=DIRECTION('ref_axis',(0.959151237970402,-0.282893801098303,0.));
#12178=DIRECTION('',(0.866025403784439,0.5,0.));
#12179=DIRECTION('center_axis',(0.,0.,-1.));
#12180=DIRECTION('ref_axis',(-0.934672386613369,0.355510238533953,0.));
#12181=DIRECTION('center_axis',(0.,0.,1.));
#12182=DIRECTION('ref_axis',(1.,0.,0.));
#12183=DIRECTION('',(0.866025403784438,-0.5,0.));
#12184=DIRECTION('center_axis',(0.,0.,1.));
#12185=DIRECTION('ref_axis',(-0.960768922830523,-0.277350098112613,0.));
#12186=DIRECTION('center_axis',(0.,0.,-1.));
#12187=DIRECTION('ref_axis',(1.,0.,0.));
#12188=DIRECTION('center_axis',(0.,0.,1.));
#12189=DIRECTION('ref_axis',(-0.960768922830523,0.277350098112614,0.));
#12190=DIRECTION('',(-0.866025403784439,-0.5,0.));
#12191=DIRECTION('center_axis',(0.,0.,1.));
#12192=DIRECTION('ref_axis',(0.240192230707629,0.970725343394151,0.));
#12193=DIRECTION('center_axis',(0.,0.,-1.));
#12194=DIRECTION('ref_axis',(-1.,0.,0.));
#12195=DIRECTION('center_axis',(0.,0.,1.));
#12196=DIRECTION('ref_axis',(0.720576692122894,0.693375245281534,0.));
#12197=DIRECTION('',(3.53811153197744E-16,1.,0.));
#12198=DIRECTION('center_axis',(0.,0.,1.));
#12199=DIRECTION('ref_axis',(0.720576692122895,-0.693375245281534,0.));
#12200=DIRECTION('center_axis',(0.,0.,-1.));
#12201=DIRECTION('ref_axis',(-1.,0.,0.));
#12202=DIRECTION('center_axis',(0.,0.,1.));
#12203=DIRECTION('ref_axis',(0.240192230707624,-0.970725343394153,0.));
#12204=DIRECTION('center_axis',(0.,0.,-1.));
#12205=DIRECTION('ref_axis',(-0.93467238661337,-0.355510238533952,0.));
#12206=DIRECTION('',(-0.866025403784438,0.5,0.));
#12207=DIRECTION('center_axis',(0.,0.,1.));
#12208=DIRECTION('ref_axis',(0.959151237970402,0.2828938010983,0.));
#12209=DIRECTION('center_axis',(0.,0.,1.));
#12210=DIRECTION('ref_axis',(1.,0.,0.));
#12211=DIRECTION('center_axis',(0.,0.,1.));
#12212=DIRECTION('ref_axis',(-0.724568837309472,-0.689202437604511,0.));
#12213=DIRECTION('',(-3.53811153197744E-16,-1.,0.));
#12214=DIRECTION('center_axis',(0.,0.,-1.));
#12215=DIRECTION('ref_axis',(0.775217091182554,0.631694911756031,0.));
#12216=DIRECTION('center_axis',(0.,0.,1.));
#12217=DIRECTION('ref_axis',(1.,0.,0.));
#12218=DIRECTION('center_axis',(0.,0.,-1.));
#12219=DIRECTION('ref_axis',(0.159455295430816,0.987205150289985,0.));
#12220=DIRECTION('',(0.866025403784439,0.5,0.));
#12221=DIRECTION('center_axis',(0.,0.,1.));
#12222=DIRECTION('ref_axis',(-0.234582400660932,-0.972096238702812,0.));
#12223=DIRECTION('center_axis',(0.,0.,1.));
#12224=DIRECTION('ref_axis',(1.,0.,0.));
#12225=DIRECTION('center_axis',(0.,0.,1.));
#12226=DIRECTION('ref_axis',(-0.234582400660927,0.972096238702813,0.));
#12227=DIRECTION('',(-0.866025403784438,0.5,0.));
#12228=DIRECTION('center_axis',(0.,0.,-1.));
#12229=DIRECTION('ref_axis',(0.159455295430816,-0.987205150289985,0.));
#12230=DIRECTION('center_axis',(0.,0.,1.));
#12231=DIRECTION('ref_axis',(1.,0.,0.));
#12232=DIRECTION('center_axis',(0.,0.,-1.));
#12233=DIRECTION('ref_axis',(0.775217091182553,-0.631694911756032,0.));
#12234=DIRECTION('',(-3.53811153197744E-16,-1.,0.));
#12235=DIRECTION('center_axis',(0.,0.,1.));
#12236=DIRECTION('ref_axis',(-0.724568837309473,0.68920243760451,0.));
#12237=DIRECTION('center_axis',(0.,0.,1.));
#12238=DIRECTION('ref_axis',(1.,0.,0.));
#12239=DIRECTION('center_axis',(0.,0.,1.));
#12240=DIRECTION('ref_axis',(0.959151237970402,-0.282893801098303,0.));
#12241=DIRECTION('',(0.866025403784439,0.5,0.));
#12242=DIRECTION('center_axis',(0.,0.,-1.));
#12243=DIRECTION('ref_axis',(-0.934672386613369,0.355510238533953,0.));
#12244=DIRECTION('center_axis',(0.,0.,1.));
#12245=DIRECTION('ref_axis',(1.,0.,0.));
#12246=DIRECTION('center_axis',(0.,0.,-1.));
#12247=DIRECTION('ref_axis',(-0.93467238661337,-0.355510238533952,0.));
#12248=DIRECTION('',(-0.866025403784438,0.5,0.));
#12249=DIRECTION('center_axis',(0.,0.,1.));
#12250=DIRECTION('ref_axis',(0.959151237970402,0.2828938010983,0.));
#12251=DIRECTION('center_axis',(0.,0.,1.));
#12252=DIRECTION('ref_axis',(1.,0.,0.));
#12253=DIRECTION('center_axis',(0.,0.,1.));
#12254=DIRECTION('ref_axis',(-0.724568837309472,-0.689202437604511,0.));
#12255=DIRECTION('',(-3.53811153197744E-16,-1.,0.));
#12256=DIRECTION('center_axis',(0.,0.,-1.));
#12257=DIRECTION('ref_axis',(0.775217091182554,0.631694911756031,0.));
#12258=DIRECTION('center_axis',(0.,0.,1.));
#12259=DIRECTION('ref_axis',(1.,0.,0.));
#12260=DIRECTION('center_axis',(0.,0.,-1.));
#12261=DIRECTION('ref_axis',(0.159455295430816,0.987205150289985,0.));
#12262=DIRECTION('',(0.866025403784439,0.5,0.));
#12263=DIRECTION('center_axis',(0.,0.,1.));
#12264=DIRECTION('ref_axis',(-0.234582400660932,-0.972096238702812,0.));
#12265=DIRECTION('center_axis',(0.,0.,1.));
#12266=DIRECTION('ref_axis',(1.,0.,0.));
#12267=DIRECTION('center_axis',(0.,0.,1.));
#12268=DIRECTION('ref_axis',(-0.234582400660927,0.972096238702813,0.));
#12269=DIRECTION('',(-0.866025403784438,0.5,0.));
#12270=DIRECTION('center_axis',(0.,0.,-1.));
#12271=DIRECTION('ref_axis',(0.159455295430816,-0.987205150289985,0.));
#12272=DIRECTION('center_axis',(0.,0.,1.));
#12273=DIRECTION('ref_axis',(1.,0.,0.));
#12274=DIRECTION('center_axis',(0.,0.,-1.));
#12275=DIRECTION('ref_axis',(0.775217091182553,-0.631694911756032,0.));
#12276=DIRECTION('',(-3.53811153197744E-16,-1.,0.));
#12277=DIRECTION('center_axis',(0.,0.,1.));
#12278=DIRECTION('ref_axis',(-0.724568837309473,0.68920243760451,0.));
#12279=DIRECTION('center_axis',(0.,0.,1.));
#12280=DIRECTION('ref_axis',(1.,0.,0.));
#12281=DIRECTION('center_axis',(0.,0.,1.));
#12282=DIRECTION('ref_axis',(0.959151237970402,-0.282893801098303,0.));
#12283=DIRECTION('',(0.866025403784439,0.5,0.));
#12284=DIRECTION('center_axis',(0.,0.,-1.));
#12285=DIRECTION('ref_axis',(-0.934672386613369,0.355510238533953,0.));
#12286=DIRECTION('center_axis',(0.,0.,1.));
#12287=DIRECTION('ref_axis',(1.,0.,0.));
#12288=DIRECTION('center_axis',(0.,0.,-1.));
#12289=DIRECTION('ref_axis',(-0.93467238661337,-0.355510238533952,0.));
#12290=DIRECTION('',(-0.866025403784438,0.5,0.));
#12291=DIRECTION('center_axis',(0.,0.,1.));
#12292=DIRECTION('ref_axis',(0.959151237970402,0.2828938010983,0.));
#12293=DIRECTION('center_axis',(0.,0.,1.));
#12294=DIRECTION('ref_axis',(1.,0.,0.));
#12295=DIRECTION('center_axis',(0.,0.,1.));
#12296=DIRECTION('ref_axis',(-0.724568837309472,-0.689202437604511,0.));
#12297=DIRECTION('',(-3.53811153197744E-16,-1.,0.));
#12298=DIRECTION('center_axis',(0.,0.,-1.));
#12299=DIRECTION('ref_axis',(0.775217091182554,0.631694911756031,0.));
#12300=DIRECTION('center_axis',(0.,0.,1.));
#12301=DIRECTION('ref_axis',(1.,0.,0.));
#12302=DIRECTION('center_axis',(0.,0.,-1.));
#12303=DIRECTION('ref_axis',(0.159455295430816,0.987205150289985,0.));
#12304=DIRECTION('',(0.866025403784439,0.5,0.));
#12305=DIRECTION('center_axis',(0.,0.,1.));
#12306=DIRECTION('ref_axis',(-0.234582400660932,-0.972096238702812,0.));
#12307=DIRECTION('center_axis',(0.,0.,1.));
#12308=DIRECTION('ref_axis',(1.,0.,0.));
#12309=DIRECTION('center_axis',(0.,0.,1.));
#12310=DIRECTION('ref_axis',(-0.234582400660927,0.972096238702813,0.));
#12311=DIRECTION('',(-0.866025403784438,0.5,0.));
#12312=DIRECTION('center_axis',(0.,0.,-1.));
#12313=DIRECTION('ref_axis',(0.159455295430816,-0.987205150289985,0.));
#12314=DIRECTION('center_axis',(0.,0.,1.));
#12315=DIRECTION('ref_axis',(1.,0.,0.));
#12316=DIRECTION('center_axis',(0.,0.,-1.));
#12317=DIRECTION('ref_axis',(0.775217091182553,-0.631694911756032,0.));
#12318=DIRECTION('',(-3.53811153197744E-16,-1.,0.));
#12319=DIRECTION('center_axis',(0.,0.,1.));
#12320=DIRECTION('ref_axis',(-0.724568837309473,0.68920243760451,0.));
#12321=DIRECTION('center_axis',(0.,0.,1.));
#12322=DIRECTION('ref_axis',(1.,0.,0.));
#12323=DIRECTION('center_axis',(0.,0.,1.));
#12324=DIRECTION('ref_axis',(0.959151237970402,-0.282893801098303,0.));
#12325=DIRECTION('',(0.866025403784439,0.5,0.));
#12326=DIRECTION('center_axis',(0.,0.,-1.));
#12327=DIRECTION('ref_axis',(-0.934672386613369,0.355510238533953,0.));
#12328=DIRECTION('center_axis',(0.,0.,1.));
#12329=DIRECTION('ref_axis',(1.,0.,0.));
#12330=DIRECTION('center_axis',(0.,0.,-1.));
#12331=DIRECTION('ref_axis',(-0.93467238661337,-0.355510238533952,0.));
#12332=DIRECTION('',(-0.866025403784438,0.5,0.));
#12333=DIRECTION('center_axis',(0.,0.,1.));
#12334=DIRECTION('ref_axis',(0.959151237970402,0.2828938010983,0.));
#12335=DIRECTION('center_axis',(0.,0.,1.));
#12336=DIRECTION('ref_axis',(1.,0.,0.));
#12337=DIRECTION('center_axis',(0.,0.,1.));
#12338=DIRECTION('ref_axis',(-0.724568837309472,-0.689202437604511,0.));
#12339=DIRECTION('',(-3.53811153197744E-16,-1.,0.));
#12340=DIRECTION('center_axis',(0.,0.,-1.));
#12341=DIRECTION('ref_axis',(0.775217091182554,0.631694911756031,0.));
#12342=DIRECTION('center_axis',(0.,0.,1.));
#12343=DIRECTION('ref_axis',(1.,0.,0.));
#12344=DIRECTION('center_axis',(0.,0.,-1.));
#12345=DIRECTION('ref_axis',(0.159455295430816,0.987205150289985,0.));
#12346=DIRECTION('',(0.866025403784439,0.5,0.));
#12347=DIRECTION('center_axis',(0.,0.,1.));
#12348=DIRECTION('ref_axis',(-0.234582400660932,-0.972096238702812,0.));
#12349=DIRECTION('center_axis',(0.,0.,1.));
#12350=DIRECTION('ref_axis',(1.,0.,0.));
#12351=DIRECTION('center_axis',(0.,0.,1.));
#12352=DIRECTION('ref_axis',(-0.234582400660927,0.972096238702813,0.));
#12353=DIRECTION('',(-0.866025403784438,0.5,0.));
#12354=DIRECTION('center_axis',(0.,0.,-1.));
#12355=DIRECTION('ref_axis',(0.159455295430816,-0.987205150289985,0.));
#12356=DIRECTION('center_axis',(0.,0.,1.));
#12357=DIRECTION('ref_axis',(1.,0.,0.));
#12358=DIRECTION('center_axis',(0.,0.,-1.));
#12359=DIRECTION('ref_axis',(0.775217091182553,-0.631694911756032,0.));
#12360=DIRECTION('',(-3.53811153197744E-16,-1.,0.));
#12361=DIRECTION('center_axis',(0.,0.,1.));
#12362=DIRECTION('ref_axis',(-0.724568837309473,0.68920243760451,0.));
#12363=DIRECTION('center_axis',(0.,0.,1.));
#12364=DIRECTION('ref_axis',(1.,0.,0.));
#12365=DIRECTION('center_axis',(0.,0.,1.));
#12366=DIRECTION('ref_axis',(0.959151237970402,-0.282893801098303,0.));
#12367=DIRECTION('',(0.866025403784439,0.5,0.));
#12368=DIRECTION('center_axis',(0.,0.,-1.));
#12369=DIRECTION('ref_axis',(-0.934672386613369,0.355510238533953,0.));
#12370=DIRECTION('center_axis',(0.,0.,1.));
#12371=DIRECTION('ref_axis',(1.,0.,0.));
#12372=DIRECTION('center_axis',(0.,0.,-1.));
#12373=DIRECTION('ref_axis',(-0.93467238661337,-0.355510238533952,0.));
#12374=DIRECTION('',(-0.866025403784438,0.5,0.));
#12375=DIRECTION('center_axis',(0.,0.,1.));
#12376=DIRECTION('ref_axis',(0.959151237970402,0.2828938010983,0.));
#12377=DIRECTION('center_axis',(0.,0.,1.));
#12378=DIRECTION('ref_axis',(1.,0.,0.));
#12379=DIRECTION('center_axis',(0.,0.,1.));
#12380=DIRECTION('ref_axis',(-0.724568837309472,-0.689202437604511,0.));
#12381=DIRECTION('',(-3.53811153197744E-16,-1.,0.));
#12382=DIRECTION('center_axis',(0.,0.,-1.));
#12383=DIRECTION('ref_axis',(0.775217091182554,0.631694911756031,0.));
#12384=DIRECTION('center_axis',(0.,0.,1.));
#12385=DIRECTION('ref_axis',(1.,0.,0.));
#12386=DIRECTION('center_axis',(0.,0.,-1.));
#12387=DIRECTION('ref_axis',(0.159455295430816,0.987205150289985,0.));
#12388=DIRECTION('',(0.866025403784439,0.5,0.));
#12389=DIRECTION('center_axis',(0.,0.,1.));
#12390=DIRECTION('ref_axis',(-0.234582400660932,-0.972096238702812,0.));
#12391=DIRECTION('center_axis',(0.,0.,1.));
#12392=DIRECTION('ref_axis',(1.,0.,0.));
#12393=DIRECTION('center_axis',(0.,0.,1.));
#12394=DIRECTION('ref_axis',(-0.234582400660927,0.972096238702813,0.));
#12395=DIRECTION('',(-0.866025403784438,0.5,0.));
#12396=DIRECTION('center_axis',(0.,0.,-1.));
#12397=DIRECTION('ref_axis',(0.159455295430816,-0.987205150289985,0.));
#12398=DIRECTION('center_axis',(0.,0.,1.));
#12399=DIRECTION('ref_axis',(1.,0.,0.));
#12400=DIRECTION('center_axis',(0.,0.,-1.));
#12401=DIRECTION('ref_axis',(0.775217091182553,-0.631694911756032,0.));
#12402=DIRECTION('',(-3.53811153197744E-16,-1.,0.));
#12403=DIRECTION('center_axis',(0.,0.,1.));
#12404=DIRECTION('ref_axis',(-0.724568837309473,0.68920243760451,0.));
#12405=DIRECTION('center_axis',(0.,0.,1.));
#12406=DIRECTION('ref_axis',(1.,0.,0.));
#12407=DIRECTION('center_axis',(0.,0.,1.));
#12408=DIRECTION('ref_axis',(0.959151237970402,-0.282893801098303,0.));
#12409=DIRECTION('',(0.866025403784439,0.5,0.));
#12410=DIRECTION('center_axis',(0.,0.,-1.));
#12411=DIRECTION('ref_axis',(-0.934672386613369,0.355510238533953,0.));
#12412=DIRECTION('center_axis',(0.,0.,1.));
#12413=DIRECTION('ref_axis',(1.,0.,0.));
#12414=DIRECTION('center_axis',(-0.353553390593274,-0.612372435695795,0.707106781186547));
#12415=DIRECTION('ref_axis',(0.894427190999916,0.,0.447213595499959));
#12416=DIRECTION('',(-0.866025403784438,0.5,0.));
#12417=DIRECTION('',(-0.353553390593273,-0.612372435695793,-0.707106781186549));
#12418=DIRECTION('center_axis',(-0.5,-0.866025403784438,0.));
#12419=DIRECTION('ref_axis',(0.866025403784438,-0.5,0.));
#12420=DIRECTION('',(0.866025403784438,-0.5,0.));
#12421=DIRECTION('',(0.,0.,1.));
#12422=DIRECTION('center_axis',(-0.353553390593275,-0.612372435695796,0.707106781186545));
#12423=DIRECTION('ref_axis',(0.894427190999915,0.,0.44721359549996));
#12424=DIRECTION('',(-0.866025403784438,0.5,0.));
#12425=DIRECTION('',(0.353553390593277,0.612372435695795,0.707106781186545));
#12426=DIRECTION('center_axis',(0.,0.,1.));
#12427=DIRECTION('ref_axis',(1.,0.,0.));
#12428=DIRECTION('',(-0.499999999999999,0.866025403784439,0.));
#12429=DIRECTION('',(0.866025403784439,0.5,0.));
#12430=DIRECTION('center_axis',(0.,0.,-1.));
#12431=DIRECTION('ref_axis',(-0.960768922830523,0.277350098112614,0.));
#12432=DIRECTION('center_axis',(0.,0.,1.));
#12433=DIRECTION('ref_axis',(1.,0.,0.));
#12434=DIRECTION('center_axis',(0.,0.,-1.));
#12435=DIRECTION('ref_axis',(-0.960768922830523,-0.277350098112613,0.));
#12436=DIRECTION('center_axis',(0.,0.,1.));
#12437=DIRECTION('ref_axis',(1.,0.,0.));
#12438=DIRECTION('',(0.499999999999999,-0.866025403784439,0.));
#12439=DIRECTION('',(-0.5,-0.866025403784439,0.));
#12440=DIRECTION('',(-1.,5.69766721891426E-16,0.));
#12441=DIRECTION('',(-0.5,-0.866025403784439,0.));
#12442=DIRECTION('',(-1.,5.69766721891426E-16,0.));
#12443=DIRECTION('',(-0.5,0.866025403784439,0.));
#12444=DIRECTION('',(-1.,5.69766721891426E-16,0.));
#12445=DIRECTION('',(-0.5,-0.866025403784439,0.));
#12446=DIRECTION('',(-1.,5.69766721891426E-16,0.));
#12447=DIRECTION('',(-0.5,0.866025403784439,0.));
#12448=DIRECTION('',(0.5,0.866025403784438,0.));
#12449=DIRECTION('',(-0.5,0.866025403784439,0.));
#12450=DIRECTION('',(0.5,0.866025403784438,0.));
#12451=DIRECTION('',(1.,-7.12208402364283E-16,0.));
#12452=DIRECTION('',(0.5,0.866025403784438,0.));
#12453=DIRECTION('',(1.,-7.12208402364283E-16,0.));
#12454=DIRECTION('',(0.499999999999999,-0.866025403784439,0.));
#12455=DIRECTION('center_axis',(0.,0.,1.));
#12456=DIRECTION('ref_axis',(-0.93467238661337,-0.355510238533952,0.));
#12457=DIRECTION('center_axis',(0.,0.,1.));
#12458=DIRECTION('ref_axis',(1.,0.,0.));
#12459=DIRECTION('center_axis',(0.,0.,1.));
#12460=DIRECTION('ref_axis',(-0.934672386613369,0.355510238533953,0.));
#12461=DIRECTION('',(0.866025403784439,0.5,0.));
#12462=DIRECTION('center_axis',(0.,0.,-1.));
#12463=DIRECTION('ref_axis',(0.959151237970402,-0.282893801098303,0.));
#12464=DIRECTION('center_axis',(0.,0.,1.));
#12465=DIRECTION('ref_axis',(1.,0.,0.));
#12466=DIRECTION('center_axis',(0.,0.,-1.));
#12467=DIRECTION('ref_axis',(-0.724568837309473,0.68920243760451,0.));
#12468=DIRECTION('',(-3.53811153197744E-16,-1.,0.));
#12469=DIRECTION('center_axis',(0.,0.,1.));
#12470=DIRECTION('ref_axis',(0.775217091182553,-0.631694911756032,0.));
#12471=DIRECTION('center_axis',(0.,0.,1.));
#12472=DIRECTION('ref_axis',(1.,0.,0.));
#12473=DIRECTION('center_axis',(0.,0.,1.));
#12474=DIRECTION('ref_axis',(0.159455295430816,-0.987205150289985,0.));
#12475=DIRECTION('',(-0.866025403784438,0.5,0.));
#12476=DIRECTION('center_axis',(0.,0.,-1.));
#12477=DIRECTION('ref_axis',(-0.234582400660927,0.972096238702813,0.));
#12478=DIRECTION('center_axis',(0.,0.,1.));
#12479=DIRECTION('ref_axis',(1.,0.,0.));
#12480=DIRECTION('center_axis',(0.,0.,-1.));
#12481=DIRECTION('ref_axis',(-0.234582400660932,-0.972096238702812,0.));
#12482=DIRECTION('',(0.866025403784439,0.5,0.));
#12483=DIRECTION('center_axis',(0.,0.,1.));
#12484=DIRECTION('ref_axis',(0.159455295430816,0.987205150289985,0.));
#12485=DIRECTION('center_axis',(0.,0.,1.));
#12486=DIRECTION('ref_axis',(1.,0.,0.));
#12487=DIRECTION('center_axis',(0.,0.,1.));
#12488=DIRECTION('ref_axis',(0.775217091182554,0.631694911756031,0.));
#12489=DIRECTION('',(-3.53811153197744E-16,-1.,0.));
#12490=DIRECTION('center_axis',(0.,0.,-1.));
#12491=DIRECTION('ref_axis',(-0.724568837309472,-0.689202437604511,0.));
#12492=DIRECTION('center_axis',(0.,0.,1.));
#12493=DIRECTION('ref_axis',(1.,0.,0.));
#12494=DIRECTION('center_axis',(0.,0.,-1.));
#12495=DIRECTION('ref_axis',(0.959151237970402,0.2828938010983,0.));
#12496=DIRECTION('',(-0.866025403784438,0.5,0.));
#12497=DIRECTION('center_axis',(0.,0.,1.));
#12498=DIRECTION('ref_axis',(-0.93467238661337,-0.355510238533952,0.));
#12499=DIRECTION('center_axis',(0.,0.,1.));
#12500=DIRECTION('ref_axis',(1.,0.,0.));
#12501=DIRECTION('center_axis',(0.,0.,1.));
#12502=DIRECTION('ref_axis',(-0.934672386613369,0.355510238533953,0.));
#12503=DIRECTION('',(0.866025403784439,0.5,0.));
#12504=DIRECTION('center_axis',(0.,0.,-1.));
#12505=DIRECTION('ref_axis',(0.959151237970402,-0.282893801098303,0.));
#12506=DIRECTION('center_axis',(0.,0.,1.));
#12507=DIRECTION('ref_axis',(1.,0.,0.));
#12508=DIRECTION('center_axis',(0.,0.,-1.));
#12509=DIRECTION('ref_axis',(-0.724568837309473,0.68920243760451,0.));
#12510=DIRECTION('',(-3.53811153197744E-16,-1.,0.));
#12511=DIRECTION('center_axis',(0.,0.,1.));
#12512=DIRECTION('ref_axis',(0.775217091182553,-0.631694911756032,0.));
#12513=DIRECTION('center_axis',(0.,0.,1.));
#12514=DIRECTION('ref_axis',(1.,0.,0.));
#12515=DIRECTION('center_axis',(0.,0.,1.));
#12516=DIRECTION('ref_axis',(0.159455295430816,-0.987205150289985,0.));
#12517=DIRECTION('',(-0.866025403784438,0.5,0.));
#12518=DIRECTION('center_axis',(0.,0.,-1.));
#12519=DIRECTION('ref_axis',(-0.234582400660927,0.972096238702813,0.));
#12520=DIRECTION('center_axis',(0.,0.,1.));
#12521=DIRECTION('ref_axis',(1.,0.,0.));
#12522=DIRECTION('center_axis',(0.,0.,-1.));
#12523=DIRECTION('ref_axis',(-0.234582400660932,-0.972096238702812,0.));
#12524=DIRECTION('',(0.866025403784439,0.5,0.));
#12525=DIRECTION('center_axis',(0.,0.,1.));
#12526=DIRECTION('ref_axis',(0.159455295430816,0.987205150289985,0.));
#12527=DIRECTION('center_axis',(0.,0.,1.));
#12528=DIRECTION('ref_axis',(1.,0.,0.));
#12529=DIRECTION('center_axis',(0.,0.,1.));
#12530=DIRECTION('ref_axis',(0.775217091182554,0.631694911756031,0.));
#12531=DIRECTION('',(-3.53811153197744E-16,-1.,0.));
#12532=DIRECTION('center_axis',(0.,0.,-1.));
#12533=DIRECTION('ref_axis',(-0.724568837309472,-0.689202437604511,0.));
#12534=DIRECTION('center_axis',(0.,0.,1.));
#12535=DIRECTION('ref_axis',(1.,0.,0.));
#12536=DIRECTION('center_axis',(0.,0.,-1.));
#12537=DIRECTION('ref_axis',(0.959151237970402,0.2828938010983,0.));
#12538=DIRECTION('',(-0.866025403784438,0.5,0.));
#12539=DIRECTION('center_axis',(0.,0.,1.));
#12540=DIRECTION('ref_axis',(-0.93467238661337,-0.355510238533952,0.));
#12541=DIRECTION('center_axis',(0.,0.,1.));
#12542=DIRECTION('ref_axis',(1.,0.,0.));
#12543=DIRECTION('center_axis',(0.,0.,1.));
#12544=DIRECTION('ref_axis',(-0.934672386613369,0.355510238533953,0.));
#12545=DIRECTION('',(0.866025403784439,0.5,0.));
#12546=DIRECTION('center_axis',(0.,0.,-1.));
#12547=DIRECTION('ref_axis',(0.959151237970402,-0.282893801098303,0.));
#12548=DIRECTION('center_axis',(0.,0.,1.));
#12549=DIRECTION('ref_axis',(1.,0.,0.));
#12550=DIRECTION('center_axis',(0.,0.,-1.));
#12551=DIRECTION('ref_axis',(-0.724568837309473,0.68920243760451,0.));
#12552=DIRECTION('',(-3.53811153197744E-16,-1.,0.));
#12553=DIRECTION('center_axis',(0.,0.,1.));
#12554=DIRECTION('ref_axis',(0.775217091182553,-0.631694911756032,0.));
#12555=DIRECTION('center_axis',(0.,0.,1.));
#12556=DIRECTION('ref_axis',(1.,0.,0.));
#12557=DIRECTION('center_axis',(0.,0.,1.));
#12558=DIRECTION('ref_axis',(0.159455295430816,-0.987205150289985,0.));
#12559=DIRECTION('',(-0.866025403784438,0.5,0.));
#12560=DIRECTION('center_axis',(0.,0.,-1.));
#12561=DIRECTION('ref_axis',(-0.234582400660927,0.972096238702813,0.));
#12562=DIRECTION('center_axis',(0.,0.,1.));
#12563=DIRECTION('ref_axis',(1.,0.,0.));
#12564=DIRECTION('center_axis',(0.,0.,-1.));
#12565=DIRECTION('ref_axis',(-0.234582400660932,-0.972096238702812,0.));
#12566=DIRECTION('',(0.866025403784439,0.5,0.));
#12567=DIRECTION('center_axis',(0.,0.,1.));
#12568=DIRECTION('ref_axis',(0.159455295430816,0.987205150289985,0.));
#12569=DIRECTION('center_axis',(0.,0.,1.));
#12570=DIRECTION('ref_axis',(1.,0.,0.));
#12571=DIRECTION('center_axis',(0.,0.,1.));
#12572=DIRECTION('ref_axis',(0.775217091182554,0.631694911756031,0.));
#12573=DIRECTION('',(-3.53811153197744E-16,-1.,0.));
#12574=DIRECTION('center_axis',(0.,0.,-1.));
#12575=DIRECTION('ref_axis',(-0.724568837309472,-0.689202437604511,0.));
#12576=DIRECTION('center_axis',(0.,0.,1.));
#12577=DIRECTION('ref_axis',(1.,0.,0.));
#12578=DIRECTION('center_axis',(0.,0.,-1.));
#12579=DIRECTION('ref_axis',(0.959151237970402,0.2828938010983,0.));
#12580=DIRECTION('',(-0.866025403784438,0.5,0.));
#12581=DIRECTION('center_axis',(0.,0.,1.));
#12582=DIRECTION('ref_axis',(-0.93467238661337,-0.355510238533952,0.));
#12583=DIRECTION('center_axis',(0.,0.,1.));
#12584=DIRECTION('ref_axis',(1.,0.,0.));
#12585=DIRECTION('center_axis',(0.,0.,1.));
#12586=DIRECTION('ref_axis',(-0.934672386613369,0.355510238533953,0.));
#12587=DIRECTION('',(0.866025403784439,0.5,0.));
#12588=DIRECTION('center_axis',(0.,0.,-1.));
#12589=DIRECTION('ref_axis',(0.959151237970402,-0.282893801098303,0.));
#12590=DIRECTION('center_axis',(0.,0.,1.));
#12591=DIRECTION('ref_axis',(1.,0.,0.));
#12592=DIRECTION('center_axis',(0.,0.,-1.));
#12593=DIRECTION('ref_axis',(-0.724568837309473,0.68920243760451,0.));
#12594=DIRECTION('',(-3.53811153197744E-16,-1.,0.));
#12595=DIRECTION('center_axis',(0.,0.,1.));
#12596=DIRECTION('ref_axis',(0.775217091182553,-0.631694911756032,0.));
#12597=DIRECTION('center_axis',(0.,0.,1.));
#12598=DIRECTION('ref_axis',(1.,0.,0.));
#12599=DIRECTION('center_axis',(0.,0.,1.));
#12600=DIRECTION('ref_axis',(0.159455295430816,-0.987205150289985,0.));
#12601=DIRECTION('',(-0.866025403784438,0.5,0.));
#12602=DIRECTION('center_axis',(0.,0.,-1.));
#12603=DIRECTION('ref_axis',(-0.234582400660927,0.972096238702813,0.));
#12604=DIRECTION('center_axis',(0.,0.,1.));
#12605=DIRECTION('ref_axis',(1.,0.,0.));
#12606=DIRECTION('center_axis',(0.,0.,-1.));
#12607=DIRECTION('ref_axis',(-0.234582400660932,-0.972096238702812,0.));
#12608=DIRECTION('',(0.866025403784439,0.5,0.));
#12609=DIRECTION('center_axis',(0.,0.,1.));
#12610=DIRECTION('ref_axis',(0.159455295430816,0.987205150289985,0.));
#12611=DIRECTION('center_axis',(0.,0.,1.));
#12612=DIRECTION('ref_axis',(1.,0.,0.));
#12613=DIRECTION('center_axis',(0.,0.,1.));
#12614=DIRECTION('ref_axis',(0.775217091182554,0.631694911756031,0.));
#12615=DIRECTION('',(-3.53811153197744E-16,-1.,0.));
#12616=DIRECTION('center_axis',(0.,0.,-1.));
#12617=DIRECTION('ref_axis',(-0.724568837309472,-0.689202437604511,0.));
#12618=DIRECTION('center_axis',(0.,0.,1.));
#12619=DIRECTION('ref_axis',(1.,0.,0.));
#12620=DIRECTION('center_axis',(0.,0.,-1.));
#12621=DIRECTION('ref_axis',(0.959151237970402,0.2828938010983,0.));
#12622=DIRECTION('',(-0.866025403784438,0.5,0.));
#12623=DIRECTION('center_axis',(0.,0.,1.));
#12624=DIRECTION('ref_axis',(-0.93467238661337,-0.355510238533952,0.));
#12625=DIRECTION('center_axis',(0.,0.,1.));
#12626=DIRECTION('ref_axis',(1.,0.,0.));
#12627=DIRECTION('center_axis',(0.,0.,1.));
#12628=DIRECTION('ref_axis',(-0.934672386613369,0.355510238533953,0.));
#12629=DIRECTION('',(0.866025403784439,0.5,0.));
#12630=DIRECTION('center_axis',(0.,0.,-1.));
#12631=DIRECTION('ref_axis',(0.959151237970402,-0.282893801098303,0.));
#12632=DIRECTION('center_axis',(0.,0.,1.));
#12633=DIRECTION('ref_axis',(1.,0.,0.));
#12634=DIRECTION('center_axis',(0.,0.,-1.));
#12635=DIRECTION('ref_axis',(-0.724568837309473,0.68920243760451,0.));
#12636=DIRECTION('',(-3.53811153197744E-16,-1.,0.));
#12637=DIRECTION('center_axis',(0.,0.,1.));
#12638=DIRECTION('ref_axis',(0.775217091182553,-0.631694911756032,0.));
#12639=DIRECTION('center_axis',(0.,0.,1.));
#12640=DIRECTION('ref_axis',(1.,0.,0.));
#12641=DIRECTION('center_axis',(0.,0.,1.));
#12642=DIRECTION('ref_axis',(0.159455295430816,-0.987205150289985,0.));
#12643=DIRECTION('',(-0.866025403784438,0.5,0.));
#12644=DIRECTION('center_axis',(0.,0.,-1.));
#12645=DIRECTION('ref_axis',(-0.234582400660927,0.972096238702813,0.));
#12646=DIRECTION('center_axis',(0.,0.,1.));
#12647=DIRECTION('ref_axis',(1.,0.,0.));
#12648=DIRECTION('center_axis',(0.,0.,-1.));
#12649=DIRECTION('ref_axis',(-0.234582400660932,-0.972096238702812,0.));
#12650=DIRECTION('',(0.866025403784439,0.5,0.));
#12651=DIRECTION('center_axis',(0.,0.,1.));
#12652=DIRECTION('ref_axis',(0.159455295430816,0.987205150289985,0.));
#12653=DIRECTION('center_axis',(0.,0.,1.));
#12654=DIRECTION('ref_axis',(1.,0.,0.));
#12655=DIRECTION('center_axis',(0.,0.,1.));
#12656=DIRECTION('ref_axis',(0.775217091182554,0.631694911756031,0.));
#12657=DIRECTION('',(-3.53811153197744E-16,-1.,0.));
#12658=DIRECTION('center_axis',(0.,0.,-1.));
#12659=DIRECTION('ref_axis',(-0.724568837309472,-0.689202437604511,0.));
#12660=DIRECTION('center_axis',(0.,0.,1.));
#12661=DIRECTION('ref_axis',(1.,0.,0.));
#12662=DIRECTION('center_axis',(0.,0.,-1.));
#12663=DIRECTION('ref_axis',(0.959151237970402,0.2828938010983,0.));
#12664=DIRECTION('',(-0.866025403784438,0.5,0.));
#12665=DIRECTION('center_axis',(0.,0.,1.));
#12666=DIRECTION('ref_axis',(-0.93467238661337,-0.355510238533952,0.));
#12667=DIRECTION('center_axis',(0.,0.,1.));
#12668=DIRECTION('ref_axis',(1.,0.,0.));
#12669=DIRECTION('center_axis',(0.,0.,1.));
#12670=DIRECTION('ref_axis',(-0.934672386613369,0.355510238533953,0.));
#12671=DIRECTION('',(0.866025403784439,0.5,0.));
#12672=DIRECTION('center_axis',(0.,0.,-1.));
#12673=DIRECTION('ref_axis',(0.959151237970402,-0.282893801098303,0.));
#12674=DIRECTION('center_axis',(0.,0.,1.));
#12675=DIRECTION('ref_axis',(1.,0.,0.));
#12676=DIRECTION('center_axis',(0.,0.,-1.));
#12677=DIRECTION('ref_axis',(-0.724568837309473,0.68920243760451,0.));
#12678=DIRECTION('',(-3.53811153197744E-16,-1.,0.));
#12679=DIRECTION('center_axis',(0.,0.,1.));
#12680=DIRECTION('ref_axis',(0.775217091182553,-0.631694911756032,0.));
#12681=DIRECTION('center_axis',(0.,0.,1.));
#12682=DIRECTION('ref_axis',(1.,0.,0.));
#12683=DIRECTION('center_axis',(0.,0.,1.));
#12684=DIRECTION('ref_axis',(0.159455295430816,-0.987205150289985,0.));
#12685=DIRECTION('',(-0.866025403784438,0.5,0.));
#12686=DIRECTION('center_axis',(0.,0.,-1.));
#12687=DIRECTION('ref_axis',(-0.234582400660927,0.972096238702813,0.));
#12688=DIRECTION('center_axis',(0.,0.,1.));
#12689=DIRECTION('ref_axis',(1.,0.,0.));
#12690=DIRECTION('center_axis',(0.,0.,-1.));
#12691=DIRECTION('ref_axis',(-0.234582400660932,-0.972096238702812,0.));
#12692=DIRECTION('',(0.866025403784439,0.5,0.));
#12693=DIRECTION('center_axis',(0.,0.,1.));
#12694=DIRECTION('ref_axis',(0.159455295430816,0.987205150289985,0.));
#12695=DIRECTION('center_axis',(0.,0.,1.));
#12696=DIRECTION('ref_axis',(1.,0.,0.));
#12697=DIRECTION('center_axis',(0.,0.,1.));
#12698=DIRECTION('ref_axis',(0.775217091182554,0.631694911756031,0.));
#12699=DIRECTION('',(-3.53811153197744E-16,-1.,0.));
#12700=DIRECTION('center_axis',(0.,0.,-1.));
#12701=DIRECTION('ref_axis',(-0.724568837309472,-0.689202437604511,0.));
#12702=DIRECTION('center_axis',(0.,0.,1.));
#12703=DIRECTION('ref_axis',(1.,0.,0.));
#12704=DIRECTION('center_axis',(0.,0.,-1.));
#12705=DIRECTION('ref_axis',(0.959151237970402,0.2828938010983,0.));
#12706=DIRECTION('',(-0.866025403784438,0.5,0.));
#12707=DIRECTION('center_axis',(-0.353553390593274,0.612372435695795,0.707106781186547));
#12708=DIRECTION('ref_axis',(0.894427190999916,0.,0.447213595499958));
#12709=DIRECTION('',(0.353553390593273,-0.612372435695794,0.707106781186548));
#12710=DIRECTION('',(0.866025403784439,0.5,0.));
#12711=DIRECTION('',(-0.353553390593273,0.612372435695793,-0.707106781186549));
#12712=DIRECTION('center_axis',(0.,0.,-1.));
#12713=DIRECTION('ref_axis',(0.240192230707629,0.970725343394151,0.));
#12714=DIRECTION('center_axis',(0.,0.,-1.));
#12715=DIRECTION('ref_axis',(0.240192230707629,0.970725343394151,0.));
#12716=DIRECTION('',(0.598321122542462,0.376844575812797,-0.707106781186548));
#12717=DIRECTION('center_axis',(0.,0.,1.));
#12718=DIRECTION('ref_axis',(-1.,0.,0.));
#12719=DIRECTION('',(0.0271964146610247,0.706583579648997,-0.707106781186544));
#12720=DIRECTION('center_axis',(0.,0.,1.));
#12721=DIRECTION('ref_axis',(-1.,0.,0.));
#12722=DIRECTION('center_axis',(0.,0.,-1.));
#12723=DIRECTION('ref_axis',(0.720576692122895,0.693375245281534,0.));
#12724=DIRECTION('center_axis',(0.,0.,-1.));
#12725=DIRECTION('ref_axis',(0.720576692122895,0.693375245281534,0.));
#12726=DIRECTION('',(0.707106781186547,0.,-0.707106781186548));
#12727=DIRECTION('center_axis',(0.,0.,1.));
#12728=DIRECTION('ref_axis',(0.720576692122895,0.693375245281534,0.));
#12729=DIRECTION('',(0.,0.,1.));
#12730=DIRECTION('center_axis',(0.,0.,1.));
#12731=DIRECTION('ref_axis',(0.720576692122895,0.693375245281534,0.));
#12732=DIRECTION('',(0.,0.,-1.));
#12733=DIRECTION('center_axis',(0.,0.,1.));
#12734=DIRECTION('ref_axis',(1.,0.,0.));
#12735=DIRECTION('',(0.,0.,-1.));
#12736=DIRECTION('center_axis',(0.,0.,-1.));
#12737=DIRECTION('ref_axis',(-1.,0.,0.));
#12738=DIRECTION('center_axis',(0.,0.,1.));
#12739=DIRECTION('ref_axis',(0.240192230707629,0.970725343394151,0.));
#12740=DIRECTION('',(0.,0.,1.));
#12741=DIRECTION('center_axis',(0.,0.,1.));
#12742=DIRECTION('ref_axis',(0.240192230707629,0.970725343394151,0.));
#12743=DIRECTION('center_axis',(-0.5,0.866025403784439,0.));
#12744=DIRECTION('ref_axis',(-0.866025403784439,-0.5,0.));
#12745=DIRECTION('',(0.,0.,1.));
#12746=DIRECTION('',(-0.866025403784439,-0.5,0.));
#12747=DIRECTION('center_axis',(0.,0.,-1.));
#12748=DIRECTION('ref_axis',(-0.960768922830523,-0.277350098112613,0.));
#12749=DIRECTION('',(-0.353553390593273,-0.612372435695793,-0.707106781186549));
#12750=DIRECTION('center_axis',(0.,0.,-1.));
#12751=DIRECTION('ref_axis',(-0.960768922830523,-0.277350098112613,0.));
#12752=DIRECTION('',(-0.625517537203483,0.329739003836196,-0.707106781186549));
#12753=DIRECTION('center_axis',(0.,0.,1.));
#12754=DIRECTION('ref_axis',(1.,0.,0.));
#12755=DIRECTION('',(-0.625517537203483,-0.329739003836196,-0.707106781186549));
#12756=DIRECTION('center_axis',(0.,0.,1.));
#12757=DIRECTION('ref_axis',(1.,0.,0.));
#12758=DIRECTION('center_axis',(0.,0.,-1.));
#12759=DIRECTION('ref_axis',(-0.960768922830523,0.277350098112614,0.));
#12760=DIRECTION('center_axis',(0.,0.,-1.));
#12761=DIRECTION('ref_axis',(-0.960768922830523,0.277350098112614,0.));
#12762=DIRECTION('',(-0.353553390593272,0.612372435695797,-0.707106781186547));
#12763=DIRECTION('center_axis',(0.,0.,1.));
#12764=DIRECTION('ref_axis',(-0.960768922830523,0.277350098112614,0.));
#12765=DIRECTION('',(0.,0.,1.));
#12766=DIRECTION('center_axis',(0.,0.,1.));
#12767=DIRECTION('ref_axis',(-0.960768922830523,0.277350098112614,0.));
#12768=DIRECTION('',(0.,0.,-1.));
#12769=DIRECTION('center_axis',(0.,0.,1.));
#12770=DIRECTION('ref_axis',(1.,0.,0.));
#12771=DIRECTION('',(0.,0.,-1.));
#12772=DIRECTION('center_axis',(0.,0.,-1.));
#12773=DIRECTION('ref_axis',(1.,0.,0.));
#12774=DIRECTION('center_axis',(0.,0.,1.));
#12775=DIRECTION('ref_axis',(-0.960768922830523,-0.277350098112613,0.));
#12776=DIRECTION('',(0.,0.,1.));
#12777=DIRECTION('center_axis',(0.,0.,1.));
#12778=DIRECTION('ref_axis',(-0.960768922830523,-0.277350098112613,0.));
#12779=DIRECTION('center_axis',(0.707106781186547,-2.50182265685557E-16,
0.707106781186548));
#12780=DIRECTION('ref_axis',(0.707106781186548,0.,-0.707106781186547));
#12781=DIRECTION('',(-0.707106781186548,5.03607390929821E-16,0.707106781186547));
#12782=DIRECTION('',(-3.53811153197744E-16,-1.,0.));
#12783=DIRECTION('',(0.707106781186548,0.,-0.707106781186547));
#12784=DIRECTION('center_axis',(0.,0.,-1.));
#12785=DIRECTION('ref_axis',(0.720576692122895,-0.693375245281534,0.));
#12786=DIRECTION('center_axis',(0.,0.,-1.));
#12787=DIRECTION('ref_axis',(0.720576692122895,-0.693375245281534,0.));
#12788=DIRECTION('',(0.0271964146610205,-0.706583579648994,-0.707106781186547));
#12789=DIRECTION('center_axis',(0.,0.,1.));
#12790=DIRECTION('ref_axis',(-1.,0.,0.));
#12791=DIRECTION('',(0.598321122542462,-0.376844575812797,-0.707106781186548));
#12792=DIRECTION('center_axis',(0.,0.,1.));
#12793=DIRECTION('ref_axis',(-1.,0.,0.));
#12794=DIRECTION('center_axis',(0.,0.,-1.));
#12795=DIRECTION('ref_axis',(0.240192230707624,-0.970725343394153,0.));
#12796=DIRECTION('center_axis',(0.,0.,-1.));
#12797=DIRECTION('ref_axis',(0.240192230707624,-0.970725343394153,0.));
#12798=DIRECTION('',(-0.353553390593279,-0.612372435695791,-0.707106781186548));
#12799=DIRECTION('center_axis',(-0.353553390593274,-0.612372435695793,0.707106781186549));
#12800=DIRECTION('ref_axis',(0.894427190999916,0.,0.447213595499957));
#12801=DIRECTION('',(-0.353553390593275,-0.612372435695795,-0.707106781186546));
#12802=DIRECTION('',(-0.866025403784438,0.5,0.));
#12803=DIRECTION('center_axis',(-0.5,-0.866025403784438,0.));
#12804=DIRECTION('ref_axis',(0.866025403784438,-0.5,0.));
#12805=DIRECTION('',(0.,0.,-1.));
#12806=DIRECTION('',(0.866025403784438,-0.5,0.));
#12807=DIRECTION('',(0.,0.,1.));
#12808=DIRECTION('center_axis',(0.,0.,1.));
#12809=DIRECTION('ref_axis',(0.240192230707624,-0.970725343394153,0.));
#12810=DIRECTION('',(0.,0.,1.));
#12811=DIRECTION('center_axis',(0.,0.,1.));
#12812=DIRECTION('ref_axis',(0.240192230707624,-0.970725343394153,0.));
#12813=DIRECTION('center_axis',(0.,0.,1.));
#12814=DIRECTION('ref_axis',(1.,0.,0.));
#12815=DIRECTION('',(0.,0.,-1.));
#12816=DIRECTION('center_axis',(0.,0.,-1.));
#12817=DIRECTION('ref_axis',(-1.,0.,0.));
#12818=DIRECTION('center_axis',(0.,0.,1.));
#12819=DIRECTION('ref_axis',(0.720576692122895,-0.693375245281534,0.));
#12820=DIRECTION('',(0.,0.,1.));
#12821=DIRECTION('center_axis',(0.,0.,1.));
#12822=DIRECTION('ref_axis',(0.720576692122895,-0.693375245281534,0.));
#12823=DIRECTION('center_axis',(1.,-3.53811153197744E-16,0.));
#12824=DIRECTION('ref_axis',(3.53811153197744E-16,1.,0.));
#12825=DIRECTION('',(0.,0.,1.));
#12826=DIRECTION('',(3.53811153197744E-16,1.,0.));
#12827=DIRECTION('center_axis',(-0.353553390593274,-0.612372435695795,0.707106781186547));
#12828=DIRECTION('ref_axis',(0.894427190999915,0.,0.447213595499959));
#12829=DIRECTION('',(-0.353553390593274,-0.612372435695794,-0.707106781186548));
#12830=DIRECTION('',(0.353553390593273,0.612372435695794,0.707106781186548));
#12831=DIRECTION('',(-0.866025403784438,0.5,0.));
#12832=DIRECTION('center_axis',(0.,0.,-1.));
#12833=DIRECTION('ref_axis',(0.240192230707624,-0.970725343394153,0.));
#12834=DIRECTION('',(-0.598321122542462,0.376844575812797,0.707106781186549));
#12835=DIRECTION('center_axis',(0.,0.,-1.));
#12836=DIRECTION('ref_axis',(0.240192230707624,-0.970725343394153,0.));
#12837=DIRECTION('center_axis',(0.,0.,1.));
#12838=DIRECTION('ref_axis',(-1.,0.,0.));
#12839=DIRECTION('',(-0.0271964146610172,0.706583579648994,0.707106781186547));
#12840=DIRECTION('center_axis',(0.,0.,1.));
#12841=DIRECTION('ref_axis',(-1.,0.,0.));
#12842=DIRECTION('center_axis',(0.,0.,-1.));
#12843=DIRECTION('ref_axis',(0.720576692122895,-0.693375245281534,0.));
#12844=DIRECTION('',(-0.707106781186547,0.,0.707106781186549));
#12845=DIRECTION('center_axis',(0.,0.,-1.));
#12846=DIRECTION('ref_axis',(0.720576692122895,-0.693375245281534,0.));
#12847=DIRECTION('center_axis',(0.707106781186548,-2.50182265685557E-16,
0.707106781186547));
#12848=DIRECTION('ref_axis',(0.707106781186547,0.,-0.707106781186548));
#12849=DIRECTION('',(-0.707106781186547,5.03607390929821E-16,0.707106781186548));
#12850=DIRECTION('',(-3.53811153197744E-16,-1.,0.));
#12851=DIRECTION('center_axis',(7.12208402364283E-16,1.,0.));
#12852=DIRECTION('ref_axis',(1.,-7.12208402364283E-16,0.));
#12853=DIRECTION('',(0.,0.,-1.));
#12854=DIRECTION('',(0.,0.,1.));
#12855=DIRECTION('',(-1.,7.12208402364283E-16,0.));
#12856=DIRECTION('center_axis',(0.,0.,-1.));
#12857=DIRECTION('ref_axis',(0.720576692122894,0.693375245281534,0.));
#12858=DIRECTION('',(-0.707106781186547,0.,0.707106781186548));
#12859=DIRECTION('',(-0.027196414661021,-0.706583579648991,0.70710678118655));
#12860=DIRECTION('center_axis',(0.,0.,-1.));
#12861=DIRECTION('ref_axis',(0.720576692122895,0.693375245281534,0.));
#12862=DIRECTION('center_axis',(0.,0.,1.));
#12863=DIRECTION('ref_axis',(-1.,0.,0.));
#12864=DIRECTION('',(-0.598321122542464,-0.376844575812801,0.707106781186544));
#12865=DIRECTION('center_axis',(0.,0.,1.));
#12866=DIRECTION('ref_axis',(-1.,0.,0.));
#12867=DIRECTION('center_axis',(0.,0.,-1.));
#12868=DIRECTION('ref_axis',(0.240192230707629,0.970725343394151,0.));
#12869=DIRECTION('',(0.353553390593271,-0.612372435695798,0.707106781186546));
#12870=DIRECTION('center_axis',(0.,0.,-1.));
#12871=DIRECTION('ref_axis',(0.240192230707629,0.970725343394151,0.));
#12872=DIRECTION('center_axis',(-0.353553390593274,0.612372435695795,0.707106781186547));
#12873=DIRECTION('ref_axis',(0.894427190999916,0.,0.447213595499958));
#12874=DIRECTION('',(0.353553390593273,-0.612372435695794,0.707106781186548));
#12875=DIRECTION('',(0.866025403784439,0.5,0.));
#12876=DIRECTION('center_axis',(0.,0.,-1.));
#12877=DIRECTION('ref_axis',(-0.960768922830523,0.277350098112614,0.));
#12878=DIRECTION('',(0.353553390593274,-0.61237243569579,0.707106781186551));
#12879=DIRECTION('',(0.625517537203483,0.329739003836196,0.707106781186549));
#12880=DIRECTION('center_axis',(0.,0.,-1.));
#12881=DIRECTION('ref_axis',(-0.960768922830523,0.277350098112614,0.));
#12882=DIRECTION('center_axis',(0.,0.,1.));
#12883=DIRECTION('ref_axis',(1.,0.,0.));
#12884=DIRECTION('',(0.625517537203482,-0.329739003836198,0.707106781186549));
#12885=DIRECTION('center_axis',(0.,0.,1.));
#12886=DIRECTION('ref_axis',(1.,0.,0.));
#12887=DIRECTION('center_axis',(0.,0.,-1.));
#12888=DIRECTION('ref_axis',(-0.960768922830523,-0.277350098112613,0.));
#12889=DIRECTION('',(0.353553390593277,0.612372435695795,0.707106781186545));
#12890=DIRECTION('center_axis',(0.,0.,-1.));
#12891=DIRECTION('ref_axis',(-0.960768922830523,-0.277350098112613,0.));
#12892=DIRECTION('center_axis',(0.,0.,-1.));
#12893=DIRECTION('ref_axis',(0.959151237970402,0.2828938010983,0.));
#12894=DIRECTION('',(0.,0.,-1.));
#12895=DIRECTION('',(0.,0.,1.));
#12896=DIRECTION('center_axis',(-0.5,-0.866025403784438,0.));
#12897=DIRECTION('ref_axis',(-0.866025403784438,0.5,0.));
#12898=DIRECTION('',(0.,0.,1.));
#12899=DIRECTION('center_axis',(0.,0.,-1.));
#12900=DIRECTION('ref_axis',(-0.93467238661337,-0.355510238533952,0.));
#12901=DIRECTION('',(0.,0.,-1.));
#12902=DIRECTION('center_axis',(0.,0.,-1.));
#12903=DIRECTION('ref_axis',(1.,0.,0.));
#12904=DIRECTION('',(0.,0.,1.));
#12905=DIRECTION('center_axis',(0.,0.,-1.));
#12906=DIRECTION('ref_axis',(-0.934672386613369,0.355510238533953,0.));
#12907=DIRECTION('',(0.,0.,-1.));
#12908=DIRECTION('center_axis',(-0.5,0.866025403784439,0.));
#12909=DIRECTION('ref_axis',(0.866025403784439,0.5,0.));
#12910=DIRECTION('',(0.,0.,1.));
#12911=DIRECTION('center_axis',(0.,0.,-1.));
#12912=DIRECTION('ref_axis',(0.959151237970402,-0.282893801098303,0.));
#12913=DIRECTION('',(0.,0.,-1.));
#12914=DIRECTION('center_axis',(0.,0.,-1.));
#12915=DIRECTION('ref_axis',(1.,0.,0.));
#12916=DIRECTION('',(0.,0.,1.));
#12917=DIRECTION('center_axis',(0.,0.,-1.));
#12918=DIRECTION('ref_axis',(-0.724568837309473,0.68920243760451,0.));
#12919=DIRECTION('',(0.,0.,-1.));
#12920=DIRECTION('center_axis',(1.,-3.53811153197744E-16,0.));
#12921=DIRECTION('ref_axis',(-3.53811153197744E-16,-1.,0.));
#12922=DIRECTION('',(0.,0.,1.));
#12923=DIRECTION('center_axis',(0.,0.,-1.));
#12924=DIRECTION('ref_axis',(0.775217091182553,-0.631694911756032,0.));
#12925=DIRECTION('',(0.,0.,-1.));
#12926=DIRECTION('center_axis',(0.,0.,-1.));
#12927=DIRECTION('ref_axis',(1.,0.,0.));
#12928=DIRECTION('',(0.,0.,1.));
#12929=DIRECTION('center_axis',(0.,0.,-1.));
#12930=DIRECTION('ref_axis',(0.159455295430816,-0.987205150289985,0.));
#12931=DIRECTION('',(0.,0.,-1.));
#12932=DIRECTION('center_axis',(-0.5,-0.866025403784438,0.));
#12933=DIRECTION('ref_axis',(-0.866025403784438,0.5,0.));
#12934=DIRECTION('',(0.,0.,1.));
#12935=DIRECTION('center_axis',(0.,0.,-1.));
#12936=DIRECTION('ref_axis',(-0.234582400660927,0.972096238702813,0.));
#12937=DIRECTION('',(0.,0.,-1.));
#12938=DIRECTION('center_axis',(0.,0.,-1.));
#12939=DIRECTION('ref_axis',(-1.,1.22464679914735E-16,0.));
#12940=DIRECTION('',(0.,0.,1.));
#12941=DIRECTION('center_axis',(0.,0.,-1.));
#12942=DIRECTION('ref_axis',(-0.234582400660932,-0.972096238702812,0.));
#12943=DIRECTION('',(0.,0.,-1.));
#12944=DIRECTION('center_axis',(-0.5,0.866025403784439,0.));
#12945=DIRECTION('ref_axis',(0.866025403784439,0.5,0.));
#12946=DIRECTION('',(0.,0.,1.));
#12947=DIRECTION('center_axis',(0.,0.,-1.));
#12948=DIRECTION('ref_axis',(0.159455295430816,0.987205150289985,0.));
#12949=DIRECTION('',(0.,0.,-1.));
#12950=DIRECTION('center_axis',(0.,0.,-1.));
#12951=DIRECTION('ref_axis',(1.,0.,0.));
#12952=DIRECTION('',(0.,0.,1.));
#12953=DIRECTION('center_axis',(0.,0.,-1.));
#12954=DIRECTION('ref_axis',(-0.724568837309472,-0.689202437604511,0.));
#12955=DIRECTION('',(0.,0.,-1.));
#12956=DIRECTION('',(0.,0.,1.));
#12957=DIRECTION('center_axis',(0.,0.,-1.));
#12958=DIRECTION('ref_axis',(1.,0.,0.));
#12959=DIRECTION('center_axis',(0.,0.,-1.));
#12960=DIRECTION('ref_axis',(0.775217091182554,0.631694911756031,0.));
#12961=DIRECTION('',(0.,0.,-1.));
#12962=DIRECTION('center_axis',(0.,0.,1.));
#12963=DIRECTION('ref_axis',(1.,0.,0.));
#12964=DIRECTION('',(-0.5,-0.866025403784438,0.));
#12965=DIRECTION('center_axis',(1.,-3.53811153197744E-16,0.));
#12966=DIRECTION('ref_axis',(-3.53811153197744E-16,-1.,0.));
#12967=DIRECTION('center_axis',(-0.866025403784438,0.5,0.));
#12968=DIRECTION('ref_axis',(0.5,0.866025403784438,0.));
#12969=DIRECTION('',(0.,0.,-1.));
#12970=DIRECTION('center_axis',(-0.866025403784439,-0.5,0.));
#12971=DIRECTION('ref_axis',(-0.5,0.866025403784439,0.));
#12972=DIRECTION('',(0.,0.,1.));
#12973=DIRECTION('',(0.5,-0.866025403784439,0.));
#12974=DIRECTION('center_axis',(-0.353553390593274,0.612372435695795,0.707106781186547));
#12975=DIRECTION('ref_axis',(0.894427190999916,0.,0.447213595499958));
#12976=DIRECTION('',(0.866025403784439,0.5,0.));
#12977=DIRECTION('',(-0.353553390593273,0.612372435695793,-0.707106781186549));
#12978=DIRECTION('center_axis',(0.,0.,-1.));
#12979=DIRECTION('ref_axis',(0.240192230707629,0.970725343394151,0.));
#12980=DIRECTION('center_axis',(0.,0.,-1.));
#12981=DIRECTION('ref_axis',(0.240192230707629,0.970725343394151,0.));
#12982=DIRECTION('',(0.598321122542462,0.376844575812797,-0.707106781186548));
#12983=DIRECTION('center_axis',(0.,0.,1.));
#12984=DIRECTION('ref_axis',(-1.,0.,0.));
#12985=DIRECTION('',(0.0271964146610247,0.706583579648997,-0.707106781186544));
#12986=DIRECTION('center_axis',(0.,0.,1.));
#12987=DIRECTION('ref_axis',(-1.,0.,0.));
#12988=DIRECTION('center_axis',(0.,0.,-1.));
#12989=DIRECTION('ref_axis',(0.720576692122895,0.693375245281534,0.));
#12990=DIRECTION('center_axis',(0.,0.,-1.));
#12991=DIRECTION('ref_axis',(0.720576692122895,0.693375245281534,0.));
#12992=DIRECTION('',(0.707106781186547,0.,-0.707106781186548));
#12993=DIRECTION('center_axis',(0.,0.,1.));
#12994=DIRECTION('ref_axis',(0.720576692122895,0.693375245281534,0.));
#12995=DIRECTION('',(0.,0.,1.));
#12996=DIRECTION('center_axis',(0.,0.,1.));
#12997=DIRECTION('ref_axis',(0.720576692122895,0.693375245281534,0.));
#12998=DIRECTION('',(0.,0.,-1.));
#12999=DIRECTION('center_axis',(0.,0.,1.));
#13000=DIRECTION('ref_axis',(1.,0.,0.));
#13001=DIRECTION('',(0.,0.,-1.));
#13002=DIRECTION('center_axis',(0.,0.,-1.));
#13003=DIRECTION('ref_axis',(-1.,0.,0.));
#13004=DIRECTION('center_axis',(0.,0.,1.));
#13005=DIRECTION('ref_axis',(0.240192230707629,0.970725343394151,0.));
#13006=DIRECTION('',(0.,0.,1.));
#13007=DIRECTION('center_axis',(0.,0.,1.));
#13008=DIRECTION('ref_axis',(0.240192230707629,0.970725343394151,0.));
#13009=DIRECTION('center_axis',(-0.5,0.866025403784439,0.));
#13010=DIRECTION('ref_axis',(-0.866025403784439,-0.5,0.));
#13011=DIRECTION('',(-0.866025403784439,-0.5,0.));
#13012=DIRECTION('center_axis',(0.,0.,-1.));
#13013=DIRECTION('ref_axis',(-0.960768922830523,-0.277350098112613,0.));
#13014=DIRECTION('center_axis',(0.,0.,-1.));
#13015=DIRECTION('ref_axis',(-0.960768922830523,-0.277350098112613,0.));
#13016=DIRECTION('',(-0.625517537203483,0.329739003836196,-0.707106781186549));
#13017=DIRECTION('center_axis',(0.,0.,1.));
#13018=DIRECTION('ref_axis',(1.,0.,0.));
#13019=DIRECTION('',(-0.625517537203483,-0.329739003836196,-0.707106781186549));
#13020=DIRECTION('center_axis',(0.,0.,1.));
#13021=DIRECTION('ref_axis',(1.,0.,0.));
#13022=DIRECTION('center_axis',(0.,0.,-1.));
#13023=DIRECTION('ref_axis',(-0.960768922830523,0.277350098112614,0.));
#13024=DIRECTION('center_axis',(0.,0.,-1.));
#13025=DIRECTION('ref_axis',(-0.960768922830523,0.277350098112614,0.));
#13026=DIRECTION('',(-0.353553390593272,0.612372435695797,-0.707106781186547));
#13027=DIRECTION('center_axis',(-0.353553390593274,0.612372435695795,0.707106781186547));
#13028=DIRECTION('ref_axis',(0.894427190999916,0.,0.447213595499958));
#13029=DIRECTION('',(-0.353553390593273,0.612372435695794,-0.707106781186548));
#13030=DIRECTION('',(0.866025403784439,0.5,0.));
#13031=DIRECTION('center_axis',(-0.5,0.866025403784439,0.));
#13032=DIRECTION('ref_axis',(-0.866025403784439,-0.5,0.));
#13033=DIRECTION('',(0.,0.,-1.));
#13034=DIRECTION('',(-0.866025403784439,-0.5,0.));
#13035=DIRECTION('',(0.,0.,1.));
#13036=DIRECTION('center_axis',(0.,0.,1.));
#13037=DIRECTION('ref_axis',(-0.960768922830523,0.277350098112614,0.));
#13038=DIRECTION('',(0.,0.,1.));
#13039=DIRECTION('center_axis',(0.,0.,1.));
#13040=DIRECTION('ref_axis',(-0.960768922830523,0.277350098112614,0.));
#13041=DIRECTION('center_axis',(0.,0.,1.));
#13042=DIRECTION('ref_axis',(1.,0.,0.));
#13043=DIRECTION('',(0.,0.,-1.));
#13044=DIRECTION('center_axis',(0.,0.,-1.));
#13045=DIRECTION('ref_axis',(1.,0.,0.));
#13046=DIRECTION('center_axis',(0.,0.,1.));
#13047=DIRECTION('ref_axis',(-0.960768922830523,-0.277350098112613,0.));
#13048=DIRECTION('center_axis',(0.,0.,1.));
#13049=DIRECTION('ref_axis',(-0.960768922830523,-0.277350098112613,0.));
#13050=DIRECTION('center_axis',(0.707106781186547,-2.50182265685557E-16,
0.707106781186548));
#13051=DIRECTION('ref_axis',(0.707106781186548,0.,-0.707106781186547));
#13052=DIRECTION('',(-0.707106781186548,5.03607390929821E-16,0.707106781186547));
#13053=DIRECTION('',(-3.53811153197744E-16,-1.,0.));
#13054=DIRECTION('',(0.707106781186548,0.,-0.707106781186547));
#13055=DIRECTION('center_axis',(0.,0.,-1.));
#13056=DIRECTION('ref_axis',(0.720576692122895,-0.693375245281534,0.));
#13057=DIRECTION('center_axis',(0.,0.,-1.));
#13058=DIRECTION('ref_axis',(0.720576692122895,-0.693375245281534,0.));
#13059=DIRECTION('',(0.0271964146610205,-0.706583579648994,-0.707106781186547));
#13060=DIRECTION('center_axis',(0.,0.,1.));
#13061=DIRECTION('ref_axis',(-1.,0.,0.));
#13062=DIRECTION('',(0.598321122542462,-0.376844575812797,-0.707106781186548));
#13063=DIRECTION('center_axis',(0.,0.,1.));
#13064=DIRECTION('ref_axis',(-1.,0.,0.));
#13065=DIRECTION('center_axis',(0.,0.,-1.));
#13066=DIRECTION('ref_axis',(0.240192230707624,-0.970725343394153,0.));
#13067=DIRECTION('center_axis',(0.,0.,-1.));
#13068=DIRECTION('ref_axis',(0.240192230707624,-0.970725343394153,0.));
#13069=DIRECTION('',(-0.353553390593279,-0.612372435695791,-0.707106781186548));
#13070=DIRECTION('center_axis',(-0.353553390593274,-0.612372435695793,0.707106781186549));
#13071=DIRECTION('ref_axis',(0.894427190999916,0.,0.447213595499957));
#13072=DIRECTION('',(-0.353553390593275,-0.612372435695795,-0.707106781186546));
#13073=DIRECTION('',(-0.866025403784438,0.5,0.));
#13074=DIRECTION('center_axis',(-0.5,-0.866025403784438,0.));
#13075=DIRECTION('ref_axis',(0.866025403784438,-0.5,0.));
#13076=DIRECTION('',(0.,0.,-1.));
#13077=DIRECTION('',(0.866025403784438,-0.5,0.));
#13078=DIRECTION('',(0.,0.,1.));
#13079=DIRECTION('center_axis',(0.,0.,1.));
#13080=DIRECTION('ref_axis',(0.240192230707624,-0.970725343394153,0.));
#13081=DIRECTION('',(0.,0.,1.));
#13082=DIRECTION('center_axis',(0.,0.,1.));
#13083=DIRECTION('ref_axis',(0.240192230707624,-0.970725343394153,0.));
#13084=DIRECTION('center_axis',(0.,0.,1.));
#13085=DIRECTION('ref_axis',(1.,0.,0.));
#13086=DIRECTION('',(0.,0.,-1.));
#13087=DIRECTION('center_axis',(0.,0.,-1.));
#13088=DIRECTION('ref_axis',(-1.,0.,0.));
#13089=DIRECTION('center_axis',(0.,0.,1.));
#13090=DIRECTION('ref_axis',(0.720576692122895,-0.693375245281534,0.));
#13091=DIRECTION('',(0.,0.,1.));
#13092=DIRECTION('center_axis',(0.,0.,1.));
#13093=DIRECTION('ref_axis',(0.720576692122895,-0.693375245281534,0.));
#13094=DIRECTION('center_axis',(1.,-3.53811153197744E-16,0.));
#13095=DIRECTION('ref_axis',(3.53811153197744E-16,1.,0.));
#13096=DIRECTION('',(0.,0.,1.));
#13097=DIRECTION('',(3.53811153197744E-16,1.,0.));
#13098=DIRECTION('center_axis',(-0.353553390593274,-0.612372435695795,0.707106781186547));
#13099=DIRECTION('ref_axis',(0.894427190999915,0.,0.447213595499959));
#13100=DIRECTION('',(-0.353553390593274,-0.612372435695794,-0.707106781186548));
#13101=DIRECTION('',(0.353553390593273,0.612372435695794,0.707106781186548));
#13102=DIRECTION('',(-0.866025403784438,0.5,0.));
#13103=DIRECTION('center_axis',(0.,0.,-1.));
#13104=DIRECTION('ref_axis',(0.240192230707624,-0.970725343394153,0.));
#13105=DIRECTION('',(-0.598321122542462,0.376844575812797,0.707106781186549));
#13106=DIRECTION('center_axis',(0.,0.,-1.));
#13107=DIRECTION('ref_axis',(0.240192230707624,-0.970725343394153,0.));
#13108=DIRECTION('center_axis',(0.,0.,1.));
#13109=DIRECTION('ref_axis',(-1.,0.,0.));
#13110=DIRECTION('',(-0.0271964146610172,0.706583579648994,0.707106781186547));
#13111=DIRECTION('center_axis',(0.,0.,1.));
#13112=DIRECTION('ref_axis',(-1.,0.,0.));
#13113=DIRECTION('center_axis',(0.,0.,-1.));
#13114=DIRECTION('ref_axis',(0.720576692122895,-0.693375245281534,0.));
#13115=DIRECTION('',(-0.707106781186547,0.,0.707106781186549));
#13116=DIRECTION('center_axis',(0.,0.,-1.));
#13117=DIRECTION('ref_axis',(0.720576692122895,-0.693375245281534,0.));
#13118=DIRECTION('center_axis',(0.707106781186548,-2.50182265685557E-16,
0.707106781186547));
#13119=DIRECTION('ref_axis',(0.707106781186547,0.,-0.707106781186548));
#13120=DIRECTION('',(-0.707106781186547,5.03607390929821E-16,0.707106781186548));
#13121=DIRECTION('',(-3.53811153197744E-16,-1.,0.));
#13122=DIRECTION('center_axis',(7.12208402364283E-16,1.,0.));
#13123=DIRECTION('ref_axis',(1.,-7.12208402364283E-16,0.));
#13124=DIRECTION('',(0.,0.,-1.));
#13125=DIRECTION('',(0.,0.,1.));
#13126=DIRECTION('',(-1.,7.12208402364283E-16,0.));
#13127=DIRECTION('center_axis',(0.,0.,-1.));
#13128=DIRECTION('ref_axis',(0.720576692122894,0.693375245281534,0.));
#13129=DIRECTION('',(-0.707106781186547,0.,0.707106781186548));
#13130=DIRECTION('',(-0.027196414661021,-0.706583579648991,0.70710678118655));
#13131=DIRECTION('center_axis',(0.,0.,-1.));
#13132=DIRECTION('ref_axis',(0.720576692122895,0.693375245281534,0.));
#13133=DIRECTION('center_axis',(0.,0.,1.));
#13134=DIRECTION('ref_axis',(-1.,0.,0.));
#13135=DIRECTION('',(-0.598321122542464,-0.376844575812801,0.707106781186544));
#13136=DIRECTION('center_axis',(0.,0.,1.));
#13137=DIRECTION('ref_axis',(-1.,0.,0.));
#13138=DIRECTION('center_axis',(0.,0.,-1.));
#13139=DIRECTION('ref_axis',(0.240192230707629,0.970725343394151,0.));
#13140=DIRECTION('',(0.353553390593271,-0.612372435695798,0.707106781186546));
#13141=DIRECTION('center_axis',(0.,0.,-1.));
#13142=DIRECTION('ref_axis',(0.240192230707629,0.970725343394151,0.));
#13143=DIRECTION('center_axis',(-0.353553390593274,0.612372435695795,0.707106781186547));
#13144=DIRECTION('ref_axis',(0.894427190999916,0.,0.447213595499958));
#13145=DIRECTION('',(0.866025403784439,0.5,0.));
#13146=DIRECTION('center_axis',(-0.353553390593274,0.612372435695796,0.707106781186545));
#13147=DIRECTION('ref_axis',(0.894427190999915,0.,0.44721359549996));
#13148=DIRECTION('',(-0.353553390593272,0.612372435695793,-0.70710678118655));
#13149=DIRECTION('',(0.353553390593274,-0.61237243569579,0.707106781186551));
#13150=DIRECTION('center_axis',(0.,0.,-1.));
#13151=DIRECTION('ref_axis',(-0.960768922830523,0.277350098112614,0.));
#13152=DIRECTION('',(0.625517537203483,0.329739003836196,0.707106781186549));
#13153=DIRECTION('center_axis',(0.,0.,1.));
#13154=DIRECTION('ref_axis',(1.,0.,0.));
#13155=DIRECTION('',(0.625517537203482,-0.329739003836198,0.707106781186549));
#13156=DIRECTION('center_axis',(0.,0.,-1.));
#13157=DIRECTION('ref_axis',(-0.960768922830523,-0.277350098112613,0.));
#13158=DIRECTION('center_axis',(0.,0.,-1.));
#13159=DIRECTION('ref_axis',(0.959151237970402,0.2828938010983,0.));
#13160=DIRECTION('',(0.,0.,-1.));
#13161=DIRECTION('',(0.,0.,1.));
#13162=DIRECTION('center_axis',(-0.5,-0.866025403784438,0.));
#13163=DIRECTION('ref_axis',(-0.866025403784438,0.5,0.));
#13164=DIRECTION('',(0.,0.,1.));
#13165=DIRECTION('center_axis',(0.,0.,-1.));
#13166=DIRECTION('ref_axis',(-0.93467238661337,-0.355510238533952,0.));
#13167=DIRECTION('',(0.,0.,-1.));
#13168=DIRECTION('center_axis',(0.,0.,-1.));
#13169=DIRECTION('ref_axis',(1.,0.,0.));
#13170=DIRECTION('',(0.,0.,1.));
#13171=DIRECTION('center_axis',(0.,0.,-1.));
#13172=DIRECTION('ref_axis',(-0.934672386613369,0.355510238533953,0.));
#13173=DIRECTION('',(0.,0.,-1.));
#13174=DIRECTION('center_axis',(-0.5,0.866025403784439,0.));
#13175=DIRECTION('ref_axis',(0.866025403784439,0.5,0.));
#13176=DIRECTION('',(0.,0.,1.));
#13177=DIRECTION('center_axis',(0.,0.,-1.));
#13178=DIRECTION('ref_axis',(0.959151237970402,-0.282893801098303,0.));
#13179=DIRECTION('',(0.,0.,-1.));
#13180=DIRECTION('center_axis',(0.,0.,-1.));
#13181=DIRECTION('ref_axis',(1.,0.,0.));
#13182=DIRECTION('',(0.,0.,1.));
#13183=DIRECTION('center_axis',(0.,0.,-1.));
#13184=DIRECTION('ref_axis',(-0.724568837309473,0.68920243760451,0.));
#13185=DIRECTION('',(0.,0.,-1.));
#13186=DIRECTION('center_axis',(1.,-3.53811153197744E-16,0.));
#13187=DIRECTION('ref_axis',(-3.53811153197744E-16,-1.,0.));
#13188=DIRECTION('',(0.,0.,1.));
#13189=DIRECTION('center_axis',(0.,0.,-1.));
#13190=DIRECTION('ref_axis',(0.775217091182553,-0.631694911756032,0.));
#13191=DIRECTION('',(0.,0.,-1.));
#13192=DIRECTION('center_axis',(0.,0.,-1.));
#13193=DIRECTION('ref_axis',(1.,0.,0.));
#13194=DIRECTION('',(0.,0.,1.));
#13195=DIRECTION('center_axis',(0.,0.,-1.));
#13196=DIRECTION('ref_axis',(0.159455295430816,-0.987205150289985,0.));
#13197=DIRECTION('',(0.,0.,-1.));
#13198=DIRECTION('center_axis',(-0.5,-0.866025403784438,0.));
#13199=DIRECTION('ref_axis',(-0.866025403784438,0.5,0.));
#13200=DIRECTION('',(0.,0.,1.));
#13201=DIRECTION('center_axis',(0.,0.,-1.));
#13202=DIRECTION('ref_axis',(-0.234582400660927,0.972096238702813,0.));
#13203=DIRECTION('',(0.,0.,-1.));
#13204=DIRECTION('center_axis',(0.,0.,-1.));
#13205=DIRECTION('ref_axis',(-1.,1.22464679914735E-16,0.));
#13206=DIRECTION('',(0.,0.,1.));
#13207=DIRECTION('center_axis',(0.,0.,-1.));
#13208=DIRECTION('ref_axis',(-0.234582400660932,-0.972096238702812,0.));
#13209=DIRECTION('',(0.,0.,-1.));
#13210=DIRECTION('center_axis',(-0.5,0.866025403784439,0.));
#13211=DIRECTION('ref_axis',(0.866025403784439,0.5,0.));
#13212=DIRECTION('',(0.,0.,1.));
#13213=DIRECTION('center_axis',(0.,0.,-1.));
#13214=DIRECTION('ref_axis',(0.159455295430816,0.987205150289985,0.));
#13215=DIRECTION('',(0.,0.,-1.));
#13216=DIRECTION('center_axis',(0.,0.,-1.));
#13217=DIRECTION('ref_axis',(1.,0.,0.));
#13218=DIRECTION('',(0.,0.,1.));
#13219=DIRECTION('center_axis',(0.,0.,-1.));
#13220=DIRECTION('ref_axis',(-0.724568837309472,-0.689202437604511,0.));
#13221=DIRECTION('',(0.,0.,-1.));
#13222=DIRECTION('',(0.,0.,1.));
#13223=DIRECTION('center_axis',(0.,0.,-1.));
#13224=DIRECTION('ref_axis',(1.,0.,0.));
#13225=DIRECTION('center_axis',(0.,0.,-1.));
#13226=DIRECTION('ref_axis',(0.775217091182554,0.631694911756031,0.));
#13227=DIRECTION('',(0.,0.,-1.));
#13228=DIRECTION('center_axis',(0.,0.,1.));
#13229=DIRECTION('ref_axis',(1.,0.,0.));
#13230=DIRECTION('',(-0.5,-0.866025403784438,0.));
#13231=DIRECTION('center_axis',(1.,-3.53811153197744E-16,0.));
#13232=DIRECTION('ref_axis',(-3.53811153197744E-16,-1.,0.));
#13233=DIRECTION('center_axis',(-0.866025403784438,0.5,0.));
#13234=DIRECTION('ref_axis',(0.5,0.866025403784438,0.));
#13235=DIRECTION('center_axis',(0.866025403784439,0.499999999999999,0.));
#13236=DIRECTION('ref_axis',(0.499999999999999,-0.866025403784439,0.));
#13237=DIRECTION('center_axis',(-0.353553390593274,-0.612372435695795,0.707106781186547));
#13238=DIRECTION('ref_axis',(0.894427190999916,0.,0.447213595499959));
#13239=DIRECTION('',(-0.353553390593274,-0.612372435695794,-0.707106781186548));
#13240=DIRECTION('',(-0.866025403784438,0.5,0.));
#13241=DIRECTION('',(-0.353553390593273,-0.612372435695793,-0.707106781186549));
#13242=DIRECTION('center_axis',(-0.5,-0.866025403784438,0.));
#13243=DIRECTION('ref_axis',(0.866025403784438,-0.5,0.));
#13244=DIRECTION('',(0.,0.,-1.));
#13245=DIRECTION('',(0.866025403784438,-0.5,0.));
#13246=DIRECTION('',(0.,0.,1.));
#13247=DIRECTION('center_axis',(-0.353553390593275,-0.612372435695796,0.707106781186545));
#13248=DIRECTION('ref_axis',(0.894427190999915,0.,0.44721359549996));
#13249=DIRECTION('',(-0.353553390593273,-0.612372435695793,-0.70710678118655));
#13250=DIRECTION('',(-0.866025403784438,0.5,0.));
#13251=DIRECTION('',(0.353553390593277,0.612372435695795,0.707106781186545));
#13252=DIRECTION('center_axis',(-0.353553390593274,0.612372435695795,0.707106781186547));
#13253=DIRECTION('ref_axis',(0.894427190999916,0.,0.447213595499958));
#13254=DIRECTION('',(0.353553390593273,-0.612372435695794,0.707106781186548));
#13255=DIRECTION('',(0.866025403784439,0.5,0.));
#13256=DIRECTION('',(-0.353553390593273,0.612372435695793,-0.707106781186549));
#13257=DIRECTION('center_axis',(0.,0.,-1.));
#13258=DIRECTION('ref_axis',(0.240192230707629,0.970725343394151,0.));
#13259=DIRECTION('center_axis',(0.,0.,-1.));
#13260=DIRECTION('ref_axis',(0.240192230707629,0.970725343394151,0.));
#13261=DIRECTION('',(0.598321122542462,0.376844575812797,-0.707106781186548));
#13262=DIRECTION('center_axis',(0.,0.,1.));
#13263=DIRECTION('ref_axis',(-1.,0.,0.));
#13264=DIRECTION('',(0.0271964146610247,0.706583579648997,-0.707106781186544));
#13265=DIRECTION('center_axis',(0.,0.,1.));
#13266=DIRECTION('ref_axis',(-1.,0.,0.));
#13267=DIRECTION('center_axis',(0.,0.,-1.));
#13268=DIRECTION('ref_axis',(0.720576692122895,0.693375245281534,0.));
#13269=DIRECTION('center_axis',(0.,0.,-1.));
#13270=DIRECTION('ref_axis',(0.720576692122895,0.693375245281534,0.));
#13271=DIRECTION('',(0.707106781186547,0.,-0.707106781186548));
#13272=DIRECTION('center_axis',(0.707106781186548,-2.50182265685557E-16,
0.707106781186548));
#13273=DIRECTION('ref_axis',(0.707106781186548,0.,-0.707106781186548));
#13274=DIRECTION('',(0.707106781186548,-4.02885912743857E-16,-0.707106781186548));
#13275=DIRECTION('',(-3.53811153197744E-16,-1.,0.));
#13276=DIRECTION('center_axis',(1.,-3.53811153197744E-16,0.));
#13277=DIRECTION('ref_axis',(3.53811153197744E-16,1.,0.));
#13278=DIRECTION('',(0.,0.,-1.));
#13279=DIRECTION('',(3.53811153197744E-16,1.,0.));
#13280=DIRECTION('',(0.,0.,1.));
#13281=DIRECTION('center_axis',(0.,0.,1.));
#13282=DIRECTION('ref_axis',(0.720576692122895,0.693375245281534,0.));
#13283=DIRECTION('',(0.,0.,1.));
#13284=DIRECTION('center_axis',(0.,0.,1.));
#13285=DIRECTION('ref_axis',(0.720576692122895,0.693375245281534,0.));
#13286=DIRECTION('center_axis',(0.,0.,1.));
#13287=DIRECTION('ref_axis',(1.,0.,0.));
#13288=DIRECTION('',(0.,0.,-1.));
#13289=DIRECTION('center_axis',(0.,0.,-1.));
#13290=DIRECTION('ref_axis',(-1.,0.,0.));
#13291=DIRECTION('center_axis',(0.,0.,1.));
#13292=DIRECTION('ref_axis',(0.240192230707629,0.970725343394151,0.));
#13293=DIRECTION('',(0.,0.,1.));
#13294=DIRECTION('center_axis',(0.,0.,1.));
#13295=DIRECTION('ref_axis',(0.240192230707629,0.970725343394151,0.));
#13296=DIRECTION('center_axis',(-0.5,0.866025403784439,0.));
#13297=DIRECTION('ref_axis',(-0.866025403784439,-0.5,0.));
#13298=DIRECTION('',(0.,0.,1.));
#13299=DIRECTION('',(-0.866025403784439,-0.5,0.));
#13300=DIRECTION('center_axis',(-0.353553390593274,-0.612372435695795,0.707106781186547));
#13301=DIRECTION('ref_axis',(0.894427190999916,0.,0.447213595499959));
#13302=DIRECTION('',(0.353553390593274,0.612372435695794,0.707106781186548));
#13303=DIRECTION('',(-0.866025403784438,0.5,0.));
#13304=DIRECTION('',(-0.353553390593273,-0.612372435695793,-0.707106781186549));
#13305=DIRECTION('center_axis',(0.,0.,-1.));
#13306=DIRECTION('ref_axis',(-0.960768922830523,-0.277350098112613,0.));
#13307=DIRECTION('center_axis',(0.,0.,-1.));
#13308=DIRECTION('ref_axis',(-0.960768922830523,-0.277350098112613,0.));
#13309=DIRECTION('',(-0.625517537203483,0.329739003836196,-0.707106781186549));
#13310=DIRECTION('center_axis',(0.,0.,1.));
#13311=DIRECTION('ref_axis',(1.,0.,0.));
#13312=DIRECTION('',(-0.625517537203483,-0.329739003836196,-0.707106781186549));
#13313=DIRECTION('center_axis',(0.,0.,1.));
#13314=DIRECTION('ref_axis',(1.,0.,0.));
#13315=DIRECTION('center_axis',(0.,0.,-1.));
#13316=DIRECTION('ref_axis',(-0.960768922830523,0.277350098112614,0.));
#13317=DIRECTION('center_axis',(0.,0.,-1.));
#13318=DIRECTION('ref_axis',(-0.960768922830523,0.277350098112614,0.));
#13319=DIRECTION('',(-0.353553390593272,0.612372435695797,-0.707106781186547));
#13320=DIRECTION('center_axis',(0.,0.,1.));
#13321=DIRECTION('ref_axis',(-0.960768922830523,0.277350098112614,0.));
#13322=DIRECTION('',(0.,0.,1.));
#13323=DIRECTION('center_axis',(0.,0.,1.));
#13324=DIRECTION('ref_axis',(-0.960768922830523,0.277350098112614,0.));
#13325=DIRECTION('',(0.,0.,-1.));
#13326=DIRECTION('center_axis',(0.,0.,1.));
#13327=DIRECTION('ref_axis',(1.,0.,0.));
#13328=DIRECTION('',(0.,0.,-1.));
#13329=DIRECTION('center_axis',(0.,0.,-1.));
#13330=DIRECTION('ref_axis',(1.,0.,0.));
#13331=DIRECTION('center_axis',(0.,0.,1.));
#13332=DIRECTION('ref_axis',(-0.960768922830523,-0.277350098112613,0.));
#13333=DIRECTION('',(0.,0.,1.));
#13334=DIRECTION('center_axis',(0.,0.,1.));
#13335=DIRECTION('ref_axis',(-0.960768922830523,-0.277350098112613,0.));
#13336=DIRECTION('center_axis',(-0.5,-0.866025403784438,0.));
#13337=DIRECTION('ref_axis',(0.866025403784438,-0.5,0.));
#13338=DIRECTION('',(0.,0.,1.));
#13339=DIRECTION('',(0.866025403784438,-0.5,0.));
#13340=DIRECTION('center_axis',(0.707106781186547,-2.50182265685557E-16,
0.707106781186548));
#13341=DIRECTION('ref_axis',(0.707106781186548,0.,-0.707106781186547));
#13342=DIRECTION('',(-3.53811153197744E-16,-1.,0.));
#13343=DIRECTION('',(0.707106781186548,0.,-0.707106781186547));
#13344=DIRECTION('center_axis',(0.,0.,-1.));
#13345=DIRECTION('ref_axis',(0.720576692122895,-0.693375245281534,0.));
#13346=DIRECTION('center_axis',(0.,0.,-1.));
#13347=DIRECTION('ref_axis',(0.720576692122895,-0.693375245281534,0.));
#13348=DIRECTION('',(0.0271964146610205,-0.706583579648994,-0.707106781186547));
#13349=DIRECTION('center_axis',(0.,0.,1.));
#13350=DIRECTION('ref_axis',(-1.,0.,0.));
#13351=DIRECTION('',(0.598321122542462,-0.376844575812797,-0.707106781186548));
#13352=DIRECTION('center_axis',(0.,0.,1.));
#13353=DIRECTION('ref_axis',(-1.,0.,0.));
#13354=DIRECTION('center_axis',(0.,0.,-1.));
#13355=DIRECTION('ref_axis',(0.240192230707624,-0.970725343394153,0.));
#13356=DIRECTION('center_axis',(0.,0.,-1.));
#13357=DIRECTION('ref_axis',(0.240192230707624,-0.970725343394153,0.));
#13358=DIRECTION('',(-0.353553390593279,-0.612372435695791,-0.707106781186548));
#13359=DIRECTION('center_axis',(-0.353553390593274,-0.612372435695793,0.707106781186549));
#13360=DIRECTION('ref_axis',(0.894427190999916,0.,0.447213595499957));
#13361=DIRECTION('',(-0.353553390593275,-0.612372435695795,-0.707106781186546));
#13362=DIRECTION('',(-0.866025403784438,0.5,0.));
#13363=DIRECTION('center_axis',(-0.5,-0.866025403784438,0.));
#13364=DIRECTION('ref_axis',(0.866025403784438,-0.5,0.));
#13365=DIRECTION('',(0.,0.,-1.));
#13366=DIRECTION('',(0.866025403784438,-0.5,0.));
#13367=DIRECTION('',(0.,0.,1.));
#13368=DIRECTION('center_axis',(0.,0.,1.));
#13369=DIRECTION('ref_axis',(0.240192230707624,-0.970725343394153,0.));
#13370=DIRECTION('',(0.,0.,1.));
#13371=DIRECTION('center_axis',(0.,0.,1.));
#13372=DIRECTION('ref_axis',(0.240192230707624,-0.970725343394153,0.));
#13373=DIRECTION('center_axis',(0.,0.,1.));
#13374=DIRECTION('ref_axis',(1.,0.,0.));
#13375=DIRECTION('',(0.,0.,-1.));
#13376=DIRECTION('center_axis',(0.,0.,-1.));
#13377=DIRECTION('ref_axis',(-1.,0.,0.));
#13378=DIRECTION('center_axis',(0.,0.,1.));
#13379=DIRECTION('ref_axis',(0.720576692122895,-0.693375245281534,0.));
#13380=DIRECTION('',(0.,0.,1.));
#13381=DIRECTION('center_axis',(0.,0.,1.));
#13382=DIRECTION('ref_axis',(0.720576692122895,-0.693375245281534,0.));
#13383=DIRECTION('center_axis',(1.,-3.53811153197744E-16,0.));
#13384=DIRECTION('ref_axis',(3.53811153197744E-16,1.,0.));
#13385=DIRECTION('',(3.53811153197744E-16,1.,0.));
#13386=DIRECTION('center_axis',(-0.353553390593274,-0.612372435695795,0.707106781186547));
#13387=DIRECTION('ref_axis',(0.894427190999915,0.,0.447213595499959));
#13388=DIRECTION('',(-0.353553390593274,-0.612372435695794,-0.707106781186548));
#13389=DIRECTION('',(0.353553390593273,0.612372435695794,0.707106781186548));
#13390=DIRECTION('',(-0.866025403784438,0.5,0.));
#13391=DIRECTION('center_axis',(0.,0.,-1.));
#13392=DIRECTION('ref_axis',(0.240192230707624,-0.970725343394153,0.));
#13393=DIRECTION('',(-0.598321122542462,0.376844575812797,0.707106781186549));
#13394=DIRECTION('center_axis',(0.,0.,-1.));
#13395=DIRECTION('ref_axis',(0.240192230707624,-0.970725343394153,0.));
#13396=DIRECTION('center_axis',(0.,0.,1.));
#13397=DIRECTION('ref_axis',(-1.,0.,0.));
#13398=DIRECTION('',(-0.0271964146610172,0.706583579648994,0.707106781186547));
#13399=DIRECTION('center_axis',(0.,0.,1.));
#13400=DIRECTION('ref_axis',(-1.,0.,0.));
#13401=DIRECTION('center_axis',(0.,0.,-1.));
#13402=DIRECTION('ref_axis',(0.720576692122895,-0.693375245281534,0.));
#13403=DIRECTION('',(-0.707106781186547,0.,0.707106781186549));
#13404=DIRECTION('center_axis',(0.,0.,-1.));
#13405=DIRECTION('ref_axis',(0.720576692122895,-0.693375245281534,0.));
#13406=DIRECTION('center_axis',(0.707106781186548,-2.50182265685557E-16,
0.707106781186547));
#13407=DIRECTION('ref_axis',(0.707106781186547,0.,-0.707106781186548));
#13408=DIRECTION('',(-3.53811153197744E-16,-1.,0.));
#13409=DIRECTION('center_axis',(0.707106781186548,-2.50182265685557E-16,
0.707106781186547));
#13410=DIRECTION('ref_axis',(0.707106781186547,0.,-0.707106781186548));
#13411=DIRECTION('',(0.707106781186547,-4.02885912743857E-16,-0.707106781186548));
#13412=DIRECTION('',(-0.707106781186547,0.,0.707106781186548));
#13413=DIRECTION('',(-3.53811153197744E-16,-1.,0.));
#13414=DIRECTION('center_axis',(0.,0.,-1.));
#13415=DIRECTION('ref_axis',(0.720576692122894,0.693375245281534,0.));
#13416=DIRECTION('',(-0.027196414661021,-0.706583579648991,0.70710678118655));
#13417=DIRECTION('center_axis',(0.,0.,-1.));
#13418=DIRECTION('ref_axis',(0.720576692122895,0.693375245281534,0.));
#13419=DIRECTION('center_axis',(0.,0.,1.));
#13420=DIRECTION('ref_axis',(-1.,0.,0.));
#13421=DIRECTION('',(-0.598321122542464,-0.376844575812801,0.707106781186544));
#13422=DIRECTION('center_axis',(0.,0.,1.));
#13423=DIRECTION('ref_axis',(-1.,0.,0.));
#13424=DIRECTION('center_axis',(0.,0.,-1.));
#13425=DIRECTION('ref_axis',(0.240192230707629,0.970725343394151,0.));
#13426=DIRECTION('',(0.353553390593271,-0.612372435695798,0.707106781186546));
#13427=DIRECTION('center_axis',(0.,0.,-1.));
#13428=DIRECTION('ref_axis',(0.240192230707629,0.970725343394151,0.));
#13429=DIRECTION('center_axis',(-0.353553390593274,0.612372435695795,0.707106781186547));
#13430=DIRECTION('ref_axis',(0.894427190999916,0.,0.447213595499958));
#13431=DIRECTION('',(0.353553390593273,-0.612372435695794,0.707106781186548));
#13432=DIRECTION('',(0.866025403784439,0.5,0.));
#13433=DIRECTION('center_axis',(-5.69766721891426E-16,-1.,0.));
#13434=DIRECTION('ref_axis',(-1.,5.69766721891426E-16,0.));
#13435=DIRECTION('',(1.,-5.69766721891426E-16,0.));
#13436=DIRECTION('',(0.,0.,1.));
#13437=DIRECTION('',(0.,0.,-1.));
#13438=DIRECTION('center_axis',(0.,0.,-1.));
#13439=DIRECTION('ref_axis',(-0.960768922830523,0.277350098112614,0.));
#13440=DIRECTION('',(0.353553390593274,-0.61237243569579,0.707106781186551));
#13441=DIRECTION('',(0.625517537203483,0.329739003836196,0.707106781186549));
#13442=DIRECTION('center_axis',(0.,0.,-1.));
#13443=DIRECTION('ref_axis',(-0.960768922830523,0.277350098112614,0.));
#13444=DIRECTION('center_axis',(0.,0.,1.));
#13445=DIRECTION('ref_axis',(1.,0.,0.));
#13446=DIRECTION('',(0.625517537203482,-0.329739003836198,0.707106781186549));
#13447=DIRECTION('center_axis',(0.,0.,1.));
#13448=DIRECTION('ref_axis',(1.,0.,0.));
#13449=DIRECTION('center_axis',(0.,0.,-1.));
#13450=DIRECTION('ref_axis',(-0.960768922830523,-0.277350098112613,0.));
#13451=DIRECTION('',(0.353553390593277,0.612372435695795,0.707106781186545));
#13452=DIRECTION('center_axis',(0.,0.,-1.));
#13453=DIRECTION('ref_axis',(-0.960768922830523,-0.277350098112613,0.));
#13454=DIRECTION('center_axis',(-0.353553390593275,-0.612372435695796,0.707106781186545));
#13455=DIRECTION('ref_axis',(0.894427190999915,0.,0.44721359549996));
#13456=DIRECTION('',(0.353553390593273,0.612372435695793,0.70710678118655));
#13457=DIRECTION('',(-0.866025403784438,0.5,0.));
#13458=DIRECTION('center_axis',(0.866025403784439,-0.5,0.));
#13459=DIRECTION('ref_axis',(-0.5,-0.866025403784439,0.));
#13460=DIRECTION('',(0.,0.,1.));
#13461=DIRECTION('',(0.5,0.866025403784439,0.));
#13462=DIRECTION('center_axis',(0.,0.,-1.));
#13463=DIRECTION('ref_axis',(0.959151237970402,0.2828938010983,0.));
#13464=DIRECTION('',(0.,0.,-1.));
#13465=DIRECTION('',(0.,0.,1.));
#13466=DIRECTION('center_axis',(-0.5,-0.866025403784438,0.));
#13467=DIRECTION('ref_axis',(-0.866025403784438,0.5,0.));
#13468=DIRECTION('',(0.,0.,1.));
#13469=DIRECTION('center_axis',(0.,0.,-1.));
#13470=DIRECTION('ref_axis',(-0.93467238661337,-0.355510238533952,0.));
#13471=DIRECTION('',(0.,0.,-1.));
#13472=DIRECTION('center_axis',(0.,0.,-1.));
#13473=DIRECTION('ref_axis',(1.,0.,0.));
#13474=DIRECTION('',(0.,0.,1.));
#13475=DIRECTION('center_axis',(0.,0.,-1.));
#13476=DIRECTION('ref_axis',(-0.934672386613369,0.355510238533953,0.));
#13477=DIRECTION('',(0.,0.,-1.));
#13478=DIRECTION('center_axis',(-0.5,0.866025403784439,0.));
#13479=DIRECTION('ref_axis',(0.866025403784439,0.5,0.));
#13480=DIRECTION('',(0.,0.,1.));
#13481=DIRECTION('center_axis',(0.,0.,-1.));
#13482=DIRECTION('ref_axis',(0.959151237970402,-0.282893801098303,0.));
#13483=DIRECTION('',(0.,0.,-1.));
#13484=DIRECTION('center_axis',(0.,0.,-1.));
#13485=DIRECTION('ref_axis',(1.,0.,0.));
#13486=DIRECTION('',(0.,0.,1.));
#13487=DIRECTION('center_axis',(0.,0.,-1.));
#13488=DIRECTION('ref_axis',(-0.724568837309473,0.68920243760451,0.));
#13489=DIRECTION('',(0.,0.,-1.));
#13490=DIRECTION('center_axis',(1.,-3.53811153197744E-16,0.));
#13491=DIRECTION('ref_axis',(-3.53811153197744E-16,-1.,0.));
#13492=DIRECTION('',(0.,0.,1.));
#13493=DIRECTION('center_axis',(0.,0.,-1.));
#13494=DIRECTION('ref_axis',(0.775217091182553,-0.631694911756032,0.));
#13495=DIRECTION('',(0.,0.,-1.));
#13496=DIRECTION('center_axis',(0.,0.,-1.));
#13497=DIRECTION('ref_axis',(1.,0.,0.));
#13498=DIRECTION('',(0.,0.,1.));
#13499=DIRECTION('center_axis',(0.,0.,-1.));
#13500=DIRECTION('ref_axis',(0.159455295430816,-0.987205150289985,0.));
#13501=DIRECTION('',(0.,0.,-1.));
#13502=DIRECTION('center_axis',(-0.5,-0.866025403784438,0.));
#13503=DIRECTION('ref_axis',(-0.866025403784438,0.5,0.));
#13504=DIRECTION('',(0.,0.,1.));
#13505=DIRECTION('center_axis',(0.,0.,-1.));
#13506=DIRECTION('ref_axis',(-0.234582400660927,0.972096238702813,0.));
#13507=DIRECTION('',(0.,0.,-1.));
#13508=DIRECTION('center_axis',(0.,0.,-1.));
#13509=DIRECTION('ref_axis',(-1.,1.22464679914735E-16,0.));
#13510=DIRECTION('',(0.,0.,1.));
#13511=DIRECTION('center_axis',(0.,0.,-1.));
#13512=DIRECTION('ref_axis',(-0.234582400660932,-0.972096238702812,0.));
#13513=DIRECTION('',(0.,0.,-1.));
#13514=DIRECTION('center_axis',(-0.5,0.866025403784439,0.));
#13515=DIRECTION('ref_axis',(0.866025403784439,0.5,0.));
#13516=DIRECTION('',(0.,0.,1.));
#13517=DIRECTION('center_axis',(0.,0.,-1.));
#13518=DIRECTION('ref_axis',(0.159455295430816,0.987205150289985,0.));
#13519=DIRECTION('',(0.,0.,-1.));
#13520=DIRECTION('center_axis',(0.,0.,-1.));
#13521=DIRECTION('ref_axis',(1.,0.,0.));
#13522=DIRECTION('',(0.,0.,1.));
#13523=DIRECTION('center_axis',(0.,0.,-1.));
#13524=DIRECTION('ref_axis',(-0.724568837309472,-0.689202437604511,0.));
#13525=DIRECTION('',(0.,0.,-1.));
#13526=DIRECTION('',(0.,0.,1.));
#13527=DIRECTION('center_axis',(0.,0.,-1.));
#13528=DIRECTION('ref_axis',(1.,0.,0.));
#13529=DIRECTION('center_axis',(0.,0.,-1.));
#13530=DIRECTION('ref_axis',(0.775217091182554,0.631694911756031,0.));
#13531=DIRECTION('',(0.,0.,-1.));
#13532=DIRECTION('center_axis',(0.,0.,1.));
#13533=DIRECTION('ref_axis',(1.,0.,0.));
#13534=DIRECTION('',(0.5,-0.866025403784439,0.));
#13535=DIRECTION('center_axis',(0.,0.,1.));
#13536=DIRECTION('ref_axis',(1.,0.,0.));
#13537=DIRECTION('',(-0.5,-0.866025403784438,0.));
#13538=DIRECTION('center_axis',(1.,-3.53811153197744E-16,0.));
#13539=DIRECTION('ref_axis',(-3.53811153197744E-16,-1.,0.));
#13540=DIRECTION('center_axis',(-0.866025403784438,0.5,0.));
#13541=DIRECTION('ref_axis',(0.5,0.866025403784438,0.));
#13542=DIRECTION('',(0.,0.,-1.));
#13543=DIRECTION('center_axis',(-0.866025403784439,-0.5,0.));
#13544=DIRECTION('ref_axis',(-0.5,0.866025403784439,0.));
#13545=DIRECTION('center_axis',(-0.353553390593274,0.612372435695795,0.707106781186547));
#13546=DIRECTION('ref_axis',(0.894427190999916,0.,0.447213595499958));
#13547=DIRECTION('',(0.866025403784439,0.5,0.));
#13548=DIRECTION('',(-0.353553390593273,0.612372435695793,-0.707106781186549));
#13549=DIRECTION('center_axis',(0.,0.,-1.));
#13550=DIRECTION('ref_axis',(0.240192230707629,0.970725343394151,0.));
#13551=DIRECTION('center_axis',(0.,0.,-1.));
#13552=DIRECTION('ref_axis',(0.240192230707629,0.970725343394151,0.));
#13553=DIRECTION('',(0.598321122542462,0.376844575812797,-0.707106781186548));
#13554=DIRECTION('center_axis',(0.,0.,1.));
#13555=DIRECTION('ref_axis',(-1.,0.,0.));
#13556=DIRECTION('',(0.0271964146610247,0.706583579648997,-0.707106781186544));
#13557=DIRECTION('center_axis',(0.,0.,1.));
#13558=DIRECTION('ref_axis',(-1.,0.,0.));
#13559=DIRECTION('center_axis',(0.,0.,-1.));
#13560=DIRECTION('ref_axis',(0.720576692122895,0.693375245281534,0.));
#13561=DIRECTION('center_axis',(0.,0.,-1.));
#13562=DIRECTION('ref_axis',(0.720576692122895,0.693375245281534,0.));
#13563=DIRECTION('',(0.707106781186547,0.,-0.707106781186548));
#13564=DIRECTION('center_axis',(0.707106781186548,-2.50182265685557E-16,
0.707106781186548));
#13565=DIRECTION('ref_axis',(0.707106781186548,0.,-0.707106781186548));
#13566=DIRECTION('',(0.707106781186548,-4.02885912743857E-16,-0.707106781186548));
#13567=DIRECTION('',(-3.53811153197744E-16,-1.,0.));
#13568=DIRECTION('center_axis',(1.,-3.53811153197744E-16,0.));
#13569=DIRECTION('ref_axis',(3.53811153197744E-16,1.,0.));
#13570=DIRECTION('',(0.,0.,-1.));
#13571=DIRECTION('',(3.53811153197744E-16,1.,0.));
#13572=DIRECTION('',(0.,0.,1.));
#13573=DIRECTION('center_axis',(0.,0.,1.));
#13574=DIRECTION('ref_axis',(0.720576692122895,0.693375245281534,0.));
#13575=DIRECTION('',(0.,0.,1.));
#13576=DIRECTION('center_axis',(0.,0.,1.));
#13577=DIRECTION('ref_axis',(0.720576692122895,0.693375245281534,0.));
#13578=DIRECTION('center_axis',(0.,0.,1.));
#13579=DIRECTION('ref_axis',(1.,0.,0.));
#13580=DIRECTION('',(0.,0.,-1.));
#13581=DIRECTION('center_axis',(0.,0.,-1.));
#13582=DIRECTION('ref_axis',(-1.,0.,0.));
#13583=DIRECTION('center_axis',(0.,0.,1.));
#13584=DIRECTION('ref_axis',(0.240192230707629,0.970725343394151,0.));
#13585=DIRECTION('',(0.,0.,1.));
#13586=DIRECTION('center_axis',(0.,0.,1.));
#13587=DIRECTION('ref_axis',(0.240192230707629,0.970725343394151,0.));
#13588=DIRECTION('center_axis',(-0.5,0.866025403784439,0.));
#13589=DIRECTION('ref_axis',(-0.866025403784439,-0.5,0.));
#13590=DIRECTION('',(-0.866025403784439,-0.5,0.));
#13591=DIRECTION('center_axis',(0.,0.,-1.));
#13592=DIRECTION('ref_axis',(-0.960768922830523,-0.277350098112613,0.));
#13593=DIRECTION('center_axis',(0.,0.,-1.));
#13594=DIRECTION('ref_axis',(-0.960768922830523,-0.277350098112613,0.));
#13595=DIRECTION('',(-0.625517537203483,0.329739003836196,-0.707106781186549));
#13596=DIRECTION('center_axis',(0.,0.,1.));
#13597=DIRECTION('ref_axis',(1.,0.,0.));
#13598=DIRECTION('',(-0.625517537203483,-0.329739003836196,-0.707106781186549));
#13599=DIRECTION('center_axis',(0.,0.,1.));
#13600=DIRECTION('ref_axis',(1.,0.,0.));
#13601=DIRECTION('center_axis',(0.,0.,-1.));
#13602=DIRECTION('ref_axis',(-0.960768922830523,0.277350098112614,0.));
#13603=DIRECTION('center_axis',(0.,0.,-1.));
#13604=DIRECTION('ref_axis',(-0.960768922830523,0.277350098112614,0.));
#13605=DIRECTION('',(-0.353553390593272,0.612372435695797,-0.707106781186547));
#13606=DIRECTION('center_axis',(-0.353553390593274,0.612372435695795,0.707106781186547));
#13607=DIRECTION('ref_axis',(0.894427190999916,0.,0.447213595499958));
#13608=DIRECTION('',(0.866025403784439,0.5,0.));
#13609=DIRECTION('center_axis',(-0.5,0.866025403784439,0.));
#13610=DIRECTION('ref_axis',(-0.866025403784439,-0.5,0.));
#13611=DIRECTION('',(0.,0.,-1.));
#13612=DIRECTION('',(-0.866025403784439,-0.5,0.));
#13613=DIRECTION('center_axis',(0.,0.,1.));
#13614=DIRECTION('ref_axis',(-0.960768922830523,0.277350098112614,0.));
#13615=DIRECTION('',(0.,0.,1.));
#13616=DIRECTION('center_axis',(0.,0.,1.));
#13617=DIRECTION('ref_axis',(-0.960768922830523,0.277350098112614,0.));
#13618=DIRECTION('center_axis',(0.,0.,1.));
#13619=DIRECTION('ref_axis',(1.,0.,0.));
#13620=DIRECTION('',(0.,0.,-1.));
#13621=DIRECTION('center_axis',(0.,0.,-1.));
#13622=DIRECTION('ref_axis',(1.,0.,0.));
#13623=DIRECTION('center_axis',(0.,0.,1.));
#13624=DIRECTION('ref_axis',(-0.960768922830523,-0.277350098112613,0.));
#13625=DIRECTION('center_axis',(0.,0.,1.));
#13626=DIRECTION('ref_axis',(-0.960768922830523,-0.277350098112613,0.));
#13627=DIRECTION('center_axis',(0.707106781186547,-2.50182265685557E-16,
0.707106781186548));
#13628=DIRECTION('ref_axis',(0.707106781186548,0.,-0.707106781186547));
#13629=DIRECTION('',(-3.53811153197744E-16,-1.,0.));
#13630=DIRECTION('',(0.707106781186548,0.,-0.707106781186547));
#13631=DIRECTION('center_axis',(0.,0.,-1.));
#13632=DIRECTION('ref_axis',(0.720576692122895,-0.693375245281534,0.));
#13633=DIRECTION('center_axis',(0.,0.,-1.));
#13634=DIRECTION('ref_axis',(0.720576692122895,-0.693375245281534,0.));
#13635=DIRECTION('',(0.0271964146610205,-0.706583579648994,-0.707106781186547));
#13636=DIRECTION('center_axis',(0.,0.,1.));
#13637=DIRECTION('ref_axis',(-1.,0.,0.));
#13638=DIRECTION('',(0.598321122542462,-0.376844575812797,-0.707106781186548));
#13639=DIRECTION('center_axis',(0.,0.,1.));
#13640=DIRECTION('ref_axis',(-1.,0.,0.));
#13641=DIRECTION('center_axis',(0.,0.,-1.));
#13642=DIRECTION('ref_axis',(0.240192230707624,-0.970725343394153,0.));
#13643=DIRECTION('center_axis',(0.,0.,-1.));
#13644=DIRECTION('ref_axis',(0.240192230707624,-0.970725343394153,0.));
#13645=DIRECTION('',(-0.353553390593279,-0.612372435695791,-0.707106781186548));
#13646=DIRECTION('center_axis',(-0.353553390593274,-0.612372435695793,0.707106781186549));
#13647=DIRECTION('ref_axis',(0.894427190999916,0.,0.447213595499957));
#13648=DIRECTION('',(-0.866025403784438,0.5,0.));
#13649=DIRECTION('center_axis',(-0.5,-0.866025403784438,0.));
#13650=DIRECTION('ref_axis',(0.866025403784438,-0.5,0.));
#13651=DIRECTION('',(0.,0.,-1.));
#13652=DIRECTION('',(0.866025403784438,-0.5,0.));
#13653=DIRECTION('center_axis',(0.,0.,1.));
#13654=DIRECTION('ref_axis',(0.240192230707624,-0.970725343394153,0.));
#13655=DIRECTION('',(0.,0.,1.));
#13656=DIRECTION('center_axis',(0.,0.,1.));
#13657=DIRECTION('ref_axis',(0.240192230707624,-0.970725343394153,0.));
#13658=DIRECTION('center_axis',(0.,0.,1.));
#13659=DIRECTION('ref_axis',(1.,0.,0.));
#13660=DIRECTION('',(0.,0.,-1.));
#13661=DIRECTION('center_axis',(0.,0.,-1.));
#13662=DIRECTION('ref_axis',(-1.,0.,0.));
#13663=DIRECTION('center_axis',(0.,0.,1.));
#13664=DIRECTION('ref_axis',(0.720576692122895,-0.693375245281534,0.));
#13665=DIRECTION('',(0.,0.,1.));
#13666=DIRECTION('center_axis',(0.,0.,1.));
#13667=DIRECTION('ref_axis',(0.720576692122895,-0.693375245281534,0.));
#13668=DIRECTION('center_axis',(1.,-3.53811153197744E-16,0.));
#13669=DIRECTION('ref_axis',(3.53811153197744E-16,1.,0.));
#13670=DIRECTION('',(3.53811153197744E-16,1.,0.));
#13671=DIRECTION('center_axis',(-0.353553390593274,-0.612372435695795,0.707106781186547));
#13672=DIRECTION('ref_axis',(0.894427190999915,0.,0.447213595499959));
#13673=DIRECTION('',(0.353553390593273,0.612372435695794,0.707106781186548));
#13674=DIRECTION('',(-0.866025403784438,0.5,0.));
#13675=DIRECTION('center_axis',(0.,0.,-1.));
#13676=DIRECTION('ref_axis',(0.240192230707624,-0.970725343394153,0.));
#13677=DIRECTION('',(-0.598321122542462,0.376844575812797,0.707106781186549));
#13678=DIRECTION('center_axis',(0.,0.,-1.));
#13679=DIRECTION('ref_axis',(0.240192230707624,-0.970725343394153,0.));
#13680=DIRECTION('center_axis',(0.,0.,1.));
#13681=DIRECTION('ref_axis',(-1.,0.,0.));
#13682=DIRECTION('',(-0.0271964146610172,0.706583579648994,0.707106781186547));
#13683=DIRECTION('center_axis',(0.,0.,1.));
#13684=DIRECTION('ref_axis',(-1.,0.,0.));
#13685=DIRECTION('center_axis',(0.,0.,-1.));
#13686=DIRECTION('ref_axis',(0.720576692122895,-0.693375245281534,0.));
#13687=DIRECTION('',(-0.707106781186547,0.,0.707106781186549));
#13688=DIRECTION('center_axis',(0.,0.,-1.));
#13689=DIRECTION('ref_axis',(0.720576692122895,-0.693375245281534,0.));
#13690=DIRECTION('center_axis',(0.707106781186548,-2.50182265685557E-16,
0.707106781186547));
#13691=DIRECTION('ref_axis',(0.707106781186547,0.,-0.707106781186548));
#13692=DIRECTION('',(-3.53811153197744E-16,-1.,0.));
#13693=DIRECTION('center_axis',(0.707106781186548,-2.50182265685557E-16,
0.707106781186547));
#13694=DIRECTION('ref_axis',(0.707106781186547,0.,-0.707106781186548));
#13695=DIRECTION('',(0.707106781186547,-4.02885912743857E-16,-0.707106781186548));
#13696=DIRECTION('',(-0.707106781186547,0.,0.707106781186548));
#13697=DIRECTION('',(-3.53811153197744E-16,-1.,0.));
#13698=DIRECTION('center_axis',(0.,0.,-1.));
#13699=DIRECTION('ref_axis',(0.720576692122894,0.693375245281534,0.));
#13700=DIRECTION('',(-0.027196414661021,-0.706583579648991,0.70710678118655));
#13701=DIRECTION('center_axis',(0.,0.,-1.));
#13702=DIRECTION('ref_axis',(0.720576692122895,0.693375245281534,0.));
#13703=DIRECTION('center_axis',(0.,0.,1.));
#13704=DIRECTION('ref_axis',(-1.,0.,0.));
#13705=DIRECTION('',(-0.598321122542464,-0.376844575812801,0.707106781186544));
#13706=DIRECTION('center_axis',(0.,0.,1.));
#13707=DIRECTION('ref_axis',(-1.,0.,0.));
#13708=DIRECTION('center_axis',(0.,0.,-1.));
#13709=DIRECTION('ref_axis',(0.240192230707629,0.970725343394151,0.));
#13710=DIRECTION('',(0.353553390593271,-0.612372435695798,0.707106781186546));
#13711=DIRECTION('center_axis',(0.,0.,-1.));
#13712=DIRECTION('ref_axis',(0.240192230707629,0.970725343394151,0.));
#13713=DIRECTION('center_axis',(-0.353553390593274,0.612372435695795,0.707106781186547));
#13714=DIRECTION('ref_axis',(0.894427190999916,0.,0.447213595499958));
#13715=DIRECTION('',(0.866025403784439,0.5,0.));
#13716=DIRECTION('center_axis',(-5.69766721891426E-16,-1.,0.));
#13717=DIRECTION('ref_axis',(-1.,5.69766721891426E-16,0.));
#13718=DIRECTION('',(0.,0.,-1.));
#13719=DIRECTION('',(1.,-5.69766721891426E-16,0.));
#13720=DIRECTION('center_axis',(-0.353553390593274,0.612372435695796,0.707106781186545));
#13721=DIRECTION('ref_axis',(0.894427190999915,0.,0.44721359549996));
#13722=DIRECTION('',(0.353553390593274,-0.61237243569579,0.707106781186551));
#13723=DIRECTION('',(0.866025403784439,0.5,0.));
#13724=DIRECTION('center_axis',(0.,0.,-1.));
#13725=DIRECTION('ref_axis',(-0.960768922830523,0.277350098112614,0.));
#13726=DIRECTION('',(0.625517537203483,0.329739003836196,0.707106781186549));
#13727=DIRECTION('center_axis',(0.,0.,-1.));
#13728=DIRECTION('ref_axis',(-0.960768922830523,0.277350098112614,0.));
#13729=DIRECTION('center_axis',(0.,0.,1.));
#13730=DIRECTION('ref_axis',(1.,0.,0.));
#13731=DIRECTION('',(0.625517537203482,-0.329739003836198,0.707106781186549));
#13732=DIRECTION('center_axis',(0.,0.,1.));
#13733=DIRECTION('ref_axis',(1.,0.,0.));
#13734=DIRECTION('center_axis',(0.,0.,-1.));
#13735=DIRECTION('ref_axis',(-0.960768922830523,-0.277350098112613,0.));
#13736=DIRECTION('center_axis',(0.,0.,-1.));
#13737=DIRECTION('ref_axis',(-0.960768922830523,-0.277350098112613,0.));
#13738=DIRECTION('center_axis',(0.,0.,-1.));
#13739=DIRECTION('ref_axis',(0.959151237970402,0.2828938010983,0.));
#13740=DIRECTION('',(0.,0.,-1.));
#13741=DIRECTION('',(0.,0.,1.));
#13742=DIRECTION('center_axis',(-0.5,-0.866025403784438,0.));
#13743=DIRECTION('ref_axis',(-0.866025403784438,0.5,0.));
#13744=DIRECTION('',(0.,0.,1.));
#13745=DIRECTION('center_axis',(0.,0.,-1.));
#13746=DIRECTION('ref_axis',(-0.93467238661337,-0.355510238533952,0.));
#13747=DIRECTION('',(0.,0.,-1.));
#13748=DIRECTION('center_axis',(0.,0.,-1.));
#13749=DIRECTION('ref_axis',(1.,0.,0.));
#13750=DIRECTION('',(0.,0.,1.));
#13751=DIRECTION('center_axis',(0.,0.,-1.));
#13752=DIRECTION('ref_axis',(-0.934672386613369,0.355510238533953,0.));
#13753=DIRECTION('',(0.,0.,-1.));
#13754=DIRECTION('center_axis',(-0.5,0.866025403784439,0.));
#13755=DIRECTION('ref_axis',(0.866025403784439,0.5,0.));
#13756=DIRECTION('',(0.,0.,1.));
#13757=DIRECTION('center_axis',(0.,0.,-1.));
#13758=DIRECTION('ref_axis',(0.959151237970402,-0.282893801098303,0.));
#13759=DIRECTION('',(0.,0.,-1.));
#13760=DIRECTION('center_axis',(0.,0.,-1.));
#13761=DIRECTION('ref_axis',(1.,0.,0.));
#13762=DIRECTION('',(0.,0.,1.));
#13763=DIRECTION('center_axis',(0.,0.,-1.));
#13764=DIRECTION('ref_axis',(-0.724568837309473,0.68920243760451,0.));
#13765=DIRECTION('',(0.,0.,-1.));
#13766=DIRECTION('center_axis',(1.,-3.53811153197744E-16,0.));
#13767=DIRECTION('ref_axis',(-3.53811153197744E-16,-1.,0.));
#13768=DIRECTION('',(0.,0.,1.));
#13769=DIRECTION('center_axis',(0.,0.,-1.));
#13770=DIRECTION('ref_axis',(0.775217091182553,-0.631694911756032,0.));
#13771=DIRECTION('',(0.,0.,-1.));
#13772=DIRECTION('center_axis',(0.,0.,-1.));
#13773=DIRECTION('ref_axis',(1.,0.,0.));
#13774=DIRECTION('',(0.,0.,1.));
#13775=DIRECTION('center_axis',(0.,0.,-1.));
#13776=DIRECTION('ref_axis',(0.159455295430816,-0.987205150289985,0.));
#13777=DIRECTION('',(0.,0.,-1.));
#13778=DIRECTION('center_axis',(-0.5,-0.866025403784438,0.));
#13779=DIRECTION('ref_axis',(-0.866025403784438,0.5,0.));
#13780=DIRECTION('',(0.,0.,1.));
#13781=DIRECTION('center_axis',(0.,0.,-1.));
#13782=DIRECTION('ref_axis',(-0.234582400660927,0.972096238702813,0.));
#13783=DIRECTION('',(0.,0.,-1.));
#13784=DIRECTION('center_axis',(0.,0.,-1.));
#13785=DIRECTION('ref_axis',(-1.,1.22464679914735E-16,0.));
#13786=DIRECTION('',(0.,0.,1.));
#13787=DIRECTION('center_axis',(0.,0.,-1.));
#13788=DIRECTION('ref_axis',(-0.234582400660932,-0.972096238702812,0.));
#13789=DIRECTION('',(0.,0.,-1.));
#13790=DIRECTION('center_axis',(-0.5,0.866025403784439,0.));
#13791=DIRECTION('ref_axis',(0.866025403784439,0.5,0.));
#13792=DIRECTION('',(0.,0.,1.));
#13793=DIRECTION('center_axis',(0.,0.,-1.));
#13794=DIRECTION('ref_axis',(0.159455295430816,0.987205150289985,0.));
#13795=DIRECTION('',(0.,0.,-1.));
#13796=DIRECTION('center_axis',(0.,0.,-1.));
#13797=DIRECTION('ref_axis',(1.,0.,0.));
#13798=DIRECTION('',(0.,0.,1.));
#13799=DIRECTION('center_axis',(0.,0.,-1.));
#13800=DIRECTION('ref_axis',(-0.724568837309472,-0.689202437604511,0.));
#13801=DIRECTION('',(0.,0.,-1.));
#13802=DIRECTION('',(0.,0.,1.));
#13803=DIRECTION('center_axis',(0.,0.,-1.));
#13804=DIRECTION('ref_axis',(1.,0.,0.));
#13805=DIRECTION('center_axis',(0.,0.,-1.));
#13806=DIRECTION('ref_axis',(0.775217091182554,0.631694911756031,0.));
#13807=DIRECTION('',(0.,0.,-1.));
#13808=DIRECTION('center_axis',(0.,0.,1.));
#13809=DIRECTION('ref_axis',(1.,0.,0.));
#13810=DIRECTION('center_axis',(0.,0.,1.));
#13811=DIRECTION('ref_axis',(1.,0.,0.));
#13812=DIRECTION('center_axis',(1.,-3.53811153197744E-16,0.));
#13813=DIRECTION('ref_axis',(-3.53811153197744E-16,-1.,0.));
#13814=DIRECTION('center_axis',(-0.353553390593274,0.612372435695795,0.707106781186547));
#13815=DIRECTION('ref_axis',(0.894427190999916,0.,0.447213595499958));
#13816=DIRECTION('',(0.353553390593273,-0.612372435695794,0.707106781186548));
#13817=DIRECTION('',(0.866025403784439,0.5,0.));
#13818=DIRECTION('',(-0.353553390593273,0.612372435695793,-0.707106781186549));
#13819=DIRECTION('center_axis',(0.,0.,-1.));
#13820=DIRECTION('ref_axis',(0.240192230707629,0.970725343394151,0.));
#13821=DIRECTION('center_axis',(0.,0.,-1.));
#13822=DIRECTION('ref_axis',(0.240192230707629,0.970725343394151,0.));
#13823=DIRECTION('',(0.598321122542462,0.376844575812797,-0.707106781186548));
#13824=DIRECTION('center_axis',(0.,0.,1.));
#13825=DIRECTION('ref_axis',(-1.,0.,0.));
#13826=DIRECTION('',(0.0271964146610247,0.706583579648997,-0.707106781186544));
#13827=DIRECTION('center_axis',(0.,0.,1.));
#13828=DIRECTION('ref_axis',(-1.,0.,0.));
#13829=DIRECTION('center_axis',(0.,0.,-1.));
#13830=DIRECTION('ref_axis',(0.720576692122895,0.693375245281534,0.));
#13831=DIRECTION('center_axis',(0.,0.,-1.));
#13832=DIRECTION('ref_axis',(0.720576692122895,0.693375245281534,0.));
#13833=DIRECTION('',(0.707106781186547,0.,-0.707106781186548));
#13834=DIRECTION('center_axis',(0.707106781186548,-2.50182265685557E-16,
0.707106781186548));
#13835=DIRECTION('ref_axis',(0.707106781186548,0.,-0.707106781186548));
#13836=DIRECTION('',(0.707106781186548,-4.02885912743857E-16,-0.707106781186548));
#13837=DIRECTION('',(-3.53811153197744E-16,-1.,0.));
#13838=DIRECTION('center_axis',(1.,-3.53811153197744E-16,0.));
#13839=DIRECTION('ref_axis',(3.53811153197744E-16,1.,0.));
#13840=DIRECTION('',(0.,0.,-1.));
#13841=DIRECTION('',(3.53811153197744E-16,1.,0.));
#13842=DIRECTION('',(0.,0.,1.));
#13843=DIRECTION('center_axis',(0.,0.,1.));
#13844=DIRECTION('ref_axis',(0.720576692122895,0.693375245281534,0.));
#13845=DIRECTION('',(0.,0.,1.));
#13846=DIRECTION('center_axis',(0.,0.,1.));
#13847=DIRECTION('ref_axis',(0.720576692122895,0.693375245281534,0.));
#13848=DIRECTION('center_axis',(0.,0.,1.));
#13849=DIRECTION('ref_axis',(1.,0.,0.));
#13850=DIRECTION('',(0.,0.,-1.));
#13851=DIRECTION('center_axis',(0.,0.,-1.));
#13852=DIRECTION('ref_axis',(-1.,0.,0.));
#13853=DIRECTION('center_axis',(0.,0.,1.));
#13854=DIRECTION('ref_axis',(0.240192230707629,0.970725343394151,0.));
#13855=DIRECTION('',(0.,0.,1.));
#13856=DIRECTION('center_axis',(0.,0.,1.));
#13857=DIRECTION('ref_axis',(0.240192230707629,0.970725343394151,0.));
#13858=DIRECTION('center_axis',(-0.5,0.866025403784439,0.));
#13859=DIRECTION('ref_axis',(-0.866025403784439,-0.5,0.));
#13860=DIRECTION('',(0.,0.,1.));
#13861=DIRECTION('',(-0.866025403784439,-0.5,0.));
#13862=DIRECTION('center_axis',(-0.353553390593274,-0.612372435695795,0.707106781186547));
#13863=DIRECTION('ref_axis',(0.894427190999916,0.,0.447213595499959));
#13864=DIRECTION('',(0.353553390593274,0.612372435695794,0.707106781186548));
#13865=DIRECTION('',(-0.866025403784438,0.5,0.));
#13866=DIRECTION('',(-0.353553390593273,-0.612372435695793,-0.707106781186549));
#13867=DIRECTION('center_axis',(0.,0.,-1.));
#13868=DIRECTION('ref_axis',(-0.960768922830523,-0.277350098112613,0.));
#13869=DIRECTION('center_axis',(0.,0.,-1.));
#13870=DIRECTION('ref_axis',(-0.960768922830523,-0.277350098112613,0.));
#13871=DIRECTION('',(-0.625517537203483,0.329739003836196,-0.707106781186549));
#13872=DIRECTION('center_axis',(0.,0.,1.));
#13873=DIRECTION('ref_axis',(1.,0.,0.));
#13874=DIRECTION('',(-0.625517537203483,-0.329739003836196,-0.707106781186549));
#13875=DIRECTION('center_axis',(0.,0.,1.));
#13876=DIRECTION('ref_axis',(1.,0.,0.));
#13877=DIRECTION('center_axis',(0.,0.,-1.));
#13878=DIRECTION('ref_axis',(-0.960768922830523,0.277350098112614,0.));
#13879=DIRECTION('center_axis',(0.,0.,-1.));
#13880=DIRECTION('ref_axis',(-0.960768922830523,0.277350098112614,0.));
#13881=DIRECTION('',(-0.353553390593272,0.612372435695797,-0.707106781186547));
#13882=DIRECTION('center_axis',(0.,0.,1.));
#13883=DIRECTION('ref_axis',(-0.960768922830523,0.277350098112614,0.));
#13884=DIRECTION('',(0.,0.,1.));
#13885=DIRECTION('center_axis',(0.,0.,1.));
#13886=DIRECTION('ref_axis',(-0.960768922830523,0.277350098112614,0.));
#13887=DIRECTION('',(0.,0.,-1.));
#13888=DIRECTION('center_axis',(0.,0.,1.));
#13889=DIRECTION('ref_axis',(1.,0.,0.));
#13890=DIRECTION('',(0.,0.,-1.));
#13891=DIRECTION('center_axis',(0.,0.,-1.));
#13892=DIRECTION('ref_axis',(1.,0.,0.));
#13893=DIRECTION('center_axis',(0.,0.,1.));
#13894=DIRECTION('ref_axis',(-0.960768922830523,-0.277350098112613,0.));
#13895=DIRECTION('',(0.,0.,1.));
#13896=DIRECTION('center_axis',(0.,0.,1.));
#13897=DIRECTION('ref_axis',(-0.960768922830523,-0.277350098112613,0.));
#13898=DIRECTION('center_axis',(-0.5,-0.866025403784438,0.));
#13899=DIRECTION('ref_axis',(0.866025403784438,-0.5,0.));
#13900=DIRECTION('',(0.,0.,1.));
#13901=DIRECTION('',(0.866025403784438,-0.5,0.));
#13902=DIRECTION('center_axis',(0.707106781186547,-2.50182265685557E-16,
0.707106781186548));
#13903=DIRECTION('ref_axis',(0.707106781186548,0.,-0.707106781186547));
#13904=DIRECTION('',(-3.53811153197744E-16,-1.,0.));
#13905=DIRECTION('',(0.707106781186548,0.,-0.707106781186547));
#13906=DIRECTION('center_axis',(0.,0.,-1.));
#13907=DIRECTION('ref_axis',(0.720576692122895,-0.693375245281534,0.));
#13908=DIRECTION('center_axis',(0.,0.,-1.));
#13909=DIRECTION('ref_axis',(0.720576692122895,-0.693375245281534,0.));
#13910=DIRECTION('',(0.0271964146610205,-0.706583579648994,-0.707106781186547));
#13911=DIRECTION('center_axis',(0.,0.,1.));
#13912=DIRECTION('ref_axis',(-1.,0.,0.));
#13913=DIRECTION('',(0.598321122542462,-0.376844575812797,-0.707106781186548));
#13914=DIRECTION('center_axis',(0.,0.,1.));
#13915=DIRECTION('ref_axis',(-1.,0.,0.));
#13916=DIRECTION('center_axis',(0.,0.,-1.));
#13917=DIRECTION('ref_axis',(0.240192230707624,-0.970725343394153,0.));
#13918=DIRECTION('center_axis',(0.,0.,-1.));
#13919=DIRECTION('ref_axis',(0.240192230707624,-0.970725343394153,0.));
#13920=DIRECTION('',(-0.353553390593279,-0.612372435695791,-0.707106781186548));
#13921=DIRECTION('center_axis',(-0.353553390593274,-0.612372435695793,0.707106781186549));
#13922=DIRECTION('ref_axis',(0.894427190999916,0.,0.447213595499957));
#13923=DIRECTION('',(-0.353553390593275,-0.612372435695795,-0.707106781186546));
#13924=DIRECTION('',(-0.866025403784438,0.5,0.));
#13925=DIRECTION('center_axis',(-0.5,-0.866025403784438,0.));
#13926=DIRECTION('ref_axis',(0.866025403784438,-0.5,0.));
#13927=DIRECTION('',(0.,0.,-1.));
#13928=DIRECTION('',(0.866025403784438,-0.5,0.));
#13929=DIRECTION('',(0.,0.,1.));
#13930=DIRECTION('center_axis',(0.,0.,1.));
#13931=DIRECTION('ref_axis',(0.240192230707624,-0.970725343394153,0.));
#13932=DIRECTION('',(0.,0.,1.));
#13933=DIRECTION('center_axis',(0.,0.,1.));
#13934=DIRECTION('ref_axis',(0.240192230707624,-0.970725343394153,0.));
#13935=DIRECTION('center_axis',(0.,0.,1.));
#13936=DIRECTION('ref_axis',(1.,0.,0.));
#13937=DIRECTION('',(0.,0.,-1.));
#13938=DIRECTION('center_axis',(0.,0.,-1.));
#13939=DIRECTION('ref_axis',(-1.,0.,0.));
#13940=DIRECTION('center_axis',(0.,0.,1.));
#13941=DIRECTION('ref_axis',(0.720576692122895,-0.693375245281534,0.));
#13942=DIRECTION('',(0.,0.,1.));
#13943=DIRECTION('center_axis',(0.,0.,1.));
#13944=DIRECTION('ref_axis',(0.720576692122895,-0.693375245281534,0.));
#13945=DIRECTION('center_axis',(1.,-3.53811153197744E-16,0.));
#13946=DIRECTION('ref_axis',(3.53811153197744E-16,1.,0.));
#13947=DIRECTION('',(3.53811153197744E-16,1.,0.));
#13948=DIRECTION('center_axis',(-0.353553390593274,-0.612372435695795,0.707106781186547));
#13949=DIRECTION('ref_axis',(0.894427190999915,0.,0.447213595499959));
#13950=DIRECTION('',(-0.353553390593274,-0.612372435695794,-0.707106781186548));
#13951=DIRECTION('',(0.353553390593273,0.612372435695794,0.707106781186548));
#13952=DIRECTION('',(-0.866025403784438,0.5,0.));
#13953=DIRECTION('center_axis',(0.,0.,-1.));
#13954=DIRECTION('ref_axis',(0.240192230707624,-0.970725343394153,0.));
#13955=DIRECTION('',(-0.598321122542462,0.376844575812797,0.707106781186549));
#13956=DIRECTION('center_axis',(0.,0.,-1.));
#13957=DIRECTION('ref_axis',(0.240192230707624,-0.970725343394153,0.));
#13958=DIRECTION('center_axis',(0.,0.,1.));
#13959=DIRECTION('ref_axis',(-1.,0.,0.));
#13960=DIRECTION('',(-0.0271964146610172,0.706583579648994,0.707106781186547));
#13961=DIRECTION('center_axis',(0.,0.,1.));
#13962=DIRECTION('ref_axis',(-1.,0.,0.));
#13963=DIRECTION('center_axis',(0.,0.,-1.));
#13964=DIRECTION('ref_axis',(0.720576692122895,-0.693375245281534,0.));
#13965=DIRECTION('',(-0.707106781186547,0.,0.707106781186549));
#13966=DIRECTION('center_axis',(0.,0.,-1.));
#13967=DIRECTION('ref_axis',(0.720576692122895,-0.693375245281534,0.));
#13968=DIRECTION('center_axis',(0.707106781186548,-2.50182265685557E-16,
0.707106781186547));
#13969=DIRECTION('ref_axis',(0.707106781186547,0.,-0.707106781186548));
#13970=DIRECTION('',(-3.53811153197744E-16,-1.,0.));
#13971=DIRECTION('center_axis',(0.707106781186548,-2.50182265685557E-16,
0.707106781186547));
#13972=DIRECTION('ref_axis',(0.707106781186547,0.,-0.707106781186548));
#13973=DIRECTION('',(0.707106781186547,-4.02885912743857E-16,-0.707106781186548));
#13974=DIRECTION('',(-0.707106781186547,0.,0.707106781186548));
#13975=DIRECTION('',(-3.53811153197744E-16,-1.,0.));
#13976=DIRECTION('center_axis',(0.,0.,-1.));
#13977=DIRECTION('ref_axis',(0.720576692122894,0.693375245281534,0.));
#13978=DIRECTION('',(-0.027196414661021,-0.706583579648991,0.70710678118655));
#13979=DIRECTION('center_axis',(0.,0.,-1.));
#13980=DIRECTION('ref_axis',(0.720576692122895,0.693375245281534,0.));
#13981=DIRECTION('center_axis',(0.,0.,1.));
#13982=DIRECTION('ref_axis',(-1.,0.,0.));
#13983=DIRECTION('',(-0.598321122542464,-0.376844575812801,0.707106781186544));
#13984=DIRECTION('center_axis',(0.,0.,1.));
#13985=DIRECTION('ref_axis',(-1.,0.,0.));
#13986=DIRECTION('center_axis',(0.,0.,-1.));
#13987=DIRECTION('ref_axis',(0.240192230707629,0.970725343394151,0.));
#13988=DIRECTION('',(0.353553390593271,-0.612372435695798,0.707106781186546));
#13989=DIRECTION('center_axis',(0.,0.,-1.));
#13990=DIRECTION('ref_axis',(0.240192230707629,0.970725343394151,0.));
#13991=DIRECTION('center_axis',(-0.353553390593274,0.612372435695795,0.707106781186547));
#13992=DIRECTION('ref_axis',(0.894427190999916,0.,0.447213595499958));
#13993=DIRECTION('',(0.353553390593273,-0.612372435695794,0.707106781186548));
#13994=DIRECTION('',(0.866025403784439,0.5,0.));
#13995=DIRECTION('center_axis',(-5.69766721891426E-16,-1.,0.));
#13996=DIRECTION('ref_axis',(-1.,5.69766721891426E-16,0.));
#13997=DIRECTION('',(1.,-5.69766721891426E-16,0.));
#13998=DIRECTION('',(0.,0.,1.));
#13999=DIRECTION('',(0.,0.,-1.));
#14000=DIRECTION('center_axis',(0.,0.,-1.));
#14001=DIRECTION('ref_axis',(-0.960768922830523,0.277350098112614,0.));
#14002=DIRECTION('',(0.353553390593274,-0.61237243569579,0.707106781186551));
#14003=DIRECTION('',(0.625517537203483,0.329739003836196,0.707106781186549));
#14004=DIRECTION('center_axis',(0.,0.,-1.));
#14005=DIRECTION('ref_axis',(-0.960768922830523,0.277350098112614,0.));
#14006=DIRECTION('center_axis',(0.,0.,1.));
#14007=DIRECTION('ref_axis',(1.,0.,0.));
#14008=DIRECTION('',(0.625517537203482,-0.329739003836198,0.707106781186549));
#14009=DIRECTION('center_axis',(0.,0.,1.));
#14010=DIRECTION('ref_axis',(1.,0.,0.));
#14011=DIRECTION('center_axis',(0.,0.,-1.));
#14012=DIRECTION('ref_axis',(-0.960768922830523,-0.277350098112613,0.));
#14013=DIRECTION('',(0.353553390593277,0.612372435695795,0.707106781186545));
#14014=DIRECTION('center_axis',(0.,0.,-1.));
#14015=DIRECTION('ref_axis',(-0.960768922830523,-0.277350098112613,0.));
#14016=DIRECTION('center_axis',(-0.353553390593275,-0.612372435695796,0.707106781186545));
#14017=DIRECTION('ref_axis',(0.894427190999915,0.,0.44721359549996));
#14018=DIRECTION('',(0.353553390593273,0.612372435695793,0.70710678118655));
#14019=DIRECTION('',(-0.866025403784438,0.5,0.));
#14020=DIRECTION('center_axis',(0.866025403784439,-0.5,0.));
#14021=DIRECTION('ref_axis',(-0.5,-0.866025403784439,0.));
#14022=DIRECTION('',(0.,0.,1.));
#14023=DIRECTION('',(0.5,0.866025403784439,0.));
#14024=DIRECTION('center_axis',(0.,0.,-1.));
#14025=DIRECTION('ref_axis',(0.959151237970402,0.2828938010983,0.));
#14026=DIRECTION('',(0.,0.,-1.));
#14027=DIRECTION('',(0.,0.,1.));
#14028=DIRECTION('center_axis',(-0.5,-0.866025403784438,0.));
#14029=DIRECTION('ref_axis',(-0.866025403784438,0.5,0.));
#14030=DIRECTION('',(0.,0.,1.));
#14031=DIRECTION('center_axis',(0.,0.,-1.));
#14032=DIRECTION('ref_axis',(-0.93467238661337,-0.355510238533952,0.));
#14033=DIRECTION('',(0.,0.,-1.));
#14034=DIRECTION('center_axis',(0.,0.,-1.));
#14035=DIRECTION('ref_axis',(1.,0.,0.));
#14036=DIRECTION('',(0.,0.,1.));
#14037=DIRECTION('center_axis',(0.,0.,-1.));
#14038=DIRECTION('ref_axis',(-0.934672386613369,0.355510238533953,0.));
#14039=DIRECTION('',(0.,0.,-1.));
#14040=DIRECTION('center_axis',(-0.5,0.866025403784439,0.));
#14041=DIRECTION('ref_axis',(0.866025403784439,0.5,0.));
#14042=DIRECTION('',(0.,0.,1.));
#14043=DIRECTION('center_axis',(0.,0.,-1.));
#14044=DIRECTION('ref_axis',(0.959151237970402,-0.282893801098303,0.));
#14045=DIRECTION('',(0.,0.,-1.));
#14046=DIRECTION('center_axis',(0.,0.,-1.));
#14047=DIRECTION('ref_axis',(1.,0.,0.));
#14048=DIRECTION('',(0.,0.,1.));
#14049=DIRECTION('center_axis',(0.,0.,-1.));
#14050=DIRECTION('ref_axis',(-0.724568837309473,0.68920243760451,0.));
#14051=DIRECTION('',(0.,0.,-1.));
#14052=DIRECTION('center_axis',(1.,-3.53811153197744E-16,0.));
#14053=DIRECTION('ref_axis',(-3.53811153197744E-16,-1.,0.));
#14054=DIRECTION('',(0.,0.,1.));
#14055=DIRECTION('center_axis',(0.,0.,-1.));
#14056=DIRECTION('ref_axis',(0.775217091182553,-0.631694911756032,0.));
#14057=DIRECTION('',(0.,0.,-1.));
#14058=DIRECTION('center_axis',(0.,0.,-1.));
#14059=DIRECTION('ref_axis',(1.,0.,0.));
#14060=DIRECTION('',(0.,0.,1.));
#14061=DIRECTION('center_axis',(0.,0.,-1.));
#14062=DIRECTION('ref_axis',(0.159455295430816,-0.987205150289985,0.));
#14063=DIRECTION('',(0.,0.,-1.));
#14064=DIRECTION('center_axis',(-0.5,-0.866025403784438,0.));
#14065=DIRECTION('ref_axis',(-0.866025403784438,0.5,0.));
#14066=DIRECTION('',(0.,0.,1.));
#14067=DIRECTION('center_axis',(0.,0.,-1.));
#14068=DIRECTION('ref_axis',(-0.234582400660927,0.972096238702813,0.));
#14069=DIRECTION('',(0.,0.,-1.));
#14070=DIRECTION('center_axis',(0.,0.,-1.));
#14071=DIRECTION('ref_axis',(-1.,1.22464679914735E-16,0.));
#14072=DIRECTION('',(0.,0.,1.));
#14073=DIRECTION('center_axis',(0.,0.,-1.));
#14074=DIRECTION('ref_axis',(-0.234582400660932,-0.972096238702812,0.));
#14075=DIRECTION('',(0.,0.,-1.));
#14076=DIRECTION('center_axis',(-0.5,0.866025403784439,0.));
#14077=DIRECTION('ref_axis',(0.866025403784439,0.5,0.));
#14078=DIRECTION('',(0.,0.,1.));
#14079=DIRECTION('center_axis',(0.,0.,-1.));
#14080=DIRECTION('ref_axis',(0.159455295430816,0.987205150289985,0.));
#14081=DIRECTION('',(0.,0.,-1.));
#14082=DIRECTION('center_axis',(0.,0.,-1.));
#14083=DIRECTION('ref_axis',(1.,0.,0.));
#14084=DIRECTION('',(0.,0.,1.));
#14085=DIRECTION('center_axis',(0.,0.,-1.));
#14086=DIRECTION('ref_axis',(-0.724568837309472,-0.689202437604511,0.));
#14087=DIRECTION('',(0.,0.,-1.));
#14088=DIRECTION('',(0.,0.,1.));
#14089=DIRECTION('center_axis',(0.,0.,-1.));
#14090=DIRECTION('ref_axis',(1.,0.,0.));
#14091=DIRECTION('center_axis',(0.,0.,-1.));
#14092=DIRECTION('ref_axis',(0.775217091182554,0.631694911756031,0.));
#14093=DIRECTION('',(0.,0.,-1.));
#14094=DIRECTION('center_axis',(0.,0.,1.));
#14095=DIRECTION('ref_axis',(1.,0.,0.));
#14096=DIRECTION('',(0.5,-0.866025403784439,0.));
#14097=DIRECTION('center_axis',(0.,0.,1.));
#14098=DIRECTION('ref_axis',(1.,0.,0.));
#14099=DIRECTION('',(-0.5,-0.866025403784438,0.));
#14100=DIRECTION('center_axis',(1.,-3.53811153197744E-16,0.));
#14101=DIRECTION('ref_axis',(-3.53811153197744E-16,-1.,0.));
#14102=DIRECTION('center_axis',(-0.866025403784438,0.5,0.));
#14103=DIRECTION('ref_axis',(0.5,0.866025403784438,0.));
#14104=DIRECTION('center_axis',(-0.866025403784439,-0.5,0.));
#14105=DIRECTION('ref_axis',(-0.5,0.866025403784439,0.));
#14106=DIRECTION('center_axis',(-0.353553390593274,0.612372435695795,0.707106781186547));
#14107=DIRECTION('ref_axis',(0.894427190999916,0.,0.447213595499958));
#14108=DIRECTION('',(0.866025403784439,0.5,0.));
#14109=DIRECTION('',(-0.353553390593273,0.612372435695793,-0.707106781186549));
#14110=DIRECTION('center_axis',(0.,0.,-1.));
#14111=DIRECTION('ref_axis',(0.240192230707629,0.970725343394151,0.));
#14112=DIRECTION('center_axis',(0.,0.,-1.));
#14113=DIRECTION('ref_axis',(0.240192230707629,0.970725343394151,0.));
#14114=DIRECTION('',(0.598321122542462,0.376844575812797,-0.707106781186548));
#14115=DIRECTION('center_axis',(0.,0.,1.));
#14116=DIRECTION('ref_axis',(-1.,0.,0.));
#14117=DIRECTION('',(0.0271964146610247,0.706583579648997,-0.707106781186544));
#14118=DIRECTION('center_axis',(0.,0.,1.));
#14119=DIRECTION('ref_axis',(-1.,0.,0.));
#14120=DIRECTION('center_axis',(0.,0.,-1.));
#14121=DIRECTION('ref_axis',(0.720576692122895,0.693375245281534,0.));
#14122=DIRECTION('center_axis',(0.,0.,-1.));
#14123=DIRECTION('ref_axis',(0.720576692122895,0.693375245281534,0.));
#14124=DIRECTION('',(0.707106781186547,0.,-0.707106781186548));
#14125=DIRECTION('center_axis',(0.707106781186548,-2.50182265685557E-16,
0.707106781186548));
#14126=DIRECTION('ref_axis',(0.707106781186548,0.,-0.707106781186548));
#14127=DIRECTION('',(0.707106781186548,-4.02885912743857E-16,-0.707106781186548));
#14128=DIRECTION('',(-3.53811153197744E-16,-1.,0.));
#14129=DIRECTION('center_axis',(1.,-3.53811153197744E-16,0.));
#14130=DIRECTION('ref_axis',(3.53811153197744E-16,1.,0.));
#14131=DIRECTION('',(0.,0.,-1.));
#14132=DIRECTION('',(3.53811153197744E-16,1.,0.));
#14133=DIRECTION('',(0.,0.,1.));
#14134=DIRECTION('center_axis',(0.,0.,1.));
#14135=DIRECTION('ref_axis',(0.720576692122895,0.693375245281534,0.));
#14136=DIRECTION('',(0.,0.,1.));
#14137=DIRECTION('center_axis',(0.,0.,1.));
#14138=DIRECTION('ref_axis',(0.720576692122895,0.693375245281534,0.));
#14139=DIRECTION('center_axis',(0.,0.,1.));
#14140=DIRECTION('ref_axis',(1.,0.,0.));
#14141=DIRECTION('',(0.,0.,-1.));
#14142=DIRECTION('center_axis',(0.,0.,-1.));
#14143=DIRECTION('ref_axis',(-1.,0.,0.));
#14144=DIRECTION('center_axis',(0.,0.,1.));
#14145=DIRECTION('ref_axis',(0.240192230707629,0.970725343394151,0.));
#14146=DIRECTION('',(0.,0.,1.));
#14147=DIRECTION('center_axis',(0.,0.,1.));
#14148=DIRECTION('ref_axis',(0.240192230707629,0.970725343394151,0.));
#14149=DIRECTION('center_axis',(-0.5,0.866025403784439,0.));
#14150=DIRECTION('ref_axis',(-0.866025403784439,-0.5,0.));
#14151=DIRECTION('',(-0.866025403784439,-0.5,0.));
#14152=DIRECTION('center_axis',(-0.353553390593274,-0.612372435695795,0.707106781186547));
#14153=DIRECTION('ref_axis',(0.894427190999916,0.,0.447213595499959));
#14154=DIRECTION('',(0.353553390593274,0.612372435695794,0.707106781186548));
#14155=DIRECTION('',(-0.866025403784438,0.5,0.));
#14156=DIRECTION('',(-0.353553390593273,-0.612372435695793,-0.707106781186549));
#14157=DIRECTION('center_axis',(0.,0.,-1.));
#14158=DIRECTION('ref_axis',(-0.960768922830523,-0.277350098112613,0.));
#14159=DIRECTION('center_axis',(0.,0.,-1.));
#14160=DIRECTION('ref_axis',(-0.960768922830523,-0.277350098112613,0.));
#14161=DIRECTION('',(-0.625517537203483,0.329739003836196,-0.707106781186549));
#14162=DIRECTION('center_axis',(0.,0.,1.));
#14163=DIRECTION('ref_axis',(1.,0.,0.));
#14164=DIRECTION('',(-0.625517537203483,-0.329739003836196,-0.707106781186549));
#14165=DIRECTION('center_axis',(0.,0.,1.));
#14166=DIRECTION('ref_axis',(1.,0.,0.));
#14167=DIRECTION('center_axis',(0.,0.,-1.));
#14168=DIRECTION('ref_axis',(-0.960768922830523,0.277350098112614,0.));
#14169=DIRECTION('center_axis',(0.,0.,-1.));
#14170=DIRECTION('ref_axis',(-0.960768922830523,0.277350098112614,0.));
#14171=DIRECTION('',(-0.353553390593272,0.612372435695797,-0.707106781186547));
#14172=DIRECTION('center_axis',(-0.353553390593274,0.612372435695795,0.707106781186547));
#14173=DIRECTION('ref_axis',(0.894427190999916,0.,0.447213595499958));
#14174=DIRECTION('',(-0.353553390593273,0.612372435695794,-0.707106781186548));
#14175=DIRECTION('',(0.866025403784439,0.5,0.));
#14176=DIRECTION('center_axis',(-0.5,0.866025403784439,0.));
#14177=DIRECTION('ref_axis',(-0.866025403784439,-0.5,0.));
#14178=DIRECTION('',(0.,0.,-1.));
#14179=DIRECTION('',(-0.866025403784439,-0.5,0.));
#14180=DIRECTION('',(0.,0.,1.));
#14181=DIRECTION('center_axis',(0.,0.,1.));
#14182=DIRECTION('ref_axis',(-0.960768922830523,0.277350098112614,0.));
#14183=DIRECTION('',(0.,0.,1.));
#14184=DIRECTION('center_axis',(0.,0.,1.));
#14185=DIRECTION('ref_axis',(-0.960768922830523,0.277350098112614,0.));
#14186=DIRECTION('center_axis',(0.,0.,1.));
#14187=DIRECTION('ref_axis',(1.,0.,0.));
#14188=DIRECTION('',(0.,0.,-1.));
#14189=DIRECTION('center_axis',(0.,0.,-1.));
#14190=DIRECTION('ref_axis',(1.,0.,0.));
#14191=DIRECTION('center_axis',(0.,0.,1.));
#14192=DIRECTION('ref_axis',(-0.960768922830523,-0.277350098112613,0.));
#14193=DIRECTION('',(0.,0.,1.));
#14194=DIRECTION('center_axis',(0.,0.,1.));
#14195=DIRECTION('ref_axis',(-0.960768922830523,-0.277350098112613,0.));
#14196=DIRECTION('center_axis',(-0.5,-0.866025403784438,0.));
#14197=DIRECTION('ref_axis',(0.866025403784438,-0.5,0.));
#14198=DIRECTION('',(0.,0.,1.));
#14199=DIRECTION('',(0.866025403784438,-0.5,0.));
#14200=DIRECTION('center_axis',(0.707106781186547,-2.50182265685557E-16,
0.707106781186548));
#14201=DIRECTION('ref_axis',(0.707106781186548,0.,-0.707106781186547));
#14202=DIRECTION('',(-3.53811153197744E-16,-1.,0.));
#14203=DIRECTION('',(0.707106781186548,0.,-0.707106781186547));
#14204=DIRECTION('center_axis',(0.,0.,-1.));
#14205=DIRECTION('ref_axis',(0.720576692122895,-0.693375245281534,0.));
#14206=DIRECTION('center_axis',(0.,0.,-1.));
#14207=DIRECTION('ref_axis',(0.720576692122895,-0.693375245281534,0.));
#14208=DIRECTION('',(0.0271964146610205,-0.706583579648994,-0.707106781186547));
#14209=DIRECTION('center_axis',(0.,0.,1.));
#14210=DIRECTION('ref_axis',(-1.,0.,0.));
#14211=DIRECTION('',(0.598321122542462,-0.376844575812797,-0.707106781186548));
#14212=DIRECTION('center_axis',(0.,0.,1.));
#14213=DIRECTION('ref_axis',(-1.,0.,0.));
#14214=DIRECTION('center_axis',(0.,0.,-1.));
#14215=DIRECTION('ref_axis',(0.240192230707624,-0.970725343394153,0.));
#14216=DIRECTION('center_axis',(0.,0.,-1.));
#14217=DIRECTION('ref_axis',(0.240192230707624,-0.970725343394153,0.));
#14218=DIRECTION('',(-0.353553390593279,-0.612372435695791,-0.707106781186548));
#14219=DIRECTION('center_axis',(-0.353553390593274,-0.612372435695793,0.707106781186549));
#14220=DIRECTION('ref_axis',(0.894427190999916,0.,0.447213595499957));
#14221=DIRECTION('',(-0.866025403784438,0.5,0.));
#14222=DIRECTION('center_axis',(-0.5,-0.866025403784438,0.));
#14223=DIRECTION('ref_axis',(0.866025403784438,-0.5,0.));
#14224=DIRECTION('',(0.,0.,-1.));
#14225=DIRECTION('',(0.866025403784438,-0.5,0.));
#14226=DIRECTION('center_axis',(0.,0.,1.));
#14227=DIRECTION('ref_axis',(0.240192230707624,-0.970725343394153,0.));
#14228=DIRECTION('',(0.,0.,1.));
#14229=DIRECTION('center_axis',(0.,0.,1.));
#14230=DIRECTION('ref_axis',(0.240192230707624,-0.970725343394153,0.));
#14231=DIRECTION('center_axis',(0.,0.,1.));
#14232=DIRECTION('ref_axis',(1.,0.,0.));
#14233=DIRECTION('',(0.,0.,-1.));
#14234=DIRECTION('center_axis',(0.,0.,-1.));
#14235=DIRECTION('ref_axis',(-1.,0.,0.));
#14236=DIRECTION('center_axis',(0.,0.,1.));
#14237=DIRECTION('ref_axis',(0.720576692122895,-0.693375245281534,0.));
#14238=DIRECTION('',(0.,0.,1.));
#14239=DIRECTION('center_axis',(0.,0.,1.));
#14240=DIRECTION('ref_axis',(0.720576692122895,-0.693375245281534,0.));
#14241=DIRECTION('center_axis',(1.,-3.53811153197744E-16,0.));
#14242=DIRECTION('ref_axis',(3.53811153197744E-16,1.,0.));
#14243=DIRECTION('',(3.53811153197744E-16,1.,0.));
#14244=DIRECTION('center_axis',(-0.353553390593274,-0.612372435695795,0.707106781186547));
#14245=DIRECTION('ref_axis',(0.894427190999915,0.,0.447213595499959));
#14246=DIRECTION('',(0.353553390593273,0.612372435695794,0.707106781186548));
#14247=DIRECTION('',(-0.866025403784438,0.5,0.));
#14248=DIRECTION('center_axis',(0.,0.,-1.));
#14249=DIRECTION('ref_axis',(0.240192230707624,-0.970725343394153,0.));
#14250=DIRECTION('',(-0.598321122542462,0.376844575812797,0.707106781186549));
#14251=DIRECTION('center_axis',(0.,0.,-1.));
#14252=DIRECTION('ref_axis',(0.240192230707624,-0.970725343394153,0.));
#14253=DIRECTION('center_axis',(0.,0.,1.));
#14254=DIRECTION('ref_axis',(-1.,0.,0.));
#14255=DIRECTION('',(-0.0271964146610172,0.706583579648994,0.707106781186547));
#14256=DIRECTION('center_axis',(0.,0.,1.));
#14257=DIRECTION('ref_axis',(-1.,0.,0.));
#14258=DIRECTION('center_axis',(0.,0.,-1.));
#14259=DIRECTION('ref_axis',(0.720576692122895,-0.693375245281534,0.));
#14260=DIRECTION('',(-0.707106781186547,0.,0.707106781186549));
#14261=DIRECTION('center_axis',(0.,0.,-1.));
#14262=DIRECTION('ref_axis',(0.720576692122895,-0.693375245281534,0.));
#14263=DIRECTION('center_axis',(0.707106781186548,-2.50182265685557E-16,
0.707106781186547));
#14264=DIRECTION('ref_axis',(0.707106781186547,0.,-0.707106781186548));
#14265=DIRECTION('',(-3.53811153197744E-16,-1.,0.));
#14266=DIRECTION('center_axis',(0.707106781186548,-2.50182265685557E-16,
0.707106781186547));
#14267=DIRECTION('ref_axis',(0.707106781186547,0.,-0.707106781186548));
#14268=DIRECTION('',(0.707106781186547,-4.02885912743857E-16,-0.707106781186548));
#14269=DIRECTION('',(-0.707106781186547,0.,0.707106781186548));
#14270=DIRECTION('',(-3.53811153197744E-16,-1.,0.));
#14271=DIRECTION('center_axis',(0.,0.,-1.));
#14272=DIRECTION('ref_axis',(0.720576692122894,0.693375245281534,0.));
#14273=DIRECTION('',(-0.027196414661021,-0.706583579648991,0.70710678118655));
#14274=DIRECTION('center_axis',(0.,0.,-1.));
#14275=DIRECTION('ref_axis',(0.720576692122895,0.693375245281534,0.));
#14276=DIRECTION('center_axis',(0.,0.,1.));
#14277=DIRECTION('ref_axis',(-1.,0.,0.));
#14278=DIRECTION('',(-0.598321122542464,-0.376844575812801,0.707106781186544));
#14279=DIRECTION('center_axis',(0.,0.,1.));
#14280=DIRECTION('ref_axis',(-1.,0.,0.));
#14281=DIRECTION('center_axis',(0.,0.,-1.));
#14282=DIRECTION('ref_axis',(0.240192230707629,0.970725343394151,0.));
#14283=DIRECTION('',(0.353553390593271,-0.612372435695798,0.707106781186546));
#14284=DIRECTION('center_axis',(0.,0.,-1.));
#14285=DIRECTION('ref_axis',(0.240192230707629,0.970725343394151,0.));
#14286=DIRECTION('center_axis',(-0.353553390593274,0.612372435695795,0.707106781186547));
#14287=DIRECTION('ref_axis',(0.894427190999916,0.,0.447213595499958));
#14288=DIRECTION('',(0.866025403784439,0.5,0.));
#14289=DIRECTION('center_axis',(-5.69766721891426E-16,-1.,0.));
#14290=DIRECTION('ref_axis',(-1.,5.69766721891426E-16,0.));
#14291=DIRECTION('',(1.,-5.69766721891426E-16,0.));
#14292=DIRECTION('',(0.,0.,-1.));
#14293=DIRECTION('center_axis',(-0.353553390593274,0.612372435695796,0.707106781186545));
#14294=DIRECTION('ref_axis',(0.894427190999915,0.,0.44721359549996));
#14295=DIRECTION('',(-0.353553390593272,0.612372435695793,-0.70710678118655));
#14296=DIRECTION('',(0.353553390593274,-0.61237243569579,0.707106781186551));
#14297=DIRECTION('',(0.866025403784439,0.5,0.));
#14298=DIRECTION('center_axis',(0.,0.,-1.));
#14299=DIRECTION('ref_axis',(-0.960768922830523,0.277350098112614,0.));
#14300=DIRECTION('',(0.625517537203483,0.329739003836196,0.707106781186549));
#14301=DIRECTION('center_axis',(0.,0.,-1.));
#14302=DIRECTION('ref_axis',(-0.960768922830523,0.277350098112614,0.));
#14303=DIRECTION('center_axis',(0.,0.,1.));
#14304=DIRECTION('ref_axis',(1.,0.,0.));
#14305=DIRECTION('',(0.625517537203482,-0.329739003836198,0.707106781186549));
#14306=DIRECTION('center_axis',(0.,0.,1.));
#14307=DIRECTION('ref_axis',(1.,0.,0.));
#14308=DIRECTION('center_axis',(0.,0.,-1.));
#14309=DIRECTION('ref_axis',(-0.960768922830523,-0.277350098112613,0.));
#14310=DIRECTION('',(0.353553390593277,0.612372435695795,0.707106781186545));
#14311=DIRECTION('center_axis',(0.,0.,-1.));
#14312=DIRECTION('ref_axis',(-0.960768922830523,-0.277350098112613,0.));
#14313=DIRECTION('center_axis',(-0.353553390593275,-0.612372435695796,0.707106781186545));
#14314=DIRECTION('ref_axis',(0.894427190999915,0.,0.44721359549996));
#14315=DIRECTION('',(0.353553390593273,0.612372435695793,0.70710678118655));
#14316=DIRECTION('',(-0.866025403784438,0.5,0.));
#14317=DIRECTION('center_axis',(0.866025403784439,-0.5,0.));
#14318=DIRECTION('ref_axis',(-0.5,-0.866025403784439,0.));
#14319=DIRECTION('',(0.,0.,1.));
#14320=DIRECTION('',(0.5,0.866025403784439,0.));
#14321=DIRECTION('center_axis',(0.,0.,-1.));
#14322=DIRECTION('ref_axis',(0.959151237970402,0.2828938010983,0.));
#14323=DIRECTION('',(0.,0.,-1.));
#14324=DIRECTION('',(0.,0.,1.));
#14325=DIRECTION('center_axis',(-0.5,-0.866025403784438,0.));
#14326=DIRECTION('ref_axis',(-0.866025403784438,0.5,0.));
#14327=DIRECTION('',(0.,0.,1.));
#14328=DIRECTION('center_axis',(0.,0.,-1.));
#14329=DIRECTION('ref_axis',(-0.93467238661337,-0.355510238533952,0.));
#14330=DIRECTION('',(0.,0.,-1.));
#14331=DIRECTION('center_axis',(0.,0.,-1.));
#14332=DIRECTION('ref_axis',(1.,0.,0.));
#14333=DIRECTION('',(0.,0.,1.));
#14334=DIRECTION('center_axis',(0.,0.,-1.));
#14335=DIRECTION('ref_axis',(-0.934672386613369,0.355510238533953,0.));
#14336=DIRECTION('',(0.,0.,-1.));
#14337=DIRECTION('center_axis',(-0.5,0.866025403784439,0.));
#14338=DIRECTION('ref_axis',(0.866025403784439,0.5,0.));
#14339=DIRECTION('',(0.,0.,1.));
#14340=DIRECTION('center_axis',(0.,0.,-1.));
#14341=DIRECTION('ref_axis',(0.959151237970402,-0.282893801098303,0.));
#14342=DIRECTION('',(0.,0.,-1.));
#14343=DIRECTION('center_axis',(0.,0.,-1.));
#14344=DIRECTION('ref_axis',(1.,0.,0.));
#14345=DIRECTION('',(0.,0.,1.));
#14346=DIRECTION('center_axis',(0.,0.,-1.));
#14347=DIRECTION('ref_axis',(-0.724568837309473,0.68920243760451,0.));
#14348=DIRECTION('',(0.,0.,-1.));
#14349=DIRECTION('center_axis',(1.,-3.53811153197744E-16,0.));
#14350=DIRECTION('ref_axis',(-3.53811153197744E-16,-1.,0.));
#14351=DIRECTION('',(0.,0.,1.));
#14352=DIRECTION('center_axis',(0.,0.,-1.));
#14353=DIRECTION('ref_axis',(0.775217091182553,-0.631694911756032,0.));
#14354=DIRECTION('',(0.,0.,-1.));
#14355=DIRECTION('center_axis',(0.,0.,-1.));
#14356=DIRECTION('ref_axis',(1.,0.,0.));
#14357=DIRECTION('',(0.,0.,1.));
#14358=DIRECTION('center_axis',(0.,0.,-1.));
#14359=DIRECTION('ref_axis',(0.159455295430816,-0.987205150289985,0.));
#14360=DIRECTION('',(0.,0.,-1.));
#14361=DIRECTION('center_axis',(-0.5,-0.866025403784438,0.));
#14362=DIRECTION('ref_axis',(-0.866025403784438,0.5,0.));
#14363=DIRECTION('',(0.,0.,1.));
#14364=DIRECTION('center_axis',(0.,0.,-1.));
#14365=DIRECTION('ref_axis',(-0.234582400660927,0.972096238702813,0.));
#14366=DIRECTION('',(0.,0.,-1.));
#14367=DIRECTION('center_axis',(0.,0.,-1.));
#14368=DIRECTION('ref_axis',(-1.,1.22464679914735E-16,0.));
#14369=DIRECTION('',(0.,0.,1.));
#14370=DIRECTION('center_axis',(0.,0.,-1.));
#14371=DIRECTION('ref_axis',(-0.234582400660932,-0.972096238702812,0.));
#14372=DIRECTION('',(0.,0.,-1.));
#14373=DIRECTION('center_axis',(-0.5,0.866025403784439,0.));
#14374=DIRECTION('ref_axis',(0.866025403784439,0.5,0.));
#14375=DIRECTION('',(0.,0.,1.));
#14376=DIRECTION('center_axis',(0.,0.,-1.));
#14377=DIRECTION('ref_axis',(0.159455295430816,0.987205150289985,0.));
#14378=DIRECTION('',(0.,0.,-1.));
#14379=DIRECTION('center_axis',(0.,0.,-1.));
#14380=DIRECTION('ref_axis',(1.,0.,0.));
#14381=DIRECTION('',(0.,0.,1.));
#14382=DIRECTION('center_axis',(0.,0.,-1.));
#14383=DIRECTION('ref_axis',(-0.724568837309472,-0.689202437604511,0.));
#14384=DIRECTION('',(0.,0.,-1.));
#14385=DIRECTION('',(0.,0.,1.));
#14386=DIRECTION('center_axis',(0.,0.,-1.));
#14387=DIRECTION('ref_axis',(1.,0.,0.));
#14388=DIRECTION('center_axis',(0.,0.,-1.));
#14389=DIRECTION('ref_axis',(0.775217091182554,0.631694911756031,0.));
#14390=DIRECTION('',(0.,0.,-1.));
#14391=DIRECTION('center_axis',(0.,0.,1.));
#14392=DIRECTION('ref_axis',(1.,0.,0.));
#14393=DIRECTION('',(-0.499999999999999,0.866025403784439,0.));
#14394=DIRECTION('center_axis',(0.,0.,1.));
#14395=DIRECTION('ref_axis',(1.,0.,0.));
#14396=DIRECTION('center_axis',(0.,0.,1.));
#14397=DIRECTION('ref_axis',(1.,0.,0.));
#14398=DIRECTION('center_axis',(1.,-3.53811153197744E-16,0.));
#14399=DIRECTION('ref_axis',(-3.53811153197744E-16,-1.,0.));
#14400=DIRECTION('center_axis',(0.866025403784439,0.499999999999999,0.));
#14401=DIRECTION('ref_axis',(0.499999999999999,-0.866025403784439,0.));
#14402=CARTESIAN_POINT('',(0.,0.,0.));
#14403=CARTESIAN_POINT('Origin',(-15.5884572681199,27.,0.));
#14404=CARTESIAN_POINT('',(-23.632675,40.9329938187628,0.));
#14405=CARTESIAN_POINT('',(-23.6326859021799,40.9330127018922,0.));
#14406=CARTESIAN_POINT('',(-7.79422863405996,13.5,0.));
#14407=CARTESIAN_POINT('',(-23.382675,40.4999811168706,0.5));
#14408=CARTESIAN_POINT('',(-21.55912056703,37.341492188599,4.14710886594004));
#14409=CARTESIAN_POINT('',(-23.382675,40.4999811168705,14.5));
#14410=CARTESIAN_POINT('',(-23.382675,40.4999811168705,0.));
#14411=CARTESIAN_POINT('',(-23.132675,40.0669684149783,15.));
#14412=CARTESIAN_POINT('',(-23.18412056703,40.1560747508985,14.89710886594));
#14413=CARTESIAN_POINT('',(-23.1326859021799,40.0669872981078,15.));
#14414=CARTESIAN_POINT('',(-31.1769145362398,54.,15.));
#14415=CARTESIAN_POINT('',(-23.3826859021799,40.5,14.5));
#14416=CARTESIAN_POINT('',(-23.1841287436649,40.1560889132455,14.89711431703));
#14417=CARTESIAN_POINT('',(-23.3826859021799,40.5,0.5));
#14418=CARTESIAN_POINT('',(-23.3826859021799,40.5,0.));
#14419=CARTESIAN_POINT('',(-21.5591287436649,37.3415063509461,4.14711431702997));
#14420=CARTESIAN_POINT('Origin',(-10.9503175473055,47.9665063509461,0.25));
#14421=CARTESIAN_POINT('',(-22.5,41.0096189432334,0.5));
#14422=CARTESIAN_POINT('',(-10.8253175473055,47.75,0.5));
#14423=CARTESIAN_POINT('',(-22.75,41.4426316451256,0.));
#14424=CARTESIAN_POINT('',(-22.5,41.0096189432334,0.5));
#14425=CARTESIAN_POINT('',(-11.0753175473055,48.1830127018922,0.));
#14426=CARTESIAN_POINT('Origin',(-22.,40.143593539449,0.25));
#14427=CARTESIAN_POINT('',(-21.1538461538462,40.6765322494702,0.5));
#14428=CARTESIAN_POINT('Origin',(-22.,40.143593539449,0.5));
#14429=CARTESIAN_POINT('',(-20.7307692307692,40.9430016044808,0.));
#14430=CARTESIAN_POINT('',(-21.1538461538462,40.6765322494702,0.5));
#14431=CARTESIAN_POINT('Origin',(-22.,40.143593539449,0.));
#14432=CARTESIAN_POINT('Origin',(0.,54.,0.25));
#14433=CARTESIAN_POINT('',(-0.961538461538466,29.0184979677566,0.5));
#14434=CARTESIAN_POINT('',(-0.942307692307694,29.5181280084015,0.));
#14435=CARTESIAN_POINT('',(-0.961538461538466,29.0184979677566,0.5));
#14436=CARTESIAN_POINT('Origin',(0.,54.,0.));
#14437=CARTESIAN_POINT('Origin',(0.,54.,0.5));
#14438=CARTESIAN_POINT('Origin',(-1.,28.0192378864668,0.25));
#14439=CARTESIAN_POINT('',(-4.44089209850063E-15,28.0192378864668,0.5));
#14440=CARTESIAN_POINT('Origin',(-1.,28.0192378864668,0.5));
#14441=CARTESIAN_POINT('',(0.499999999999995,28.0192378864668,0.));
#14442=CARTESIAN_POINT('',(-4.44089209850063E-15,28.0192378864668,0.5));
#14443=CARTESIAN_POINT('Origin',(-1.,28.0192378864668,0.));
#14444=CARTESIAN_POINT('Origin',(-1.,28.0192378864668,0.));
#14445=CARTESIAN_POINT('',(-0.961538461538466,29.0184979677566,14.5));
#14446=CARTESIAN_POINT('',(-0.961538461538466,29.0184979677566,0.));
#14447=CARTESIAN_POINT('',(-4.44089209850063E-15,28.0192378864668,14.5));
#14448=CARTESIAN_POINT('Origin',(-1.,28.0192378864668,14.5));
#14449=CARTESIAN_POINT('',(-4.44089209850063E-15,28.0192378864668,0.));
#14450=CARTESIAN_POINT('Origin',(0.,54.,0.));
#14451=CARTESIAN_POINT('',(-21.1538461538462,40.6765322494702,14.5));
#14452=CARTESIAN_POINT('',(-21.1538461538462,40.6765322494702,0.));
#14453=CARTESIAN_POINT('Origin',(0.,54.,14.5));
#14454=CARTESIAN_POINT('Origin',(-22.,40.143593539449,0.));
#14455=CARTESIAN_POINT('',(-22.5,41.0096189432334,14.5));
#14456=CARTESIAN_POINT('',(-22.5,41.0096189432334,0.));
#14457=CARTESIAN_POINT('Origin',(-22.,40.143593539449,14.5));
#14458=CARTESIAN_POINT('Origin',(-21.650635094611,41.5,0.));
#14459=CARTESIAN_POINT('',(-19.4855715851499,42.75,14.5));
#14460=CARTESIAN_POINT('Origin',(23.,41.8756443470178,0.25));
#14461=CARTESIAN_POINT('',(22.5,41.0096189432334,0.5));
#14462=CARTESIAN_POINT('',(22.25,40.5766062413412,0.));
#14463=CARTESIAN_POINT('',(22.5,41.0096189432334,0.5));
#14464=CARTESIAN_POINT('',(22.1153846153846,42.3419657182864,0.5));
#14465=CARTESIAN_POINT('Origin',(23.,41.8756443470178,0.5));
#14466=CARTESIAN_POINT('',(21.6730769230769,42.5751264039207,0.));
#14467=CARTESIAN_POINT('',(22.1153846153846,42.3419657182864,0.5));
#14468=CARTESIAN_POINT('Origin',(23.,41.8756443470178,0.));
#14469=CARTESIAN_POINT('Origin',(0.,54.,0.25));
#14470=CARTESIAN_POINT('',(22.1153846153846,65.6580342817136,0.5));
#14471=CARTESIAN_POINT('',(21.6730769230769,65.4248735960793,0.));
#14472=CARTESIAN_POINT('',(22.1153846153846,65.6580342817136,0.5));
#14473=CARTESIAN_POINT('Origin',(0.,54.,0.));
#14474=CARTESIAN_POINT('Origin',(0.,54.,0.5));
#14475=CARTESIAN_POINT('Origin',(23.,66.1243556529821,0.25));
#14476=CARTESIAN_POINT('',(22.5,66.9903810567666,0.5));
#14477=CARTESIAN_POINT('Origin',(23.,66.1243556529821,0.5));
#14478=CARTESIAN_POINT('',(22.25,67.4233937586588,0.));
#14479=CARTESIAN_POINT('',(22.5,66.9903810567666,0.5));
#14480=CARTESIAN_POINT('Origin',(23.,66.1243556529821,0.));
#14481=CARTESIAN_POINT('Origin',(23.,66.1243556529821,0.));
#14482=CARTESIAN_POINT('',(22.1153846153846,65.6580342817136,14.5));
#14483=CARTESIAN_POINT('',(22.1153846153846,65.6580342817136,0.));
#14484=CARTESIAN_POINT('',(22.5,66.9903810567666,14.5));
#14485=CARTESIAN_POINT('Origin',(23.,66.1243556529821,14.5));
#14486=CARTESIAN_POINT('',(22.5,66.9903810567666,0.));
#14487=CARTESIAN_POINT('Origin',(0.,54.,0.));
#14488=CARTESIAN_POINT('',(22.1153846153846,42.3419657182864,14.5));
#14489=CARTESIAN_POINT('',(22.1153846153846,42.3419657182864,0.));
#14490=CARTESIAN_POINT('Origin',(0.,54.,14.5));
#14491=CARTESIAN_POINT('Origin',(23.,41.8756443470178,0.));
#14492=CARTESIAN_POINT('',(22.5,41.0096189432334,14.5));
#14493=CARTESIAN_POINT('',(22.5,41.0096189432334,0.));
#14494=CARTESIAN_POINT('Origin',(23.,41.8756443470178,14.5));
#14495=CARTESIAN_POINT('Origin',(0.250000000000009,66.5,0.25));
#14496=CARTESIAN_POINT('',(0.500000000000014,81.,0.));
#14497=CARTESIAN_POINT('',(1.4228887389531E-14,81.,0.5));
#14498=CARTESIAN_POINT('',(-3.64711431702996,81.,4.14711431702998));
#14499=CARTESIAN_POINT('',(1.38777878078145E-14,79.9807621135332,0.5));
#14500=CARTESIAN_POINT('',(9.08995101411847E-15,66.5,0.5));
#14501=CARTESIAN_POINT('',(0.500000000000014,79.9807621135332,0.));
#14502=CARTESIAN_POINT('',(1.38777878078145E-14,79.9807621135332,0.5));
#14503=CARTESIAN_POINT('',(0.500000000000009,66.5,0.));
#14504=CARTESIAN_POINT('Origin',(-0.999999999999987,79.9807621135332,0.25));
#14505=CARTESIAN_POINT('',(-0.961538461538449,78.9815020322434,0.5));
#14506=CARTESIAN_POINT('Origin',(-0.999999999999987,79.9807621135332,0.5));
#14507=CARTESIAN_POINT('',(-0.94230769230768,78.4818719915986,0.));
#14508=CARTESIAN_POINT('',(-0.961538461538449,78.9815020322434,0.5));
#14509=CARTESIAN_POINT('Origin',(-0.999999999999987,79.9807621135332,0.));
#14510=CARTESIAN_POINT('Origin',(0.,54.,0.25));
#14511=CARTESIAN_POINT('',(-21.1538461538461,67.3234677505298,0.5));
#14512=CARTESIAN_POINT('',(-20.7307692307692,67.0569983955192,0.));
#14513=CARTESIAN_POINT('',(-21.1538461538461,67.3234677505298,0.5));
#14514=CARTESIAN_POINT('Origin',(0.,54.,0.));
#14515=CARTESIAN_POINT('Origin',(0.,54.,0.5));
#14516=CARTESIAN_POINT('Origin',(-22.,67.856406460551,0.25));
#14517=CARTESIAN_POINT('',(-22.5,66.9903810567666,0.5));
#14518=CARTESIAN_POINT('Origin',(-22.,67.856406460551,0.5));
#14519=CARTESIAN_POINT('',(-22.75,66.5573683548744,0.));
#14520=CARTESIAN_POINT('',(-22.5,66.9903810567666,0.5));
#14521=CARTESIAN_POINT('Origin',(-22.,67.856406460551,0.));
#14522=CARTESIAN_POINT('Origin',(-11.8163429510899,60.5334936490539,0.25));
#14523=CARTESIAN_POINT('',(-23.3826859021799,67.5,0.5));
#14524=CARTESIAN_POINT('',(-23.6326859021798,67.0669872981078,0.));
#14525=CARTESIAN_POINT('',(-25.4562430606948,63.9084936490539,-3.64711431702998));
#14526=CARTESIAN_POINT('',(17.2870144266349,43.4419872981078,-3.46944695195361E-17));
#14527=CARTESIAN_POINT('',(-11.6913429510899,60.75,0.5));
#14528=CARTESIAN_POINT('Origin',(-23.3826859021799,67.5,0.));
#14529=CARTESIAN_POINT('',(-22.5,66.9903810567666,14.5));
#14530=CARTESIAN_POINT('',(-22.5,66.9903810567666,0.));
#14531=CARTESIAN_POINT('',(-23.3826859021799,67.5,14.5));
#14532=CARTESIAN_POINT('',(-20.3515969889343,65.75,14.5));
#14533=CARTESIAN_POINT('',(-23.3826859021799,67.5,0.));
#14534=CARTESIAN_POINT('Origin',(-22.,67.856406460551,0.));
#14535=CARTESIAN_POINT('',(-21.1538461538461,67.3234677505298,14.5));
#14536=CARTESIAN_POINT('',(-21.1538461538461,67.3234677505298,0.));
#14537=CARTESIAN_POINT('Origin',(-22.,67.856406460551,14.5));
#14538=CARTESIAN_POINT('Origin',(0.,54.,0.));
#14539=CARTESIAN_POINT('',(-0.961538461538449,78.9815020322434,14.5));
#14540=CARTESIAN_POINT('',(-0.961538461538449,78.9815020322434,0.));
#14541=CARTESIAN_POINT('Origin',(0.,54.,14.5));
#14542=CARTESIAN_POINT('Origin',(-0.999999999999987,79.9807621135332,0.));
#14543=CARTESIAN_POINT('',(1.38777878078145E-14,79.9807621135332,14.5));
#14544=CARTESIAN_POINT('',(1.38777878078145E-14,79.9807621135332,0.));
#14545=CARTESIAN_POINT('Origin',(-0.999999999999987,79.9807621135332,14.5));
#14546=CARTESIAN_POINT('Origin',(1.35212650831356E-14,79.,0.));
#14547=CARTESIAN_POINT('',(1.4228887389531E-14,81.,14.5));
#14548=CARTESIAN_POINT('',(1.4228887389531E-14,81.,0.));
#14549=CARTESIAN_POINT('',(1.26287869051112E-14,76.375,14.5));
#14550=CARTESIAN_POINT('Origin',(-20.2265969889343,65.9665063509461,14.75));
#14551=CARTESIAN_POINT('',(-23.1326859021798,67.9330127018922,15.));
#14552=CARTESIAN_POINT('',(-27.0812430606948,61.0939110867545,7.10288568297002));
#14553=CARTESIAN_POINT('',(-22.25,67.4233937586588,15.));
#14554=CARTESIAN_POINT('',(-22.5,66.9903810567666,14.5));
#14555=CARTESIAN_POINT('',(-20.1015969889343,66.1830127018922,15.));
#14556=CARTESIAN_POINT('Origin',(-22.,67.856406460551,14.75));
#14557=CARTESIAN_POINT('',(-21.5769230769231,67.5899371055404,15.));
#14558=CARTESIAN_POINT('',(-21.1538461538461,67.3234677505298,14.5));
#14559=CARTESIAN_POINT('Origin',(-22.,67.856406460551,15.));
#14560=CARTESIAN_POINT('Origin',(0.,54.,14.75));
#14561=CARTESIAN_POINT('',(-0.980769230769216,79.4811320728883,15.));
#14562=CARTESIAN_POINT('',(-0.961538461538449,78.9815020322434,14.5));
#14563=CARTESIAN_POINT('Origin',(0.,54.,15.));
#14564=CARTESIAN_POINT('Origin',(-0.999999999999987,79.9807621135332,14.75));
#14565=CARTESIAN_POINT('',(-0.499999999999985,79.9807621135332,15.));
#14566=CARTESIAN_POINT('',(1.38777878078145E-14,79.9807621135332,14.5));
#14567=CARTESIAN_POINT('Origin',(-0.999999999999987,79.9807621135332,15.));
#14568=CARTESIAN_POINT('Origin',(-0.249999999999987,76.375,14.75));
#14569=CARTESIAN_POINT('',(-0.499999999999985,81.,15.));
#14570=CARTESIAN_POINT('',(-0.397114317029955,81.,14.89711431703));
#14571=CARTESIAN_POINT('',(-0.499999999999987,76.375,15.));
#14572=CARTESIAN_POINT('Origin',(-15.5884572681199,81.,0.));
#14573=CARTESIAN_POINT('',(-15.5884136594005,81.,-1.2));
#14574=CARTESIAN_POINT('',(-15.5884136594005,81.,15.));
#14575=CARTESIAN_POINT('',(-15.5884136594005,81.,0.));
#14576=CARTESIAN_POINT('',(15.5884572681199,81.,15.));
#14577=CARTESIAN_POINT('',(15.5884572681199,81.,0.));
#14578=CARTESIAN_POINT('',(15.5884572681199,81.,0.));
#14579=CARTESIAN_POINT('',(15.5884572681199,81.,-1.2));
#14580=CARTESIAN_POINT('',(15.5884572681199,81.,0.));
#14581=CARTESIAN_POINT('',(15.5884572681199,81.,-1.2));
#14582=CARTESIAN_POINT('Origin',(-1.,28.0192378864668,14.75));
#14583=CARTESIAN_POINT('',(-0.500000000000005,28.0192378864668,15.));
#14584=CARTESIAN_POINT('',(-4.44089209850063E-15,28.0192378864668,14.5));
#14585=CARTESIAN_POINT('',(-0.980769230769235,28.5188679271117,15.));
#14586=CARTESIAN_POINT('',(-0.961538461538466,29.0184979677566,14.5));
#14587=CARTESIAN_POINT('Origin',(-1.,28.0192378864668,15.));
#14588=CARTESIAN_POINT('Origin',(0.,54.,14.75));
#14589=CARTESIAN_POINT('',(-21.5769230769231,40.4100628944596,15.));
#14590=CARTESIAN_POINT('',(-21.1538461538462,40.6765322494702,14.5));
#14591=CARTESIAN_POINT('Origin',(0.,54.,15.));
#14592=CARTESIAN_POINT('Origin',(-22.,40.143593539449,14.75));
#14593=CARTESIAN_POINT('',(-22.25,40.5766062413412,15.));
#14594=CARTESIAN_POINT('',(-22.5,41.0096189432334,14.5));
#14595=CARTESIAN_POINT('Origin',(-22.,40.143593539449,15.));
#14596=CARTESIAN_POINT('Origin',(-19.3605715851499,42.5334936490539,14.75));
#14597=CARTESIAN_POINT('',(-19.2355715851499,42.3169872981078,15.));
#14598=CARTESIAN_POINT('Origin',(23.,66.1243556529821,14.75));
#14599=CARTESIAN_POINT('',(22.75,66.5573683548743,15.));
#14600=CARTESIAN_POINT('',(22.5,66.9903810567666,14.5));
#14601=CARTESIAN_POINT('',(22.5576923076923,65.8911949673478,15.));
#14602=CARTESIAN_POINT('',(22.1153846153846,65.6580342817136,14.5));
#14603=CARTESIAN_POINT('Origin',(23.,66.1243556529821,15.));
#14604=CARTESIAN_POINT('Origin',(0.,54.,14.75));
#14605=CARTESIAN_POINT('',(22.5576923076923,42.1088050326521,15.));
#14606=CARTESIAN_POINT('',(22.1153846153846,42.3419657182864,14.5));
#14607=CARTESIAN_POINT('Origin',(0.,54.,15.));
#14608=CARTESIAN_POINT('Origin',(23.,41.8756443470178,14.75));
#14609=CARTESIAN_POINT('',(22.75,41.4426316451256,15.));
#14610=CARTESIAN_POINT('',(22.5,41.0096189432334,14.5));
#14611=CARTESIAN_POINT('Origin',(23.,41.8756443470178,15.));
#14612=CARTESIAN_POINT('Origin',(17.7988438920062,44.8785332260653,0.));
#14613=CARTESIAN_POINT('',(18.6887860866065,44.4224598873686,0.));
#14614=CARTESIAN_POINT('',(18.2988438920062,45.7445586298498,0.));
#14615=CARTESIAN_POINT('Origin',(17.7988438920062,44.8785332260653,0.));
#14616=CARTESIAN_POINT('',(18.2988438920062,45.7445586298498,-1.2));
#14617=CARTESIAN_POINT('',(18.2988438920062,45.7445586298498,0.));
#14618=CARTESIAN_POINT('',(18.6887860866065,44.4224598873686,-1.2));
#14619=CARTESIAN_POINT('Origin',(17.7988438920062,44.8785332260653,-1.2));
#14620=CARTESIAN_POINT('',(18.6887860866065,44.4224598873686,0.));
#14621=CARTESIAN_POINT('Origin',(17.4544826719043,46.2320508075689,0.));
#14622=CARTESIAN_POINT('',(13.601627688841,48.4564976691891,0.));
#14623=CARTESIAN_POINT('',(9.22724133595216,50.9820508075689,0.));
#14624=CARTESIAN_POINT('',(13.601627688841,48.4564976691891,-1.2));
#14625=CARTESIAN_POINT('',(13.601627688841,48.4564976691891,0.));
#14626=CARTESIAN_POINT('',(9.22724133595216,50.9820508075689,-1.2));
#14627=CARTESIAN_POINT('Origin',(14.101627688841,49.3225230729735,0.));
#14628=CARTESIAN_POINT('',(13.1524796713228,49.6373532507542,-1.2));
#14629=CARTESIAN_POINT('Origin',(14.101627688841,49.3225230729735,-1.2));
#14630=CARTESIAN_POINT('',(13.1524796713228,49.6373532507542,0.));
#14631=CARTESIAN_POINT('Origin',(14.101627688841,49.3225230729735,0.));
#14632=CARTESIAN_POINT('',(13.1524796713228,49.6373532507542,0.));
#14633=CARTESIAN_POINT('Origin',(0.,54.,0.));
#14634=CARTESIAN_POINT('',(13.1524796713228,58.3626467492458,0.));
#14635=CARTESIAN_POINT('Origin',(0.,54.,0.));
#14636=CARTESIAN_POINT('',(13.1524796713228,58.3626467492458,-1.2));
#14637=CARTESIAN_POINT('',(13.1524796713228,58.3626467492458,0.));
#14638=CARTESIAN_POINT('Origin',(0.,54.,-1.2));
#14639=CARTESIAN_POINT('Origin',(14.101627688841,58.6774769270264,0.));
#14640=CARTESIAN_POINT('',(13.601627688841,59.5435023308109,-1.2));
#14641=CARTESIAN_POINT('Origin',(14.101627688841,58.6774769270264,-1.2));
#14642=CARTESIAN_POINT('',(13.601627688841,59.5435023308109,0.));
#14643=CARTESIAN_POINT('Origin',(14.101627688841,58.6774769270264,0.));
#14644=CARTESIAN_POINT('',(13.601627688841,59.5435023308109,0.));
#14645=CARTESIAN_POINT('Origin',(11.2685869305869,58.1965206210025,0.));
#14646=CARTESIAN_POINT('',(18.2988438920062,62.2554413701502,0.));
#14647=CARTESIAN_POINT('',(6.13429346529346,55.2322349067168,0.));
#14648=CARTESIAN_POINT('',(18.2988438920062,62.2554413701502,-1.2));
#14649=CARTESIAN_POINT('',(18.2988438920062,62.2554413701502,0.));
#14650=CARTESIAN_POINT('',(6.13429346529346,55.2322349067168,-1.2));
#14651=CARTESIAN_POINT('Origin',(17.7988438920062,63.1214667739346,0.));
#14652=CARTESIAN_POINT('',(18.6887860866065,63.5775401126314,0.));
#14653=CARTESIAN_POINT('Origin',(17.7988438920062,63.1214667739346,0.));
#14654=CARTESIAN_POINT('',(18.6887860866065,63.5775401126314,-1.2));
#14655=CARTESIAN_POINT('',(18.6887860866065,63.5775401126314,0.));
#14656=CARTESIAN_POINT('Origin',(17.7988438920062,63.1214667739346,-1.2));
#14657=CARTESIAN_POINT('Origin',(0.,54.,0.));
#14658=CARTESIAN_POINT('',(-1.04999999999999,74.9737335732101,0.));
#14659=CARTESIAN_POINT('Origin',(0.,54.,0.));
#14660=CARTESIAN_POINT('',(-1.04999999999999,74.9737335732101,-1.2));
#14661=CARTESIAN_POINT('',(-1.04999999999999,74.9737335732101,0.));
#14662=CARTESIAN_POINT('Origin',(0.,54.,-1.2));
#14663=CARTESIAN_POINT('Origin',(-0.999999999999986,73.9749843554382,0.));
#14664=CARTESIAN_POINT('',(-1.99999999999999,73.9749843554382,0.));
#14665=CARTESIAN_POINT('Origin',(-0.999999999999986,73.9749843554382,0.));
#14666=CARTESIAN_POINT('',(-1.99999999999999,73.9749843554382,-1.2));
#14667=CARTESIAN_POINT('',(-1.99999999999999,73.9749843554382,0.));
#14668=CARTESIAN_POINT('Origin',(-0.999999999999986,73.9749843554382,-1.2));
#14669=CARTESIAN_POINT('Origin',(-1.99999999999999,73.,0.));
#14670=CARTESIAN_POINT('',(-1.99999999999999,68.5511062767596,0.));
#14671=CARTESIAN_POINT('',(-1.99999999999999,63.5,0.));
#14672=CARTESIAN_POINT('',(-1.99999999999999,68.5511062767596,-1.2));
#14673=CARTESIAN_POINT('',(-1.99999999999999,68.5511062767596,0.));
#14674=CARTESIAN_POINT('',(-1.99999999999999,63.5,-1.2));
#14675=CARTESIAN_POINT('Origin',(-2.99999999999999,68.5511062767596,0.));
#14676=CARTESIAN_POINT('',(-2.79807692307691,67.5717048927469,-1.2));
#14677=CARTESIAN_POINT('Origin',(-2.99999999999999,68.5511062767596,-1.2));
#14678=CARTESIAN_POINT('',(-2.79807692307691,67.5717048927469,0.));
#14679=CARTESIAN_POINT('Origin',(-2.99999999999999,68.5511062767596,0.));
#14680=CARTESIAN_POINT('',(-2.79807692307691,67.5717048927469,0.));
#14681=CARTESIAN_POINT('Origin',(0.,54.,0.));
#14682=CARTESIAN_POINT('',(-10.3544027482459,63.2090581435011,0.));
#14683=CARTESIAN_POINT('Origin',(0.,54.,0.));
#14684=CARTESIAN_POINT('',(-10.3544027482459,63.2090581435011,-1.2));
#14685=CARTESIAN_POINT('',(-10.3544027482459,63.2090581435011,0.));
#14686=CARTESIAN_POINT('Origin',(0.,54.,-1.2));
#14687=CARTESIAN_POINT('Origin',(-11.101627688841,63.8736293497331,0.));
#14688=CARTESIAN_POINT('',(-11.601627688841,63.0076039459487,-1.2));
#14689=CARTESIAN_POINT('Origin',(-11.101627688841,63.8736293497331,-1.2));
#14690=CARTESIAN_POINT('',(-11.601627688841,63.0076039459487,0.));
#14691=CARTESIAN_POINT('Origin',(-11.101627688841,63.8736293497331,0.));
#14692=CARTESIAN_POINT('',(-11.601627688841,63.0076039459487,0.));
#14693=CARTESIAN_POINT('Origin',(-9.26858693058691,61.6606222361403,0.));
#14694=CARTESIAN_POINT('',(-16.2988438920062,65.719542985288,0.));
#14695=CARTESIAN_POINT('',(-4.13429346529346,58.6963365218546,0.));
#14696=CARTESIAN_POINT('',(-16.2988438920062,65.719542985288,-1.2));
#14697=CARTESIAN_POINT('',(-16.2988438920062,65.719542985288,0.));
#14698=CARTESIAN_POINT('',(-4.13429346529346,58.6963365218546,-1.2));
#14699=CARTESIAN_POINT('Origin',(-16.7988438920062,64.8535175815035,0.));
#14700=CARTESIAN_POINT('',(-17.6387860866065,65.3961934605787,0.));
#14701=CARTESIAN_POINT('Origin',(-16.7988438920062,64.8535175815035,0.));
#14702=CARTESIAN_POINT('',(-17.6387860866065,65.3961934605787,-1.2));
#14703=CARTESIAN_POINT('',(-17.6387860866065,65.3961934605787,0.));
#14704=CARTESIAN_POINT('Origin',(-16.7988438920062,64.8535175815035,-1.2));
#14705=CARTESIAN_POINT('Origin',(0.,54.,0.));
#14706=CARTESIAN_POINT('',(-17.6387860866065,42.6038065394213,0.));
#14707=CARTESIAN_POINT('Origin',(0.,54.,0.));
#14708=CARTESIAN_POINT('',(-17.6387860866065,42.6038065394213,-1.2));
#14709=CARTESIAN_POINT('',(-17.6387860866065,42.6038065394213,0.));
#14710=CARTESIAN_POINT('Origin',(0.,54.,-1.2));
#14711=CARTESIAN_POINT('Origin',(-16.7988438920062,43.1464824184965,0.));
#14712=CARTESIAN_POINT('',(-16.2988438920062,42.280457014712,0.));
#14713=CARTESIAN_POINT('Origin',(-16.7988438920062,43.1464824184965,0.));
#14714=CARTESIAN_POINT('',(-16.2988438920062,42.280457014712,-1.2));
#14715=CARTESIAN_POINT('',(-16.2988438920062,42.280457014712,0.));
#14716=CARTESIAN_POINT('Origin',(-16.7988438920062,43.1464824184965,-1.2));
#14717=CARTESIAN_POINT('Origin',(-15.4544826719043,42.7679491924311,0.));
#14718=CARTESIAN_POINT('',(-11.601627688841,44.9923960540514,0.));
#14719=CARTESIAN_POINT('',(-7.22724133595217,47.5179491924311,0.));
#14720=CARTESIAN_POINT('',(-11.601627688841,44.9923960540514,-1.2));
#14721=CARTESIAN_POINT('',(-11.601627688841,44.9923960540514,0.));
#14722=CARTESIAN_POINT('',(-7.22724133595217,47.5179491924311,-1.2));
#14723=CARTESIAN_POINT('Origin',(-11.101627688841,44.1263706502669,0.));
#14724=CARTESIAN_POINT('',(-10.3544027482459,44.790941856499,-1.2));
#14725=CARTESIAN_POINT('Origin',(-11.101627688841,44.1263706502669,-1.2));
#14726=CARTESIAN_POINT('',(-10.3544027482459,44.790941856499,0.));
#14727=CARTESIAN_POINT('Origin',(-11.101627688841,44.1263706502669,0.));
#14728=CARTESIAN_POINT('',(-10.3544027482459,44.790941856499,0.));
#14729=CARTESIAN_POINT('Origin',(0.,54.,0.));
#14730=CARTESIAN_POINT('',(-2.79807692307692,40.4282951072531,0.));
#14731=CARTESIAN_POINT('Origin',(0.,54.,0.));
#14732=CARTESIAN_POINT('',(-2.79807692307692,40.4282951072531,-1.2));
#14733=CARTESIAN_POINT('',(-2.79807692307692,40.4282951072531,0.));
#14734=CARTESIAN_POINT('Origin',(0.,54.,-1.2));
#14735=CARTESIAN_POINT('Origin',(-1.,34.0250156445618,0.));
#14736=CARTESIAN_POINT('',(-2.,34.0250156445618,0.));
#14737=CARTESIAN_POINT('',(-1.05,33.0262664267899,0.));
#14738=CARTESIAN_POINT('Origin',(-1.,34.0250156445618,0.));
#14739=CARTESIAN_POINT('',(-1.05,33.0262664267899,-1.2));
#14740=CARTESIAN_POINT('',(-1.05,33.0262664267899,0.));
#14741=CARTESIAN_POINT('',(-2.,34.0250156445618,-1.2));
#14742=CARTESIAN_POINT('Origin',(-1.,34.0250156445618,-1.2));
#14743=CARTESIAN_POINT('',(-2.,34.0250156445618,0.));
#14744=CARTESIAN_POINT('Origin',(0.,54.,0.));
#14745=CARTESIAN_POINT('Origin',(0.,54.,-1.2));
#14746=CARTESIAN_POINT('Origin',(0.,54.,0.));
#14747=CARTESIAN_POINT('Origin',(-3.,39.4488937232405,0.));
#14748=CARTESIAN_POINT('',(-2.,39.4488937232405,-1.2));
#14749=CARTESIAN_POINT('Origin',(-3.,39.4488937232405,-1.2));
#14750=CARTESIAN_POINT('',(-2.,39.4488937232405,0.));
#14751=CARTESIAN_POINT('Origin',(-3.,39.4488937232405,0.));
#14752=CARTESIAN_POINT('',(-2.,39.4488937232405,0.));
#14753=CARTESIAN_POINT('Origin',(-2.,42.1428571428572,0.));
#14754=CARTESIAN_POINT('',(-2.,48.0714285714286,-1.2));
#14755=CARTESIAN_POINT('',(-2.,48.0714285714286,0.));
#14756=CARTESIAN_POINT('Origin',(-31.1769145362398,54.,0.));
#14757=CARTESIAN_POINT('',(-23.632675,67.0670061812372,0.));
#14758=CARTESIAN_POINT('',(-27.2798002192098,60.75,0.));
#14759=CARTESIAN_POINT('',(-23.132675,67.9330315850216,15.));
#14760=CARTESIAN_POINT('',(-15.5884572681199,81.,15.));
#14761=CARTESIAN_POINT('',(-23.382675,67.5000188831294,14.5));
#14762=CARTESIAN_POINT('',(-27.08123488406,61.0939252491015,7.10288023188009));
#14763=CARTESIAN_POINT('',(-23.382675,67.5000188831294,0.5));
#14764=CARTESIAN_POINT('',(-23.382675,67.5000188831294,0.));
#14765=CARTESIAN_POINT('',(-25.45623488406,63.9085078114009,-3.64711976811989));
#14766=CARTESIAN_POINT('Origin',(35.8150542570542,74.9665063509461,0.25));
#14767=CARTESIAN_POINT('',(24.2653718043597,68.0096189432334,0.5));
#14768=CARTESIAN_POINT('',(11.6913429510899,60.75,0.5));
#14769=CARTESIAN_POINT('',(24.0153718043597,68.4426316451256,0.));
#14770=CARTESIAN_POINT('',(24.2653718043597,68.0096189432334,0.5));
#14771=CARTESIAN_POINT('',(35.6900542570542,75.1830127018922,0.));
#14772=CARTESIAN_POINT('Origin',(24.7653718043597,67.143593539449,0.25));
#14773=CARTESIAN_POINT('',(25.6115256505136,67.6765322494701,0.5));
#14774=CARTESIAN_POINT('Origin',(24.7653718043597,67.143593539449,0.5));
#14775=CARTESIAN_POINT('',(26.0346025735905,67.9430016044808,0.));
#14776=CARTESIAN_POINT('',(25.6115256505136,67.6765322494701,0.5));
#14777=CARTESIAN_POINT('Origin',(24.7653718043597,67.143593539449,0.));
#14778=CARTESIAN_POINT('Origin',(46.7653718043597,81.,0.25));
#14779=CARTESIAN_POINT('',(45.8038333428212,56.0184979677565,0.5));
#14780=CARTESIAN_POINT('',(45.823064112052,56.5181280084014,0.));
#14781=CARTESIAN_POINT('',(45.8038333428212,56.0184979677565,0.5));
#14782=CARTESIAN_POINT('Origin',(46.7653718043597,81.,0.));
#14783=CARTESIAN_POINT('Origin',(46.7653718043597,81.,0.5));
#14784=CARTESIAN_POINT('Origin',(45.7653718043597,55.0192378864668,0.25));
#14785=CARTESIAN_POINT('',(46.7653718043597,55.0192378864668,0.5));
#14786=CARTESIAN_POINT('Origin',(45.7653718043597,55.0192378864668,0.5));
#14787=CARTESIAN_POINT('',(47.2653718043597,55.0192378864668,0.));
#14788=CARTESIAN_POINT('',(46.7653718043597,55.0192378864668,0.5));
#14789=CARTESIAN_POINT('Origin',(45.7653718043597,55.0192378864668,0.));
#14790=CARTESIAN_POINT('Origin',(45.7653718043597,55.0192378864668,0.));
#14791=CARTESIAN_POINT('',(45.8038333428212,56.0184979677565,14.5));
#14792=CARTESIAN_POINT('',(45.8038333428212,56.0184979677565,0.));
#14793=CARTESIAN_POINT('',(46.7653718043597,55.0192378864668,14.5));
#14794=CARTESIAN_POINT('Origin',(45.7653718043597,55.0192378864668,14.5));
#14795=CARTESIAN_POINT('',(46.7653718043597,55.0192378864668,0.));
#14796=CARTESIAN_POINT('Origin',(46.7653718043597,81.,0.));
#14797=CARTESIAN_POINT('',(25.6115256505136,67.6765322494701,14.5));
#14798=CARTESIAN_POINT('',(25.6115256505136,67.6765322494701,0.));
#14799=CARTESIAN_POINT('Origin',(46.7653718043597,81.,14.5));
#14800=CARTESIAN_POINT('Origin',(24.7653718043597,67.143593539449,0.));
#14801=CARTESIAN_POINT('',(24.2653718043597,68.0096189432334,14.5));
#14802=CARTESIAN_POINT('',(24.2653718043597,68.0096189432334,0.));
#14803=CARTESIAN_POINT('Origin',(24.7653718043597,67.143593539449,14.5));
#14804=CARTESIAN_POINT('Origin',(25.1147367097487,68.5,0.));
#14805=CARTESIAN_POINT('',(21.5965085068745,66.46875,14.5));
#14806=CARTESIAN_POINT('Origin',(57.4656893516652,74.5334936490539,0.25));
#14807=CARTESIAN_POINT('',(69.8980577065396,67.0669872981077,0.));
#14808=CARTESIAN_POINT('',(70.1480577065396,67.5,0.5));
#14809=CARTESIAN_POINT('',(71.9716148650545,70.6584936490538,4.14711431702998));
#14810=CARTESIAN_POINT('',(69.2653718043597,68.0096189432334,0.5));
#14811=CARTESIAN_POINT('',(57.5906893516652,74.75,0.5));
#14812=CARTESIAN_POINT('',(69.0153718043597,67.5766062413412,0.));
#14813=CARTESIAN_POINT('',(69.2653718043597,68.0096189432334,0.5));
#14814=CARTESIAN_POINT('',(57.3406893516652,74.3169872981077,0.));
#14815=CARTESIAN_POINT('Origin',(69.7653718043597,68.8756443470178,0.25));
#14816=CARTESIAN_POINT('',(68.8807564197443,69.3419657182864,0.5));
#14817=CARTESIAN_POINT('Origin',(69.7653718043597,68.8756443470178,0.5));
#14818=CARTESIAN_POINT('',(68.4384487274366,69.5751264039206,0.));
#14819=CARTESIAN_POINT('',(68.8807564197443,69.3419657182864,0.5));
#14820=CARTESIAN_POINT('Origin',(69.7653718043597,68.8756443470178,0.));
#14821=CARTESIAN_POINT('Origin',(46.7653718043597,81.,0.25));
#14822=CARTESIAN_POINT('',(68.8807564197443,92.6580342817136,0.5));
#14823=CARTESIAN_POINT('',(68.4384487274366,92.4248735960793,0.));
#14824=CARTESIAN_POINT('',(68.8807564197443,92.6580342817136,0.5));
#14825=CARTESIAN_POINT('Origin',(46.7653718043597,81.,0.));
#14826=CARTESIAN_POINT('Origin',(46.7653718043597,81.,0.5));
#14827=CARTESIAN_POINT('Origin',(69.7653718043597,93.1243556529821,0.25));
#14828=CARTESIAN_POINT('',(69.2653718043597,93.9903810567665,0.5));
#14829=CARTESIAN_POINT('Origin',(69.7653718043597,93.1243556529821,0.5));
#14830=CARTESIAN_POINT('',(69.0153718043597,94.4233937586588,0.));
#14831=CARTESIAN_POINT('',(69.2653718043597,93.9903810567665,0.5));
#14832=CARTESIAN_POINT('Origin',(69.7653718043597,93.1243556529821,0.));
#14833=CARTESIAN_POINT('Origin',(58.3317147554496,87.9665063509461,0.25));
#14834=CARTESIAN_POINT('',(70.1480577065396,94.5,0.5));
#14835=CARTESIAN_POINT('',(69.8980577065396,94.9330127018922,0.));
#14836=CARTESIAN_POINT('',(68.0745005480246,98.0915063509461,-3.64711431702997));
#14837=CARTESIAN_POINT('',(58.2067147554496,88.1830127018922,0.));
#14838=CARTESIAN_POINT('',(58.4567147554496,87.75,0.5));
#14839=CARTESIAN_POINT('Origin',(70.1480577065396,94.5,0.));
#14840=CARTESIAN_POINT('',(69.2653718043597,93.9903810567665,14.5));
#14841=CARTESIAN_POINT('',(69.2653718043597,93.9903810567665,0.));
#14842=CARTESIAN_POINT('',(70.1480577065396,94.5,14.5));
#14843=CARTESIAN_POINT('',(68.3618803112342,93.46875,14.5));
#14844=CARTESIAN_POINT('',(70.1480577065396,94.5,0.));
#14845=CARTESIAN_POINT('Origin',(69.7653718043597,93.1243556529821,0.));
#14846=CARTESIAN_POINT('',(68.8807564197443,92.6580342817136,14.5));
#14847=CARTESIAN_POINT('',(68.8807564197443,92.6580342817136,0.));
#14848=CARTESIAN_POINT('Origin',(69.7653718043597,93.1243556529821,14.5));
#14849=CARTESIAN_POINT('Origin',(46.7653718043597,81.,0.));
#14850=CARTESIAN_POINT('',(68.8807564197443,69.3419657182864,14.5));
#14851=CARTESIAN_POINT('',(68.8807564197443,69.3419657182864,0.));
#14852=CARTESIAN_POINT('Origin',(46.7653718043597,81.,14.5));
#14853=CARTESIAN_POINT('Origin',(69.7653718043597,68.8756443470178,0.));
#14854=CARTESIAN_POINT('',(69.2653718043597,68.0096189432334,14.5));
#14855=CARTESIAN_POINT('',(69.2653718043597,68.0096189432334,0.));
#14856=CARTESIAN_POINT('Origin',(69.7653718043597,68.8756443470178,14.5));
#14857=CARTESIAN_POINT('Origin',(68.4160068989707,68.5,0.));
#14858=CARTESIAN_POINT('',(70.1480577065396,67.5,14.5));
#14859=CARTESIAN_POINT('',(70.1480577065396,67.5,0.));
#14860=CARTESIAN_POINT('',(67.4958549074497,69.03125,14.5));
#14861=CARTESIAN_POINT('Origin',(47.0153718043597,93.5,0.25));
#14862=CARTESIAN_POINT('',(47.2653718043597,108.,0.));
#14863=CARTESIAN_POINT('',(46.7653718043597,108.,0.5));
#14864=CARTESIAN_POINT('',(43.1182574873297,108.,4.14711431702998));
#14865=CARTESIAN_POINT('',(46.7653718043597,106.980762113533,0.5));
#14866=CARTESIAN_POINT('',(46.7653718043597,93.5,0.5));
#14867=CARTESIAN_POINT('',(47.2653718043597,106.980762113533,0.));
#14868=CARTESIAN_POINT('',(46.7653718043597,106.980762113533,0.5));
#14869=CARTESIAN_POINT('',(47.2653718043597,93.5,0.));
#14870=CARTESIAN_POINT('Origin',(45.7653718043597,106.980762113533,0.25));
#14871=CARTESIAN_POINT('',(45.8038333428213,105.981502032243,0.5));
#14872=CARTESIAN_POINT('Origin',(45.7653718043597,106.980762113533,0.5));
#14873=CARTESIAN_POINT('',(45.823064112052,105.481871991599,0.));
#14874=CARTESIAN_POINT('',(45.8038333428213,105.981502032243,0.5));
#14875=CARTESIAN_POINT('Origin',(45.7653718043597,106.980762113533,0.));
#14876=CARTESIAN_POINT('Origin',(46.7653718043597,81.,0.25));
#14877=CARTESIAN_POINT('',(25.6115256505136,94.3234677505298,0.5));
#14878=CARTESIAN_POINT('',(26.0346025735905,94.0569983955192,0.));
#14879=CARTESIAN_POINT('',(25.6115256505136,94.3234677505298,0.5));
#14880=CARTESIAN_POINT('Origin',(46.7653718043597,81.,0.));
#14881=CARTESIAN_POINT('Origin',(46.7653718043597,81.,0.5));
#14882=CARTESIAN_POINT('Origin',(24.7653718043597,94.856406460551,0.25));
#14883=CARTESIAN_POINT('',(24.2653718043597,93.9903810567666,0.5));
#14884=CARTESIAN_POINT('Origin',(24.7653718043597,94.856406460551,0.5));
#14885=CARTESIAN_POINT('',(24.0153718043597,93.5573683548743,0.));
#14886=CARTESIAN_POINT('',(24.2653718043597,93.9903810567666,0.5));
#14887=CARTESIAN_POINT('Origin',(24.7653718043597,94.856406460551,0.));
#14888=CARTESIAN_POINT('Origin',(34.9490288532698,87.5334936490539,0.25));
#14889=CARTESIAN_POINT('',(23.3826859021799,94.5,0.5));
#14890=CARTESIAN_POINT('',(23.1326859021799,94.0669872981078,0.));
#14891=CARTESIAN_POINT('',(21.3091287436649,90.9084936490539,-3.64711431702998));
#14892=CARTESIAN_POINT('',(34.8240288532698,87.3169872981078,0.));
#14893=CARTESIAN_POINT('',(35.0740288532698,87.75,0.5));
#14894=CARTESIAN_POINT('Origin',(23.3826859021799,94.5,0.));
#14895=CARTESIAN_POINT('',(24.2653718043597,93.9903810567666,14.5));
#14896=CARTESIAN_POINT('',(24.2653718043597,93.9903810567666,0.));
#14897=CARTESIAN_POINT('',(23.3826859021799,94.5,14.5));
#14898=CARTESIAN_POINT('',(26.4137748154254,92.75,14.5));
#14899=CARTESIAN_POINT('',(23.3826859021799,94.5,0.));
#14900=CARTESIAN_POINT('Origin',(24.7653718043597,94.856406460551,0.));
#14901=CARTESIAN_POINT('',(25.6115256505136,94.3234677505298,14.5));
#14902=CARTESIAN_POINT('',(25.6115256505136,94.3234677505298,0.));
#14903=CARTESIAN_POINT('Origin',(24.7653718043597,94.856406460551,14.5));
#14904=CARTESIAN_POINT('Origin',(46.7653718043597,81.,0.));
#14905=CARTESIAN_POINT('',(45.8038333428213,105.981502032243,14.5));
#14906=CARTESIAN_POINT('',(45.8038333428213,105.981502032243,0.));
#14907=CARTESIAN_POINT('Origin',(46.7653718043597,81.,14.5));
#14908=CARTESIAN_POINT('Origin',(45.7653718043597,106.980762113533,0.));
#14909=CARTESIAN_POINT('',(46.7653718043597,106.980762113533,14.5));
#14910=CARTESIAN_POINT('',(46.7653718043597,106.980762113533,0.));
#14911=CARTESIAN_POINT('Origin',(45.7653718043597,106.980762113533,14.5));
#14912=CARTESIAN_POINT('Origin',(46.7653718043597,106.,0.));
#14913=CARTESIAN_POINT('',(46.7653718043597,108.,14.5));
#14914=CARTESIAN_POINT('',(46.7653718043597,108.,0.));
#14915=CARTESIAN_POINT('',(46.7653718043597,103.375,14.5));
#14916=CARTESIAN_POINT('Origin',(26.5387748154254,92.9665063509461,14.75));
#14917=CARTESIAN_POINT('',(23.6326859021799,94.9330127018922,15.));
#14918=CARTESIAN_POINT('',(19.6841287436649,88.0939110867544,7.10288568297002));
#14919=CARTESIAN_POINT('',(24.5153718043597,94.4233937586588,15.));
#14920=CARTESIAN_POINT('',(24.2653718043597,93.9903810567666,14.5));
#14921=CARTESIAN_POINT('',(26.6637748154254,93.1830127018922,15.));
#14922=CARTESIAN_POINT('Origin',(24.7653718043597,94.856406460551,14.75));
#14923=CARTESIAN_POINT('',(25.1884487274366,94.5899371055404,15.));
#14924=CARTESIAN_POINT('',(25.6115256505136,94.3234677505298,14.5));
#14925=CARTESIAN_POINT('Origin',(24.7653718043597,94.856406460551,15.));
#14926=CARTESIAN_POINT('Origin',(46.7653718043597,81.,14.75));
#14927=CARTESIAN_POINT('',(45.7846025735905,106.481132072888,15.));
#14928=CARTESIAN_POINT('',(45.8038333428213,105.981502032243,14.5));
#14929=CARTESIAN_POINT('Origin',(46.7653718043597,81.,15.));
#14930=CARTESIAN_POINT('Origin',(45.7653718043597,106.980762113533,14.75));
#14931=CARTESIAN_POINT('',(46.2653718043597,106.980762113533,15.));
#14932=CARTESIAN_POINT('',(46.7653718043597,106.980762113533,14.5));
#14933=CARTESIAN_POINT('Origin',(45.7653718043597,106.980762113533,15.));
#14934=CARTESIAN_POINT('Origin',(46.5153718043597,103.375,14.75));
#14935=CARTESIAN_POINT('',(46.2653718043597,108.,15.));
#14936=CARTESIAN_POINT('',(46.3682574873297,108.,14.89711431703));
#14937=CARTESIAN_POINT('',(46.2653718043597,103.375,15.));
#14938=CARTESIAN_POINT('Origin',(31.1769145362398,108.,0.));
#14939=CARTESIAN_POINT('',(62.3538290724796,108.,0.));
#14940=CARTESIAN_POINT('',(62.3538290724796,108.,0.));
#14941=CARTESIAN_POINT('',(62.3538290724796,108.,-1.2));
#14942=CARTESIAN_POINT('',(62.3538290724796,108.,0.));
#14943=CARTESIAN_POINT('',(31.1769145362398,108.,-1.2));
#14944=CARTESIAN_POINT('',(62.3538290724796,108.,-1.2));
#14945=CARTESIAN_POINT('',(31.1769145362398,108.,15.));
#14946=CARTESIAN_POINT('',(31.1769145362398,108.,0.));
#14947=CARTESIAN_POINT('',(62.3538290724796,108.,15.));
#14948=CARTESIAN_POINT('Origin',(45.7653718043597,55.0192378864668,14.75));
#14949=CARTESIAN_POINT('',(46.2653718043597,55.0192378864668,15.));
#14950=CARTESIAN_POINT('',(46.7653718043597,55.0192378864668,14.5));
#14951=CARTESIAN_POINT('',(45.7846025735905,55.5188679271117,15.));
#14952=CARTESIAN_POINT('',(45.8038333428212,56.0184979677565,14.5));
#14953=CARTESIAN_POINT('Origin',(45.7653718043597,55.0192378864668,15.));
#14954=CARTESIAN_POINT('Origin',(46.7653718043597,81.,14.75));
#14955=CARTESIAN_POINT('',(25.1884487274366,67.4100628944596,15.));
#14956=CARTESIAN_POINT('',(25.6115256505136,67.6765322494701,14.5));
#14957=CARTESIAN_POINT('Origin',(46.7653718043597,81.,15.));
#14958=CARTESIAN_POINT('Origin',(24.7653718043597,67.143593539449,14.75));
#14959=CARTESIAN_POINT('',(24.5153718043597,67.5766062413412,15.));
#14960=CARTESIAN_POINT('',(24.2653718043597,68.0096189432334,14.5));
#14961=CARTESIAN_POINT('Origin',(24.7653718043597,67.143593539449,15.));
#14962=CARTESIAN_POINT('Origin',(27.4048002192098,69.5334936490539,14.75));
#14963=CARTESIAN_POINT('',(27.5298002192098,69.3169872981078,15.));
#14964=CARTESIAN_POINT('Origin',(68.4868803112342,93.2522436490538,14.75));
#14965=CARTESIAN_POINT('',(70.3980577065396,94.0669872981077,15.));
#14966=CARTESIAN_POINT('',(66.4495005480246,100.906088913245,7.10288568297));
#14967=CARTESIAN_POINT('',(69.5153718043597,93.5573683548743,15.));
#14968=CARTESIAN_POINT('',(69.2653718043597,93.9903810567665,14.5));
#14969=CARTESIAN_POINT('',(68.6118803112342,93.0357372981078,15.));
#14970=CARTESIAN_POINT('Origin',(69.7653718043597,93.1243556529821,14.75));
#14971=CARTESIAN_POINT('',(69.323064112052,92.8911949673478,15.));
#14972=CARTESIAN_POINT('',(68.8807564197443,92.6580342817136,14.5));
#14973=CARTESIAN_POINT('Origin',(69.7653718043597,93.1243556529821,15.));
#14974=CARTESIAN_POINT('Origin',(46.7653718043597,81.,14.75));
#14975=CARTESIAN_POINT('',(69.323064112052,69.1088050326521,15.));
#14976=CARTESIAN_POINT('',(68.8807564197443,69.3419657182864,14.5));
#14977=CARTESIAN_POINT('Origin',(46.7653718043597,81.,15.));
#14978=CARTESIAN_POINT('Origin',(69.7653718043597,68.8756443470178,14.75));
#14979=CARTESIAN_POINT('',(69.5153718043597,68.4426316451256,15.));
#14980=CARTESIAN_POINT('',(69.2653718043597,68.0096189432334,14.5));
#14981=CARTESIAN_POINT('Origin',(69.7653718043597,68.8756443470178,15.));
#14982=CARTESIAN_POINT('Origin',(67.6208549074497,69.2477563509461,14.75));
#14983=CARTESIAN_POINT('',(70.3980577065396,67.9330127018922,15.));
#14984=CARTESIAN_POINT('',(70.3466148650545,67.8439110867544,14.89711431703));
#14985=CARTESIAN_POINT('',(67.7458549074497,69.4642627018922,15.));
#14986=CARTESIAN_POINT('Origin',(77.9422863405995,81.,0.));
#14987=CARTESIAN_POINT('',(62.3538290724796,54.,0.));
#14988=CARTESIAN_POINT('',(62.3538290724796,54.,0.));
#14989=CARTESIAN_POINT('',(62.3538290724796,54.,-1.2));
#14990=CARTESIAN_POINT('',(62.3538290724796,54.,0.));
#14991=CARTESIAN_POINT('',(77.9422863405995,81.,-1.2));
#14992=CARTESIAN_POINT('',(62.3538290724796,54.,-1.2));
#14993=CARTESIAN_POINT('',(77.9422863405995,81.,15.));
#14994=CARTESIAN_POINT('',(77.9422863405995,81.,0.));
#14995=CARTESIAN_POINT('',(62.3538290724796,54.,15.));
#14996=CARTESIAN_POINT('Origin',(64.5642156963659,71.8785332260653,0.));
#14997=CARTESIAN_POINT('',(65.4541578909662,71.4224598873686,0.));
#14998=CARTESIAN_POINT('',(65.0642156963659,72.7445586298498,0.));
#14999=CARTESIAN_POINT('Origin',(64.5642156963659,71.8785332260653,0.));
#15000=CARTESIAN_POINT('',(65.0642156963659,72.7445586298498,-1.2));
#15001=CARTESIAN_POINT('',(65.0642156963659,72.7445586298498,0.));
#15002=CARTESIAN_POINT('',(65.4541578909662,71.4224598873686,-1.2));
#15003=CARTESIAN_POINT('Origin',(64.5642156963659,71.8785332260653,-1.2));
#15004=CARTESIAN_POINT('',(65.4541578909662,71.4224598873686,0.));
#15005=CARTESIAN_POINT('Origin',(64.219854476264,73.2320508075688,0.));
#15006=CARTESIAN_POINT('',(60.3669994932007,75.4564976691891,0.));
#15007=CARTESIAN_POINT('',(55.9926131403119,77.9820508075689,0.));
#15008=CARTESIAN_POINT('',(60.3669994932007,75.4564976691891,-1.2));
#15009=CARTESIAN_POINT('',(60.3669994932007,75.4564976691891,0.));
#15010=CARTESIAN_POINT('',(55.9926131403119,77.9820508075689,-1.2));
#15011=CARTESIAN_POINT('Origin',(60.8669994932007,76.3225230729735,0.));
#15012=CARTESIAN_POINT('',(59.9178514756825,76.6373532507541,-1.2));
#15013=CARTESIAN_POINT('Origin',(60.8669994932007,76.3225230729735,-1.2));
#15014=CARTESIAN_POINT('',(59.9178514756825,76.6373532507541,0.));
#15015=CARTESIAN_POINT('Origin',(60.8669994932007,76.3225230729735,0.));
#15016=CARTESIAN_POINT('',(59.9178514756825,76.6373532507541,0.));
#15017=CARTESIAN_POINT('Origin',(46.7653718043597,81.,0.));
#15018=CARTESIAN_POINT('',(59.9178514756825,85.3626467492458,0.));
#15019=CARTESIAN_POINT('Origin',(46.7653718043597,81.,0.));
#15020=CARTESIAN_POINT('',(59.9178514756825,85.3626467492458,-1.2));
#15021=CARTESIAN_POINT('',(59.9178514756825,85.3626467492458,0.));
#15022=CARTESIAN_POINT('Origin',(46.7653718043597,81.,-1.2));
#15023=CARTESIAN_POINT('Origin',(60.8669994932007,85.6774769270264,0.));
#15024=CARTESIAN_POINT('',(60.3669994932007,86.5435023308109,-1.2));
#15025=CARTESIAN_POINT('Origin',(60.8669994932007,85.6774769270264,-1.2));
#15026=CARTESIAN_POINT('',(60.3669994932007,86.5435023308109,0.));
#15027=CARTESIAN_POINT('Origin',(60.8669994932007,85.6774769270264,0.));
#15028=CARTESIAN_POINT('',(60.3669994932007,86.5435023308109,0.));
#15029=CARTESIAN_POINT('Origin',(58.0339587349466,85.1965206210025,0.));
#15030=CARTESIAN_POINT('',(65.0642156963659,89.2554413701502,0.));
#15031=CARTESIAN_POINT('',(52.8996652696532,82.2322349067168,0.));
#15032=CARTESIAN_POINT('',(65.0642156963659,89.2554413701502,-1.2));
#15033=CARTESIAN_POINT('',(65.0642156963659,89.2554413701502,0.));
#15034=CARTESIAN_POINT('',(52.8996652696532,82.2322349067168,-1.2));
#15035=CARTESIAN_POINT('Origin',(64.5642156963659,90.1214667739346,0.));
#15036=CARTESIAN_POINT('',(65.4541578909662,90.5775401126314,0.));
#15037=CARTESIAN_POINT('Origin',(64.5642156963659,90.1214667739346,0.));
#15038=CARTESIAN_POINT('',(65.4541578909662,90.5775401126314,-1.2));
#15039=CARTESIAN_POINT('',(65.4541578909662,90.5775401126314,0.));
#15040=CARTESIAN_POINT('Origin',(64.5642156963659,90.1214667739346,-1.2));
#15041=CARTESIAN_POINT('Origin',(46.7653718043597,81.,0.));
#15042=CARTESIAN_POINT('',(45.7153718043597,101.97373357321,0.));
#15043=CARTESIAN_POINT('Origin',(46.7653718043597,81.,0.));
#15044=CARTESIAN_POINT('',(45.7153718043597,101.97373357321,-1.2));
#15045=CARTESIAN_POINT('',(45.7153718043597,101.97373357321,0.));
#15046=CARTESIAN_POINT('Origin',(46.7653718043597,81.,-1.2));
#15047=CARTESIAN_POINT('Origin',(45.7653718043597,100.974984355438,0.));
#15048=CARTESIAN_POINT('',(44.7653718043597,100.974984355438,0.));
#15049=CARTESIAN_POINT('Origin',(45.7653718043597,100.974984355438,0.));
#15050=CARTESIAN_POINT('',(44.7653718043597,100.974984355438,-1.2));
#15051=CARTESIAN_POINT('',(44.7653718043597,100.974984355438,0.));
#15052=CARTESIAN_POINT('Origin',(45.7653718043597,100.974984355438,-1.2));
#15053=CARTESIAN_POINT('Origin',(44.7653718043597,100.,0.));
#15054=CARTESIAN_POINT('',(44.7653718043597,95.5511062767595,0.));
#15055=CARTESIAN_POINT('',(44.7653718043597,90.5,0.));
#15056=CARTESIAN_POINT('',(44.7653718043597,95.5511062767595,-1.2));
#15057=CARTESIAN_POINT('',(44.7653718043597,95.5511062767595,0.));
#15058=CARTESIAN_POINT('',(44.7653718043597,90.5,-1.2));
#15059=CARTESIAN_POINT('Origin',(43.7653718043597,95.5511062767595,0.));
#15060=CARTESIAN_POINT('',(43.9672948812828,94.5717048927469,-1.2));
#15061=CARTESIAN_POINT('Origin',(43.7653718043597,95.5511062767595,-1.2));
#15062=CARTESIAN_POINT('',(43.9672948812828,94.5717048927469,0.));
#15063=CARTESIAN_POINT('Origin',(43.7653718043597,95.5511062767595,0.));
#15064=CARTESIAN_POINT('',(43.9672948812828,94.5717048927469,0.));
#15065=CARTESIAN_POINT('Origin',(46.7653718043597,81.,0.));
#15066=CARTESIAN_POINT('',(36.4109690561138,90.209058143501,0.));
#15067=CARTESIAN_POINT('Origin',(46.7653718043597,81.,0.));
#15068=CARTESIAN_POINT('',(36.4109690561138,90.209058143501,-1.2));
#15069=CARTESIAN_POINT('',(36.4109690561138,90.209058143501,0.));
#15070=CARTESIAN_POINT('Origin',(46.7653718043597,81.,-1.2));
#15071=CARTESIAN_POINT('Origin',(35.6637441155188,90.8736293497331,0.));
#15072=CARTESIAN_POINT('',(35.1637441155188,90.0076039459486,-1.2));
#15073=CARTESIAN_POINT('Origin',(35.6637441155188,90.8736293497331,-1.2));
#15074=CARTESIAN_POINT('',(35.1637441155188,90.0076039459486,0.));
#15075=CARTESIAN_POINT('Origin',(35.6637441155188,90.8736293497331,0.));
#15076=CARTESIAN_POINT('',(35.1637441155188,90.0076039459486,0.));
#15077=CARTESIAN_POINT('Origin',(37.4967848737728,88.6606222361403,0.));
#15078=CARTESIAN_POINT('',(30.4665279123535,92.719542985288,0.));
#15079=CARTESIAN_POINT('',(42.6310783390662,85.6963365218546,0.));
#15080=CARTESIAN_POINT('',(30.4665279123535,92.719542985288,-1.2));
#15081=CARTESIAN_POINT('',(30.4665279123535,92.719542985288,0.));
#15082=CARTESIAN_POINT('',(42.6310783390662,85.6963365218546,-1.2));
#15083=CARTESIAN_POINT('Origin',(29.9665279123535,91.8535175815035,0.));
#15084=CARTESIAN_POINT('',(29.1265857177532,92.3961934605787,0.));
#15085=CARTESIAN_POINT('Origin',(29.9665279123535,91.8535175815035,0.));
#15086=CARTESIAN_POINT('',(29.1265857177532,92.3961934605787,-1.2));
#15087=CARTESIAN_POINT('',(29.1265857177532,92.3961934605787,0.));
#15088=CARTESIAN_POINT('Origin',(29.9665279123535,91.8535175815035,-1.2));
#15089=CARTESIAN_POINT('Origin',(46.7653718043597,81.,0.));
#15090=CARTESIAN_POINT('',(29.1265857177532,69.6038065394213,0.));
#15091=CARTESIAN_POINT('Origin',(46.7653718043597,81.,0.));
#15092=CARTESIAN_POINT('',(29.1265857177532,69.6038065394213,-1.2));
#15093=CARTESIAN_POINT('',(29.1265857177532,69.6038065394213,0.));
#15094=CARTESIAN_POINT('Origin',(46.7653718043597,81.,-1.2));
#15095=CARTESIAN_POINT('Origin',(29.9665279123535,70.1464824184964,0.));
#15096=CARTESIAN_POINT('',(30.4665279123535,69.280457014712,0.));
#15097=CARTESIAN_POINT('Origin',(29.9665279123535,70.1464824184964,0.));
#15098=CARTESIAN_POINT('',(30.4665279123535,69.280457014712,-1.2));
#15099=CARTESIAN_POINT('',(30.4665279123535,69.280457014712,0.));
#15100=CARTESIAN_POINT('Origin',(29.9665279123535,70.1464824184964,-1.2));
#15101=CARTESIAN_POINT('Origin',(31.3108891324554,69.7679491924311,0.));
#15102=CARTESIAN_POINT('',(35.1637441155187,71.9923960540513,0.));
#15103=CARTESIAN_POINT('',(39.5381304684075,74.5179491924311,0.));
#15104=CARTESIAN_POINT('',(35.1637441155187,71.9923960540513,-1.2));
#15105=CARTESIAN_POINT('',(35.1637441155187,71.9923960540513,0.));
#15106=CARTESIAN_POINT('',(39.5381304684075,74.5179491924311,-1.2));
#15107=CARTESIAN_POINT('Origin',(35.6637441155187,71.1263706502669,0.));
#15108=CARTESIAN_POINT('',(36.4109690561138,71.7909418564989,-1.2));
#15109=CARTESIAN_POINT('Origin',(35.6637441155187,71.1263706502669,-1.2));
#15110=CARTESIAN_POINT('',(36.4109690561138,71.7909418564989,0.));
#15111=CARTESIAN_POINT('Origin',(35.6637441155187,71.1263706502669,0.));
#15112=CARTESIAN_POINT('',(36.4109690561138,71.7909418564989,0.));
#15113=CARTESIAN_POINT('Origin',(46.7653718043597,81.,0.));
#15114=CARTESIAN_POINT('',(43.9672948812828,67.4282951072531,0.));
#15115=CARTESIAN_POINT('Origin',(46.7653718043597,81.,0.));
#15116=CARTESIAN_POINT('',(43.9672948812828,67.4282951072531,-1.2));
#15117=CARTESIAN_POINT('',(43.9672948812828,67.4282951072531,0.));
#15118=CARTESIAN_POINT('Origin',(46.7653718043597,81.,-1.2));
#15119=CARTESIAN_POINT('Origin',(45.7653718043597,61.0250156445618,0.));
#15120=CARTESIAN_POINT('',(44.7653718043597,61.0250156445618,0.));
#15121=CARTESIAN_POINT('',(45.7153718043597,60.0262664267899,0.));
#15122=CARTESIAN_POINT('Origin',(45.7653718043597,61.0250156445618,0.));
#15123=CARTESIAN_POINT('',(45.7153718043597,60.0262664267899,-1.2));
#15124=CARTESIAN_POINT('',(45.7153718043597,60.0262664267899,0.));
#15125=CARTESIAN_POINT('',(44.7653718043597,61.0250156445618,-1.2));
#15126=CARTESIAN_POINT('Origin',(45.7653718043597,61.0250156445618,-1.2));
#15127=CARTESIAN_POINT('',(44.7653718043597,61.0250156445618,0.));
#15128=CARTESIAN_POINT('Origin',(46.7653718043597,81.,0.));
#15129=CARTESIAN_POINT('Origin',(46.7653718043597,81.,-1.2));
#15130=CARTESIAN_POINT('Origin',(46.7653718043597,81.,0.));
#15131=CARTESIAN_POINT('Origin',(43.7653718043597,66.4488937232404,0.));
#15132=CARTESIAN_POINT('',(44.7653718043597,66.4488937232404,-1.2));
#15133=CARTESIAN_POINT('Origin',(43.7653718043597,66.4488937232404,-1.2));
#15134=CARTESIAN_POINT('',(44.7653718043597,66.4488937232404,0.));
#15135=CARTESIAN_POINT('Origin',(43.7653718043597,66.4488937232404,0.));
#15136=CARTESIAN_POINT('',(44.7653718043597,66.4488937232404,0.));
#15137=CARTESIAN_POINT('Origin',(73.1791466197851,81.,15.));
#15138=CARTESIAN_POINT('',(77.9422863405995,81.,15.));
#15139=CARTESIAN_POINT('Origin',(35.0740288532698,100.75,15.));
#15140=CARTESIAN_POINT('',(31.1769145362398,108.,15.));
#15141=CARTESIAN_POINT('Origin',(44.7653718043597,69.1428571428571,0.));
#15142=CARTESIAN_POINT('',(44.7653718043597,75.0714285714286,-1.2));
#15143=CARTESIAN_POINT('',(44.7653718043597,75.0714285714286,0.));
#15144=CARTESIAN_POINT('Origin',(15.5884572681199,81.,0.));
#15145=CARTESIAN_POINT('',(31.1769145362398,108.,-1.2));
#15146=CARTESIAN_POINT('',(31.1769145362398,108.,0.));
#15147=CARTESIAN_POINT('Origin',(62.3538290724796,108.,0.));
#15148=CARTESIAN_POINT('',(77.9422863405995,81.,-1.2));
#15149=CARTESIAN_POINT('',(77.9422863405995,81.,0.));
#15150=CARTESIAN_POINT('Origin',(46.7653718043597,27.,0.));
#15151=CARTESIAN_POINT('',(-24.5153281956403,67.5766062413412,0.));
#15152=CARTESIAN_POINT('',(-36.1900106483348,74.3169872981077,0.));
#15153=CARTESIAN_POINT('',(-25.0922512725634,69.5751264039206,0.));
#15154=CARTESIAN_POINT('Origin',(-23.7653281956403,68.8756443470178,0.));
#15155=CARTESIAN_POINT('',(-25.0922512725634,92.4248735960793,0.));
#15156=CARTESIAN_POINT('Origin',(-46.7653281956403,81.,0.));
#15157=CARTESIAN_POINT('',(-24.5153281956403,94.4233937586588,0.));
#15158=CARTESIAN_POINT('Origin',(-23.7653281956403,93.1243556529821,0.));
#15159=CARTESIAN_POINT('',(-23.6326422934604,94.9330127018922,0.));
#15160=CARTESIAN_POINT('',(-35.3239852445504,88.1830127018922,0.));
#15161=CARTESIAN_POINT('',(-31.1768709275204,108.,0.));
#15162=CARTESIAN_POINT('',(-15.5884136594005,81.,0.));
#15163=CARTESIAN_POINT('',(-46.2653281956403,108.,0.));
#15164=CARTESIAN_POINT('',(-31.1768709275204,108.,0.));
#15165=CARTESIAN_POINT('',(-46.2653281956403,106.980762113533,0.));
#15166=CARTESIAN_POINT('',(-46.2653281956403,93.5,0.));
#15167=CARTESIAN_POINT('',(-47.707635887948,105.481871991599,0.));
#15168=CARTESIAN_POINT('Origin',(-47.7653281956403,106.980762113533,0.));
#15169=CARTESIAN_POINT('',(-67.4960974264095,94.0569983955192,0.));
#15170=CARTESIAN_POINT('Origin',(-46.7653281956403,81.,0.));
#15171=CARTESIAN_POINT('',(-69.5153281956403,93.5573683548743,0.));
#15172=CARTESIAN_POINT('Origin',(-68.7653281956403,94.856406460551,0.));
#15173=CARTESIAN_POINT('',(-70.3980140978202,94.0669872981078,0.));
#15174=CARTESIAN_POINT('',(-58.7066711467302,87.3169872981078,0.));
#15175=CARTESIAN_POINT('',(-77.9422427318801,81.,0.));
#15176=CARTESIAN_POINT('',(-62.3537854637602,108.,0.));
#15177=CARTESIAN_POINT('',(-93.0307,81.,0.));
#15178=CARTESIAN_POINT('',(-77.9422427318801,81.,0.));
#15179=CARTESIAN_POINT('',(-93.0307,79.9807621135332,0.));
#15180=CARTESIAN_POINT('',(-93.0307,66.5,0.));
#15181=CARTESIAN_POINT('',(-94.4730076923077,78.4818719915986,0.));
#15182=CARTESIAN_POINT('Origin',(-94.5307,79.9807621135332,0.));
#15183=CARTESIAN_POINT('',(-114.261469230769,67.0569983955192,0.));
#15184=CARTESIAN_POINT('Origin',(-93.5307,54.,0.));
#15185=CARTESIAN_POINT('',(-116.2807,66.5573683548744,0.));
#15186=CARTESIAN_POINT('Origin',(-115.5307,67.856406460551,0.));
#15187=CARTESIAN_POINT('',(-117.16338590218,67.0669872981078,0.));
#15188=CARTESIAN_POINT('',(-105.47204295109,60.3169872981078,0.));
#15189=CARTESIAN_POINT('',(-124.70761453624,54.,0.));
#15190=CARTESIAN_POINT('',(-109.11915726812,81.,0.));
#15191=CARTESIAN_POINT('',(-117.16338590218,40.9330127018922,0.));
#15192=CARTESIAN_POINT('',(-124.70761453624,54.,0.));
#15193=CARTESIAN_POINT('',(-116.2807,41.4426316451256,0.));
#15194=CARTESIAN_POINT('',(-104.606017547305,48.1830127018922,0.));
#15195=CARTESIAN_POINT('',(-114.261469230769,40.9430016044808,0.));
#15196=CARTESIAN_POINT('Origin',(-115.5307,40.143593539449,0.));
#15197=CARTESIAN_POINT('',(-94.4730076923077,29.5181280084015,0.));
#15198=CARTESIAN_POINT('Origin',(-93.5307,54.,0.));
#15199=CARTESIAN_POINT('',(-93.0307,28.0192378864668,0.));
#15200=CARTESIAN_POINT('Origin',(-94.5307,28.0192378864668,0.));
#15201=CARTESIAN_POINT('',(-93.0307,25.9807621135332,0.));
#15202=CARTESIAN_POINT('',(-93.0307,12.5,0.));
#15203=CARTESIAN_POINT('',(-94.4730076923077,24.4818719915986,0.));
#15204=CARTESIAN_POINT('Origin',(-94.5307,25.9807621135332,0.));
#15205=CARTESIAN_POINT('',(-114.261469230769,13.0569983955192,0.));
#15206=CARTESIAN_POINT('Origin',(-93.5307,0.,0.));
#15207=CARTESIAN_POINT('',(-116.2807,12.5573683548744,0.));
#15208=CARTESIAN_POINT('Origin',(-115.5307,13.856406460551,0.));
#15209=CARTESIAN_POINT('',(-117.16338590218,13.0669872981078,0.));
#15210=CARTESIAN_POINT('',(-105.47204295109,6.31698729810779,0.));
#15211=CARTESIAN_POINT('',(-124.70761453624,6.92266567098084E-15,0.));
#15212=CARTESIAN_POINT('',(-109.11915726812,27.,0.));
#15213=CARTESIAN_POINT('',(-117.16338590218,-13.0669872981078,0.));
#15214=CARTESIAN_POINT('',(-124.70761453624,6.92266567098084E-15,0.));
#15215=CARTESIAN_POINT('',(-116.2807,-12.5573683548744,0.));
#15216=CARTESIAN_POINT('',(-104.606017547305,-5.81698729810778,0.));
#15217=CARTESIAN_POINT('',(-114.261469230769,-13.0569983955192,0.));
#15218=CARTESIAN_POINT('Origin',(-115.5307,-13.856406460551,0.));
#15219=CARTESIAN_POINT('',(-94.4730076923077,-24.4818719915986,0.));
#15220=CARTESIAN_POINT('Origin',(-93.5307,0.,0.));
#15221=CARTESIAN_POINT('',(-93.0307,-25.9807621135332,0.));
#15222=CARTESIAN_POINT('Origin',(-94.5307,-25.9807621135332,0.));
#15223=CARTESIAN_POINT('',(-93.0307,-27.,0.));
#15224=CARTESIAN_POINT('',(-93.0307,-13.5,0.));
#15225=CARTESIAN_POINT('',(-77.9422427318801,-27.,0.));
#15226=CARTESIAN_POINT('',(-109.11915726812,-27.,0.));
#15227=CARTESIAN_POINT('',(-70.3980140978202,-13.9330127018922,0.));
#15228=CARTESIAN_POINT('',(-77.9422427318801,-27.,0.));
#15229=CARTESIAN_POINT('',(-71.2807,-13.4233937586588,0.));
#15230=CARTESIAN_POINT('',(-82.9553824526945,-6.68301270189223,0.));
#15231=CARTESIAN_POINT('',(-71.8576230769231,-11.4248735960793,0.));
#15232=CARTESIAN_POINT('Origin',(-70.5307,-12.1243556529822,0.));
#15233=CARTESIAN_POINT('',(-71.8576230769231,11.4248735960793,0.));
#15234=CARTESIAN_POINT('Origin',(-93.5307,0.,0.));
#15235=CARTESIAN_POINT('',(-71.2807,13.4233937586588,0.));
#15236=CARTESIAN_POINT('Origin',(-70.5307,12.1243556529821,0.));
#15237=CARTESIAN_POINT('',(-69.5153281956403,14.4426316451256,0.));
#15238=CARTESIAN_POINT('',(-57.8406457429458,21.1830127018922,0.));
#15239=CARTESIAN_POINT('',(-67.4960974264095,13.9430016044807,0.));
#15240=CARTESIAN_POINT('Origin',(-68.7653281956403,13.143593539449,0.));
#15241=CARTESIAN_POINT('',(-47.707635887948,2.51812800840142,0.));
#15242=CARTESIAN_POINT('Origin',(-46.7653281956403,27.,0.));
#15243=CARTESIAN_POINT('',(-46.2653281956403,1.01923788646682,0.));
#15244=CARTESIAN_POINT('Origin',(-47.7653281956403,1.01923788646682,0.));
#15245=CARTESIAN_POINT('',(-46.2653281956403,-3.5527136788005E-14,0.));
#15246=CARTESIAN_POINT('',(-46.2653281956403,13.5,0.));
#15247=CARTESIAN_POINT('',(-31.1769145362398,6.92266567098084E-15,0.));
#15248=CARTESIAN_POINT('',(-62.3537854637602,-2.66453525910038E-14,0.));
#15249=CARTESIAN_POINT('',(-23.6326859021799,-13.0669872981078,0.));
#15250=CARTESIAN_POINT('',(-31.1769145362398,6.92266567098084E-15,0.));
#15251=CARTESIAN_POINT('',(-22.75,-12.5573683548744,0.));
#15252=CARTESIAN_POINT('',(-11.0753175473055,-5.81698729810778,0.));
#15253=CARTESIAN_POINT('',(-20.7307692307692,-13.0569983955192,0.));
#15254=CARTESIAN_POINT('Origin',(-22.,-13.856406460551,0.));
#15255=CARTESIAN_POINT('',(-0.942307692307694,-24.4818719915986,0.));
#15256=CARTESIAN_POINT('Origin',(0.,0.,0.));
#15257=CARTESIAN_POINT('',(0.499999999999995,-25.9807621135332,0.));
#15258=CARTESIAN_POINT('Origin',(-1.,-25.9807621135332,0.));
#15259=CARTESIAN_POINT('',(0.499999999999996,-27.,0.));
#15260=CARTESIAN_POINT('',(0.5,-13.5,0.));
#15261=CARTESIAN_POINT('',(15.5884572681199,-27.,0.));
#15262=CARTESIAN_POINT('',(-15.5884572681199,-27.,0.));
#15263=CARTESIAN_POINT('',(23.1326859021799,-13.9330127018922,0.));
#15264=CARTESIAN_POINT('',(15.5884572681199,-27.,0.));
#15265=CARTESIAN_POINT('',(22.25,-13.4233937586588,0.));
#15266=CARTESIAN_POINT('',(10.5753175473055,-6.68301270189223,0.));
#15267=CARTESIAN_POINT('',(21.6730769230769,-11.4248735960793,0.));
#15268=CARTESIAN_POINT('Origin',(23.,-12.1243556529822,0.));
#15269=CARTESIAN_POINT('',(21.6730769230769,11.4248735960793,0.));
#15270=CARTESIAN_POINT('Origin',(0.,0.,0.));
#15271=CARTESIAN_POINT('',(22.25,13.4233937586588,0.));
#15272=CARTESIAN_POINT('Origin',(23.,12.1243556529821,0.));
#15273=CARTESIAN_POINT('',(24.0153718043597,14.4426316451256,0.));
#15274=CARTESIAN_POINT('',(35.6900542570542,21.1830127018922,0.));
#15275=CARTESIAN_POINT('',(26.0346025735905,13.9430016044807,0.));
#15276=CARTESIAN_POINT('Origin',(24.7653718043597,13.143593539449,0.));
#15277=CARTESIAN_POINT('',(45.823064112052,2.51812800840142,0.));
#15278=CARTESIAN_POINT('Origin',(46.7653718043597,27.,0.));
#15279=CARTESIAN_POINT('',(47.2653718043597,1.01923788646682,0.));
#15280=CARTESIAN_POINT('Origin',(45.7653718043597,1.01923788646682,0.));
#15281=CARTESIAN_POINT('',(47.2653718043597,-3.5527136788005E-14,0.));
#15282=CARTESIAN_POINT('',(47.2653718043597,13.5,0.));
#15283=CARTESIAN_POINT('',(62.3538290724796,-4.44089209850063E-14,0.));
#15284=CARTESIAN_POINT('',(31.1769145362398,-2.66453525910038E-14,0.));
#15285=CARTESIAN_POINT('',(69.8980577065396,13.0669872981077,0.));
#15286=CARTESIAN_POINT('',(62.3538290724796,-4.44089209850063E-14,0.));
#15287=CARTESIAN_POINT('',(69.0153718043597,13.5766062413412,0.));
#15288=CARTESIAN_POINT('',(57.3406893516652,20.3169872981077,0.));
#15289=CARTESIAN_POINT('',(68.4384487274366,15.5751264039206,0.));
#15290=CARTESIAN_POINT('Origin',(69.7653718043597,14.8756443470178,0.));
#15291=CARTESIAN_POINT('',(68.4384487274366,38.4248735960793,0.));
#15292=CARTESIAN_POINT('Origin',(46.7653718043597,27.,0.));
#15293=CARTESIAN_POINT('',(69.0153718043597,40.4233937586588,0.));
#15294=CARTESIAN_POINT('Origin',(69.7653718043597,39.1243556529821,0.));
#15295=CARTESIAN_POINT('',(69.8980577065396,40.9330127018922,0.));
#15296=CARTESIAN_POINT('',(58.2067147554496,34.1830127018922,0.));
#15297=CARTESIAN_POINT('',(77.9422863405995,27.,0.));
#15298=CARTESIAN_POINT('',(0.500000000000014,25.9807621135332,0.));
#15299=CARTESIAN_POINT('',(0.500000000000009,12.5,0.));
#15300=CARTESIAN_POINT('',(-0.94230769230768,24.4818719915986,0.));
#15301=CARTESIAN_POINT('Origin',(-0.999999999999987,25.9807621135332,0.));
#15302=CARTESIAN_POINT('',(-20.7307692307692,13.0569983955192,0.));
#15303=CARTESIAN_POINT('Origin',(0.,0.,0.));
#15304=CARTESIAN_POINT('',(-22.75,12.5573683548744,0.));
#15305=CARTESIAN_POINT('Origin',(-22.,13.856406460551,0.));
#15306=CARTESIAN_POINT('',(-23.6326859021798,13.0669872981078,0.));
#15307=CARTESIAN_POINT('',(-11.9413429510899,6.31698729810779,0.));
#15308=CARTESIAN_POINT('',(-23.632675,13.0670061812372,0.));
#15309=CARTESIAN_POINT('',(-27.2797947681199,6.7500094415647,0.));
#15310=CARTESIAN_POINT('',(-24.5153281956403,13.5766062413412,0.));
#15311=CARTESIAN_POINT('',(-36.1900106483348,20.3169872981077,0.));
#15312=CARTESIAN_POINT('',(-25.0922512725634,15.5751264039206,0.));
#15313=CARTESIAN_POINT('Origin',(-23.7653281956403,14.8756443470178,0.));
#15314=CARTESIAN_POINT('',(-25.0922512725634,38.4248735960793,0.));
#15315=CARTESIAN_POINT('Origin',(-46.7653281956403,27.,0.));
#15316=CARTESIAN_POINT('',(-24.5153281956403,40.4233937586588,0.));
#15317=CARTESIAN_POINT('Origin',(-23.7653281956403,39.1243556529821,0.));
#15318=CARTESIAN_POINT('',(-35.3239852445504,34.1830127018922,0.));
#15319=CARTESIAN_POINT('',(24.0153718043597,39.5573683548743,0.));
#15320=CARTESIAN_POINT('',(34.8240288532698,33.3169872981078,0.));
#15321=CARTESIAN_POINT('',(47.2653718043597,52.9807621135331,0.));
#15322=CARTESIAN_POINT('',(47.2653718043597,39.5,0.));
#15323=CARTESIAN_POINT('',(45.823064112052,51.4818719915985,0.));
#15324=CARTESIAN_POINT('Origin',(45.7653718043597,52.9807621135331,0.));
#15325=CARTESIAN_POINT('',(26.0346025735905,40.0569983955192,0.));
#15326=CARTESIAN_POINT('Origin',(46.7653718043597,27.,0.));
#15327=CARTESIAN_POINT('Origin',(24.7653718043597,40.856406460551,0.));
#15328=CARTESIAN_POINT('',(13.601627688841,-5.54350233081091,0.));
#15329=CARTESIAN_POINT('',(13.1524796713228,-4.36264674924584,0.));
#15330=CARTESIAN_POINT('Origin',(14.101627688841,-4.67747692702647,0.));
#15331=CARTESIAN_POINT('',(18.2988438920062,-8.25544137015022,0.));
#15332=CARTESIAN_POINT('',(9.22724133595216,-3.01794919243113,0.));
#15333=CARTESIAN_POINT('',(18.6887860866065,-9.57754011263139,0.));
#15334=CARTESIAN_POINT('Origin',(17.7988438920062,-9.12146677393466,0.));
#15335=CARTESIAN_POINT('',(-1.05,-20.9737335732101,0.));
#15336=CARTESIAN_POINT('Origin',(0.,0.,0.));
#15337=CARTESIAN_POINT('',(-2.,-19.9749843554382,0.));
#15338=CARTESIAN_POINT('Origin',(-1.,-19.9749843554382,0.));
#15339=CARTESIAN_POINT('',(-2.,-14.5511062767595,0.));
#15340=CARTESIAN_POINT('',(-2.,-5.92857142857143,0.));
#15341=CARTESIAN_POINT('',(-2.79807692307692,-13.5717048927469,0.));
#15342=CARTESIAN_POINT('Origin',(-3.,-14.5511062767595,0.));
#15343=CARTESIAN_POINT('',(-10.3544027482459,-9.20905814350105,0.));
#15344=CARTESIAN_POINT('Origin',(0.,0.,0.));
#15345=CARTESIAN_POINT('',(-11.601627688841,-9.00760394594865,0.));
#15346=CARTESIAN_POINT('Origin',(-11.101627688841,-9.87362934973309,0.));
#15347=CARTESIAN_POINT('',(-16.2988438920062,-11.719542985288,0.));
#15348=CARTESIAN_POINT('',(-7.22724133595217,-6.48205080756888,0.));
#15349=CARTESIAN_POINT('',(-17.6387860866065,-11.3961934605787,0.));
#15350=CARTESIAN_POINT('Origin',(-16.7988438920062,-10.8535175815035,0.));
#15351=CARTESIAN_POINT('',(-17.6387860866065,11.3961934605787,0.));
#15352=CARTESIAN_POINT('Origin',(0.,0.,0.));
#15353=CARTESIAN_POINT('',(-16.2988438920062,11.719542985288,0.));
#15354=CARTESIAN_POINT('Origin',(-16.7988438920062,10.8535175815035,0.));
#15355=CARTESIAN_POINT('',(-11.601627688841,9.00760394594865,0.));
#15356=CARTESIAN_POINT('',(-4.13429346529346,4.69633652185459,0.));
#15357=CARTESIAN_POINT('',(-10.3544027482459,9.20905814350106,0.));
#15358=CARTESIAN_POINT('Origin',(-11.101627688841,9.87362934973309,0.));
#15359=CARTESIAN_POINT('',(-2.79807692307691,13.5717048927469,0.));
#15360=CARTESIAN_POINT('Origin',(0.,0.,0.));
#15361=CARTESIAN_POINT('',(-1.99999999999999,14.5511062767595,0.));
#15362=CARTESIAN_POINT('Origin',(-2.99999999999999,14.5511062767595,0.));
#15363=CARTESIAN_POINT('',(-1.99999999999999,19.9749843554382,0.));
#15364=CARTESIAN_POINT('',(-1.99999999999999,9.5,0.));
#15365=CARTESIAN_POINT('',(-1.04999999999999,20.9737335732101,0.));
#15366=CARTESIAN_POINT('Origin',(-0.999999999999986,19.9749843554382,0.));
#15367=CARTESIAN_POINT('',(18.6887860866065,9.57754011263137,0.));
#15368=CARTESIAN_POINT('Origin',(0.,0.,0.));
#15369=CARTESIAN_POINT('',(18.2988438920062,8.2554413701502,0.));
#15370=CARTESIAN_POINT('Origin',(17.7988438920062,9.12146677393464,0.));
#15371=CARTESIAN_POINT('',(13.601627688841,5.54350233081088,0.));
#15372=CARTESIAN_POINT('',(6.13429346529346,1.23223490671682,0.));
#15373=CARTESIAN_POINT('',(13.1524796713228,4.36264674924581,0.));
#15374=CARTESIAN_POINT('Origin',(14.101627688841,4.67747692702644,0.));
#15375=CARTESIAN_POINT('Origin',(0.,0.,0.));
#15376=CARTESIAN_POINT('',(-71.2807,40.5766062413412,0.));
#15377=CARTESIAN_POINT('',(-69.5153281956403,39.5573683548743,0.));
#15378=CARTESIAN_POINT('',(-58.7066711467302,33.3169872981078,0.));
#15379=CARTESIAN_POINT('',(-71.8576230769231,42.5751264039207,0.));
#15380=CARTESIAN_POINT('Origin',(-70.5307,41.8756443470178,0.));
#15381=CARTESIAN_POINT('',(-71.8576230769231,65.4248735960793,0.));
#15382=CARTESIAN_POINT('Origin',(-93.5307,54.,0.));
#15383=CARTESIAN_POINT('',(-71.2807,67.4233937586588,0.));
#15384=CARTESIAN_POINT('Origin',(-70.5307,66.1243556529821,0.));
#15385=CARTESIAN_POINT('',(-69.5153281956403,68.4426316451256,0.));
#15386=CARTESIAN_POINT('',(-57.8406457429458,75.1830127018922,0.));
#15387=CARTESIAN_POINT('',(-67.4960974264095,67.9430016044808,0.));
#15388=CARTESIAN_POINT('Origin',(-68.7653281956403,67.143593539449,0.));
#15389=CARTESIAN_POINT('',(-47.707635887948,56.5181280084014,0.));
#15390=CARTESIAN_POINT('Origin',(-46.7653281956403,81.,0.));
#15391=CARTESIAN_POINT('',(-46.2653281956403,55.0192378864668,0.));
#15392=CARTESIAN_POINT('Origin',(-47.7653281956403,55.0192378864668,0.));
#15393=CARTESIAN_POINT('',(-46.2653281956403,52.9807621135331,0.));
#15394=CARTESIAN_POINT('',(-46.2653281956403,39.5,0.));
#15395=CARTESIAN_POINT('',(-47.707635887948,51.4818719915985,0.));
#15396=CARTESIAN_POINT('Origin',(-47.7653281956403,52.9807621135331,0.));
#15397=CARTESIAN_POINT('',(-67.4960974264095,40.0569983955192,0.));
#15398=CARTESIAN_POINT('Origin',(-46.7653281956403,27.,0.));
#15399=CARTESIAN_POINT('Origin',(-68.7653281956403,40.856406460551,0.));
#15400=CARTESIAN_POINT('',(60.3669994932007,21.4564976691891,0.));
#15401=CARTESIAN_POINT('',(59.9178514756825,22.6373532507541,0.));
#15402=CARTESIAN_POINT('Origin',(60.8669994932007,22.3225230729735,0.));
#15403=CARTESIAN_POINT('',(65.0642156963659,18.7445586298497,0.));
#15404=CARTESIAN_POINT('',(55.9926131403119,23.9820508075688,0.));
#15405=CARTESIAN_POINT('',(65.4541578909662,17.4224598873686,0.));
#15406=CARTESIAN_POINT('Origin',(64.5642156963659,17.8785332260653,0.));
#15407=CARTESIAN_POINT('',(45.7153718043597,6.02626642678989,0.));
#15408=CARTESIAN_POINT('Origin',(46.7653718043597,27.,0.));
#15409=CARTESIAN_POINT('',(44.7653718043597,7.0250156445618,0.));
#15410=CARTESIAN_POINT('Origin',(45.7653718043597,7.0250156445618,0.));
#15411=CARTESIAN_POINT('',(44.7653718043597,12.4488937232404,0.));
#15412=CARTESIAN_POINT('',(44.7653718043597,21.0714285714285,0.));
#15413=CARTESIAN_POINT('',(43.9672948812828,13.4282951072531,0.));
#15414=CARTESIAN_POINT('Origin',(43.7653718043597,12.4488937232404,0.));
#15415=CARTESIAN_POINT('',(36.4109690561138,17.7909418564989,0.));
#15416=CARTESIAN_POINT('Origin',(46.7653718043597,27.,0.));
#15417=CARTESIAN_POINT('',(35.1637441155187,17.9923960540513,0.));
#15418=CARTESIAN_POINT('Origin',(35.6637441155187,17.1263706502669,0.));
#15419=CARTESIAN_POINT('',(30.4665279123535,15.280457014712,0.));
#15420=CARTESIAN_POINT('',(39.5381304684075,20.5179491924311,0.));
#15421=CARTESIAN_POINT('',(29.1265857177532,15.6038065394213,0.));
#15422=CARTESIAN_POINT('Origin',(29.9665279123535,16.1464824184965,0.));
#15423=CARTESIAN_POINT('',(29.1265857177532,38.3961934605787,0.));
#15424=CARTESIAN_POINT('Origin',(46.7653718043597,27.,0.));
#15425=CARTESIAN_POINT('',(30.4665279123535,38.7195429852879,0.));
#15426=CARTESIAN_POINT('Origin',(29.9665279123535,37.8535175815035,0.));
#15427=CARTESIAN_POINT('',(35.1637441155188,36.0076039459486,0.));
#15428=CARTESIAN_POINT('',(42.6310783390662,31.6963365218546,0.));
#15429=CARTESIAN_POINT('',(36.4109690561138,36.209058143501,0.));
#15430=CARTESIAN_POINT('Origin',(35.6637441155188,36.8736293497331,0.));
#15431=CARTESIAN_POINT('',(43.9672948812828,40.5717048927469,0.));
#15432=CARTESIAN_POINT('Origin',(46.7653718043597,27.,0.));
#15433=CARTESIAN_POINT('',(44.7653718043597,41.5511062767595,0.));
#15434=CARTESIAN_POINT('Origin',(43.7653718043597,41.5511062767595,0.));
#15435=CARTESIAN_POINT('',(44.7653718043597,46.9749843554382,0.));
#15436=CARTESIAN_POINT('',(44.7653718043597,36.5,0.));
#15437=CARTESIAN_POINT('',(45.7153718043597,47.9737335732101,0.));
#15438=CARTESIAN_POINT('Origin',(45.7653718043597,46.9749843554382,0.));
#15439=CARTESIAN_POINT('',(65.4541578909662,36.5775401126313,0.));
#15440=CARTESIAN_POINT('Origin',(46.7653718043597,27.,0.));
#15441=CARTESIAN_POINT('',(65.0642156963659,35.2554413701502,0.));
#15442=CARTESIAN_POINT('Origin',(64.5642156963659,36.1214667739346,0.));
#15443=CARTESIAN_POINT('',(60.3669994932007,32.5435023308109,0.));
#15444=CARTESIAN_POINT('',(52.8996652696532,28.2322349067168,0.));
#15445=CARTESIAN_POINT('',(59.9178514756825,31.3626467492458,0.));
#15446=CARTESIAN_POINT('Origin',(60.8669994932007,31.6774769270264,0.));
#15447=CARTESIAN_POINT('Origin',(46.7653718043597,27.,0.));
#15448=CARTESIAN_POINT('',(-79.929072311159,-5.54350233081091,0.));
#15449=CARTESIAN_POINT('',(-80.3782203286772,-4.36264674924584,0.));
#15450=CARTESIAN_POINT('Origin',(-79.429072311159,-4.67747692702647,0.));
#15451=CARTESIAN_POINT('',(-75.2318561079938,-8.25544137015022,0.));
#15452=CARTESIAN_POINT('',(-84.3034586640479,-3.01794919243113,0.));
#15453=CARTESIAN_POINT('',(-74.8419139133935,-9.57754011263139,0.));
#15454=CARTESIAN_POINT('Origin',(-75.7318561079938,-9.12146677393466,0.));
#15455=CARTESIAN_POINT('',(-94.5807,-20.9737335732101,0.));
#15456=CARTESIAN_POINT('Origin',(-93.5307,0.,0.));
#15457=CARTESIAN_POINT('',(-95.5307,-19.9749843554382,0.));
#15458=CARTESIAN_POINT('Origin',(-94.5307,-19.9749843554382,0.));
#15459=CARTESIAN_POINT('',(-95.5307,-14.5511062767595,0.));
#15460=CARTESIAN_POINT('',(-95.5307,-5.92857142857143,0.));
#15461=CARTESIAN_POINT('',(-96.3287769230769,-13.5717048927469,0.));
#15462=CARTESIAN_POINT('Origin',(-96.5307,-14.5511062767595,0.));
#15463=CARTESIAN_POINT('',(-103.885102748246,-9.20905814350105,0.));
#15464=CARTESIAN_POINT('Origin',(-93.5307,0.,0.));
#15465=CARTESIAN_POINT('',(-105.132327688841,-9.00760394594865,0.));
#15466=CARTESIAN_POINT('Origin',(-104.632327688841,-9.87362934973309,0.));
#15467=CARTESIAN_POINT('',(-109.829543892006,-11.719542985288,0.));
#15468=CARTESIAN_POINT('',(-100.757941335952,-6.48205080756888,0.));
#15469=CARTESIAN_POINT('',(-111.169486086607,-11.3961934605787,0.));
#15470=CARTESIAN_POINT('Origin',(-110.329543892006,-10.8535175815035,0.));
#15471=CARTESIAN_POINT('',(-111.169486086607,11.3961934605787,0.));
#15472=CARTESIAN_POINT('Origin',(-93.5307,0.,0.));
#15473=CARTESIAN_POINT('',(-109.829543892006,11.719542985288,0.));
#15474=CARTESIAN_POINT('Origin',(-110.329543892006,10.8535175815035,0.));
#15475=CARTESIAN_POINT('',(-105.132327688841,9.00760394594865,0.));
#15476=CARTESIAN_POINT('',(-97.6649934652935,4.69633652185459,0.));
#15477=CARTESIAN_POINT('',(-103.885102748246,9.20905814350106,0.));
#15478=CARTESIAN_POINT('Origin',(-104.632327688841,9.87362934973309,0.));
#15479=CARTESIAN_POINT('',(-96.3287769230769,13.5717048927469,0.));
#15480=CARTESIAN_POINT('Origin',(-93.5307,0.,0.));
#15481=CARTESIAN_POINT('',(-95.5307,14.5511062767595,0.));
#15482=CARTESIAN_POINT('Origin',(-96.5307,14.5511062767595,0.));
#15483=CARTESIAN_POINT('',(-95.5307,19.9749843554382,0.));
#15484=CARTESIAN_POINT('',(-95.5307,9.5,0.));
#15485=CARTESIAN_POINT('',(-94.5807,20.9737335732101,0.));
#15486=CARTESIAN_POINT('Origin',(-94.5307,19.9749843554382,0.));
#15487=CARTESIAN_POINT('',(-74.8419139133935,9.57754011263137,0.));
#15488=CARTESIAN_POINT('Origin',(-93.5307,0.,0.));
#15489=CARTESIAN_POINT('',(-75.2318561079938,8.2554413701502,0.));
#15490=CARTESIAN_POINT('Origin',(-75.7318561079938,9.12146677393464,0.));
#15491=CARTESIAN_POINT('',(-79.929072311159,5.54350233081088,0.));
#15492=CARTESIAN_POINT('',(-87.3964065347066,1.23223490671682,0.));
#15493=CARTESIAN_POINT('',(-80.3782203286772,4.36264674924581,0.));
#15494=CARTESIAN_POINT('Origin',(-79.429072311159,4.67747692702644,0.));
#15495=CARTESIAN_POINT('Origin',(-93.5307,0.,0.));
#15496=CARTESIAN_POINT('',(-33.1637005067993,21.4564976691891,0.));
#15497=CARTESIAN_POINT('',(-33.6128485243175,22.6373532507541,0.));
#15498=CARTESIAN_POINT('Origin',(-32.6637005067993,22.3225230729735,0.));
#15499=CARTESIAN_POINT('',(-28.4664843036341,18.7445586298497,0.));
#15500=CARTESIAN_POINT('',(-37.5380868596881,23.9820508075688,0.));
#15501=CARTESIAN_POINT('',(-28.0765421090338,17.4224598873686,0.));
#15502=CARTESIAN_POINT('Origin',(-28.9664843036341,17.8785332260653,0.));
#15503=CARTESIAN_POINT('',(-47.8153281956403,6.02626642678989,0.));
#15504=CARTESIAN_POINT('Origin',(-46.7653281956403,27.,0.));
#15505=CARTESIAN_POINT('',(-48.7653281956403,7.0250156445618,0.));
#15506=CARTESIAN_POINT('Origin',(-47.7653281956403,7.0250156445618,0.));
#15507=CARTESIAN_POINT('',(-48.7653281956403,12.4488937232404,0.));
#15508=CARTESIAN_POINT('',(-48.7653281956403,21.0714285714285,0.));
#15509=CARTESIAN_POINT('',(-49.5634051187172,13.4282951072531,0.));
#15510=CARTESIAN_POINT('Origin',(-49.7653281956403,12.4488937232404,0.));
#15511=CARTESIAN_POINT('',(-57.1197309438862,17.7909418564989,0.));
#15512=CARTESIAN_POINT('Origin',(-46.7653281956403,27.,0.));
#15513=CARTESIAN_POINT('',(-58.3669558844813,17.9923960540513,0.));
#15514=CARTESIAN_POINT('Origin',(-57.8669558844813,17.1263706502669,0.));
#15515=CARTESIAN_POINT('',(-63.0641720876465,15.280457014712,0.));
#15516=CARTESIAN_POINT('',(-53.9925695315925,20.5179491924311,0.));
#15517=CARTESIAN_POINT('',(-64.4041142822468,15.6038065394213,0.));
#15518=CARTESIAN_POINT('Origin',(-63.5641720876465,16.1464824184965,0.));
#15519=CARTESIAN_POINT('',(-64.4041142822468,38.3961934605787,0.));
#15520=CARTESIAN_POINT('Origin',(-46.7653281956403,27.,0.));
#15521=CARTESIAN_POINT('',(-63.0641720876465,38.7195429852879,0.));
#15522=CARTESIAN_POINT('Origin',(-63.5641720876465,37.8535175815035,0.));
#15523=CARTESIAN_POINT('',(-58.3669558844813,36.0076039459486,0.));
#15524=CARTESIAN_POINT('',(-50.8996216609338,31.6963365218546,0.));
#15525=CARTESIAN_POINT('',(-57.1197309438862,36.209058143501,0.));
#15526=CARTESIAN_POINT('Origin',(-57.8669558844813,36.8736293497331,0.));
#15527=CARTESIAN_POINT('',(-49.5634051187172,40.5717048927469,0.));
#15528=CARTESIAN_POINT('Origin',(-46.7653281956403,27.,0.));
#15529=CARTESIAN_POINT('',(-48.7653281956403,41.5511062767595,0.));
#15530=CARTESIAN_POINT('Origin',(-49.7653281956403,41.5511062767595,0.));
#15531=CARTESIAN_POINT('',(-48.7653281956403,46.9749843554382,0.));
#15532=CARTESIAN_POINT('',(-48.7653281956403,36.5,0.));
#15533=CARTESIAN_POINT('',(-47.8153281956403,47.9737335732101,0.));
#15534=CARTESIAN_POINT('Origin',(-47.7653281956403,46.9749843554382,0.));
#15535=CARTESIAN_POINT('',(-28.0765421090338,36.5775401126313,0.));
#15536=CARTESIAN_POINT('Origin',(-46.7653281956403,27.,0.));
#15537=CARTESIAN_POINT('',(-28.4664843036341,35.2554413701502,0.));
#15538=CARTESIAN_POINT('Origin',(-28.9664843036341,36.1214667739346,0.));
#15539=CARTESIAN_POINT('',(-33.1637005067993,32.5435023308109,0.));
#15540=CARTESIAN_POINT('',(-40.6310347303468,28.2322349067168,0.));
#15541=CARTESIAN_POINT('',(-33.6128485243175,31.3626467492458,0.));
#15542=CARTESIAN_POINT('Origin',(-32.6637005067993,31.6774769270264,0.));
#15543=CARTESIAN_POINT('Origin',(-46.7653281956403,27.,0.));
#15544=CARTESIAN_POINT('',(-79.929072311159,48.4564976691891,0.));
#15545=CARTESIAN_POINT('',(-80.3782203286772,49.6373532507542,0.));
#15546=CARTESIAN_POINT('Origin',(-79.429072311159,49.3225230729735,0.));
#15547=CARTESIAN_POINT('',(-75.2318561079938,45.7445586298498,0.));
#15548=CARTESIAN_POINT('',(-84.3034586640479,50.9820508075689,0.));
#15549=CARTESIAN_POINT('',(-74.8419139133935,44.4224598873686,0.));
#15550=CARTESIAN_POINT('Origin',(-75.7318561079938,44.8785332260653,0.));
#15551=CARTESIAN_POINT('',(-94.5807,33.0262664267899,0.));
#15552=CARTESIAN_POINT('Origin',(-93.5307,54.,0.));
#15553=CARTESIAN_POINT('',(-95.5307,34.0250156445618,0.));
#15554=CARTESIAN_POINT('Origin',(-94.5307,34.0250156445618,0.));
#15555=CARTESIAN_POINT('',(-95.5307,39.4488937232405,0.));
#15556=CARTESIAN_POINT('',(-95.5307,48.0714285714286,0.));
#15557=CARTESIAN_POINT('',(-96.3287769230769,40.4282951072531,0.));
#15558=CARTESIAN_POINT('Origin',(-96.5307,39.4488937232405,0.));
#15559=CARTESIAN_POINT('',(-103.885102748246,44.790941856499,0.));
#15560=CARTESIAN_POINT('Origin',(-93.5307,54.,0.));
#15561=CARTESIAN_POINT('',(-105.132327688841,44.9923960540514,0.));
#15562=CARTESIAN_POINT('Origin',(-104.632327688841,44.1263706502669,0.));
#15563=CARTESIAN_POINT('',(-109.829543892006,42.280457014712,0.));
#15564=CARTESIAN_POINT('',(-100.757941335952,47.5179491924311,0.));
#15565=CARTESIAN_POINT('',(-111.169486086607,42.6038065394213,0.));
#15566=CARTESIAN_POINT('Origin',(-110.329543892006,43.1464824184965,0.));
#15567=CARTESIAN_POINT('',(-111.169486086607,65.3961934605787,0.));
#15568=CARTESIAN_POINT('Origin',(-93.5307,54.,0.));
#15569=CARTESIAN_POINT('',(-109.829543892006,65.719542985288,0.));
#15570=CARTESIAN_POINT('Origin',(-110.329543892006,64.8535175815035,0.));
#15571=CARTESIAN_POINT('',(-105.132327688841,63.0076039459487,0.));
#15572=CARTESIAN_POINT('',(-97.6649934652935,58.6963365218546,0.));
#15573=CARTESIAN_POINT('',(-103.885102748246,63.2090581435011,0.));
#15574=CARTESIAN_POINT('Origin',(-104.632327688841,63.8736293497331,0.));
#15575=CARTESIAN_POINT('',(-96.3287769230769,67.5717048927469,0.));
#15576=CARTESIAN_POINT('Origin',(-93.5307,54.,0.));
#15577=CARTESIAN_POINT('',(-95.5307,68.5511062767596,0.));
#15578=CARTESIAN_POINT('Origin',(-96.5307,68.5511062767596,0.));
#15579=CARTESIAN_POINT('',(-95.5307,73.9749843554382,0.));
#15580=CARTESIAN_POINT('',(-95.5307,63.5,0.));
#15581=CARTESIAN_POINT('',(-94.5807,74.9737335732101,0.));
#15582=CARTESIAN_POINT('Origin',(-94.5307,73.9749843554382,0.));
#15583=CARTESIAN_POINT('',(-74.8419139133935,63.5775401126314,0.));
#15584=CARTESIAN_POINT('Origin',(-93.5307,54.,0.));
#15585=CARTESIAN_POINT('',(-75.2318561079938,62.2554413701502,0.));
#15586=CARTESIAN_POINT('Origin',(-75.7318561079938,63.1214667739346,0.));
#15587=CARTESIAN_POINT('',(-79.929072311159,59.5435023308109,0.));
#15588=CARTESIAN_POINT('',(-87.3964065347066,55.2322349067168,0.));
#15589=CARTESIAN_POINT('',(-80.3782203286772,58.3626467492458,0.));
#15590=CARTESIAN_POINT('Origin',(-79.429072311159,58.6774769270264,0.));
#15591=CARTESIAN_POINT('Origin',(-93.5307,54.,0.));
#15592=CARTESIAN_POINT('',(-33.1637005067993,75.4564976691891,0.));
#15593=CARTESIAN_POINT('',(-33.6128485243175,76.6373532507541,0.));
#15594=CARTESIAN_POINT('Origin',(-32.6637005067993,76.3225230729735,0.));
#15595=CARTESIAN_POINT('',(-28.4664843036341,72.7445586298498,0.));
#15596=CARTESIAN_POINT('',(-37.5380868596881,77.9820508075689,0.));
#15597=CARTESIAN_POINT('',(-28.0765421090338,71.4224598873686,0.));
#15598=CARTESIAN_POINT('Origin',(-28.9664843036341,71.8785332260653,0.));
#15599=CARTESIAN_POINT('',(-47.8153281956403,60.0262664267899,0.));
#15600=CARTESIAN_POINT('Origin',(-46.7653281956403,81.,0.));
#15601=CARTESIAN_POINT('',(-48.7653281956403,61.0250156445618,0.));
#15602=CARTESIAN_POINT('Origin',(-47.7653281956403,61.0250156445618,0.));
#15603=CARTESIAN_POINT('',(-48.7653281956403,66.4488937232404,0.));
#15604=CARTESIAN_POINT('',(-48.7653281956403,75.0714285714286,0.));
#15605=CARTESIAN_POINT('',(-49.5634051187172,67.4282951072531,0.));
#15606=CARTESIAN_POINT('Origin',(-49.7653281956403,66.4488937232404,0.));
#15607=CARTESIAN_POINT('',(-57.1197309438862,71.7909418564989,0.));
#15608=CARTESIAN_POINT('Origin',(-46.7653281956403,81.,0.));
#15609=CARTESIAN_POINT('',(-58.3669558844813,71.9923960540513,0.));
#15610=CARTESIAN_POINT('Origin',(-57.8669558844813,71.1263706502669,0.));
#15611=CARTESIAN_POINT('',(-63.0641720876465,69.280457014712,0.));
#15612=CARTESIAN_POINT('',(-53.9925695315925,74.5179491924311,0.));
#15613=CARTESIAN_POINT('',(-64.4041142822468,69.6038065394213,0.));
#15614=CARTESIAN_POINT('Origin',(-63.5641720876465,70.1464824184964,0.));
#15615=CARTESIAN_POINT('',(-64.4041142822468,92.3961934605787,0.));
#15616=CARTESIAN_POINT('Origin',(-46.7653281956403,81.,0.));
#15617=CARTESIAN_POINT('',(-63.0641720876465,92.719542985288,0.));
#15618=CARTESIAN_POINT('Origin',(-63.5641720876465,91.8535175815035,0.));
#15619=CARTESIAN_POINT('',(-58.3669558844813,90.0076039459486,0.));
#15620=CARTESIAN_POINT('',(-50.8996216609338,85.6963365218546,0.));
#15621=CARTESIAN_POINT('',(-57.1197309438862,90.209058143501,0.));
#15622=CARTESIAN_POINT('Origin',(-57.8669558844813,90.8736293497331,0.));
#15623=CARTESIAN_POINT('',(-49.5634051187172,94.5717048927469,0.));
#15624=CARTESIAN_POINT('Origin',(-46.7653281956403,81.,0.));
#15625=CARTESIAN_POINT('',(-48.7653281956403,95.5511062767595,0.));
#15626=CARTESIAN_POINT('Origin',(-49.7653281956403,95.5511062767595,0.));
#15627=CARTESIAN_POINT('',(-48.7653281956403,100.974984355438,0.));
#15628=CARTESIAN_POINT('',(-48.7653281956403,90.5,0.));
#15629=CARTESIAN_POINT('',(-47.8153281956403,101.97373357321,0.));
#15630=CARTESIAN_POINT('Origin',(-47.7653281956403,100.974984355438,0.));
#15631=CARTESIAN_POINT('',(-28.0765421090338,90.5775401126314,0.));
#15632=CARTESIAN_POINT('Origin',(-46.7653281956403,81.,0.));
#15633=CARTESIAN_POINT('',(-28.4664843036341,89.2554413701502,0.));
#15634=CARTESIAN_POINT('Origin',(-28.9664843036341,90.1214667739346,0.));
#15635=CARTESIAN_POINT('',(-33.1637005067993,86.5435023308109,0.));
#15636=CARTESIAN_POINT('',(-40.6310347303468,82.2322349067168,0.));
#15637=CARTESIAN_POINT('',(-33.6128485243175,85.3626467492458,0.));
#15638=CARTESIAN_POINT('Origin',(-32.6637005067993,85.6774769270264,0.));
#15639=CARTESIAN_POINT('Origin',(-46.7653281956403,81.,0.));
#15640=CARTESIAN_POINT('Origin',(-36.0650106483348,74.5334936490539,0.25));
#15641=CARTESIAN_POINT('',(-24.2653281956403,68.0096189432334,0.5));
#15642=CARTESIAN_POINT('',(-35.9400106483348,74.75,0.5));
#15643=CARTESIAN_POINT('',(-24.2653281956403,68.0096189432334,0.5));
#15644=CARTESIAN_POINT('Origin',(-25.1146931010293,68.5,0.));
#15645=CARTESIAN_POINT('',(-24.2653281956403,68.0096189432334,14.5));
#15646=CARTESIAN_POINT('',(-26.0348450925503,69.03125,14.5));
#15647=CARTESIAN_POINT('',(-24.2653281956403,68.0096189432334,0.));
#15648=CARTESIAN_POINT('Origin',(-25.9098450925503,69.2477563509461,14.75));
#15649=CARTESIAN_POINT('',(-24.0153281956403,68.4426316451256,15.));
#15650=CARTESIAN_POINT('',(-25.7848450925503,69.4642627018922,15.));
#15651=CARTESIAN_POINT('',(-24.2653281956403,68.0096189432334,14.5));
#15652=CARTESIAN_POINT('Origin',(-20.3515533802149,81.,15.));
#15653=CARTESIAN_POINT('',(-23.1326422934604,94.0669872981077,15.));
#15654=CARTESIAN_POINT('',(-15.5884136594005,81.,15.));
#15655=CARTESIAN_POINT('',(-24.0153281956403,93.5573683548743,15.));
#15656=CARTESIAN_POINT('',(-24.9188196887659,93.0357372981078,15.));
#15657=CARTESIAN_POINT('',(-24.207635887948,92.8911949673478,15.));
#15658=CARTESIAN_POINT('Origin',(-23.7653281956403,93.1243556529821,15.));
#15659=CARTESIAN_POINT('',(-24.207635887948,69.1088050326521,15.));
#15660=CARTESIAN_POINT('Origin',(-46.7653281956403,81.,15.));
#15661=CARTESIAN_POINT('Origin',(-23.7653281956403,68.8756443470178,15.));
#15662=CARTESIAN_POINT('Origin',(46.7653718043597,27.,-1.2));
#15663=CARTESIAN_POINT('',(77.9422863405995,27.,-1.2));
#15664=CARTESIAN_POINT('',(77.9422863405995,27.,-1.2));
#15665=CARTESIAN_POINT('',(62.3538290724796,-4.44089209850063E-14,-1.2));
#15666=CARTESIAN_POINT('',(62.3538290724796,-4.44089209850063E-14,-1.2));
#15667=CARTESIAN_POINT('',(31.1769145362398,-2.66453525910038E-14,-1.2));
#15668=CARTESIAN_POINT('',(31.1769145362398,-2.66453525910038E-14,-1.2));
#15669=CARTESIAN_POINT('',(15.5884572681199,-27.,-1.2));
#15670=CARTESIAN_POINT('',(15.5884572681199,-27.,-1.2));
#15671=CARTESIAN_POINT('',(-15.5884572681199,-27.,-1.2));
#15672=CARTESIAN_POINT('',(-15.5884572681199,-27.,-1.2));
#15673=CARTESIAN_POINT('',(-31.1769145362398,6.66133814775094E-15,-1.2));
#15674=CARTESIAN_POINT('',(-31.1769145362398,6.92266567098084E-15,-1.2));
#15675=CARTESIAN_POINT('',(-62.3537854637602,-2.66453525910038E-14,-1.2));
#15676=CARTESIAN_POINT('',(-62.3537854637602,-2.66453525910038E-14,-1.2));
#15677=CARTESIAN_POINT('',(-77.9422427318801,-27.,-1.2));
#15678=CARTESIAN_POINT('',(-77.9422427318801,-27.,-1.2));
#15679=CARTESIAN_POINT('',(-109.11915726812,-27.,-1.2));
#15680=CARTESIAN_POINT('',(-109.11915726812,-27.,-1.2));
#15681=CARTESIAN_POINT('',(-124.70761453624,6.66133814775094E-15,-1.2));
#15682=CARTESIAN_POINT('',(-124.70761453624,6.92266567098084E-15,-1.2));
#15683=CARTESIAN_POINT('',(-109.11915726812,27.,-1.2));
#15684=CARTESIAN_POINT('',(-109.11915726812,27.,-1.2));
#15685=CARTESIAN_POINT('',(-124.70761453624,54.,-1.2));
#15686=CARTESIAN_POINT('',(-124.70761453624,54.,-1.2));
#15687=CARTESIAN_POINT('',(-109.11915726812,81.,-1.2));
#15688=CARTESIAN_POINT('',(-109.11915726812,81.,-1.2));
#15689=CARTESIAN_POINT('',(-77.9422427318801,81.,-1.2));
#15690=CARTESIAN_POINT('',(-77.9422427318801,81.,-1.2));
#15691=CARTESIAN_POINT('',(-62.3537854637602,108.,-1.2));
#15692=CARTESIAN_POINT('',(-62.3537854637602,108.,-1.2));
#15693=CARTESIAN_POINT('',(-31.1768709275204,108.,-1.2));
#15694=CARTESIAN_POINT('',(-31.1768709275204,108.,-1.2));
#15695=CARTESIAN_POINT('',(-15.5884136594005,81.,-1.2));
#15696=CARTESIAN_POINT('',(13.1524796713228,-4.36264674924584,-1.2));
#15697=CARTESIAN_POINT('',(13.601627688841,-5.54350233081091,-1.2));
#15698=CARTESIAN_POINT('Origin',(14.101627688841,-4.67747692702647,-1.2));
#15699=CARTESIAN_POINT('',(13.1524796713228,4.36264674924581,-1.2));
#15700=CARTESIAN_POINT('Origin',(0.,0.,-1.2));
#15701=CARTESIAN_POINT('',(13.601627688841,5.54350233081088,-1.2));
#15702=CARTESIAN_POINT('Origin',(14.101627688841,4.67747692702644,-1.2));
#15703=CARTESIAN_POINT('',(18.2988438920062,8.2554413701502,-1.2));
#15704=CARTESIAN_POINT('',(6.13429346529346,1.23223490671682,-1.2));
#15705=CARTESIAN_POINT('',(18.6887860866065,9.57754011263137,-1.2));
#15706=CARTESIAN_POINT('Origin',(17.7988438920062,9.12146677393464,-1.2));
#15707=CARTESIAN_POINT('',(-1.04999999999999,20.9737335732101,-1.2));
#15708=CARTESIAN_POINT('Origin',(0.,0.,-1.2));
#15709=CARTESIAN_POINT('',(-1.99999999999999,19.9749843554382,-1.2));
#15710=CARTESIAN_POINT('Origin',(-0.999999999999986,19.9749843554382,-1.2));
#15711=CARTESIAN_POINT('',(-1.99999999999999,14.5511062767595,-1.2));
#15712=CARTESIAN_POINT('',(-1.99999999999999,9.5,-1.2));
#15713=CARTESIAN_POINT('',(-2.79807692307691,13.5717048927469,-1.2));
#15714=CARTESIAN_POINT('Origin',(-2.99999999999999,14.5511062767595,-1.2));
#15715=CARTESIAN_POINT('',(-10.3544027482459,9.20905814350106,-1.2));
#15716=CARTESIAN_POINT('Origin',(0.,0.,-1.2));
#15717=CARTESIAN_POINT('',(-11.601627688841,9.00760394594865,-1.2));
#15718=CARTESIAN_POINT('Origin',(-11.101627688841,9.87362934973309,-1.2));
#15719=CARTESIAN_POINT('',(-16.2988438920062,11.719542985288,-1.2));
#15720=CARTESIAN_POINT('',(-4.13429346529346,4.69633652185459,-1.2));
#15721=CARTESIAN_POINT('',(-17.6387860866065,11.3961934605787,-1.2));
#15722=CARTESIAN_POINT('Origin',(-16.7988438920062,10.8535175815035,-1.2));
#15723=CARTESIAN_POINT('',(-17.6387860866065,-11.3961934605787,-1.2));
#15724=CARTESIAN_POINT('Origin',(0.,0.,-1.2));
#15725=CARTESIAN_POINT('',(-16.2988438920062,-11.719542985288,-1.2));
#15726=CARTESIAN_POINT('Origin',(-16.7988438920062,-10.8535175815035,-1.2));
#15727=CARTESIAN_POINT('',(-11.601627688841,-9.00760394594865,-1.2));
#15728=CARTESIAN_POINT('',(-7.22724133595217,-6.48205080756888,-1.2));
#15729=CARTESIAN_POINT('',(-10.3544027482459,-9.20905814350105,-1.2));
#15730=CARTESIAN_POINT('Origin',(-11.101627688841,-9.87362934973309,-1.2));
#15731=CARTESIAN_POINT('',(-2.79807692307692,-13.5717048927469,-1.2));
#15732=CARTESIAN_POINT('Origin',(0.,0.,-1.2));
#15733=CARTESIAN_POINT('',(-2.,-14.5511062767595,-1.2));
#15734=CARTESIAN_POINT('Origin',(-3.,-14.5511062767595,-1.2));
#15735=CARTESIAN_POINT('',(-2.,-19.9749843554382,-1.2));
#15736=CARTESIAN_POINT('',(-2.,-5.92857142857143,-1.2));
#15737=CARTESIAN_POINT('',(-1.05,-20.9737335732101,-1.2));
#15738=CARTESIAN_POINT('Origin',(-1.,-19.9749843554382,-1.2));
#15739=CARTESIAN_POINT('',(18.6887860866065,-9.57754011263139,-1.2));
#15740=CARTESIAN_POINT('Origin',(0.,0.,-1.2));
#15741=CARTESIAN_POINT('',(18.2988438920062,-8.25544137015022,-1.2));
#15742=CARTESIAN_POINT('Origin',(17.7988438920062,-9.12146677393466,-1.2));
#15743=CARTESIAN_POINT('',(9.22724133595216,-3.01794919243113,-1.2));
#15744=CARTESIAN_POINT('',(59.9178514756825,22.6373532507541,-1.2));
#15745=CARTESIAN_POINT('',(60.3669994932007,21.4564976691891,-1.2));
#15746=CARTESIAN_POINT('Origin',(60.8669994932007,22.3225230729735,-1.2));
#15747=CARTESIAN_POINT('',(59.9178514756825,31.3626467492458,-1.2));
#15748=CARTESIAN_POINT('Origin',(46.7653718043597,27.,-1.2));
#15749=CARTESIAN_POINT('',(60.3669994932007,32.5435023308109,-1.2));
#15750=CARTESIAN_POINT('Origin',(60.8669994932007,31.6774769270264,-1.2));
#15751=CARTESIAN_POINT('',(65.0642156963659,35.2554413701502,-1.2));
#15752=CARTESIAN_POINT('',(52.8996652696532,28.2322349067168,-1.2));
#15753=CARTESIAN_POINT('',(65.4541578909662,36.5775401126313,-1.2));
#15754=CARTESIAN_POINT('Origin',(64.5642156963659,36.1214667739346,-1.2));
#15755=CARTESIAN_POINT('',(45.7153718043597,47.9737335732101,-1.2));
#15756=CARTESIAN_POINT('Origin',(46.7653718043597,27.,-1.2));
#15757=CARTESIAN_POINT('',(44.7653718043597,46.9749843554382,-1.2));
#15758=CARTESIAN_POINT('Origin',(45.7653718043597,46.9749843554382,-1.2));
#15759=CARTESIAN_POINT('',(44.7653718043597,41.5511062767595,-1.2));
#15760=CARTESIAN_POINT('',(44.7653718043597,36.5,-1.2));
#15761=CARTESIAN_POINT('',(43.9672948812828,40.5717048927469,-1.2));
#15762=CARTESIAN_POINT('Origin',(43.7653718043597,41.5511062767595,-1.2));
#15763=CARTESIAN_POINT('',(36.4109690561138,36.209058143501,-1.2));
#15764=CARTESIAN_POINT('Origin',(46.7653718043597,27.,-1.2));
#15765=CARTESIAN_POINT('',(35.1637441155188,36.0076039459486,-1.2));
#15766=CARTESIAN_POINT('Origin',(35.6637441155188,36.8736293497331,-1.2));
#15767=CARTESIAN_POINT('',(30.4665279123535,38.7195429852879,-1.2));
#15768=CARTESIAN_POINT('',(42.6310783390662,31.6963365218546,-1.2));
#15769=CARTESIAN_POINT('',(29.1265857177532,38.3961934605787,-1.2));
#15770=CARTESIAN_POINT('Origin',(29.9665279123535,37.8535175815035,-1.2));
#15771=CARTESIAN_POINT('',(29.1265857177532,15.6038065394213,-1.2));
#15772=CARTESIAN_POINT('Origin',(46.7653718043597,27.,-1.2));
#15773=CARTESIAN_POINT('',(30.4665279123535,15.280457014712,-1.2));
#15774=CARTESIAN_POINT('Origin',(29.9665279123535,16.1464824184965,-1.2));
#15775=CARTESIAN_POINT('',(35.1637441155187,17.9923960540513,-1.2));
#15776=CARTESIAN_POINT('',(39.5381304684075,20.5179491924311,-1.2));
#15777=CARTESIAN_POINT('',(36.4109690561138,17.7909418564989,-1.2));
#15778=CARTESIAN_POINT('Origin',(35.6637441155187,17.1263706502669,-1.2));
#15779=CARTESIAN_POINT('',(43.9672948812828,13.4282951072531,-1.2));
#15780=CARTESIAN_POINT('Origin',(46.7653718043597,27.,-1.2));
#15781=CARTESIAN_POINT('',(44.7653718043597,12.4488937232404,-1.2));
#15782=CARTESIAN_POINT('Origin',(43.7653718043597,12.4488937232404,-1.2));
#15783=CARTESIAN_POINT('',(44.7653718043597,7.0250156445618,-1.2));
#15784=CARTESIAN_POINT('',(44.7653718043597,21.0714285714285,-1.2));
#15785=CARTESIAN_POINT('',(45.7153718043597,6.02626642678989,-1.2));
#15786=CARTESIAN_POINT('Origin',(45.7653718043597,7.0250156445618,-1.2));
#15787=CARTESIAN_POINT('',(65.4541578909662,17.4224598873686,-1.2));
#15788=CARTESIAN_POINT('Origin',(46.7653718043597,27.,-1.2));
#15789=CARTESIAN_POINT('',(65.0642156963659,18.7445586298497,-1.2));
#15790=CARTESIAN_POINT('Origin',(64.5642156963659,17.8785332260653,-1.2));
#15791=CARTESIAN_POINT('',(55.9926131403119,23.9820508075688,-1.2));
#15792=CARTESIAN_POINT('',(-80.3782203286772,-4.36264674924584,-1.2));
#15793=CARTESIAN_POINT('',(-79.929072311159,-5.54350233081091,-1.2));
#15794=CARTESIAN_POINT('Origin',(-79.429072311159,-4.67747692702647,-1.2));
#15795=CARTESIAN_POINT('',(-80.3782203286772,4.36264674924581,-1.2));
#15796=CARTESIAN_POINT('Origin',(-93.5307,0.,-1.2));
#15797=CARTESIAN_POINT('',(-79.929072311159,5.54350233081088,-1.2));
#15798=CARTESIAN_POINT('Origin',(-79.429072311159,4.67747692702644,-1.2));
#15799=CARTESIAN_POINT('',(-75.2318561079938,8.2554413701502,-1.2));
#15800=CARTESIAN_POINT('',(-87.3964065347066,1.23223490671682,-1.2));
#15801=CARTESIAN_POINT('',(-74.8419139133935,9.57754011263137,-1.2));
#15802=CARTESIAN_POINT('Origin',(-75.7318561079938,9.12146677393464,-1.2));
#15803=CARTESIAN_POINT('',(-94.5807,20.9737335732101,-1.2));
#15804=CARTESIAN_POINT('Origin',(-93.5307,0.,-1.2));
#15805=CARTESIAN_POINT('',(-95.5307,19.9749843554382,-1.2));
#15806=CARTESIAN_POINT('Origin',(-94.5307,19.9749843554382,-1.2));
#15807=CARTESIAN_POINT('',(-95.5307,14.5511062767595,-1.2));
#15808=CARTESIAN_POINT('',(-95.5307,9.5,-1.2));
#15809=CARTESIAN_POINT('',(-96.3287769230769,13.5717048927469,-1.2));
#15810=CARTESIAN_POINT('Origin',(-96.5307,14.5511062767595,-1.2));
#15811=CARTESIAN_POINT('',(-103.885102748246,9.20905814350106,-1.2));
#15812=CARTESIAN_POINT('Origin',(-93.5307,0.,-1.2));
#15813=CARTESIAN_POINT('',(-105.132327688841,9.00760394594865,-1.2));
#15814=CARTESIAN_POINT('Origin',(-104.632327688841,9.87362934973309,-1.2));
#15815=CARTESIAN_POINT('',(-109.829543892006,11.719542985288,-1.2));
#15816=CARTESIAN_POINT('',(-97.6649934652935,4.69633652185459,-1.2));
#15817=CARTESIAN_POINT('',(-111.169486086607,11.3961934605787,-1.2));
#15818=CARTESIAN_POINT('Origin',(-110.329543892006,10.8535175815035,-1.2));
#15819=CARTESIAN_POINT('',(-111.169486086607,-11.3961934605787,-1.2));
#15820=CARTESIAN_POINT('Origin',(-93.5307,0.,-1.2));
#15821=CARTESIAN_POINT('',(-109.829543892006,-11.719542985288,-1.2));
#15822=CARTESIAN_POINT('Origin',(-110.329543892006,-10.8535175815035,-1.2));
#15823=CARTESIAN_POINT('',(-105.132327688841,-9.00760394594865,-1.2));
#15824=CARTESIAN_POINT('',(-100.757941335952,-6.48205080756888,-1.2));
#15825=CARTESIAN_POINT('',(-103.885102748246,-9.20905814350105,-1.2));
#15826=CARTESIAN_POINT('Origin',(-104.632327688841,-9.87362934973309,-1.2));
#15827=CARTESIAN_POINT('',(-96.3287769230769,-13.5717048927469,-1.2));
#15828=CARTESIAN_POINT('Origin',(-93.5307,0.,-1.2));
#15829=CARTESIAN_POINT('',(-95.5307,-14.5511062767595,-1.2));
#15830=CARTESIAN_POINT('Origin',(-96.5307,-14.5511062767595,-1.2));
#15831=CARTESIAN_POINT('',(-95.5307,-19.9749843554382,-1.2));
#15832=CARTESIAN_POINT('',(-95.5307,-5.92857142857143,-1.2));
#15833=CARTESIAN_POINT('',(-94.5807,-20.9737335732101,-1.2));
#15834=CARTESIAN_POINT('Origin',(-94.5307,-19.9749843554382,-1.2));
#15835=CARTESIAN_POINT('',(-74.8419139133935,-9.57754011263139,-1.2));
#15836=CARTESIAN_POINT('Origin',(-93.5307,0.,-1.2));
#15837=CARTESIAN_POINT('',(-75.2318561079938,-8.25544137015022,-1.2));
#15838=CARTESIAN_POINT('Origin',(-75.7318561079938,-9.12146677393466,-1.2));
#15839=CARTESIAN_POINT('',(-84.3034586640479,-3.01794919243113,-1.2));
#15840=CARTESIAN_POINT('',(-33.6128485243175,22.6373532507541,-1.2));
#15841=CARTESIAN_POINT('',(-33.1637005067993,21.4564976691891,-1.2));
#15842=CARTESIAN_POINT('Origin',(-32.6637005067993,22.3225230729735,-1.2));
#15843=CARTESIAN_POINT('',(-33.6128485243175,31.3626467492458,-1.2));
#15844=CARTESIAN_POINT('Origin',(-46.7653281956403,27.,-1.2));
#15845=CARTESIAN_POINT('',(-33.1637005067993,32.5435023308109,-1.2));
#15846=CARTESIAN_POINT('Origin',(-32.6637005067993,31.6774769270264,-1.2));
#15847=CARTESIAN_POINT('',(-28.4664843036341,35.2554413701502,-1.2));
#15848=CARTESIAN_POINT('',(-40.6310347303468,28.2322349067168,-1.2));
#15849=CARTESIAN_POINT('',(-28.0765421090338,36.5775401126313,-1.2));
#15850=CARTESIAN_POINT('Origin',(-28.9664843036341,36.1214667739346,-1.2));
#15851=CARTESIAN_POINT('',(-47.8153281956403,47.9737335732101,-1.2));
#15852=CARTESIAN_POINT('Origin',(-46.7653281956403,27.,-1.2));
#15853=CARTESIAN_POINT('',(-48.7653281956403,46.9749843554382,-1.2));
#15854=CARTESIAN_POINT('Origin',(-47.7653281956403,46.9749843554382,-1.2));
#15855=CARTESIAN_POINT('',(-48.7653281956403,41.5511062767595,-1.2));
#15856=CARTESIAN_POINT('',(-48.7653281956403,36.5,-1.2));
#15857=CARTESIAN_POINT('',(-49.5634051187172,40.5717048927469,-1.2));
#15858=CARTESIAN_POINT('Origin',(-49.7653281956403,41.5511062767595,-1.2));
#15859=CARTESIAN_POINT('',(-57.1197309438862,36.209058143501,-1.2));
#15860=CARTESIAN_POINT('Origin',(-46.7653281956403,27.,-1.2));
#15861=CARTESIAN_POINT('',(-58.3669558844813,36.0076039459486,-1.2));
#15862=CARTESIAN_POINT('Origin',(-57.8669558844813,36.8736293497331,-1.2));
#15863=CARTESIAN_POINT('',(-63.0641720876465,38.7195429852879,-1.2));
#15864=CARTESIAN_POINT('',(-50.8996216609338,31.6963365218546,-1.2));
#15865=CARTESIAN_POINT('',(-64.4041142822468,38.3961934605787,-1.2));
#15866=CARTESIAN_POINT('Origin',(-63.5641720876465,37.8535175815035,-1.2));
#15867=CARTESIAN_POINT('',(-64.4041142822468,15.6038065394213,-1.2));
#15868=CARTESIAN_POINT('Origin',(-46.7653281956403,27.,-1.2));
#15869=CARTESIAN_POINT('',(-63.0641720876465,15.280457014712,-1.2));
#15870=CARTESIAN_POINT('Origin',(-63.5641720876465,16.1464824184965,-1.2));
#15871=CARTESIAN_POINT('',(-58.3669558844813,17.9923960540513,-1.2));
#15872=CARTESIAN_POINT('',(-53.9925695315925,20.5179491924311,-1.2));
#15873=CARTESIAN_POINT('',(-57.1197309438862,17.7909418564989,-1.2));
#15874=CARTESIAN_POINT('Origin',(-57.8669558844813,17.1263706502669,-1.2));
#15875=CARTESIAN_POINT('',(-49.5634051187172,13.4282951072531,-1.2));
#15876=CARTESIAN_POINT('Origin',(-46.7653281956403,27.,-1.2));
#15877=CARTESIAN_POINT('',(-48.7653281956403,12.4488937232404,-1.2));
#15878=CARTESIAN_POINT('Origin',(-49.7653281956403,12.4488937232404,-1.2));
#15879=CARTESIAN_POINT('',(-48.7653281956403,7.0250156445618,-1.2));
#15880=CARTESIAN_POINT('',(-48.7653281956403,21.0714285714285,-1.2));
#15881=CARTESIAN_POINT('',(-47.8153281956403,6.02626642678989,-1.2));
#15882=CARTESIAN_POINT('Origin',(-47.7653281956403,7.0250156445618,-1.2));
#15883=CARTESIAN_POINT('',(-28.0765421090338,17.4224598873686,-1.2));
#15884=CARTESIAN_POINT('Origin',(-46.7653281956403,27.,-1.2));
#15885=CARTESIAN_POINT('',(-28.4664843036341,18.7445586298497,-1.2));
#15886=CARTESIAN_POINT('Origin',(-28.9664843036341,17.8785332260653,-1.2));
#15887=CARTESIAN_POINT('',(-37.5380868596881,23.9820508075688,-1.2));
#15888=CARTESIAN_POINT('',(-80.3782203286772,49.6373532507542,-1.2));
#15889=CARTESIAN_POINT('',(-79.929072311159,48.4564976691891,-1.2));
#15890=CARTESIAN_POINT('Origin',(-79.429072311159,49.3225230729735,-1.2));
#15891=CARTESIAN_POINT('',(-80.3782203286772,58.3626467492458,-1.2));
#15892=CARTESIAN_POINT('Origin',(-93.5307,54.,-1.2));
#15893=CARTESIAN_POINT('',(-79.929072311159,59.5435023308109,-1.2));
#15894=CARTESIAN_POINT('Origin',(-79.429072311159,58.6774769270264,-1.2));
#15895=CARTESIAN_POINT('',(-75.2318561079938,62.2554413701502,-1.2));
#15896=CARTESIAN_POINT('',(-87.3964065347066,55.2322349067168,-1.2));
#15897=CARTESIAN_POINT('',(-74.8419139133935,63.5775401126314,-1.2));
#15898=CARTESIAN_POINT('Origin',(-75.7318561079938,63.1214667739346,-1.2));
#15899=CARTESIAN_POINT('',(-94.5807,74.9737335732101,-1.2));
#15900=CARTESIAN_POINT('Origin',(-93.5307,54.,-1.2));
#15901=CARTESIAN_POINT('',(-95.5307,73.9749843554382,-1.2));
#15902=CARTESIAN_POINT('Origin',(-94.5307,73.9749843554382,-1.2));
#15903=CARTESIAN_POINT('',(-95.5307,68.5511062767596,-1.2));
#15904=CARTESIAN_POINT('',(-95.5307,63.5,-1.2));
#15905=CARTESIAN_POINT('',(-96.3287769230769,67.5717048927469,-1.2));
#15906=CARTESIAN_POINT('Origin',(-96.5307,68.5511062767596,-1.2));
#15907=CARTESIAN_POINT('',(-103.885102748246,63.2090581435011,-1.2));
#15908=CARTESIAN_POINT('Origin',(-93.5307,54.,-1.2));
#15909=CARTESIAN_POINT('',(-105.132327688841,63.0076039459487,-1.2));
#15910=CARTESIAN_POINT('Origin',(-104.632327688841,63.8736293497331,-1.2));
#15911=CARTESIAN_POINT('',(-109.829543892006,65.719542985288,-1.2));
#15912=CARTESIAN_POINT('',(-97.6649934652935,58.6963365218546,-1.2));
#15913=CARTESIAN_POINT('',(-111.169486086607,65.3961934605787,-1.2));
#15914=CARTESIAN_POINT('Origin',(-110.329543892006,64.8535175815035,-1.2));
#15915=CARTESIAN_POINT('',(-111.169486086607,42.6038065394213,-1.2));
#15916=CARTESIAN_POINT('Origin',(-93.5307,54.,-1.2));
#15917=CARTESIAN_POINT('',(-109.829543892006,42.280457014712,-1.2));
#15918=CARTESIAN_POINT('Origin',(-110.329543892006,43.1464824184965,-1.2));
#15919=CARTESIAN_POINT('',(-105.132327688841,44.9923960540514,-1.2));
#15920=CARTESIAN_POINT('',(-100.757941335952,47.5179491924311,-1.2));
#15921=CARTESIAN_POINT('',(-103.885102748246,44.790941856499,-1.2));
#15922=CARTESIAN_POINT('Origin',(-104.632327688841,44.1263706502669,-1.2));
#15923=CARTESIAN_POINT('',(-96.3287769230769,40.4282951072531,-1.2));
#15924=CARTESIAN_POINT('Origin',(-93.5307,54.,-1.2));
#15925=CARTESIAN_POINT('',(-95.5307,39.4488937232405,-1.2));
#15926=CARTESIAN_POINT('Origin',(-96.5307,39.4488937232405,-1.2));
#15927=CARTESIAN_POINT('',(-95.5307,34.0250156445618,-1.2));
#15928=CARTESIAN_POINT('',(-95.5307,48.0714285714286,-1.2));
#15929=CARTESIAN_POINT('',(-94.5807,33.0262664267899,-1.2));
#15930=CARTESIAN_POINT('Origin',(-94.5307,34.0250156445618,-1.2));
#15931=CARTESIAN_POINT('',(-74.8419139133935,44.4224598873686,-1.2));
#15932=CARTESIAN_POINT('Origin',(-93.5307,54.,-1.2));
#15933=CARTESIAN_POINT('',(-75.2318561079938,45.7445586298498,-1.2));
#15934=CARTESIAN_POINT('Origin',(-75.7318561079938,44.8785332260653,-1.2));
#15935=CARTESIAN_POINT('',(-84.3034586640479,50.9820508075689,-1.2));
#15936=CARTESIAN_POINT('',(-33.6128485243175,76.6373532507541,-1.2));
#15937=CARTESIAN_POINT('',(-33.1637005067993,75.4564976691891,-1.2));
#15938=CARTESIAN_POINT('Origin',(-32.6637005067993,76.3225230729735,-1.2));
#15939=CARTESIAN_POINT('',(-33.6128485243175,85.3626467492458,-1.2));
#15940=CARTESIAN_POINT('Origin',(-46.7653281956403,81.,-1.2));
#15941=CARTESIAN_POINT('',(-33.1637005067993,86.5435023308109,-1.2));
#15942=CARTESIAN_POINT('Origin',(-32.6637005067993,85.6774769270264,-1.2));
#15943=CARTESIAN_POINT('',(-28.4664843036341,89.2554413701502,-1.2));
#15944=CARTESIAN_POINT('',(-40.6310347303468,82.2322349067168,-1.2));
#15945=CARTESIAN_POINT('',(-28.0765421090338,90.5775401126314,-1.2));
#15946=CARTESIAN_POINT('Origin',(-28.9664843036341,90.1214667739346,-1.2));
#15947=CARTESIAN_POINT('',(-47.8153281956403,101.97373357321,-1.2));
#15948=CARTESIAN_POINT('Origin',(-46.7653281956403,81.,-1.2));
#15949=CARTESIAN_POINT('',(-48.7653281956403,100.974984355438,-1.2));
#15950=CARTESIAN_POINT('Origin',(-47.7653281956403,100.974984355438,-1.2));
#15951=CARTESIAN_POINT('',(-48.7653281956403,95.5511062767595,-1.2));
#15952=CARTESIAN_POINT('',(-48.7653281956403,90.5,-1.2));
#15953=CARTESIAN_POINT('',(-49.5634051187172,94.5717048927469,-1.2));
#15954=CARTESIAN_POINT('Origin',(-49.7653281956403,95.5511062767595,-1.2));
#15955=CARTESIAN_POINT('',(-57.1197309438862,90.209058143501,-1.2));
#15956=CARTESIAN_POINT('Origin',(-46.7653281956403,81.,-1.2));
#15957=CARTESIAN_POINT('',(-58.3669558844813,90.0076039459486,-1.2));
#15958=CARTESIAN_POINT('Origin',(-57.8669558844813,90.8736293497331,-1.2));
#15959=CARTESIAN_POINT('',(-63.0641720876465,92.719542985288,-1.2));
#15960=CARTESIAN_POINT('',(-50.8996216609338,85.6963365218546,-1.2));
#15961=CARTESIAN_POINT('',(-64.4041142822468,92.3961934605787,-1.2));
#15962=CARTESIAN_POINT('Origin',(-63.5641720876465,91.8535175815035,-1.2));
#15963=CARTESIAN_POINT('',(-64.4041142822468,69.6038065394213,-1.2));
#15964=CARTESIAN_POINT('Origin',(-46.7653281956403,81.,-1.2));
#15965=CARTESIAN_POINT('',(-63.0641720876465,69.280457014712,-1.2));
#15966=CARTESIAN_POINT('Origin',(-63.5641720876465,70.1464824184964,-1.2));
#15967=CARTESIAN_POINT('',(-58.3669558844813,71.9923960540513,-1.2));
#15968=CARTESIAN_POINT('',(-53.9925695315925,74.5179491924311,-1.2));
#15969=CARTESIAN_POINT('',(-57.1197309438862,71.7909418564989,-1.2));
#15970=CARTESIAN_POINT('Origin',(-57.8669558844813,71.1263706502669,-1.2));
#15971=CARTESIAN_POINT('',(-49.5634051187172,67.4282951072531,-1.2));
#15972=CARTESIAN_POINT('Origin',(-46.7653281956403,81.,-1.2));
#15973=CARTESIAN_POINT('',(-48.7653281956403,66.4488937232404,-1.2));
#15974=CARTESIAN_POINT('Origin',(-49.7653281956403,66.4488937232404,-1.2));
#15975=CARTESIAN_POINT('',(-48.7653281956403,61.0250156445618,-1.2));
#15976=CARTESIAN_POINT('',(-48.7653281956403,75.0714285714286,-1.2));
#15977=CARTESIAN_POINT('',(-47.8153281956403,60.0262664267899,-1.2));
#15978=CARTESIAN_POINT('Origin',(-47.7653281956403,61.0250156445618,-1.2));
#15979=CARTESIAN_POINT('',(-28.0765421090338,71.4224598873686,-1.2));
#15980=CARTESIAN_POINT('Origin',(-46.7653281956403,81.,-1.2));
#15981=CARTESIAN_POINT('',(-28.4664843036341,72.7445586298498,-1.2));
#15982=CARTESIAN_POINT('Origin',(-28.9664843036341,71.8785332260653,-1.2));
#15983=CARTESIAN_POINT('',(-37.5380868596881,77.9820508075689,-1.2));
#15984=CARTESIAN_POINT('Origin',(-104.481017547305,47.9665063509461,0.25));
#15985=CARTESIAN_POINT('',(-116.91338590218,40.5,0.5));
#15986=CARTESIAN_POINT('',(-115.089828743665,37.3415063509461,4.14711431702997));
#15987=CARTESIAN_POINT('',(-116.0307,41.0096189432334,0.5));
#15988=CARTESIAN_POINT('',(-104.356017547305,47.75,0.5));
#15989=CARTESIAN_POINT('',(-116.0307,41.0096189432334,0.5));
#15990=CARTESIAN_POINT('Origin',(-115.5307,40.143593539449,0.25));
#15991=CARTESIAN_POINT('',(-114.684546153846,40.6765322494702,0.5));
#15992=CARTESIAN_POINT('Origin',(-115.5307,40.143593539449,0.5));
#15993=CARTESIAN_POINT('',(-114.684546153846,40.6765322494702,0.5));
#15994=CARTESIAN_POINT('Origin',(-93.5307,54.,0.25));
#15995=CARTESIAN_POINT('',(-94.4922384615385,29.0184979677566,0.5));
#15996=CARTESIAN_POINT('',(-94.4922384615385,29.0184979677566,0.5));
#15997=CARTESIAN_POINT('Origin',(-93.5307,54.,0.5));
#15998=CARTESIAN_POINT('Origin',(-94.5307,28.0192378864668,0.25));
#15999=CARTESIAN_POINT('',(-93.5307,28.0192378864668,0.5));
#16000=CARTESIAN_POINT('Origin',(-94.5307,28.0192378864668,0.5));
#16001=CARTESIAN_POINT('',(-93.5307,28.0192378864668,0.5));
#16002=CARTESIAN_POINT('Origin',(-94.5307,28.0192378864668,0.));
#16003=CARTESIAN_POINT('',(-94.4922384615385,29.0184979677566,14.5));
#16004=CARTESIAN_POINT('',(-94.4922384615385,29.0184979677566,0.));
#16005=CARTESIAN_POINT('',(-93.5307,28.0192378864668,14.5));
#16006=CARTESIAN_POINT('Origin',(-94.5307,28.0192378864668,14.5));
#16007=CARTESIAN_POINT('',(-93.5307,28.0192378864668,0.));
#16008=CARTESIAN_POINT('Origin',(-93.5307,54.,0.));
#16009=CARTESIAN_POINT('',(-114.684546153846,40.6765322494702,14.5));
#16010=CARTESIAN_POINT('',(-114.684546153846,40.6765322494702,0.));
#16011=CARTESIAN_POINT('Origin',(-93.5307,54.,14.5));
#16012=CARTESIAN_POINT('Origin',(-115.5307,40.143593539449,0.));
#16013=CARTESIAN_POINT('',(-116.0307,41.0096189432334,14.5));
#16014=CARTESIAN_POINT('',(-116.0307,41.0096189432334,0.));
#16015=CARTESIAN_POINT('Origin',(-115.5307,40.143593539449,14.5));
#16016=CARTESIAN_POINT('Origin',(-115.181335094611,41.5,0.));
#16017=CARTESIAN_POINT('',(-116.91338590218,40.5,14.5));
#16018=CARTESIAN_POINT('',(-116.91338590218,40.5,0.));
#16019=CARTESIAN_POINT('',(-113.01627158515,42.75,14.5));
#16020=CARTESIAN_POINT('Origin',(-70.5307,41.8756443470178,0.25));
#16021=CARTESIAN_POINT('',(-71.0307,41.0096189432334,0.5));
#16022=CARTESIAN_POINT('',(-71.0307,41.0096189432334,0.5));
#16023=CARTESIAN_POINT('',(-71.4153153846154,42.3419657182864,0.5));
#16024=CARTESIAN_POINT('Origin',(-70.5307,41.8756443470178,0.5));
#16025=CARTESIAN_POINT('',(-71.4153153846154,42.3419657182864,0.5));
#16026=CARTESIAN_POINT('Origin',(-93.5307,54.,0.25));
#16027=CARTESIAN_POINT('',(-71.4153153846154,65.6580342817136,0.5));
#16028=CARTESIAN_POINT('',(-71.4153153846154,65.6580342817136,0.5));
#16029=CARTESIAN_POINT('Origin',(-93.5307,54.,0.5));
#16030=CARTESIAN_POINT('Origin',(-70.5307,66.1243556529821,0.25));
#16031=CARTESIAN_POINT('',(-71.0307,66.9903810567666,0.5));
#16032=CARTESIAN_POINT('Origin',(-70.5307,66.1243556529821,0.5));
#16033=CARTESIAN_POINT('',(-71.0307,66.9903810567666,0.5));
#16034=CARTESIAN_POINT('Origin',(-70.5307,66.1243556529821,0.));
#16035=CARTESIAN_POINT('',(-71.4153153846154,65.6580342817136,14.5));
#16036=CARTESIAN_POINT('',(-71.4153153846154,65.6580342817136,0.));
#16037=CARTESIAN_POINT('',(-71.0307,66.9903810567666,14.5));
#16038=CARTESIAN_POINT('Origin',(-70.5307,66.1243556529821,14.5));
#16039=CARTESIAN_POINT('',(-71.0307,66.9903810567666,0.));
#16040=CARTESIAN_POINT('Origin',(-93.5307,54.,0.));
#16041=CARTESIAN_POINT('',(-71.4153153846154,42.3419657182864,14.5));
#16042=CARTESIAN_POINT('',(-71.4153153846154,42.3419657182864,0.));
#16043=CARTESIAN_POINT('Origin',(-93.5307,54.,14.5));
#16044=CARTESIAN_POINT('Origin',(-70.5307,41.8756443470178,0.));
#16045=CARTESIAN_POINT('',(-71.0307,41.0096189432334,14.5));
#16046=CARTESIAN_POINT('',(-71.0307,41.0096189432334,0.));
#16047=CARTESIAN_POINT('Origin',(-70.5307,41.8756443470178,14.5));
#16048=CARTESIAN_POINT('Origin',(-93.2807,66.5,0.25));
#16049=CARTESIAN_POINT('',(-93.5307,81.,0.5));
#16050=CARTESIAN_POINT('',(-97.17781431703,81.,4.14711431702998));
#16051=CARTESIAN_POINT('',(-93.5307,79.9807621135332,0.5));
#16052=CARTESIAN_POINT('',(-93.5307,66.5,0.5));
#16053=CARTESIAN_POINT('',(-93.5307,79.9807621135332,0.5));
#16054=CARTESIAN_POINT('Origin',(-94.5307,79.9807621135332,0.25));
#16055=CARTESIAN_POINT('',(-94.4922384615384,78.9815020322434,0.5));
#16056=CARTESIAN_POINT('Origin',(-94.5307,79.9807621135332,0.5));
#16057=CARTESIAN_POINT('',(-94.4922384615384,78.9815020322434,0.5));
#16058=CARTESIAN_POINT('Origin',(-93.5307,54.,0.25));
#16059=CARTESIAN_POINT('',(-114.684546153846,67.3234677505298,0.5));
#16060=CARTESIAN_POINT('',(-114.684546153846,67.3234677505298,0.5));
#16061=CARTESIAN_POINT('Origin',(-93.5307,54.,0.5));
#16062=CARTESIAN_POINT('Origin',(-115.5307,67.856406460551,0.25));
#16063=CARTESIAN_POINT('',(-116.0307,66.9903810567666,0.5));
#16064=CARTESIAN_POINT('Origin',(-115.5307,67.856406460551,0.5));
#16065=CARTESIAN_POINT('',(-116.0307,66.9903810567666,0.5));
#16066=CARTESIAN_POINT('Origin',(-105.34704295109,60.5334936490539,0.25));
#16067=CARTESIAN_POINT('',(-116.91338590218,67.5,0.5));
#16068=CARTESIAN_POINT('',(-118.986943060695,63.9084936490539,-3.64711431702998));
#16069=CARTESIAN_POINT('',(-105.22204295109,60.75,0.5));
#16070=CARTESIAN_POINT('Origin',(-116.91338590218,67.5,0.));
#16071=CARTESIAN_POINT('',(-116.0307,66.9903810567666,14.5));
#16072=CARTESIAN_POINT('',(-116.0307,66.9903810567666,0.));
#16073=CARTESIAN_POINT('',(-116.91338590218,67.5,14.5));
#16074=CARTESIAN_POINT('',(-113.882296988934,65.75,14.5));
#16075=CARTESIAN_POINT('',(-116.91338590218,67.5,0.));
#16076=CARTESIAN_POINT('Origin',(-115.5307,67.856406460551,0.));
#16077=CARTESIAN_POINT('',(-114.684546153846,67.3234677505298,14.5));
#16078=CARTESIAN_POINT('',(-114.684546153846,67.3234677505298,0.));
#16079=CARTESIAN_POINT('Origin',(-115.5307,67.856406460551,14.5));
#16080=CARTESIAN_POINT('Origin',(-93.5307,54.,0.));
#16081=CARTESIAN_POINT('',(-94.4922384615384,78.9815020322434,14.5));
#16082=CARTESIAN_POINT('',(-94.4922384615384,78.9815020322434,0.));
#16083=CARTESIAN_POINT('Origin',(-93.5307,54.,14.5));
#16084=CARTESIAN_POINT('Origin',(-94.5307,79.9807621135332,0.));
#16085=CARTESIAN_POINT('',(-93.5307,79.9807621135332,14.5));
#16086=CARTESIAN_POINT('',(-93.5307,79.9807621135332,0.));
#16087=CARTESIAN_POINT('Origin',(-94.5307,79.9807621135332,14.5));
#16088=CARTESIAN_POINT('Origin',(-93.5307,79.,0.));
#16089=CARTESIAN_POINT('',(-93.5307,81.,14.5));
#16090=CARTESIAN_POINT('',(-93.5307,81.,0.));
#16091=CARTESIAN_POINT('',(-93.5307,76.375,14.5));
#16092=CARTESIAN_POINT('Origin',(-113.757296988934,65.9665063509461,14.75));
#16093=CARTESIAN_POINT('',(-116.66338590218,67.9330127018922,15.));
#16094=CARTESIAN_POINT('',(-120.611943060695,61.0939110867545,7.10288568297002));
#16095=CARTESIAN_POINT('',(-115.7807,67.4233937586588,15.));
#16096=CARTESIAN_POINT('',(-116.0307,66.9903810567666,14.5));
#16097=CARTESIAN_POINT('',(-113.632296988934,66.1830127018922,15.));
#16098=CARTESIAN_POINT('Origin',(-115.5307,67.856406460551,14.75));
#16099=CARTESIAN_POINT('',(-115.107623076923,67.5899371055404,15.));
#16100=CARTESIAN_POINT('',(-114.684546153846,67.3234677505298,14.5));
#16101=CARTESIAN_POINT('Origin',(-115.5307,67.856406460551,15.));
#16102=CARTESIAN_POINT('Origin',(-93.5307,54.,14.75));
#16103=CARTESIAN_POINT('',(-94.5114692307692,79.4811320728883,15.));
#16104=CARTESIAN_POINT('',(-94.4922384615384,78.9815020322434,14.5));
#16105=CARTESIAN_POINT('Origin',(-93.5307,54.,15.));
#16106=CARTESIAN_POINT('Origin',(-94.5307,79.9807621135332,14.75));
#16107=CARTESIAN_POINT('',(-94.0307,79.9807621135332,15.));
#16108=CARTESIAN_POINT('',(-93.5307,79.9807621135332,14.5));
#16109=CARTESIAN_POINT('Origin',(-94.5307,79.9807621135332,15.));
#16110=CARTESIAN_POINT('Origin',(-93.7807,76.375,14.75));
#16111=CARTESIAN_POINT('',(-94.0307,81.,15.));
#16112=CARTESIAN_POINT('',(-93.92781431703,81.,14.89711431703));
#16113=CARTESIAN_POINT('',(-94.0307,76.375,15.));
#16114=CARTESIAN_POINT('Origin',(-109.11915726812,81.,0.));
#16115=CARTESIAN_POINT('',(-77.9422427318801,81.,0.));
#16116=CARTESIAN_POINT('',(-109.11915726812,81.,15.));
#16117=CARTESIAN_POINT('',(-109.11915726812,81.,0.));
#16118=CARTESIAN_POINT('',(-77.9422427318801,81.,15.));
#16119=CARTESIAN_POINT('Origin',(-94.5307,28.0192378864668,14.75));
#16120=CARTESIAN_POINT('',(-94.0307,28.0192378864668,15.));
#16121=CARTESIAN_POINT('',(-93.5307,28.0192378864668,14.5));
#16122=CARTESIAN_POINT('',(-94.5114692307693,28.5188679271117,15.));
#16123=CARTESIAN_POINT('',(-94.4922384615385,29.0184979677566,14.5));
#16124=CARTESIAN_POINT('Origin',(-94.5307,28.0192378864668,15.));
#16125=CARTESIAN_POINT('Origin',(-93.5307,54.,14.75));
#16126=CARTESIAN_POINT('',(-115.107623076923,40.4100628944596,15.));
#16127=CARTESIAN_POINT('',(-114.684546153846,40.6765322494702,14.5));
#16128=CARTESIAN_POINT('Origin',(-93.5307,54.,15.));
#16129=CARTESIAN_POINT('Origin',(-115.5307,40.143593539449,14.75));
#16130=CARTESIAN_POINT('',(-115.7807,40.5766062413412,15.));
#16131=CARTESIAN_POINT('',(-116.0307,41.0096189432334,14.5));
#16132=CARTESIAN_POINT('Origin',(-115.5307,40.143593539449,15.));
#16133=CARTESIAN_POINT('Origin',(-112.89127158515,42.5334936490539,14.75));
#16134=CARTESIAN_POINT('',(-116.66338590218,40.0669872981078,15.));
#16135=CARTESIAN_POINT('',(-116.714828743665,40.1560889132455,14.89711431703));
#16136=CARTESIAN_POINT('',(-112.76627158515,42.3169872981078,15.));
#16137=CARTESIAN_POINT('Origin',(-70.5307,66.1243556529821,14.75));
#16138=CARTESIAN_POINT('',(-70.7807,66.5573683548743,15.));
#16139=CARTESIAN_POINT('',(-71.0307,66.9903810567666,14.5));
#16140=CARTESIAN_POINT('',(-70.9730076923077,65.8911949673478,15.));
#16141=CARTESIAN_POINT('',(-71.4153153846154,65.6580342817136,14.5));
#16142=CARTESIAN_POINT('Origin',(-70.5307,66.1243556529821,15.));
#16143=CARTESIAN_POINT('Origin',(-93.5307,54.,14.75));
#16144=CARTESIAN_POINT('',(-70.9730076923077,42.1088050326521,15.));
#16145=CARTESIAN_POINT('',(-71.4153153846154,42.3419657182864,14.5));
#16146=CARTESIAN_POINT('Origin',(-93.5307,54.,15.));
#16147=CARTESIAN_POINT('Origin',(-70.5307,41.8756443470178,14.75));
#16148=CARTESIAN_POINT('',(-70.7807,41.4426316451256,15.));
#16149=CARTESIAN_POINT('',(-71.0307,41.0096189432334,14.5));
#16150=CARTESIAN_POINT('Origin',(-70.5307,41.8756443470178,15.));
#16151=CARTESIAN_POINT('Origin',(-75.7318561079938,44.8785332260653,0.));
#16152=CARTESIAN_POINT('',(-75.2318561079938,45.7445586298498,0.));
#16153=CARTESIAN_POINT('',(-74.8419139133935,44.4224598873686,0.));
#16154=CARTESIAN_POINT('Origin',(-76.0762173280957,46.2320508075689,0.));
#16155=CARTESIAN_POINT('',(-79.929072311159,48.4564976691891,0.));
#16156=CARTESIAN_POINT('Origin',(-79.429072311159,49.3225230729735,0.));
#16157=CARTESIAN_POINT('',(-80.3782203286772,49.6373532507542,0.));
#16158=CARTESIAN_POINT('Origin',(-93.5307,54.,0.));
#16159=CARTESIAN_POINT('',(-80.3782203286772,58.3626467492458,0.));
#16160=CARTESIAN_POINT('Origin',(-79.429072311159,58.6774769270264,0.));
#16161=CARTESIAN_POINT('',(-79.929072311159,59.5435023308109,0.));
#16162=CARTESIAN_POINT('Origin',(-82.2621130694131,58.1965206210025,0.));
#16163=CARTESIAN_POINT('',(-75.2318561079938,62.2554413701502,0.));
#16164=CARTESIAN_POINT('Origin',(-75.7318561079938,63.1214667739346,0.));
#16165=CARTESIAN_POINT('',(-74.8419139133935,63.5775401126314,0.));
#16166=CARTESIAN_POINT('Origin',(-93.5307,54.,0.));
#16167=CARTESIAN_POINT('',(-94.5807,74.9737335732101,0.));
#16168=CARTESIAN_POINT('Origin',(-94.5307,73.9749843554382,0.));
#16169=CARTESIAN_POINT('',(-95.5307,73.9749843554382,0.));
#16170=CARTESIAN_POINT('Origin',(-95.5307,73.,0.));
#16171=CARTESIAN_POINT('',(-95.5307,68.5511062767596,0.));
#16172=CARTESIAN_POINT('Origin',(-96.5307,68.5511062767596,0.));
#16173=CARTESIAN_POINT('',(-96.3287769230769,67.5717048927469,0.));
#16174=CARTESIAN_POINT('Origin',(-93.5307,54.,0.));
#16175=CARTESIAN_POINT('',(-103.885102748246,63.2090581435011,0.));
#16176=CARTESIAN_POINT('Origin',(-104.632327688841,63.8736293497331,0.));
#16177=CARTESIAN_POINT('',(-105.132327688841,63.0076039459487,0.));
#16178=CARTESIAN_POINT('Origin',(-102.799286930587,61.6606222361403,0.));
#16179=CARTESIAN_POINT('',(-109.829543892006,65.719542985288,0.));
#16180=CARTESIAN_POINT('Origin',(-110.329543892006,64.8535175815035,0.));
#16181=CARTESIAN_POINT('',(-111.169486086607,65.3961934605787,0.));
#16182=CARTESIAN_POINT('Origin',(-93.5307,54.,0.));
#16183=CARTESIAN_POINT('',(-111.169486086607,42.6038065394213,0.));
#16184=CARTESIAN_POINT('Origin',(-110.329543892006,43.1464824184965,0.));
#16185=CARTESIAN_POINT('',(-109.829543892006,42.280457014712,0.));
#16186=CARTESIAN_POINT('Origin',(-108.985182671904,42.7679491924311,0.));
#16187=CARTESIAN_POINT('',(-105.132327688841,44.9923960540514,0.));
#16188=CARTESIAN_POINT('Origin',(-104.632327688841,44.1263706502669,0.));
#16189=CARTESIAN_POINT('',(-103.885102748246,44.790941856499,0.));
#16190=CARTESIAN_POINT('Origin',(-93.5307,54.,0.));
#16191=CARTESIAN_POINT('',(-96.3287769230769,40.4282951072531,0.));
#16192=CARTESIAN_POINT('Origin',(-94.5307,34.0250156445618,0.));
#16193=CARTESIAN_POINT('',(-94.5807,33.0262664267899,0.));
#16194=CARTESIAN_POINT('',(-95.5307,34.0250156445618,0.));
#16195=CARTESIAN_POINT('Origin',(-93.5307,54.,0.));
#16196=CARTESIAN_POINT('Origin',(-96.5307,39.4488937232405,0.));
#16197=CARTESIAN_POINT('',(-95.5307,39.4488937232405,0.));
#16198=CARTESIAN_POINT('Origin',(-105.22204295109,73.75,15.));
#16199=CARTESIAN_POINT('',(-109.11915726812,81.,15.));
#16200=CARTESIAN_POINT('Origin',(-95.5307,42.1428571428572,0.));
#16201=CARTESIAN_POINT('Origin',(-124.70761453624,54.,0.));
#16202=CARTESIAN_POINT('',(-124.70761453624,54.,0.));
#16203=CARTESIAN_POINT('Origin',(-109.11915726812,27.,0.));
#16204=CARTESIAN_POINT('',(-109.11915726812,27.,15.));
#16205=CARTESIAN_POINT('',(-109.11915726812,27.,0.));
#16206=CARTESIAN_POINT('',(-124.70761453624,54.,15.));
#16207=CARTESIAN_POINT('Origin',(-57.7156457429458,74.9665063509461,0.25));
#16208=CARTESIAN_POINT('',(-69.2653281956403,68.0096189432334,0.5));
#16209=CARTESIAN_POINT('',(-81.8393570489101,60.75,0.5));
#16210=CARTESIAN_POINT('',(-69.2653281956403,68.0096189432334,0.5));
#16211=CARTESIAN_POINT('Origin',(-68.7653281956403,67.143593539449,0.25));
#16212=CARTESIAN_POINT('',(-67.9191743494865,67.6765322494701,0.5));
#16213=CARTESIAN_POINT('Origin',(-68.7653281956403,67.143593539449,0.5));
#16214=CARTESIAN_POINT('',(-67.9191743494865,67.6765322494701,0.5));
#16215=CARTESIAN_POINT('Origin',(-46.7653281956403,81.,0.25));
#16216=CARTESIAN_POINT('',(-47.7268666571788,56.0184979677565,0.5));
#16217=CARTESIAN_POINT('',(-47.7268666571788,56.0184979677565,0.5));
#16218=CARTESIAN_POINT('Origin',(-46.7653281956403,81.,0.5));
#16219=CARTESIAN_POINT('Origin',(-47.7653281956403,55.0192378864668,0.25));
#16220=CARTESIAN_POINT('',(-46.7653281956403,55.0192378864668,0.5));
#16221=CARTESIAN_POINT('Origin',(-47.7653281956403,55.0192378864668,0.5));
#16222=CARTESIAN_POINT('',(-46.7653281956403,55.0192378864668,0.5));
#16223=CARTESIAN_POINT('Origin',(-47.7653281956403,55.0192378864668,0.));
#16224=CARTESIAN_POINT('',(-47.7268666571788,56.0184979677565,14.5));
#16225=CARTESIAN_POINT('',(-47.7268666571788,56.0184979677565,0.));
#16226=CARTESIAN_POINT('',(-46.7653281956403,55.0192378864668,14.5));
#16227=CARTESIAN_POINT('Origin',(-47.7653281956403,55.0192378864668,14.5));
#16228=CARTESIAN_POINT('',(-46.7653281956403,55.0192378864668,0.));
#16229=CARTESIAN_POINT('Origin',(-46.7653281956403,81.,0.));
#16230=CARTESIAN_POINT('',(-67.9191743494865,67.6765322494701,14.5));
#16231=CARTESIAN_POINT('',(-67.9191743494865,67.6765322494701,0.));
#16232=CARTESIAN_POINT('Origin',(-46.7653281956403,81.,14.5));
#16233=CARTESIAN_POINT('Origin',(-68.7653281956403,67.143593539449,0.));
#16234=CARTESIAN_POINT('',(-69.2653281956403,68.0096189432334,14.5));
#16235=CARTESIAN_POINT('',(-69.2653281956403,68.0096189432334,0.));
#16236=CARTESIAN_POINT('Origin',(-68.7653281956403,67.143593539449,14.5));
#16237=CARTESIAN_POINT('Origin',(-68.4159632902513,68.5,0.));
#16238=CARTESIAN_POINT('',(-71.9341914931256,66.46875,14.5));
#16239=CARTESIAN_POINT('Origin',(-23.7653281956403,68.8756443470178,0.25));
#16240=CARTESIAN_POINT('',(-24.6499435802557,69.3419657182864,0.5));
#16241=CARTESIAN_POINT('Origin',(-23.7653281956403,68.8756443470178,0.5));
#16242=CARTESIAN_POINT('',(-24.6499435802557,69.3419657182864,0.5));
#16243=CARTESIAN_POINT('Origin',(-46.7653281956403,81.,0.25));
#16244=CARTESIAN_POINT('',(-24.6499435802557,92.6580342817136,0.5));
#16245=CARTESIAN_POINT('',(-24.6499435802557,92.6580342817136,0.5));
#16246=CARTESIAN_POINT('Origin',(-46.7653281956403,81.,0.5));
#16247=CARTESIAN_POINT('Origin',(-23.7653281956403,93.1243556529821,0.25));
#16248=CARTESIAN_POINT('',(-24.2653281956403,93.9903810567665,0.5));
#16249=CARTESIAN_POINT('Origin',(-23.7653281956403,93.1243556529821,0.5));
#16250=CARTESIAN_POINT('',(-24.2653281956403,93.9903810567665,0.5));
#16251=CARTESIAN_POINT('Origin',(-35.1989852445504,87.9665063509461,0.25));
#16252=CARTESIAN_POINT('',(-23.3826422934604,94.5,0.5));
#16253=CARTESIAN_POINT('',(-25.4561994519754,98.0915063509461,-3.64711431702997));
#16254=CARTESIAN_POINT('',(-35.0739852445504,87.75,0.5));
#16255=CARTESIAN_POINT('Origin',(-23.3826422934604,94.5,0.));
#16256=CARTESIAN_POINT('',(-24.2653281956403,93.9903810567665,14.5));
#16257=CARTESIAN_POINT('',(-24.2653281956403,93.9903810567665,0.));
#16258=CARTESIAN_POINT('',(-23.3826422934604,94.5,14.5));
#16259=CARTESIAN_POINT('',(-25.1688196887659,93.46875,14.5));
#16260=CARTESIAN_POINT('',(-23.3826422934604,94.5,0.));
#16261=CARTESIAN_POINT('Origin',(-23.7653281956403,93.1243556529821,0.));
#16262=CARTESIAN_POINT('',(-24.6499435802557,92.6580342817136,14.5));
#16263=CARTESIAN_POINT('',(-24.6499435802557,92.6580342817136,0.));
#16264=CARTESIAN_POINT('Origin',(-23.7653281956403,93.1243556529821,14.5));
#16265=CARTESIAN_POINT('Origin',(-46.7653281956403,81.,0.));
#16266=CARTESIAN_POINT('',(-24.6499435802557,69.3419657182864,14.5));
#16267=CARTESIAN_POINT('',(-24.6499435802557,69.3419657182864,0.));
#16268=CARTESIAN_POINT('Origin',(-46.7653281956403,81.,14.5));
#16269=CARTESIAN_POINT('Origin',(-23.7653281956403,68.8756443470178,0.));
#16270=CARTESIAN_POINT('Origin',(-23.7653281956403,68.8756443470178,14.5));
#16271=CARTESIAN_POINT('Origin',(-46.5153281956403,93.5,0.25));
#16272=CARTESIAN_POINT('',(-46.7653281956403,108.,0.5));
#16273=CARTESIAN_POINT('',(-50.4124425126703,108.,4.14711431702998));
#16274=CARTESIAN_POINT('',(-46.7653281956403,106.980762113533,0.5));
#16275=CARTESIAN_POINT('',(-46.7653281956403,93.5,0.5));
#16276=CARTESIAN_POINT('',(-46.7653281956403,106.980762113533,0.5));
#16277=CARTESIAN_POINT('Origin',(-47.7653281956403,106.980762113533,0.25));
#16278=CARTESIAN_POINT('',(-47.7268666571787,105.981502032243,0.5));
#16279=CARTESIAN_POINT('Origin',(-47.7653281956403,106.980762113533,0.5));
#16280=CARTESIAN_POINT('',(-47.7268666571787,105.981502032243,0.5));
#16281=CARTESIAN_POINT('Origin',(-46.7653281956403,81.,0.25));
#16282=CARTESIAN_POINT('',(-67.9191743494865,94.3234677505298,0.5));
#16283=CARTESIAN_POINT('',(-67.9191743494865,94.3234677505298,0.5));
#16284=CARTESIAN_POINT('Origin',(-46.7653281956403,81.,0.5));
#16285=CARTESIAN_POINT('Origin',(-68.7653281956403,94.856406460551,0.25));
#16286=CARTESIAN_POINT('',(-69.2653281956403,93.9903810567666,0.5));
#16287=CARTESIAN_POINT('Origin',(-68.7653281956403,94.856406460551,0.5));
#16288=CARTESIAN_POINT('',(-69.2653281956403,93.9903810567666,0.5));
#16289=CARTESIAN_POINT('Origin',(-58.5816711467302,87.5334936490539,0.25));
#16290=CARTESIAN_POINT('',(-70.1480140978202,94.5,0.5));
#16291=CARTESIAN_POINT('',(-72.2215712563352,90.9084936490539,-3.64711431702998));
#16292=CARTESIAN_POINT('',(-58.4566711467302,87.75,0.5));
#16293=CARTESIAN_POINT('Origin',(-70.1480140978202,94.5,0.));
#16294=CARTESIAN_POINT('',(-69.2653281956403,93.9903810567666,14.5));
#16295=CARTESIAN_POINT('',(-69.2653281956403,93.9903810567666,0.));
#16296=CARTESIAN_POINT('',(-70.1480140978202,94.5,14.5));
#16297=CARTESIAN_POINT('',(-67.1169251845746,92.75,14.5));
#16298=CARTESIAN_POINT('',(-70.1480140978202,94.5,0.));
#16299=CARTESIAN_POINT('Origin',(-68.7653281956403,94.856406460551,0.));
#16300=CARTESIAN_POINT('',(-67.9191743494865,94.3234677505298,14.5));
#16301=CARTESIAN_POINT('',(-67.9191743494865,94.3234677505298,0.));
#16302=CARTESIAN_POINT('Origin',(-68.7653281956403,94.856406460551,14.5));
#16303=CARTESIAN_POINT('Origin',(-46.7653281956403,81.,0.));
#16304=CARTESIAN_POINT('',(-47.7268666571787,105.981502032243,14.5));
#16305=CARTESIAN_POINT('',(-47.7268666571787,105.981502032243,0.));
#16306=CARTESIAN_POINT('Origin',(-46.7653281956403,81.,14.5));
#16307=CARTESIAN_POINT('Origin',(-47.7653281956403,106.980762113533,0.));
#16308=CARTESIAN_POINT('',(-46.7653281956403,106.980762113533,14.5));
#16309=CARTESIAN_POINT('',(-46.7653281956403,106.980762113533,0.));
#16310=CARTESIAN_POINT('Origin',(-47.7653281956403,106.980762113533,14.5));
#16311=CARTESIAN_POINT('Origin',(-46.7653281956403,106.,0.));
#16312=CARTESIAN_POINT('',(-46.7653281956403,108.,14.5));
#16313=CARTESIAN_POINT('',(-46.7653281956403,108.,0.));
#16314=CARTESIAN_POINT('',(-46.7653281956403,103.375,14.5));
#16315=CARTESIAN_POINT('Origin',(-66.9919251845746,92.9665063509461,14.75));
#16316=CARTESIAN_POINT('',(-69.8980140978202,94.9330127018922,15.));
#16317=CARTESIAN_POINT('',(-73.8465712563351,88.0939110867544,7.10288568297002));
#16318=CARTESIAN_POINT('',(-69.0153281956403,94.4233937586588,15.));
#16319=CARTESIAN_POINT('',(-69.2653281956403,93.9903810567666,14.5));
#16320=CARTESIAN_POINT('',(-66.8669251845746,93.1830127018922,15.));
#16321=CARTESIAN_POINT('Origin',(-68.7653281956403,94.856406460551,14.75));
#16322=CARTESIAN_POINT('',(-68.3422512725634,94.5899371055404,15.));
#16323=CARTESIAN_POINT('',(-67.9191743494865,94.3234677505298,14.5));
#16324=CARTESIAN_POINT('Origin',(-68.7653281956403,94.856406460551,15.));
#16325=CARTESIAN_POINT('Origin',(-46.7653281956403,81.,14.75));
#16326=CARTESIAN_POINT('',(-47.7460974264095,106.481132072888,15.));
#16327=CARTESIAN_POINT('',(-47.7268666571787,105.981502032243,14.5));
#16328=CARTESIAN_POINT('Origin',(-46.7653281956403,81.,15.));
#16329=CARTESIAN_POINT('Origin',(-47.7653281956403,106.980762113533,14.75));
#16330=CARTESIAN_POINT('',(-47.2653281956403,106.980762113533,15.));
#16331=CARTESIAN_POINT('',(-46.7653281956403,106.980762113533,14.5));
#16332=CARTESIAN_POINT('Origin',(-47.7653281956403,106.980762113533,15.));
#16333=CARTESIAN_POINT('Origin',(-47.0153281956403,103.375,14.75));
#16334=CARTESIAN_POINT('',(-47.2653281956403,108.,15.));
#16335=CARTESIAN_POINT('',(-47.1624425126703,108.,14.89711431703));
#16336=CARTESIAN_POINT('',(-47.2653281956403,103.375,15.));
#16337=CARTESIAN_POINT('Origin',(-62.3537854637602,108.,0.));
#16338=CARTESIAN_POINT('',(-31.1768709275204,108.,0.));
#16339=CARTESIAN_POINT('',(-62.3537854637602,108.,15.));
#16340=CARTESIAN_POINT('',(-62.3537854637602,108.,0.));
#16341=CARTESIAN_POINT('',(-31.1768709275204,108.,15.));
#16342=CARTESIAN_POINT('Origin',(-47.7653281956403,55.0192378864668,14.75));
#16343=CARTESIAN_POINT('',(-47.2653281956403,55.0192378864668,15.));
#16344=CARTESIAN_POINT('',(-46.7653281956403,55.0192378864668,14.5));
#16345=CARTESIAN_POINT('',(-47.7460974264095,55.5188679271117,15.));
#16346=CARTESIAN_POINT('',(-47.7268666571788,56.0184979677565,14.5));
#16347=CARTESIAN_POINT('Origin',(-47.7653281956403,55.0192378864668,15.));
#16348=CARTESIAN_POINT('Origin',(-46.7653281956403,81.,14.75));
#16349=CARTESIAN_POINT('',(-68.3422512725634,67.4100628944596,15.));
#16350=CARTESIAN_POINT('',(-67.9191743494865,67.6765322494701,14.5));
#16351=CARTESIAN_POINT('Origin',(-46.7653281956403,81.,15.));
#16352=CARTESIAN_POINT('Origin',(-68.7653281956403,67.143593539449,14.75));
#16353=CARTESIAN_POINT('',(-69.0153281956403,67.5766062413412,15.));
#16354=CARTESIAN_POINT('',(-69.2653281956403,68.0096189432334,14.5));
#16355=CARTESIAN_POINT('Origin',(-68.7653281956403,67.143593539449,15.));
#16356=CARTESIAN_POINT('Origin',(-66.1258997807902,69.5334936490539,14.75));
#16357=CARTESIAN_POINT('',(-66.0008997807902,69.3169872981078,15.));
#16358=CARTESIAN_POINT('Origin',(-25.0438196887658,93.2522436490538,14.75));
#16359=CARTESIAN_POINT('',(-27.0811994519754,100.906088913245,7.10288568297));
#16360=CARTESIAN_POINT('',(-24.2653281956403,93.9903810567665,14.5));
#16361=CARTESIAN_POINT('Origin',(-23.7653281956403,93.1243556529821,14.75));
#16362=CARTESIAN_POINT('',(-24.6499435802557,92.6580342817136,14.5));
#16363=CARTESIAN_POINT('Origin',(-46.7653281956403,81.,14.75));
#16364=CARTESIAN_POINT('',(-24.6499435802557,69.3419657182864,14.5));
#16365=CARTESIAN_POINT('Origin',(-23.7653281956403,68.8756443470178,14.75));
#16366=CARTESIAN_POINT('Origin',(-28.9664843036341,71.8785332260653,0.));
#16367=CARTESIAN_POINT('',(-28.4664843036341,72.7445586298498,0.));
#16368=CARTESIAN_POINT('',(-28.0765421090338,71.4224598873686,0.));
#16369=CARTESIAN_POINT('Origin',(-29.310845523736,73.2320508075688,0.));
#16370=CARTESIAN_POINT('',(-33.1637005067993,75.4564976691891,0.));
#16371=CARTESIAN_POINT('Origin',(-32.6637005067993,76.3225230729735,0.));
#16372=CARTESIAN_POINT('',(-33.6128485243175,76.6373532507541,0.));
#16373=CARTESIAN_POINT('Origin',(-46.7653281956403,81.,0.));
#16374=CARTESIAN_POINT('',(-33.6128485243175,85.3626467492458,0.));
#16375=CARTESIAN_POINT('Origin',(-32.6637005067993,85.6774769270264,0.));
#16376=CARTESIAN_POINT('',(-33.1637005067993,86.5435023308109,0.));
#16377=CARTESIAN_POINT('Origin',(-35.4967412650534,85.1965206210025,0.));
#16378=CARTESIAN_POINT('',(-28.4664843036341,89.2554413701502,0.));
#16379=CARTESIAN_POINT('Origin',(-28.9664843036341,90.1214667739346,0.));
#16380=CARTESIAN_POINT('',(-28.0765421090338,90.5775401126314,0.));
#16381=CARTESIAN_POINT('Origin',(-46.7653281956403,81.,0.));
#16382=CARTESIAN_POINT('',(-47.8153281956403,101.97373357321,0.));
#16383=CARTESIAN_POINT('Origin',(-47.7653281956403,100.974984355438,0.));
#16384=CARTESIAN_POINT('',(-48.7653281956403,100.974984355438,0.));
#16385=CARTESIAN_POINT('Origin',(-48.7653281956403,100.,0.));
#16386=CARTESIAN_POINT('',(-48.7653281956403,95.5511062767595,0.));
#16387=CARTESIAN_POINT('Origin',(-49.7653281956403,95.5511062767595,0.));
#16388=CARTESIAN_POINT('',(-49.5634051187172,94.5717048927469,0.));
#16389=CARTESIAN_POINT('Origin',(-46.7653281956403,81.,0.));
#16390=CARTESIAN_POINT('',(-57.1197309438862,90.209058143501,0.));
#16391=CARTESIAN_POINT('Origin',(-57.8669558844813,90.8736293497331,0.));
#16392=CARTESIAN_POINT('',(-58.3669558844813,90.0076039459486,0.));
#16393=CARTESIAN_POINT('Origin',(-56.0339151262272,88.6606222361403,0.));
#16394=CARTESIAN_POINT('',(-63.0641720876465,92.719542985288,0.));
#16395=CARTESIAN_POINT('Origin',(-63.5641720876465,91.8535175815035,0.));
#16396=CARTESIAN_POINT('',(-64.4041142822468,92.3961934605787,0.));
#16397=CARTESIAN_POINT('Origin',(-46.7653281956403,81.,0.));
#16398=CARTESIAN_POINT('',(-64.4041142822468,69.6038065394213,0.));
#16399=CARTESIAN_POINT('Origin',(-63.5641720876465,70.1464824184964,0.));
#16400=CARTESIAN_POINT('',(-63.0641720876465,69.280457014712,0.));
#16401=CARTESIAN_POINT('Origin',(-62.2198108675446,69.7679491924311,0.));
#16402=CARTESIAN_POINT('',(-58.3669558844813,71.9923960540513,0.));
#16403=CARTESIAN_POINT('Origin',(-57.8669558844813,71.1263706502669,0.));
#16404=CARTESIAN_POINT('',(-57.1197309438862,71.7909418564989,0.));
#16405=CARTESIAN_POINT('Origin',(-46.7653281956403,81.,0.));
#16406=CARTESIAN_POINT('',(-49.5634051187172,67.4282951072531,0.));
#16407=CARTESIAN_POINT('Origin',(-47.7653281956403,61.0250156445618,0.));
#16408=CARTESIAN_POINT('',(-47.8153281956403,60.0262664267899,0.));
#16409=CARTESIAN_POINT('',(-48.7653281956403,61.0250156445618,0.));
#16410=CARTESIAN_POINT('Origin',(-46.7653281956403,81.,0.));
#16411=CARTESIAN_POINT('Origin',(-49.7653281956403,66.4488937232404,0.));
#16412=CARTESIAN_POINT('',(-48.7653281956403,66.4488937232404,0.));
#16413=CARTESIAN_POINT('Origin',(-58.4566711467302,100.75,15.));
#16414=CARTESIAN_POINT('',(-62.3537854637602,108.,15.));
#16415=CARTESIAN_POINT('Origin',(-48.7653281956403,69.1428571428571,0.));
#16416=CARTESIAN_POINT('Origin',(-77.9422427318801,81.,0.));
#16417=CARTESIAN_POINT('Origin',(-31.1768709275204,108.,0.));
#16418=CARTESIAN_POINT('Origin',(-36.0650106483348,20.5334936490539,0.25));
#16419=CARTESIAN_POINT('',(-23.382675,13.5000188831294,0.5));
#16420=CARTESIAN_POINT('',(-25.45623488406,9.90850781140093,-3.64711976811989));
#16421=CARTESIAN_POINT('',(-24.2653281956403,14.0096189432334,0.5));
#16422=CARTESIAN_POINT('',(-35.9400106483348,20.75,0.5));
#16423=CARTESIAN_POINT('',(-24.2653281956403,14.0096189432334,0.5));
#16424=CARTESIAN_POINT('Origin',(-25.1146931010293,14.5,0.));
#16425=CARTESIAN_POINT('',(-23.382675,13.5000188831294,14.5));
#16426=CARTESIAN_POINT('',(-23.382675,13.5000188831294,0.));
#16427=CARTESIAN_POINT('',(-24.2653281956403,14.0096189432334,14.5));
#16428=CARTESIAN_POINT('',(-26.0348450925503,15.03125,14.5));
#16429=CARTESIAN_POINT('',(-24.2653281956403,14.0096189432334,0.));
#16430=CARTESIAN_POINT('Origin',(-25.9098450925503,15.2477563509461,14.75));
#16431=CARTESIAN_POINT('',(-23.132675,13.9330315850216,15.));
#16432=CARTESIAN_POINT('',(-27.08123488406,7.09392524910152,7.10288023188009));
#16433=CARTESIAN_POINT('',(-24.0153281956403,14.4426316451256,15.));
#16434=CARTESIAN_POINT('',(-25.7848450925503,15.4642627018922,15.));
#16435=CARTESIAN_POINT('',(-24.2653281956403,14.0096189432334,14.5));
#16436=CARTESIAN_POINT('Origin',(-104.481017547305,-6.03349364905389,0.25));
#16437=CARTESIAN_POINT('',(-116.91338590218,-13.5,0.5));
#16438=CARTESIAN_POINT('',(-115.089828743665,-16.6584936490539,4.14711431702997));
#16439=CARTESIAN_POINT('',(-116.0307,-12.9903810567666,0.5));
#16440=CARTESIAN_POINT('',(-104.356017547305,-6.25,0.5));
#16441=CARTESIAN_POINT('',(-116.0307,-12.9903810567666,0.5));
#16442=CARTESIAN_POINT('Origin',(-115.5307,-13.856406460551,0.25));
#16443=CARTESIAN_POINT('',(-114.684546153846,-13.3234677505298,0.5));
#16444=CARTESIAN_POINT('Origin',(-115.5307,-13.856406460551,0.5));
#16445=CARTESIAN_POINT('',(-114.684546153846,-13.3234677505298,0.5));
#16446=CARTESIAN_POINT('Origin',(-93.5307,0.,0.25));
#16447=CARTESIAN_POINT('',(-94.4922384615385,-24.9815020322434,0.5));
#16448=CARTESIAN_POINT('',(-94.4922384615385,-24.9815020322434,0.5));
#16449=CARTESIAN_POINT('Origin',(-93.5307,0.,0.5));
#16450=CARTESIAN_POINT('Origin',(-94.5307,-25.9807621135332,0.25));
#16451=CARTESIAN_POINT('',(-93.5307,-25.9807621135332,0.5));
#16452=CARTESIAN_POINT('Origin',(-94.5307,-25.9807621135332,0.5));
#16453=CARTESIAN_POINT('',(-93.5307,-25.9807621135332,0.5));
#16454=CARTESIAN_POINT('Origin',(-93.2807,-13.5,0.25));
#16455=CARTESIAN_POINT('',(-93.5307,-27.,0.5));
#16456=CARTESIAN_POINT('',(-89.38358568297,-27.,-3.64711431702997));
#16457=CARTESIAN_POINT('',(-93.5307,-13.5,0.5));
#16458=CARTESIAN_POINT('Origin',(-93.5307,-27.,0.));
#16459=CARTESIAN_POINT('',(-93.5307,-25.9807621135332,14.5));
#16460=CARTESIAN_POINT('',(-93.5307,-25.9807621135332,0.));
#16461=CARTESIAN_POINT('',(-93.5307,-27.,14.5));
#16462=CARTESIAN_POINT('',(-93.5307,-23.375,14.5));
#16463=CARTESIAN_POINT('',(-93.5307,-27.,0.));
#16464=CARTESIAN_POINT('Origin',(-94.5307,-25.9807621135332,0.));
#16465=CARTESIAN_POINT('',(-94.4922384615385,-24.9815020322434,14.5));
#16466=CARTESIAN_POINT('',(-94.4922384615385,-24.9815020322434,0.));
#16467=CARTESIAN_POINT('Origin',(-94.5307,-25.9807621135332,14.5));
#16468=CARTESIAN_POINT('Origin',(-93.5307,0.,0.));
#16469=CARTESIAN_POINT('',(-114.684546153846,-13.3234677505298,14.5));
#16470=CARTESIAN_POINT('',(-114.684546153846,-13.3234677505298,0.));
#16471=CARTESIAN_POINT('Origin',(-93.5307,0.,14.5));
#16472=CARTESIAN_POINT('Origin',(-115.5307,-13.856406460551,0.));
#16473=CARTESIAN_POINT('',(-116.0307,-12.9903810567666,14.5));
#16474=CARTESIAN_POINT('',(-116.0307,-12.9903810567666,0.));
#16475=CARTESIAN_POINT('Origin',(-115.5307,-13.856406460551,14.5));
#16476=CARTESIAN_POINT('Origin',(-115.181335094611,-12.5,0.));
#16477=CARTESIAN_POINT('',(-116.91338590218,-13.5,14.5));
#16478=CARTESIAN_POINT('',(-116.91338590218,-13.5,0.));
#16479=CARTESIAN_POINT('',(-113.01627158515,-11.25,14.5));
#16480=CARTESIAN_POINT('Origin',(-82.8303824526945,-6.46650635094612,0.25));
#16481=CARTESIAN_POINT('',(-70.1480140978202,-13.5,0.5));
#16482=CARTESIAN_POINT('',(-68.3244569393052,-10.3415063509461,4.14711431702998));
#16483=CARTESIAN_POINT('',(-71.0307,-12.9903810567666,0.5));
#16484=CARTESIAN_POINT('',(-82.7053824526945,-6.25000000000001,0.5));
#16485=CARTESIAN_POINT('',(-71.0307,-12.9903810567666,0.5));
#16486=CARTESIAN_POINT('Origin',(-70.5307,-12.1243556529822,0.25));
#16487=CARTESIAN_POINT('',(-71.4153153846154,-11.6580342817136,0.5));
#16488=CARTESIAN_POINT('Origin',(-70.5307,-12.1243556529822,0.5));
#16489=CARTESIAN_POINT('',(-71.4153153846154,-11.6580342817136,0.5));
#16490=CARTESIAN_POINT('Origin',(-93.5307,0.,0.25));
#16491=CARTESIAN_POINT('',(-71.4153153846154,11.6580342817136,0.5));
#16492=CARTESIAN_POINT('',(-71.4153153846154,11.6580342817136,0.5));
#16493=CARTESIAN_POINT('Origin',(-93.5307,0.,0.5));
#16494=CARTESIAN_POINT('Origin',(-70.5307,12.1243556529821,0.25));
#16495=CARTESIAN_POINT('',(-71.0307,12.9903810567666,0.5));
#16496=CARTESIAN_POINT('Origin',(-70.5307,12.1243556529821,0.5));
#16497=CARTESIAN_POINT('',(-71.0307,12.9903810567666,0.5));
#16498=CARTESIAN_POINT('Origin',(-70.5307,12.1243556529821,0.));
#16499=CARTESIAN_POINT('',(-71.4153153846154,11.6580342817136,14.5));
#16500=CARTESIAN_POINT('',(-71.4153153846154,11.6580342817136,0.));
#16501=CARTESIAN_POINT('',(-71.0307,12.9903810567666,14.5));
#16502=CARTESIAN_POINT('Origin',(-70.5307,12.1243556529821,14.5));
#16503=CARTESIAN_POINT('',(-71.0307,12.9903810567666,0.));
#16504=CARTESIAN_POINT('Origin',(-93.5307,0.,0.));
#16505=CARTESIAN_POINT('',(-71.4153153846154,-11.6580342817136,14.5));
#16506=CARTESIAN_POINT('',(-71.4153153846154,-11.6580342817136,0.));
#16507=CARTESIAN_POINT('Origin',(-93.5307,0.,14.5));
#16508=CARTESIAN_POINT('Origin',(-70.5307,-12.1243556529822,0.));
#16509=CARTESIAN_POINT('',(-71.0307,-12.9903810567666,14.5));
#16510=CARTESIAN_POINT('',(-71.0307,-12.9903810567666,0.));
#16511=CARTESIAN_POINT('Origin',(-70.5307,-12.1243556529822,14.5));
#16512=CARTESIAN_POINT('Origin',(-71.880064905389,-12.5,0.));
#16513=CARTESIAN_POINT('',(-70.1480140978202,-13.5,14.5));
#16514=CARTESIAN_POINT('',(-70.1480140978202,-13.5,0.));
#16515=CARTESIAN_POINT('',(-72.80021689691,-11.96875,14.5));
#16516=CARTESIAN_POINT('Origin',(-93.2807,12.5,0.25));
#16517=CARTESIAN_POINT('',(-93.5307,25.9807621135332,0.5));
#16518=CARTESIAN_POINT('',(-93.5307,40.5,0.5));
#16519=CARTESIAN_POINT('',(-93.5307,25.9807621135332,0.5));
#16520=CARTESIAN_POINT('Origin',(-94.5307,25.9807621135332,0.25));
#16521=CARTESIAN_POINT('',(-94.4922384615384,24.9815020322434,0.5));
#16522=CARTESIAN_POINT('Origin',(-94.5307,25.9807621135332,0.5));
#16523=CARTESIAN_POINT('',(-94.4922384615384,24.9815020322434,0.5));
#16524=CARTESIAN_POINT('Origin',(-93.5307,0.,0.25));
#16525=CARTESIAN_POINT('',(-114.684546153846,13.3234677505298,0.5));
#16526=CARTESIAN_POINT('',(-114.684546153846,13.3234677505298,0.5));
#16527=CARTESIAN_POINT('Origin',(-93.5307,0.,0.5));
#16528=CARTESIAN_POINT('Origin',(-115.5307,13.856406460551,0.25));
#16529=CARTESIAN_POINT('',(-116.0307,12.9903810567666,0.5));
#16530=CARTESIAN_POINT('Origin',(-115.5307,13.856406460551,0.5));
#16531=CARTESIAN_POINT('',(-116.0307,12.9903810567666,0.5));
#16532=CARTESIAN_POINT('Origin',(-105.34704295109,6.5334936490539,0.25));
#16533=CARTESIAN_POINT('',(-116.91338590218,13.5,0.5));
#16534=CARTESIAN_POINT('',(-118.986943060695,9.90849364905389,-3.64711431702998));
#16535=CARTESIAN_POINT('',(-105.22204295109,6.75000000000001,0.5));
#16536=CARTESIAN_POINT('Origin',(-116.91338590218,13.5,0.));
#16537=CARTESIAN_POINT('',(-116.0307,12.9903810567666,14.5));
#16538=CARTESIAN_POINT('',(-116.0307,12.9903810567666,0.));
#16539=CARTESIAN_POINT('',(-116.91338590218,13.5,14.5));
#16540=CARTESIAN_POINT('',(-113.882296988934,11.75,14.5));
#16541=CARTESIAN_POINT('',(-116.91338590218,13.5,0.));
#16542=CARTESIAN_POINT('Origin',(-115.5307,13.856406460551,0.));
#16543=CARTESIAN_POINT('',(-114.684546153846,13.3234677505298,14.5));
#16544=CARTESIAN_POINT('',(-114.684546153846,13.3234677505298,0.));
#16545=CARTESIAN_POINT('Origin',(-115.5307,13.856406460551,14.5));
#16546=CARTESIAN_POINT('Origin',(-93.5307,0.,0.));
#16547=CARTESIAN_POINT('',(-94.4922384615384,24.9815020322434,14.5));
#16548=CARTESIAN_POINT('',(-94.4922384615384,24.9815020322434,0.));
#16549=CARTESIAN_POINT('Origin',(-93.5307,0.,14.5));
#16550=CARTESIAN_POINT('Origin',(-94.5307,25.9807621135332,0.));
#16551=CARTESIAN_POINT('',(-93.5307,25.9807621135332,14.5));
#16552=CARTESIAN_POINT('',(-93.5307,25.9807621135332,0.));
#16553=CARTESIAN_POINT('Origin',(-94.5307,25.9807621135332,14.5));
#16554=CARTESIAN_POINT('Origin',(-93.5307,25.,0.));
#16555=CARTESIAN_POINT('',(-93.5307,30.625,14.5));
#16556=CARTESIAN_POINT('Origin',(-113.757296988934,11.9665063509461,14.75));
#16557=CARTESIAN_POINT('',(-116.66338590218,13.9330127018922,15.));
#16558=CARTESIAN_POINT('',(-120.611943060695,7.09391108675448,7.10288568297002));
#16559=CARTESIAN_POINT('',(-115.7807,13.4233937586588,15.));
#16560=CARTESIAN_POINT('',(-116.0307,12.9903810567666,14.5));
#16561=CARTESIAN_POINT('',(-113.632296988934,12.1830127018922,15.));
#16562=CARTESIAN_POINT('Origin',(-115.5307,13.856406460551,14.75));
#16563=CARTESIAN_POINT('',(-115.107623076923,13.5899371055404,15.));
#16564=CARTESIAN_POINT('',(-114.684546153846,13.3234677505298,14.5));
#16565=CARTESIAN_POINT('Origin',(-115.5307,13.856406460551,15.));
#16566=CARTESIAN_POINT('Origin',(-93.5307,0.,14.75));
#16567=CARTESIAN_POINT('',(-94.5114692307692,25.4811320728883,15.));
#16568=CARTESIAN_POINT('',(-94.4922384615384,24.9815020322434,14.5));
#16569=CARTESIAN_POINT('Origin',(-93.5307,0.,15.));
#16570=CARTESIAN_POINT('Origin',(-94.5307,25.9807621135332,14.75));
#16571=CARTESIAN_POINT('',(-94.0307,25.9807621135332,15.));
#16572=CARTESIAN_POINT('',(-93.5307,25.9807621135332,14.5));
#16573=CARTESIAN_POINT('Origin',(-94.5307,25.9807621135332,15.));
#16574=CARTESIAN_POINT('Origin',(-93.7807,22.375,14.75));
#16575=CARTESIAN_POINT('',(-94.0307,22.375,15.));
#16576=CARTESIAN_POINT('Origin',(-93.7807,-23.375,14.75));
#16577=CARTESIAN_POINT('',(-94.0307,-27.,15.));
#16578=CARTESIAN_POINT('',(-86.13358568297,-27.,7.10288568297002));
#16579=CARTESIAN_POINT('',(-94.0307,-25.9807621135332,15.));
#16580=CARTESIAN_POINT('',(-93.5307,-25.9807621135332,14.5));
#16581=CARTESIAN_POINT('',(-94.0307,-23.375,15.));
#16582=CARTESIAN_POINT('Origin',(-94.5307,-25.9807621135332,14.75));
#16583=CARTESIAN_POINT('',(-94.5114692307693,-25.4811320728883,15.));
#16584=CARTESIAN_POINT('',(-94.4922384615385,-24.9815020322434,14.5));
#16585=CARTESIAN_POINT('Origin',(-94.5307,-25.9807621135332,15.));
#16586=CARTESIAN_POINT('Origin',(-93.5307,0.,14.75));
#16587=CARTESIAN_POINT('',(-115.107623076923,-13.5899371055404,15.));
#16588=CARTESIAN_POINT('',(-114.684546153846,-13.3234677505298,14.5));
#16589=CARTESIAN_POINT('Origin',(-93.5307,0.,15.));
#16590=CARTESIAN_POINT('Origin',(-115.5307,-13.856406460551,14.75));
#16591=CARTESIAN_POINT('',(-115.7807,-13.4233937586588,15.));
#16592=CARTESIAN_POINT('',(-116.0307,-12.9903810567666,14.5));
#16593=CARTESIAN_POINT('Origin',(-115.5307,-13.856406460551,15.));
#16594=CARTESIAN_POINT('Origin',(-112.89127158515,-11.4665063509461,14.75));
#16595=CARTESIAN_POINT('',(-116.66338590218,-13.9330127018922,15.));
#16596=CARTESIAN_POINT('',(-116.714828743665,-13.8439110867545,14.89711431703));
#16597=CARTESIAN_POINT('',(-112.76627158515,-11.6830127018922,15.));
#16598=CARTESIAN_POINT('Origin',(-77.9422427318801,-27.,0.));
#16599=CARTESIAN_POINT('',(-109.11915726812,-27.,15.));
#16600=CARTESIAN_POINT('',(-109.11915726812,-27.,15.));
#16601=CARTESIAN_POINT('',(-109.11915726812,-27.,0.));
#16602=CARTESIAN_POINT('',(-77.9422427318801,-27.,0.));
#16603=CARTESIAN_POINT('Origin',(-70.5307,12.1243556529821,14.75));
#16604=CARTESIAN_POINT('',(-70.7807,12.5573683548743,15.));
#16605=CARTESIAN_POINT('',(-71.0307,12.9903810567666,14.5));
#16606=CARTESIAN_POINT('',(-70.9730076923077,11.8911949673479,15.));
#16607=CARTESIAN_POINT('',(-71.4153153846154,11.6580342817136,14.5));
#16608=CARTESIAN_POINT('Origin',(-70.5307,12.1243556529821,15.));
#16609=CARTESIAN_POINT('Origin',(-93.5307,0.,14.75));
#16610=CARTESIAN_POINT('',(-70.9730076923077,-11.8911949673479,15.));
#16611=CARTESIAN_POINT('',(-71.4153153846154,-11.6580342817136,14.5));
#16612=CARTESIAN_POINT('Origin',(-93.5307,0.,15.));
#16613=CARTESIAN_POINT('Origin',(-70.5307,-12.1243556529822,14.75));
#16614=CARTESIAN_POINT('',(-70.7807,-12.5573683548744,15.));
#16615=CARTESIAN_POINT('',(-71.0307,-12.9903810567666,14.5));
#16616=CARTESIAN_POINT('Origin',(-70.5307,-12.1243556529822,15.));
#16617=CARTESIAN_POINT('Origin',(-72.67521689691,-11.7522436490539,14.75));
#16618=CARTESIAN_POINT('',(-69.8980140978202,-13.0669872981078,15.));
#16619=CARTESIAN_POINT('',(-69.9494569393052,-13.1560889132456,14.89711431703));
#16620=CARTESIAN_POINT('',(-72.55021689691,-11.5357372981078,15.));
#16621=CARTESIAN_POINT('Origin',(-62.3537854637602,-1.77635683940025E-14,
0.));
#16622=CARTESIAN_POINT('',(-62.3537854637602,-2.66453525910038E-14,15.));
#16623=CARTESIAN_POINT('',(-62.3537854637602,-2.66453525910038E-14,0.));
#16624=CARTESIAN_POINT('',(-77.9422427318801,-27.,15.));
#16625=CARTESIAN_POINT('Origin',(-75.7318561079938,-9.12146677393466,0.));
#16626=CARTESIAN_POINT('',(-75.2318561079938,-8.25544137015023,0.));
#16627=CARTESIAN_POINT('',(-74.8419139133935,-9.5775401126314,0.));
#16628=CARTESIAN_POINT('Origin',(-76.0762173280957,-7.76794919243113,0.));
#16629=CARTESIAN_POINT('',(-79.929072311159,-5.54350233081091,0.));
#16630=CARTESIAN_POINT('Origin',(-79.429072311159,-4.67747692702647,0.));
#16631=CARTESIAN_POINT('',(-80.3782203286772,-4.36264674924584,0.));
#16632=CARTESIAN_POINT('Origin',(-93.5307,0.,0.));
#16633=CARTESIAN_POINT('',(-80.3782203286772,4.36264674924581,0.));
#16634=CARTESIAN_POINT('Origin',(-79.429072311159,4.67747692702644,0.));
#16635=CARTESIAN_POINT('',(-79.929072311159,5.54350233081088,0.));
#16636=CARTESIAN_POINT('Origin',(-82.2621130694131,4.19652062100254,0.));
#16637=CARTESIAN_POINT('',(-75.2318561079938,8.25544137015019,0.));
#16638=CARTESIAN_POINT('Origin',(-75.7318561079938,9.12146677393464,0.));
#16639=CARTESIAN_POINT('',(-74.8419139133935,9.57754011263137,0.));
#16640=CARTESIAN_POINT('Origin',(-93.5307,0.,0.));
#16641=CARTESIAN_POINT('',(-94.5807,20.9737335732101,0.));
#16642=CARTESIAN_POINT('Origin',(-94.5307,19.9749843554382,0.));
#16643=CARTESIAN_POINT('',(-95.5307,19.9749843554382,0.));
#16644=CARTESIAN_POINT('Origin',(-95.5307,19.,0.));
#16645=CARTESIAN_POINT('',(-95.5307,14.5511062767595,0.));
#16646=CARTESIAN_POINT('Origin',(-96.5307,14.5511062767595,0.));
#16647=CARTESIAN_POINT('',(-96.3287769230769,13.5717048927469,0.));
#16648=CARTESIAN_POINT('Origin',(-93.5307,0.,0.));
#16649=CARTESIAN_POINT('',(-103.885102748246,9.20905814350106,0.));
#16650=CARTESIAN_POINT('Origin',(-104.632327688841,9.87362934973309,0.));
#16651=CARTESIAN_POINT('',(-105.132327688841,9.00760394594865,0.));
#16652=CARTESIAN_POINT('Origin',(-102.799286930587,7.66062223614031,0.));
#16653=CARTESIAN_POINT('',(-109.829543892006,11.719542985288,0.));
#16654=CARTESIAN_POINT('Origin',(-110.329543892006,10.8535175815035,0.));
#16655=CARTESIAN_POINT('',(-111.169486086607,11.3961934605787,0.));
#16656=CARTESIAN_POINT('Origin',(-93.5307,0.,0.));
#16657=CARTESIAN_POINT('',(-111.169486086607,-11.3961934605787,0.));
#16658=CARTESIAN_POINT('Origin',(-110.329543892006,-10.8535175815035,0.));
#16659=CARTESIAN_POINT('',(-109.829543892006,-11.719542985288,0.));
#16660=CARTESIAN_POINT('Origin',(-108.985182671904,-11.2320508075689,0.));
#16661=CARTESIAN_POINT('',(-105.132327688841,-9.00760394594865,0.));
#16662=CARTESIAN_POINT('Origin',(-104.632327688841,-9.87362934973309,0.));
#16663=CARTESIAN_POINT('',(-103.885102748246,-9.20905814350105,0.));
#16664=CARTESIAN_POINT('Origin',(-93.5307,0.,0.));
#16665=CARTESIAN_POINT('',(-96.3287769230769,-13.5717048927469,0.));
#16666=CARTESIAN_POINT('Origin',(-94.5307,-19.9749843554382,0.));
#16667=CARTESIAN_POINT('',(-94.5807,-20.9737335732101,0.));
#16668=CARTESIAN_POINT('',(-95.5307,-19.9749843554382,0.));
#16669=CARTESIAN_POINT('Origin',(-93.5307,0.,0.));
#16670=CARTESIAN_POINT('Origin',(-96.5307,-14.5511062767595,0.));
#16671=CARTESIAN_POINT('',(-95.5307,-14.5511062767595,0.));
#16672=CARTESIAN_POINT('Origin',(-105.22204295109,-19.75,15.));
#16673=CARTESIAN_POINT('',(-124.70761453624,6.92266567098084E-15,15.));
#16674=CARTESIAN_POINT('Origin',(-105.22204295109,19.75,15.));
#16675=CARTESIAN_POINT('',(-109.11915726812,27.,15.));
#16676=CARTESIAN_POINT('Origin',(-95.5307,-11.8571428571429,0.));
#16677=CARTESIAN_POINT('Origin',(-124.70761453624,8.88178419700125E-15,
0.));
#16678=CARTESIAN_POINT('',(-124.70761453624,6.92266567098084E-15,0.));
#16679=CARTESIAN_POINT('Origin',(-109.11915726812,-27.,0.));
#16680=CARTESIAN_POINT('Origin',(-57.7156457429458,20.9665063509461,0.25));
#16681=CARTESIAN_POINT('',(-69.2653281956403,14.0096189432334,0.5));
#16682=CARTESIAN_POINT('',(-81.8393570489101,6.74999999999999,0.5));
#16683=CARTESIAN_POINT('',(-69.2653281956403,14.0096189432334,0.5));
#16684=CARTESIAN_POINT('Origin',(-68.7653281956403,13.143593539449,0.25));
#16685=CARTESIAN_POINT('',(-67.9191743494865,13.6765322494701,0.5));
#16686=CARTESIAN_POINT('Origin',(-68.7653281956403,13.143593539449,0.5));
#16687=CARTESIAN_POINT('',(-67.9191743494865,13.6765322494701,0.5));
#16688=CARTESIAN_POINT('Origin',(-46.7653281956403,27.,0.25));
#16689=CARTESIAN_POINT('',(-47.7268666571788,2.01849796775655,0.5));
#16690=CARTESIAN_POINT('',(-47.7268666571788,2.01849796775655,0.5));
#16691=CARTESIAN_POINT('Origin',(-46.7653281956403,27.,0.5));
#16692=CARTESIAN_POINT('Origin',(-47.7653281956403,1.01923788646682,0.25));
#16693=CARTESIAN_POINT('',(-46.7653281956403,1.01923788646682,0.5));
#16694=CARTESIAN_POINT('Origin',(-47.7653281956403,1.01923788646682,0.5));
#16695=CARTESIAN_POINT('',(-46.7653281956403,1.01923788646682,0.5));
#16696=CARTESIAN_POINT('Origin',(-46.5153281956403,13.5,0.25));
#16697=CARTESIAN_POINT('',(-46.7653281956403,-3.5527136788005E-14,0.5));
#16698=CARTESIAN_POINT('',(-42.6182138786103,-3.5527136788005E-14,-3.64711431702997));
#16699=CARTESIAN_POINT('',(-46.7653281956403,13.5,0.5));
#16700=CARTESIAN_POINT('Origin',(-46.7653281956403,-3.5527136788005E-14,
0.));
#16701=CARTESIAN_POINT('',(-46.7653281956403,1.01923788646682,14.5));
#16702=CARTESIAN_POINT('',(-46.7653281956403,1.01923788646682,0.));
#16703=CARTESIAN_POINT('',(-46.7653281956403,-3.5527136788005E-14,14.5));
#16704=CARTESIAN_POINT('',(-46.7653281956403,3.62499999999997,14.5));
#16705=CARTESIAN_POINT('',(-46.7653281956403,-3.5527136788005E-14,0.));
#16706=CARTESIAN_POINT('Origin',(-47.7653281956403,1.01923788646682,0.));
#16707=CARTESIAN_POINT('',(-47.7268666571788,2.01849796775655,14.5));
#16708=CARTESIAN_POINT('',(-47.7268666571788,2.01849796775655,0.));
#16709=CARTESIAN_POINT('Origin',(-47.7653281956403,1.01923788646682,14.5));
#16710=CARTESIAN_POINT('Origin',(-46.7653281956403,27.,0.));
#16711=CARTESIAN_POINT('',(-67.9191743494865,13.6765322494701,14.5));
#16712=CARTESIAN_POINT('',(-67.9191743494865,13.6765322494701,0.));
#16713=CARTESIAN_POINT('Origin',(-46.7653281956403,27.,14.5));
#16714=CARTESIAN_POINT('Origin',(-68.7653281956403,13.143593539449,0.));
#16715=CARTESIAN_POINT('',(-69.2653281956403,14.0096189432334,14.5));
#16716=CARTESIAN_POINT('',(-69.2653281956403,14.0096189432334,0.));
#16717=CARTESIAN_POINT('Origin',(-68.7653281956403,13.143593539449,14.5));
#16718=CARTESIAN_POINT('Origin',(-68.4159632902513,14.5,0.));
#16719=CARTESIAN_POINT('',(-71.9341914931256,12.46875,14.5));
#16720=CARTESIAN_POINT('Origin',(-23.7653281956403,14.8756443470178,0.25));
#16721=CARTESIAN_POINT('',(-24.6499435802557,15.3419657182864,0.5));
#16722=CARTESIAN_POINT('Origin',(-23.7653281956403,14.8756443470178,0.5));
#16723=CARTESIAN_POINT('',(-24.6499435802557,15.3419657182864,0.5));
#16724=CARTESIAN_POINT('Origin',(-46.7653281956403,27.,0.25));
#16725=CARTESIAN_POINT('',(-24.6499435802557,38.6580342817136,0.5));
#16726=CARTESIAN_POINT('',(-24.6499435802557,38.6580342817136,0.5));
#16727=CARTESIAN_POINT('Origin',(-46.7653281956403,27.,0.5));
#16728=CARTESIAN_POINT('Origin',(-23.7653281956403,39.1243556529821,0.25));
#16729=CARTESIAN_POINT('',(-24.2653281956403,39.9903810567665,0.5));
#16730=CARTESIAN_POINT('Origin',(-23.7653281956403,39.1243556529821,0.5));
#16731=CARTESIAN_POINT('',(-24.2653281956403,39.9903810567665,0.5));
#16732=CARTESIAN_POINT('Origin',(-35.1989852445504,33.9665063509461,0.25));
#16733=CARTESIAN_POINT('',(-35.0739852445504,33.75,0.5));
#16734=CARTESIAN_POINT('Origin',(-23.3826422934604,40.5,0.));
#16735=CARTESIAN_POINT('',(-24.2653281956403,39.9903810567665,14.5));
#16736=CARTESIAN_POINT('',(-24.2653281956403,39.9903810567665,0.));
#16737=CARTESIAN_POINT('',(-25.1688196887659,39.46875,14.5));
#16738=CARTESIAN_POINT('Origin',(-23.7653281956403,39.1243556529821,0.));
#16739=CARTESIAN_POINT('',(-24.6499435802557,38.6580342817136,14.5));
#16740=CARTESIAN_POINT('',(-24.6499435802557,38.6580342817136,0.));
#16741=CARTESIAN_POINT('Origin',(-23.7653281956403,39.1243556529821,14.5));
#16742=CARTESIAN_POINT('Origin',(-46.7653281956403,27.,0.));
#16743=CARTESIAN_POINT('',(-24.6499435802557,15.3419657182864,14.5));
#16744=CARTESIAN_POINT('',(-24.6499435802557,15.3419657182864,0.));
#16745=CARTESIAN_POINT('Origin',(-46.7653281956403,27.,14.5));
#16746=CARTESIAN_POINT('Origin',(-23.7653281956403,14.8756443470178,0.));
#16747=CARTESIAN_POINT('Origin',(-23.7653281956403,14.8756443470178,14.5));
#16748=CARTESIAN_POINT('Origin',(-46.5153281956403,39.5,0.25));
#16749=CARTESIAN_POINT('',(-46.7653281956403,52.9807621135331,0.5));
#16750=CARTESIAN_POINT('',(-46.7653281956403,39.5,0.5));
#16751=CARTESIAN_POINT('',(-46.7653281956403,52.9807621135331,0.5));
#16752=CARTESIAN_POINT('Origin',(-47.7653281956403,52.9807621135331,0.25));
#16753=CARTESIAN_POINT('',(-47.7268666571787,51.9815020322434,0.5));
#16754=CARTESIAN_POINT('Origin',(-47.7653281956403,52.9807621135331,0.5));
#16755=CARTESIAN_POINT('',(-47.7268666571787,51.9815020322434,0.5));
#16756=CARTESIAN_POINT('Origin',(-46.7653281956403,27.,0.25));
#16757=CARTESIAN_POINT('',(-67.9191743494865,40.3234677505298,0.5));
#16758=CARTESIAN_POINT('',(-67.9191743494865,40.3234677505298,0.5));
#16759=CARTESIAN_POINT('Origin',(-46.7653281956403,27.,0.5));
#16760=CARTESIAN_POINT('Origin',(-68.7653281956403,40.856406460551,0.25));
#16761=CARTESIAN_POINT('',(-69.2653281956403,39.9903810567666,0.5));
#16762=CARTESIAN_POINT('Origin',(-68.7653281956403,40.856406460551,0.5));
#16763=CARTESIAN_POINT('',(-69.2653281956403,39.9903810567666,0.5));
#16764=CARTESIAN_POINT('Origin',(-58.5816711467302,33.5334936490539,0.25));
#16765=CARTESIAN_POINT('',(-58.4566711467302,33.75,0.5));
#16766=CARTESIAN_POINT('Origin',(-70.1480140978202,40.5,0.));
#16767=CARTESIAN_POINT('',(-69.2653281956403,39.9903810567666,14.5));
#16768=CARTESIAN_POINT('',(-69.2653281956403,39.9903810567666,0.));
#16769=CARTESIAN_POINT('',(-67.1169251845746,38.75,14.5));
#16770=CARTESIAN_POINT('Origin',(-68.7653281956403,40.856406460551,0.));
#16771=CARTESIAN_POINT('',(-67.9191743494865,40.3234677505298,14.5));
#16772=CARTESIAN_POINT('',(-67.9191743494865,40.3234677505298,0.));
#16773=CARTESIAN_POINT('Origin',(-68.7653281956403,40.856406460551,14.5));
#16774=CARTESIAN_POINT('Origin',(-46.7653281956403,27.,0.));
#16775=CARTESIAN_POINT('',(-47.7268666571787,51.9815020322434,14.5));
#16776=CARTESIAN_POINT('',(-47.7268666571787,51.9815020322434,0.));
#16777=CARTESIAN_POINT('Origin',(-46.7653281956403,27.,14.5));
#16778=CARTESIAN_POINT('Origin',(-47.7653281956403,52.9807621135331,0.));
#16779=CARTESIAN_POINT('',(-46.7653281956403,52.9807621135331,14.5));
#16780=CARTESIAN_POINT('',(-46.7653281956403,52.9807621135331,0.));
#16781=CARTESIAN_POINT('Origin',(-47.7653281956403,52.9807621135331,14.5));
#16782=CARTESIAN_POINT('Origin',(-46.7653281956403,52.,0.));
#16783=CARTESIAN_POINT('',(-46.7653281956403,49.375,14.5));
#16784=CARTESIAN_POINT('Origin',(-66.9919251845746,38.9665063509461,14.75));
#16785=CARTESIAN_POINT('',(-69.0153281956403,40.4233937586588,15.));
#16786=CARTESIAN_POINT('',(-69.2653281956403,39.9903810567666,14.5));
#16787=CARTESIAN_POINT('',(-66.8669251845746,39.1830127018922,15.));
#16788=CARTESIAN_POINT('Origin',(-68.7653281956403,40.856406460551,14.75));
#16789=CARTESIAN_POINT('',(-68.3422512725634,40.5899371055404,15.));
#16790=CARTESIAN_POINT('',(-67.9191743494865,40.3234677505298,14.5));
#16791=CARTESIAN_POINT('Origin',(-68.7653281956403,40.856406460551,15.));
#16792=CARTESIAN_POINT('Origin',(-46.7653281956403,27.,14.75));
#16793=CARTESIAN_POINT('',(-47.7460974264095,52.4811320728883,15.));
#16794=CARTESIAN_POINT('',(-47.7268666571787,51.9815020322434,14.5));
#16795=CARTESIAN_POINT('Origin',(-46.7653281956403,27.,15.));
#16796=CARTESIAN_POINT('Origin',(-47.7653281956403,52.9807621135331,14.75));
#16797=CARTESIAN_POINT('',(-47.2653281956403,52.9807621135331,15.));
#16798=CARTESIAN_POINT('',(-46.7653281956403,52.9807621135331,14.5));
#16799=CARTESIAN_POINT('Origin',(-47.7653281956403,52.9807621135331,15.));
#16800=CARTESIAN_POINT('Origin',(-47.0153281956403,49.375,14.75));
#16801=CARTESIAN_POINT('',(-47.2653281956403,49.375,15.));
#16802=CARTESIAN_POINT('Origin',(-47.0153281956403,3.62499999999997,14.75));
#16803=CARTESIAN_POINT('',(-47.2653281956403,-3.5527136788005E-14,15.));
#16804=CARTESIAN_POINT('',(-39.3682138786103,-3.99680288865056E-14,7.10288568297002));
#16805=CARTESIAN_POINT('',(-47.2653281956403,1.01923788646682,15.));
#16806=CARTESIAN_POINT('',(-46.7653281956403,1.01923788646682,14.5));
#16807=CARTESIAN_POINT('',(-47.2653281956403,3.62499999999997,15.));
#16808=CARTESIAN_POINT('Origin',(-47.7653281956403,1.01923788646682,14.75));
#16809=CARTESIAN_POINT('',(-47.7460974264095,1.51886792711168,15.));
#16810=CARTESIAN_POINT('',(-47.7268666571788,2.01849796775655,14.5));
#16811=CARTESIAN_POINT('Origin',(-47.7653281956403,1.01923788646682,15.));
#16812=CARTESIAN_POINT('Origin',(-46.7653281956403,27.,14.75));
#16813=CARTESIAN_POINT('',(-68.3422512725634,13.4100628944595,15.));
#16814=CARTESIAN_POINT('',(-67.9191743494865,13.6765322494701,14.5));
#16815=CARTESIAN_POINT('Origin',(-46.7653281956403,27.,15.));
#16816=CARTESIAN_POINT('Origin',(-68.7653281956403,13.143593539449,14.75));
#16817=CARTESIAN_POINT('',(-69.0153281956403,13.5766062413412,15.));
#16818=CARTESIAN_POINT('',(-69.2653281956403,14.0096189432334,14.5));
#16819=CARTESIAN_POINT('Origin',(-68.7653281956403,13.143593539449,15.));
#16820=CARTESIAN_POINT('Origin',(-66.1258997807902,15.5334936490539,14.75));
#16821=CARTESIAN_POINT('',(-66.0008997807902,15.3169872981078,15.));
#16822=CARTESIAN_POINT('Origin',(-31.1768709275204,-4.44089209850063E-14,
0.));
#16823=CARTESIAN_POINT('',(-31.1769145362398,6.92266567098084E-15,0.));
#16824=CARTESIAN_POINT('',(-62.3537854637602,-2.66453525910038E-14,15.));
#16825=CARTESIAN_POINT('Origin',(-25.0438196887658,39.2522436490539,14.75));
#16826=CARTESIAN_POINT('',(-24.0153281956403,39.5573683548743,15.));
#16827=CARTESIAN_POINT('',(-24.2653281956403,39.9903810567665,14.5));
#16828=CARTESIAN_POINT('',(-24.9188196887659,39.0357372981077,15.));
#16829=CARTESIAN_POINT('Origin',(-23.7653281956403,39.1243556529821,14.75));
#16830=CARTESIAN_POINT('',(-24.207635887948,38.8911949673478,15.));
#16831=CARTESIAN_POINT('',(-24.6499435802557,38.6580342817136,14.5));
#16832=CARTESIAN_POINT('Origin',(-23.7653281956403,39.1243556529821,15.));
#16833=CARTESIAN_POINT('Origin',(-46.7653281956403,27.,14.75));
#16834=CARTESIAN_POINT('',(-24.207635887948,15.1088050326521,15.));
#16835=CARTESIAN_POINT('',(-24.6499435802557,15.3419657182864,14.5));
#16836=CARTESIAN_POINT('Origin',(-46.7653281956403,27.,15.));
#16837=CARTESIAN_POINT('Origin',(-23.7653281956403,14.8756443470178,14.75));
#16838=CARTESIAN_POINT('Origin',(-23.7653281956403,14.8756443470178,15.));
#16839=CARTESIAN_POINT('Origin',(-28.9664843036341,17.8785332260653,0.));
#16840=CARTESIAN_POINT('',(-28.4664843036341,18.7445586298497,0.));
#16841=CARTESIAN_POINT('',(-28.0765421090338,17.4224598873686,0.));
#16842=CARTESIAN_POINT('Origin',(-29.310845523736,19.2320508075688,0.));
#16843=CARTESIAN_POINT('',(-33.1637005067993,21.4564976691891,0.));
#16844=CARTESIAN_POINT('Origin',(-32.6637005067993,22.3225230729735,0.));
#16845=CARTESIAN_POINT('',(-33.6128485243175,22.6373532507541,0.));
#16846=CARTESIAN_POINT('Origin',(-46.7653281956403,27.,0.));
#16847=CARTESIAN_POINT('',(-33.6128485243175,31.3626467492458,0.));
#16848=CARTESIAN_POINT('Origin',(-32.6637005067993,31.6774769270264,0.));
#16849=CARTESIAN_POINT('',(-33.1637005067993,32.5435023308109,0.));
#16850=CARTESIAN_POINT('Origin',(-35.4967412650534,31.1965206210025,0.));
#16851=CARTESIAN_POINT('',(-28.4664843036341,35.2554413701502,0.));
#16852=CARTESIAN_POINT('Origin',(-28.9664843036341,36.1214667739346,0.));
#16853=CARTESIAN_POINT('',(-28.0765421090338,36.5775401126313,0.));
#16854=CARTESIAN_POINT('Origin',(-46.7653281956403,27.,0.));
#16855=CARTESIAN_POINT('',(-47.8153281956403,47.9737335732101,0.));
#16856=CARTESIAN_POINT('Origin',(-47.7653281956403,46.9749843554382,0.));
#16857=CARTESIAN_POINT('',(-48.7653281956403,46.9749843554382,0.));
#16858=CARTESIAN_POINT('Origin',(-48.7653281956403,46.,0.));
#16859=CARTESIAN_POINT('',(-48.7653281956403,41.5511062767595,0.));
#16860=CARTESIAN_POINT('Origin',(-49.7653281956403,41.5511062767595,0.));
#16861=CARTESIAN_POINT('',(-49.5634051187172,40.5717048927469,0.));
#16862=CARTESIAN_POINT('Origin',(-46.7653281956403,27.,0.));
#16863=CARTESIAN_POINT('',(-57.1197309438862,36.209058143501,0.));
#16864=CARTESIAN_POINT('Origin',(-57.8669558844813,36.8736293497331,0.));
#16865=CARTESIAN_POINT('',(-58.3669558844813,36.0076039459486,0.));
#16866=CARTESIAN_POINT('Origin',(-56.0339151262272,34.6606222361403,0.));
#16867=CARTESIAN_POINT('',(-63.0641720876465,38.7195429852879,0.));
#16868=CARTESIAN_POINT('Origin',(-63.5641720876465,37.8535175815035,0.));
#16869=CARTESIAN_POINT('',(-64.4041142822468,38.3961934605787,0.));
#16870=CARTESIAN_POINT('Origin',(-46.7653281956403,27.,0.));
#16871=CARTESIAN_POINT('',(-64.4041142822468,15.6038065394213,0.));
#16872=CARTESIAN_POINT('Origin',(-63.5641720876465,16.1464824184965,0.));
#16873=CARTESIAN_POINT('',(-63.0641720876465,15.280457014712,0.));
#16874=CARTESIAN_POINT('Origin',(-62.2198108675446,15.7679491924311,0.));
#16875=CARTESIAN_POINT('',(-58.3669558844813,17.9923960540513,0.));
#16876=CARTESIAN_POINT('Origin',(-57.8669558844813,17.1263706502669,0.));
#16877=CARTESIAN_POINT('',(-57.1197309438862,17.7909418564989,0.));
#16878=CARTESIAN_POINT('Origin',(-46.7653281956403,27.,0.));
#16879=CARTESIAN_POINT('',(-49.5634051187172,13.4282951072531,0.));
#16880=CARTESIAN_POINT('Origin',(-47.7653281956403,7.0250156445618,0.));
#16881=CARTESIAN_POINT('',(-47.8153281956403,6.02626642678989,0.));
#16882=CARTESIAN_POINT('',(-48.7653281956403,7.0250156445618,0.));
#16883=CARTESIAN_POINT('Origin',(-46.7653281956403,27.,0.));
#16884=CARTESIAN_POINT('Origin',(-49.7653281956403,12.4488937232404,0.));
#16885=CARTESIAN_POINT('',(-48.7653281956403,12.4488937232404,0.));
#16886=CARTESIAN_POINT('Origin',(-58.4566711467302,7.24999999999997,15.));
#16887=CARTESIAN_POINT('Origin',(-58.4566711467302,46.75,15.));
#16888=CARTESIAN_POINT('Origin',(-48.7653281956403,15.1428571428571,0.));
#16889=CARTESIAN_POINT('Origin',(-10.9503175473055,-6.03349364905389,0.25));
#16890=CARTESIAN_POINT('',(-23.3826859021799,-13.5,0.5));
#16891=CARTESIAN_POINT('',(-21.5591287436649,-16.6584936490539,4.14711431702997));
#16892=CARTESIAN_POINT('',(-22.5,-12.9903810567666,0.5));
#16893=CARTESIAN_POINT('',(-10.8253175473055,-6.25,0.5));
#16894=CARTESIAN_POINT('',(-22.5,-12.9903810567666,0.5));
#16895=CARTESIAN_POINT('Origin',(-22.,-13.856406460551,0.25));
#16896=CARTESIAN_POINT('',(-21.1538461538462,-13.3234677505298,0.5));
#16897=CARTESIAN_POINT('Origin',(-22.,-13.856406460551,0.5));
#16898=CARTESIAN_POINT('',(-21.1538461538462,-13.3234677505298,0.5));
#16899=CARTESIAN_POINT('Origin',(0.,0.,0.25));
#16900=CARTESIAN_POINT('',(-0.961538461538466,-24.9815020322434,0.5));
#16901=CARTESIAN_POINT('',(-0.961538461538466,-24.9815020322434,0.5));
#16902=CARTESIAN_POINT('Origin',(0.,0.,0.5));
#16903=CARTESIAN_POINT('Origin',(-1.,-25.9807621135332,0.25));
#16904=CARTESIAN_POINT('',(-4.44089209850063E-15,-25.9807621135332,0.5));
#16905=CARTESIAN_POINT('Origin',(-1.,-25.9807621135332,0.5));
#16906=CARTESIAN_POINT('',(-4.44089209850063E-15,-25.9807621135332,0.5));
#16907=CARTESIAN_POINT('Origin',(0.25,-13.5,0.25));
#16908=CARTESIAN_POINT('',(-4.87691488314713E-15,-27.,0.5));
#16909=CARTESIAN_POINT('',(4.14711431702997,-27.,-3.64711431702997));
#16910=CARTESIAN_POINT('',(-6.93889390390723E-17,-13.5,0.5));
#16911=CARTESIAN_POINT('Origin',(-4.87691488314713E-15,-27.,0.));
#16912=CARTESIAN_POINT('',(-4.44089209850063E-15,-25.9807621135332,14.5));
#16913=CARTESIAN_POINT('',(-4.44089209850063E-15,-25.9807621135332,0.));
#16914=CARTESIAN_POINT('',(-4.87691488314713E-15,-27.,14.5));
#16915=CARTESIAN_POINT('',(-3.60822483003176E-15,-23.375,14.5));
#16916=CARTESIAN_POINT('',(-4.87691488314713E-15,-27.,0.));
#16917=CARTESIAN_POINT('Origin',(-1.,-25.9807621135332,0.));
#16918=CARTESIAN_POINT('',(-0.961538461538466,-24.9815020322434,14.5));
#16919=CARTESIAN_POINT('',(-0.961538461538466,-24.9815020322434,0.));
#16920=CARTESIAN_POINT('Origin',(-1.,-25.9807621135332,14.5));
#16921=CARTESIAN_POINT('Origin',(0.,0.,0.));
#16922=CARTESIAN_POINT('',(-21.1538461538462,-13.3234677505298,14.5));
#16923=CARTESIAN_POINT('',(-21.1538461538462,-13.3234677505298,0.));
#16924=CARTESIAN_POINT('Origin',(0.,0.,14.5));
#16925=CARTESIAN_POINT('Origin',(-22.,-13.856406460551,0.));
#16926=CARTESIAN_POINT('',(-22.5,-12.9903810567666,14.5));
#16927=CARTESIAN_POINT('',(-22.5,-12.9903810567666,0.));
#16928=CARTESIAN_POINT('Origin',(-22.,-13.856406460551,14.5));
#16929=CARTESIAN_POINT('Origin',(-21.650635094611,-12.5,0.));
#16930=CARTESIAN_POINT('',(-23.3826859021799,-13.5,14.5));
#16931=CARTESIAN_POINT('',(-23.3826859021799,-13.5,0.));
#16932=CARTESIAN_POINT('',(-19.4855715851499,-11.25,14.5));
#16933=CARTESIAN_POINT('Origin',(10.7003175473055,-6.46650635094612,0.25));
#16934=CARTESIAN_POINT('',(23.3826859021798,-13.5,0.5));
#16935=CARTESIAN_POINT('',(25.2062430606948,-10.3415063509461,4.14711431702998));
#16936=CARTESIAN_POINT('',(22.5,-12.9903810567666,0.5));
#16937=CARTESIAN_POINT('',(10.8253175473055,-6.25000000000001,0.5));
#16938=CARTESIAN_POINT('',(22.5,-12.9903810567666,0.5));
#16939=CARTESIAN_POINT('Origin',(23.,-12.1243556529822,0.25));
#16940=CARTESIAN_POINT('',(22.1153846153846,-11.6580342817136,0.5));
#16941=CARTESIAN_POINT('Origin',(23.,-12.1243556529822,0.5));
#16942=CARTESIAN_POINT('',(22.1153846153846,-11.6580342817136,0.5));
#16943=CARTESIAN_POINT('Origin',(0.,0.,0.25));
#16944=CARTESIAN_POINT('',(22.1153846153846,11.6580342817136,0.5));
#16945=CARTESIAN_POINT('',(22.1153846153846,11.6580342817136,0.5));
#16946=CARTESIAN_POINT('Origin',(0.,0.,0.5));
#16947=CARTESIAN_POINT('Origin',(23.,12.1243556529821,0.25));
#16948=CARTESIAN_POINT('',(22.5,12.9903810567666,0.5));
#16949=CARTESIAN_POINT('Origin',(23.,12.1243556529821,0.5));
#16950=CARTESIAN_POINT('',(22.5,12.9903810567666,0.5));
#16951=CARTESIAN_POINT('Origin',(23.,12.1243556529821,0.));
#16952=CARTESIAN_POINT('',(22.1153846153846,11.6580342817136,14.5));
#16953=CARTESIAN_POINT('',(22.1153846153846,11.6580342817136,0.));
#16954=CARTESIAN_POINT('',(22.5,12.9903810567666,14.5));
#16955=CARTESIAN_POINT('Origin',(23.,12.1243556529821,14.5));
#16956=CARTESIAN_POINT('',(22.5,12.9903810567666,0.));
#16957=CARTESIAN_POINT('Origin',(0.,0.,0.));
#16958=CARTESIAN_POINT('',(22.1153846153846,-11.6580342817136,14.5));
#16959=CARTESIAN_POINT('',(22.1153846153846,-11.6580342817136,0.));
#16960=CARTESIAN_POINT('Origin',(0.,0.,14.5));
#16961=CARTESIAN_POINT('Origin',(23.,-12.1243556529822,0.));
#16962=CARTESIAN_POINT('',(22.5,-12.9903810567666,14.5));
#16963=CARTESIAN_POINT('',(22.5,-12.9903810567666,0.));
#16964=CARTESIAN_POINT('Origin',(23.,-12.1243556529822,14.5));
#16965=CARTESIAN_POINT('Origin',(21.650635094611,-12.5,0.));
#16966=CARTESIAN_POINT('',(23.3826859021798,-13.5,14.5));
#16967=CARTESIAN_POINT('',(23.3826859021798,-13.5,0.));
#16968=CARTESIAN_POINT('',(20.73048310309,-11.96875,14.5));
#16969=CARTESIAN_POINT('Origin',(0.250000000000009,12.5,0.25));
#16970=CARTESIAN_POINT('',(1.38777878078145E-14,25.9807621135332,0.5));
#16971=CARTESIAN_POINT('',(-6.93889390390723E-17,40.5,0.5));
#16972=CARTESIAN_POINT('',(1.38777878078145E-14,25.9807621135332,0.5));
#16973=CARTESIAN_POINT('Origin',(-0.999999999999987,25.9807621135332,0.25));
#16974=CARTESIAN_POINT('',(-0.961538461538449,24.9815020322434,0.5));
#16975=CARTESIAN_POINT('Origin',(-0.999999999999987,25.9807621135332,0.5));
#16976=CARTESIAN_POINT('',(-0.961538461538449,24.9815020322434,0.5));
#16977=CARTESIAN_POINT('Origin',(0.,0.,0.25));
#16978=CARTESIAN_POINT('',(-21.1538461538461,13.3234677505298,0.5));
#16979=CARTESIAN_POINT('',(-21.1538461538461,13.3234677505298,0.5));
#16980=CARTESIAN_POINT('Origin',(0.,0.,0.5));
#16981=CARTESIAN_POINT('Origin',(-22.,13.856406460551,0.25));
#16982=CARTESIAN_POINT('',(-22.5,12.9903810567666,0.5));
#16983=CARTESIAN_POINT('Origin',(-22.,13.856406460551,0.5));
#16984=CARTESIAN_POINT('',(-22.5,12.9903810567666,0.5));
#16985=CARTESIAN_POINT('Origin',(-11.8163429510899,6.5334936490539,0.25));
#16986=CARTESIAN_POINT('',(-23.3826859021799,13.5,0.5));
#16987=CARTESIAN_POINT('',(-25.4562430606948,9.90849364905389,-3.64711431702998));
#16988=CARTESIAN_POINT('',(-11.6913429510899,6.75000000000001,0.5));
#16989=CARTESIAN_POINT('Origin',(-23.3826859021799,13.5,0.));
#16990=CARTESIAN_POINT('',(-22.5,12.9903810567666,14.5));
#16991=CARTESIAN_POINT('',(-22.5,12.9903810567666,0.));
#16992=CARTESIAN_POINT('',(-23.3826859021799,13.5,14.5));
#16993=CARTESIAN_POINT('',(-20.3515969889343,11.75,14.5));
#16994=CARTESIAN_POINT('',(-23.3826859021799,13.5,0.));
#16995=CARTESIAN_POINT('Origin',(-22.,13.856406460551,0.));
#16996=CARTESIAN_POINT('',(-21.1538461538461,13.3234677505298,14.5));
#16997=CARTESIAN_POINT('',(-21.1538461538461,13.3234677505298,0.));
#16998=CARTESIAN_POINT('Origin',(-22.,13.856406460551,14.5));
#16999=CARTESIAN_POINT('Origin',(0.,0.,0.));
#17000=CARTESIAN_POINT('',(-0.961538461538449,24.9815020322434,14.5));
#17001=CARTESIAN_POINT('',(-0.961538461538449,24.9815020322434,0.));
#17002=CARTESIAN_POINT('Origin',(0.,0.,14.5));
#17003=CARTESIAN_POINT('Origin',(-0.999999999999987,25.9807621135332,0.));
#17004=CARTESIAN_POINT('',(1.38777878078145E-14,25.9807621135332,14.5));
#17005=CARTESIAN_POINT('',(1.38777878078145E-14,25.9807621135332,0.));
#17006=CARTESIAN_POINT('Origin',(-0.999999999999987,25.9807621135332,14.5));
#17007=CARTESIAN_POINT('Origin',(1.35212650831356E-14,25.,0.));
#17008=CARTESIAN_POINT('',(1.26287869051112E-14,22.375,14.5));
#17009=CARTESIAN_POINT('Origin',(-20.2265969889343,11.9665063509461,14.75));
#17010=CARTESIAN_POINT('',(-23.1326859021798,13.9330127018922,15.));
#17011=CARTESIAN_POINT('',(-27.0812430606948,7.09391108675448,7.10288568297002));
#17012=CARTESIAN_POINT('',(-22.25,13.4233937586588,15.));
#17013=CARTESIAN_POINT('',(-22.5,12.9903810567666,14.5));
#17014=CARTESIAN_POINT('',(-20.1015969889343,12.1830127018922,15.));
#17015=CARTESIAN_POINT('Origin',(-22.,13.856406460551,14.75));
#17016=CARTESIAN_POINT('',(-21.5769230769231,13.5899371055404,15.));
#17017=CARTESIAN_POINT('',(-21.1538461538461,13.3234677505298,14.5));
#17018=CARTESIAN_POINT('Origin',(-22.,13.856406460551,15.));
#17019=CARTESIAN_POINT('Origin',(0.,0.,14.75));
#17020=CARTESIAN_POINT('',(-0.980769230769216,25.4811320728883,15.));
#17021=CARTESIAN_POINT('',(-0.961538461538449,24.9815020322434,14.5));
#17022=CARTESIAN_POINT('Origin',(0.,0.,15.));
#17023=CARTESIAN_POINT('Origin',(-0.999999999999987,25.9807621135332,14.75));
#17024=CARTESIAN_POINT('',(-0.499999999999985,25.9807621135332,15.));
#17025=CARTESIAN_POINT('',(1.38777878078145E-14,25.9807621135332,14.5));
#17026=CARTESIAN_POINT('Origin',(-0.999999999999987,25.9807621135332,15.));
#17027=CARTESIAN_POINT('Origin',(-0.249999999999987,22.375,14.75));
#17028=CARTESIAN_POINT('',(-0.500000000000004,30.625,15.));
#17029=CARTESIAN_POINT('Origin',(-0.250000000000004,-23.375,14.75));
#17030=CARTESIAN_POINT('',(-0.500000000000007,-27.,15.));
#17031=CARTESIAN_POINT('',(7.39711431702997,-27.,7.10288568297002));
#17032=CARTESIAN_POINT('',(-0.500000000000005,-25.9807621135332,15.));
#17033=CARTESIAN_POINT('',(-4.44089209850063E-15,-25.9807621135332,14.5));
#17034=CARTESIAN_POINT('',(-0.500000000000004,-23.375,15.));
#17035=CARTESIAN_POINT('Origin',(-1.,-25.9807621135332,14.75));
#17036=CARTESIAN_POINT('',(-0.980769230769235,-25.4811320728883,15.));
#17037=CARTESIAN_POINT('',(-0.961538461538466,-24.9815020322434,14.5));
#17038=CARTESIAN_POINT('Origin',(-1.,-25.9807621135332,15.));
#17039=CARTESIAN_POINT('Origin',(0.,0.,14.75));
#17040=CARTESIAN_POINT('',(-21.5769230769231,-13.5899371055404,15.));
#17041=CARTESIAN_POINT('',(-21.1538461538462,-13.3234677505298,14.5));
#17042=CARTESIAN_POINT('Origin',(0.,0.,15.));
#17043=CARTESIAN_POINT('Origin',(-22.,-13.856406460551,14.75));
#17044=CARTESIAN_POINT('',(-22.25,-13.4233937586588,15.));
#17045=CARTESIAN_POINT('',(-22.5,-12.9903810567666,14.5));
#17046=CARTESIAN_POINT('Origin',(-22.,-13.856406460551,15.));
#17047=CARTESIAN_POINT('Origin',(-19.3605715851499,-11.4665063509461,14.75));
#17048=CARTESIAN_POINT('',(-23.1326859021799,-13.9330127018922,15.));
#17049=CARTESIAN_POINT('',(-23.1841287436649,-13.8439110867545,14.89711431703));
#17050=CARTESIAN_POINT('',(-19.2355715851499,-11.6830127018922,15.));
#17051=CARTESIAN_POINT('Origin',(15.5884572681199,-27.,0.));
#17052=CARTESIAN_POINT('',(-15.5884572681199,-27.,15.));
#17053=CARTESIAN_POINT('',(-15.5884572681199,-27.,15.));
#17054=CARTESIAN_POINT('',(-15.5884572681199,-27.,0.));
#17055=CARTESIAN_POINT('',(15.5884572681199,-27.,0.));
#17056=CARTESIAN_POINT('Origin',(23.,12.1243556529821,14.75));
#17057=CARTESIAN_POINT('',(22.75,12.5573683548743,15.));
#17058=CARTESIAN_POINT('',(22.5,12.9903810567666,14.5));
#17059=CARTESIAN_POINT('',(22.5576923076923,11.8911949673479,15.));
#17060=CARTESIAN_POINT('',(22.1153846153846,11.6580342817136,14.5));
#17061=CARTESIAN_POINT('Origin',(23.,12.1243556529821,15.));
#17062=CARTESIAN_POINT('Origin',(0.,0.,14.75));
#17063=CARTESIAN_POINT('',(22.5576923076923,-11.8911949673479,15.));
#17064=CARTESIAN_POINT('',(22.1153846153846,-11.6580342817136,14.5));
#17065=CARTESIAN_POINT('Origin',(0.,0.,15.));
#17066=CARTESIAN_POINT('Origin',(23.,-12.1243556529822,14.75));
#17067=CARTESIAN_POINT('',(22.75,-12.5573683548744,15.));
#17068=CARTESIAN_POINT('',(22.5,-12.9903810567666,14.5));
#17069=CARTESIAN_POINT('Origin',(23.,-12.1243556529822,15.));
#17070=CARTESIAN_POINT('Origin',(20.85548310309,-11.7522436490539,14.75));
#17071=CARTESIAN_POINT('',(23.6326859021798,-13.0669872981078,15.));
#17072=CARTESIAN_POINT('',(23.5812430606948,-13.1560889132456,14.89711431703));
#17073=CARTESIAN_POINT('',(20.98048310309,-11.5357372981078,15.));
#17074=CARTESIAN_POINT('Origin',(31.1769145362398,-1.77635683940025E-14,
0.));
#17075=CARTESIAN_POINT('',(31.1769145362398,-2.66453525910038E-14,15.));
#17076=CARTESIAN_POINT('',(31.1769145362398,-2.66453525910038E-14,0.));
#17077=CARTESIAN_POINT('',(15.5884572681199,-27.,15.));
#17078=CARTESIAN_POINT('Origin',(17.7988438920062,-9.12146677393466,0.));
#17079=CARTESIAN_POINT('',(18.2988438920062,-8.25544137015023,0.));
#17080=CARTESIAN_POINT('',(18.6887860866065,-9.5775401126314,0.));
#17081=CARTESIAN_POINT('Origin',(17.4544826719043,-7.76794919243113,0.));
#17082=CARTESIAN_POINT('',(13.601627688841,-5.54350233081091,0.));
#17083=CARTESIAN_POINT('Origin',(14.101627688841,-4.67747692702647,0.));
#17084=CARTESIAN_POINT('',(13.1524796713228,-4.36264674924584,0.));
#17085=CARTESIAN_POINT('Origin',(0.,0.,0.));
#17086=CARTESIAN_POINT('',(13.1524796713228,4.36264674924581,0.));
#17087=CARTESIAN_POINT('Origin',(14.101627688841,4.67747692702644,0.));
#17088=CARTESIAN_POINT('',(13.601627688841,5.54350233081088,0.));
#17089=CARTESIAN_POINT('Origin',(11.2685869305869,4.19652062100254,0.));
#17090=CARTESIAN_POINT('',(18.2988438920062,8.25544137015019,0.));
#17091=CARTESIAN_POINT('Origin',(17.7988438920062,9.12146677393464,0.));
#17092=CARTESIAN_POINT('',(18.6887860866065,9.57754011263137,0.));
#17093=CARTESIAN_POINT('Origin',(0.,0.,0.));
#17094=CARTESIAN_POINT('',(-1.04999999999999,20.9737335732101,0.));
#17095=CARTESIAN_POINT('Origin',(-0.999999999999986,19.9749843554382,0.));
#17096=CARTESIAN_POINT('',(-1.99999999999999,19.9749843554382,0.));
#17097=CARTESIAN_POINT('Origin',(-1.99999999999999,19.,0.));
#17098=CARTESIAN_POINT('',(-1.99999999999999,14.5511062767595,0.));
#17099=CARTESIAN_POINT('Origin',(-2.99999999999999,14.5511062767595,0.));
#17100=CARTESIAN_POINT('',(-2.79807692307691,13.5717048927469,0.));
#17101=CARTESIAN_POINT('Origin',(0.,0.,0.));
#17102=CARTESIAN_POINT('',(-10.3544027482459,9.20905814350106,0.));
#17103=CARTESIAN_POINT('Origin',(-11.101627688841,9.87362934973309,0.));
#17104=CARTESIAN_POINT('',(-11.601627688841,9.00760394594865,0.));
#17105=CARTESIAN_POINT('Origin',(-9.26858693058691,7.66062223614031,0.));
#17106=CARTESIAN_POINT('',(-16.2988438920062,11.719542985288,0.));
#17107=CARTESIAN_POINT('Origin',(-16.7988438920062,10.8535175815035,0.));
#17108=CARTESIAN_POINT('',(-17.6387860866065,11.3961934605787,0.));
#17109=CARTESIAN_POINT('Origin',(0.,0.,0.));
#17110=CARTESIAN_POINT('',(-17.6387860866065,-11.3961934605787,0.));
#17111=CARTESIAN_POINT('Origin',(-16.7988438920062,-10.8535175815035,0.));
#17112=CARTESIAN_POINT('',(-16.2988438920062,-11.719542985288,0.));
#17113=CARTESIAN_POINT('Origin',(-15.4544826719043,-11.2320508075689,0.));
#17114=CARTESIAN_POINT('',(-11.601627688841,-9.00760394594865,0.));
#17115=CARTESIAN_POINT('Origin',(-11.101627688841,-9.87362934973309,0.));
#17116=CARTESIAN_POINT('',(-10.3544027482459,-9.20905814350105,0.));
#17117=CARTESIAN_POINT('Origin',(0.,0.,0.));
#17118=CARTESIAN_POINT('',(-2.79807692307692,-13.5717048927469,0.));
#17119=CARTESIAN_POINT('Origin',(-1.,-19.9749843554382,0.));
#17120=CARTESIAN_POINT('',(-1.05,-20.9737335732101,0.));
#17121=CARTESIAN_POINT('',(-2.,-19.9749843554382,0.));
#17122=CARTESIAN_POINT('Origin',(0.,0.,0.));
#17123=CARTESIAN_POINT('Origin',(-3.,-14.5511062767595,0.));
#17124=CARTESIAN_POINT('',(-2.,-14.5511062767595,0.));
#17125=CARTESIAN_POINT('Origin',(-11.6913429510899,-19.75,15.));
#17126=CARTESIAN_POINT('',(-31.1769145362398,6.92266567098084E-15,15.));
#17127=CARTESIAN_POINT('Origin',(-11.6913429510899,19.75,15.));
#17128=CARTESIAN_POINT('',(-15.5884572681199,27.,15.));
#17129=CARTESIAN_POINT('Origin',(-2.,-11.8571428571429,0.));
#17130=CARTESIAN_POINT('Origin',(-31.1769145362398,8.88178419700125E-15,
0.));
#17131=CARTESIAN_POINT('Origin',(-15.5884572681199,-27.,0.));
#17132=CARTESIAN_POINT('Origin',(35.8150542570542,20.9665063509461,0.25));
#17133=CARTESIAN_POINT('',(24.2653718043597,14.0096189432334,0.5));
#17134=CARTESIAN_POINT('',(11.6913429510899,6.74999999999999,0.5));
#17135=CARTESIAN_POINT('',(24.2653718043597,14.0096189432334,0.5));
#17136=CARTESIAN_POINT('Origin',(24.7653718043597,13.143593539449,0.25));
#17137=CARTESIAN_POINT('',(25.6115256505136,13.6765322494701,0.5));
#17138=CARTESIAN_POINT('Origin',(24.7653718043597,13.143593539449,0.5));
#17139=CARTESIAN_POINT('',(25.6115256505136,13.6765322494701,0.5));
#17140=CARTESIAN_POINT('Origin',(46.7653718043597,27.,0.25));
#17141=CARTESIAN_POINT('',(45.8038333428212,2.01849796775655,0.5));
#17142=CARTESIAN_POINT('',(45.8038333428212,2.01849796775655,0.5));
#17143=CARTESIAN_POINT('Origin',(46.7653718043597,27.,0.5));
#17144=CARTESIAN_POINT('Origin',(45.7653718043597,1.01923788646682,0.25));
#17145=CARTESIAN_POINT('',(46.7653718043597,1.01923788646682,0.5));
#17146=CARTESIAN_POINT('Origin',(45.7653718043597,1.01923788646682,0.5));
#17147=CARTESIAN_POINT('',(46.7653718043597,1.01923788646682,0.5));
#17148=CARTESIAN_POINT('Origin',(47.0153718043597,13.5,0.25));
#17149=CARTESIAN_POINT('',(46.7653718043597,-3.5527136788005E-14,0.5));
#17150=CARTESIAN_POINT('',(50.9124861213897,-3.5527136788005E-14,-3.64711431702997));
#17151=CARTESIAN_POINT('',(46.7653718043597,13.5,0.5));
#17152=CARTESIAN_POINT('Origin',(46.7653718043597,-3.5527136788005E-14,
0.));
#17153=CARTESIAN_POINT('',(46.7653718043597,1.01923788646682,14.5));
#17154=CARTESIAN_POINT('',(46.7653718043597,1.01923788646682,0.));
#17155=CARTESIAN_POINT('',(46.7653718043597,-3.5527136788005E-14,14.5));
#17156=CARTESIAN_POINT('',(46.7653718043597,3.62499999999997,14.5));
#17157=CARTESIAN_POINT('',(46.7653718043597,-3.5527136788005E-14,0.));
#17158=CARTESIAN_POINT('Origin',(45.7653718043597,1.01923788646682,0.));
#17159=CARTESIAN_POINT('',(45.8038333428212,2.01849796775655,14.5));
#17160=CARTESIAN_POINT('',(45.8038333428212,2.01849796775655,0.));
#17161=CARTESIAN_POINT('Origin',(45.7653718043597,1.01923788646682,14.5));
#17162=CARTESIAN_POINT('Origin',(46.7653718043597,27.,0.));
#17163=CARTESIAN_POINT('',(25.6115256505136,13.6765322494701,14.5));
#17164=CARTESIAN_POINT('',(25.6115256505136,13.6765322494701,0.));
#17165=CARTESIAN_POINT('Origin',(46.7653718043597,27.,14.5));
#17166=CARTESIAN_POINT('Origin',(24.7653718043597,13.143593539449,0.));
#17167=CARTESIAN_POINT('',(24.2653718043597,14.0096189432334,14.5));
#17168=CARTESIAN_POINT('',(24.2653718043597,14.0096189432334,0.));
#17169=CARTESIAN_POINT('Origin',(24.7653718043597,13.143593539449,14.5));
#17170=CARTESIAN_POINT('Origin',(25.1147367097487,14.5,0.));
#17171=CARTESIAN_POINT('',(21.5965085068745,12.46875,14.5));
#17172=CARTESIAN_POINT('Origin',(57.4656893516652,20.5334936490539,0.25));
#17173=CARTESIAN_POINT('',(70.1480577065396,13.5,0.5));
#17174=CARTESIAN_POINT('',(71.9716148650545,16.6584936490538,4.14711431702998));
#17175=CARTESIAN_POINT('',(69.2653718043597,14.0096189432334,0.5));
#17176=CARTESIAN_POINT('',(57.5906893516652,20.75,0.5));
#17177=CARTESIAN_POINT('',(69.2653718043597,14.0096189432334,0.5));
#17178=CARTESIAN_POINT('Origin',(69.7653718043597,14.8756443470178,0.25));
#17179=CARTESIAN_POINT('',(68.8807564197443,15.3419657182864,0.5));
#17180=CARTESIAN_POINT('Origin',(69.7653718043597,14.8756443470178,0.5));
#17181=CARTESIAN_POINT('',(68.8807564197443,15.3419657182864,0.5));
#17182=CARTESIAN_POINT('Origin',(46.7653718043597,27.,0.25));
#17183=CARTESIAN_POINT('',(68.8807564197443,38.6580342817136,0.5));
#17184=CARTESIAN_POINT('',(68.8807564197443,38.6580342817136,0.5));
#17185=CARTESIAN_POINT('Origin',(46.7653718043597,27.,0.5));
#17186=CARTESIAN_POINT('Origin',(69.7653718043597,39.1243556529821,0.25));
#17187=CARTESIAN_POINT('',(69.2653718043597,39.9903810567665,0.5));
#17188=CARTESIAN_POINT('Origin',(69.7653718043597,39.1243556529821,0.5));
#17189=CARTESIAN_POINT('',(69.2653718043597,39.9903810567665,0.5));
#17190=CARTESIAN_POINT('Origin',(58.3317147554496,33.9665063509461,0.25));
#17191=CARTESIAN_POINT('',(70.1480577065396,40.5,0.5));
#17192=CARTESIAN_POINT('',(68.0745005480246,44.0915063509461,-3.64711431702997));
#17193=CARTESIAN_POINT('',(58.4567147554496,33.75,0.5));
#17194=CARTESIAN_POINT('Origin',(70.1480577065396,40.5,0.));
#17195=CARTESIAN_POINT('',(69.2653718043597,39.9903810567665,14.5));
#17196=CARTESIAN_POINT('',(69.2653718043597,39.9903810567665,0.));
#17197=CARTESIAN_POINT('',(70.1480577065396,40.5,14.5));
#17198=CARTESIAN_POINT('',(68.3618803112342,39.46875,14.5));
#17199=CARTESIAN_POINT('',(70.1480577065396,40.5,0.));
#17200=CARTESIAN_POINT('Origin',(69.7653718043597,39.1243556529821,0.));
#17201=CARTESIAN_POINT('',(68.8807564197443,38.6580342817136,14.5));
#17202=CARTESIAN_POINT('',(68.8807564197443,38.6580342817136,0.));
#17203=CARTESIAN_POINT('Origin',(69.7653718043597,39.1243556529821,14.5));
#17204=CARTESIAN_POINT('Origin',(46.7653718043597,27.,0.));
#17205=CARTESIAN_POINT('',(68.8807564197443,15.3419657182864,14.5));
#17206=CARTESIAN_POINT('',(68.8807564197443,15.3419657182864,0.));
#17207=CARTESIAN_POINT('Origin',(46.7653718043597,27.,14.5));
#17208=CARTESIAN_POINT('Origin',(69.7653718043597,14.8756443470178,0.));
#17209=CARTESIAN_POINT('',(69.2653718043597,14.0096189432334,14.5));
#17210=CARTESIAN_POINT('',(69.2653718043597,14.0096189432334,0.));
#17211=CARTESIAN_POINT('Origin',(69.7653718043597,14.8756443470178,14.5));
#17212=CARTESIAN_POINT('Origin',(68.4160068989707,14.5,0.));
#17213=CARTESIAN_POINT('',(70.1480577065396,13.5,14.5));
#17214=CARTESIAN_POINT('',(70.1480577065396,13.5,0.));
#17215=CARTESIAN_POINT('',(67.4958549074497,15.03125,14.5));
#17216=CARTESIAN_POINT('Origin',(47.0153718043597,39.5,0.25));
#17217=CARTESIAN_POINT('',(46.7653718043597,52.9807621135331,0.5));
#17218=CARTESIAN_POINT('',(46.7653718043597,67.5,0.5));
#17219=CARTESIAN_POINT('',(46.7653718043597,52.9807621135331,0.5));
#17220=CARTESIAN_POINT('Origin',(45.7653718043597,52.9807621135331,0.25));
#17221=CARTESIAN_POINT('',(45.8038333428213,51.9815020322434,0.5));
#17222=CARTESIAN_POINT('Origin',(45.7653718043597,52.9807621135331,0.5));
#17223=CARTESIAN_POINT('',(45.8038333428213,51.9815020322434,0.5));
#17224=CARTESIAN_POINT('Origin',(46.7653718043597,27.,0.25));
#17225=CARTESIAN_POINT('',(25.6115256505136,40.3234677505298,0.5));
#17226=CARTESIAN_POINT('',(25.6115256505136,40.3234677505298,0.5));
#17227=CARTESIAN_POINT('Origin',(46.7653718043597,27.,0.5));
#17228=CARTESIAN_POINT('Origin',(24.7653718043597,40.856406460551,0.25));
#17229=CARTESIAN_POINT('',(24.2653718043597,39.9903810567666,0.5));
#17230=CARTESIAN_POINT('Origin',(24.7653718043597,40.856406460551,0.5));
#17231=CARTESIAN_POINT('',(24.2653718043597,39.9903810567666,0.5));
#17232=CARTESIAN_POINT('Origin',(34.9490288532698,33.5334936490539,0.25));
#17233=CARTESIAN_POINT('',(10.8253175473055,47.75,0.5));
#17234=CARTESIAN_POINT('Origin',(23.3826859021799,40.5,0.));
#17235=CARTESIAN_POINT('',(24.2653718043597,39.9903810567666,14.5));
#17236=CARTESIAN_POINT('',(24.2653718043597,39.9903810567666,0.));
#17237=CARTESIAN_POINT('',(26.4137748154254,38.75,14.5));
#17238=CARTESIAN_POINT('Origin',(24.7653718043597,40.856406460551,0.));
#17239=CARTESIAN_POINT('',(25.6115256505136,40.3234677505298,14.5));
#17240=CARTESIAN_POINT('',(25.6115256505136,40.3234677505298,0.));
#17241=CARTESIAN_POINT('Origin',(24.7653718043597,40.856406460551,14.5));
#17242=CARTESIAN_POINT('Origin',(46.7653718043597,27.,0.));
#17243=CARTESIAN_POINT('',(45.8038333428213,51.9815020322434,14.5));
#17244=CARTESIAN_POINT('',(45.8038333428213,51.9815020322434,0.));
#17245=CARTESIAN_POINT('Origin',(46.7653718043597,27.,14.5));
#17246=CARTESIAN_POINT('Origin',(45.7653718043597,52.9807621135331,0.));
#17247=CARTESIAN_POINT('',(46.7653718043597,52.9807621135331,14.5));
#17248=CARTESIAN_POINT('',(46.7653718043597,52.9807621135331,0.));
#17249=CARTESIAN_POINT('Origin',(45.7653718043597,52.9807621135331,14.5));
#17250=CARTESIAN_POINT('Origin',(46.7653718043597,52.,0.));
#17251=CARTESIAN_POINT('',(46.7653718043597,57.625,14.5));
#17252=CARTESIAN_POINT('Origin',(26.5387748154254,38.9665063509461,14.75));
#17253=CARTESIAN_POINT('',(24.5153718043597,40.4233937586588,15.));
#17254=CARTESIAN_POINT('',(24.2653718043597,39.9903810567666,14.5));
#17255=CARTESIAN_POINT('',(20.98048310309,42.4642627018922,15.));
#17256=CARTESIAN_POINT('Origin',(24.7653718043597,40.856406460551,14.75));
#17257=CARTESIAN_POINT('',(25.1884487274366,40.5899371055404,15.));
#17258=CARTESIAN_POINT('',(25.6115256505136,40.3234677505298,14.5));
#17259=CARTESIAN_POINT('Origin',(24.7653718043597,40.856406460551,15.));
#17260=CARTESIAN_POINT('Origin',(46.7653718043597,27.,14.75));
#17261=CARTESIAN_POINT('',(45.7846025735905,52.4811320728883,15.));
#17262=CARTESIAN_POINT('',(45.8038333428213,51.9815020322434,14.5));
#17263=CARTESIAN_POINT('Origin',(46.7653718043597,27.,15.));
#17264=CARTESIAN_POINT('Origin',(45.7653718043597,52.9807621135331,14.75));
#17265=CARTESIAN_POINT('',(46.2653718043597,52.9807621135331,15.));
#17266=CARTESIAN_POINT('',(46.7653718043597,52.9807621135331,14.5));
#17267=CARTESIAN_POINT('Origin',(45.7653718043597,52.9807621135331,15.));
#17268=CARTESIAN_POINT('Origin',(46.5153718043597,49.375,14.75));
#17269=CARTESIAN_POINT('',(46.2653718043597,49.375,15.));
#17270=CARTESIAN_POINT('Origin',(46.5153718043597,3.62499999999997,14.75));
#17271=CARTESIAN_POINT('',(46.2653718043597,-3.5527136788005E-14,15.));
#17272=CARTESIAN_POINT('',(54.1624861213897,-3.99680288865056E-14,7.10288568297002));
#17273=CARTESIAN_POINT('',(46.2653718043597,1.01923788646682,15.));
#17274=CARTESIAN_POINT('',(46.7653718043597,1.01923788646682,14.5));
#17275=CARTESIAN_POINT('',(46.2653718043597,3.62499999999997,15.));
#17276=CARTESIAN_POINT('Origin',(45.7653718043597,1.01923788646682,14.75));
#17277=CARTESIAN_POINT('',(45.7846025735905,1.51886792711168,15.));
#17278=CARTESIAN_POINT('',(45.8038333428212,2.01849796775655,14.5));
#17279=CARTESIAN_POINT('Origin',(45.7653718043597,1.01923788646682,15.));
#17280=CARTESIAN_POINT('Origin',(46.7653718043597,27.,14.75));
#17281=CARTESIAN_POINT('',(25.1884487274366,13.4100628944595,15.));
#17282=CARTESIAN_POINT('',(25.6115256505136,13.6765322494701,14.5));
#17283=CARTESIAN_POINT('Origin',(46.7653718043597,27.,15.));
#17284=CARTESIAN_POINT('Origin',(24.7653718043597,13.143593539449,14.75));
#17285=CARTESIAN_POINT('',(24.5153718043597,13.5766062413412,15.));
#17286=CARTESIAN_POINT('',(24.2653718043597,14.0096189432334,14.5));
#17287=CARTESIAN_POINT('Origin',(24.7653718043597,13.143593539449,15.));
#17288=CARTESIAN_POINT('Origin',(27.4048002192098,15.5334936490539,14.75));
#17289=CARTESIAN_POINT('',(27.5298002192098,15.3169872981078,15.));
#17290=CARTESIAN_POINT('Origin',(62.3538290724796,-4.44089209850063E-14,
0.));
#17291=CARTESIAN_POINT('',(31.1769145362398,-2.66453525910038E-14,15.));
#17292=CARTESIAN_POINT('',(62.3538290724796,-4.44089209850063E-14,0.));
#17293=CARTESIAN_POINT('Origin',(68.4868803112342,39.2522436490539,14.75));
#17294=CARTESIAN_POINT('',(70.3980577065396,40.0669872981077,15.));
#17295=CARTESIAN_POINT('',(66.4495005480246,46.9060889132455,7.10288568297));
#17296=CARTESIAN_POINT('',(69.5153718043597,39.5573683548743,15.));
#17297=CARTESIAN_POINT('',(69.2653718043597,39.9903810567665,14.5));
#17298=CARTESIAN_POINT('',(68.6118803112342,39.0357372981077,15.));
#17299=CARTESIAN_POINT('Origin',(69.7653718043597,39.1243556529821,14.75));
#17300=CARTESIAN_POINT('',(69.323064112052,38.8911949673478,15.));
#17301=CARTESIAN_POINT('',(68.8807564197443,38.6580342817136,14.5));
#17302=CARTESIAN_POINT('Origin',(69.7653718043597,39.1243556529821,15.));
#17303=CARTESIAN_POINT('Origin',(46.7653718043597,27.,14.75));
#17304=CARTESIAN_POINT('',(69.323064112052,15.1088050326521,15.));
#17305=CARTESIAN_POINT('',(68.8807564197443,15.3419657182864,14.5));
#17306=CARTESIAN_POINT('Origin',(46.7653718043597,27.,15.));
#17307=CARTESIAN_POINT('Origin',(69.7653718043597,14.8756443470178,14.75));
#17308=CARTESIAN_POINT('',(69.5153718043597,14.4426316451256,15.));
#17309=CARTESIAN_POINT('',(69.2653718043597,14.0096189432334,14.5));
#17310=CARTESIAN_POINT('Origin',(69.7653718043597,14.8756443470178,15.));
#17311=CARTESIAN_POINT('Origin',(67.6208549074497,15.2477563509461,14.75));
#17312=CARTESIAN_POINT('',(70.3980577065396,13.9330127018922,15.));
#17313=CARTESIAN_POINT('',(70.3466148650545,13.8439110867544,14.89711431703));
#17314=CARTESIAN_POINT('',(67.7458549074497,15.4642627018922,15.));
#17315=CARTESIAN_POINT('Origin',(77.9422863405995,27.,0.));
#17316=CARTESIAN_POINT('',(77.9422863405995,27.,15.));
#17317=CARTESIAN_POINT('',(77.9422863405995,27.,0.));
#17318=CARTESIAN_POINT('',(62.3538290724796,-4.44089209850063E-14,15.));
#17319=CARTESIAN_POINT('Origin',(64.5642156963659,17.8785332260653,0.));
#17320=CARTESIAN_POINT('',(65.0642156963659,18.7445586298497,0.));
#17321=CARTESIAN_POINT('',(65.4541578909662,17.4224598873686,0.));
#17322=CARTESIAN_POINT('Origin',(64.219854476264,19.2320508075688,0.));
#17323=CARTESIAN_POINT('',(60.3669994932007,21.4564976691891,0.));
#17324=CARTESIAN_POINT('Origin',(60.8669994932007,22.3225230729735,0.));
#17325=CARTESIAN_POINT('',(59.9178514756825,22.6373532507541,0.));
#17326=CARTESIAN_POINT('Origin',(46.7653718043597,27.,0.));
#17327=CARTESIAN_POINT('',(59.9178514756825,31.3626467492458,0.));
#17328=CARTESIAN_POINT('Origin',(60.8669994932007,31.6774769270264,0.));
#17329=CARTESIAN_POINT('',(60.3669994932007,32.5435023308109,0.));
#17330=CARTESIAN_POINT('Origin',(58.0339587349466,31.1965206210025,0.));
#17331=CARTESIAN_POINT('',(65.0642156963659,35.2554413701502,0.));
#17332=CARTESIAN_POINT('Origin',(64.5642156963659,36.1214667739346,0.));
#17333=CARTESIAN_POINT('',(65.4541578909662,36.5775401126313,0.));
#17334=CARTESIAN_POINT('Origin',(46.7653718043597,27.,0.));
#17335=CARTESIAN_POINT('',(45.7153718043597,47.9737335732101,0.));
#17336=CARTESIAN_POINT('Origin',(45.7653718043597,46.9749843554382,0.));
#17337=CARTESIAN_POINT('',(44.7653718043597,46.9749843554382,0.));
#17338=CARTESIAN_POINT('Origin',(44.7653718043597,46.,0.));
#17339=CARTESIAN_POINT('',(44.7653718043597,41.5511062767595,0.));
#17340=CARTESIAN_POINT('Origin',(43.7653718043597,41.5511062767595,0.));
#17341=CARTESIAN_POINT('',(43.9672948812828,40.5717048927469,0.));
#17342=CARTESIAN_POINT('Origin',(46.7653718043597,27.,0.));
#17343=CARTESIAN_POINT('',(36.4109690561138,36.209058143501,0.));
#17344=CARTESIAN_POINT('Origin',(35.6637441155188,36.8736293497331,0.));
#17345=CARTESIAN_POINT('',(35.1637441155188,36.0076039459486,0.));
#17346=CARTESIAN_POINT('Origin',(37.4967848737728,34.6606222361403,0.));
#17347=CARTESIAN_POINT('',(30.4665279123535,38.7195429852879,0.));
#17348=CARTESIAN_POINT('Origin',(29.9665279123535,37.8535175815035,0.));
#17349=CARTESIAN_POINT('',(29.1265857177532,38.3961934605787,0.));
#17350=CARTESIAN_POINT('Origin',(46.7653718043597,27.,0.));
#17351=CARTESIAN_POINT('',(29.1265857177532,15.6038065394213,0.));
#17352=CARTESIAN_POINT('Origin',(29.9665279123535,16.1464824184965,0.));
#17353=CARTESIAN_POINT('',(30.4665279123535,15.280457014712,0.));
#17354=CARTESIAN_POINT('Origin',(31.3108891324554,15.7679491924311,0.));
#17355=CARTESIAN_POINT('',(35.1637441155187,17.9923960540513,0.));
#17356=CARTESIAN_POINT('Origin',(35.6637441155187,17.1263706502669,0.));
#17357=CARTESIAN_POINT('',(36.4109690561138,17.7909418564989,0.));
#17358=CARTESIAN_POINT('Origin',(46.7653718043597,27.,0.));
#17359=CARTESIAN_POINT('',(43.9672948812828,13.4282951072531,0.));
#17360=CARTESIAN_POINT('Origin',(45.7653718043597,7.0250156445618,0.));
#17361=CARTESIAN_POINT('',(45.7153718043597,6.02626642678989,0.));
#17362=CARTESIAN_POINT('',(44.7653718043597,7.0250156445618,0.));
#17363=CARTESIAN_POINT('Origin',(46.7653718043597,27.,0.));
#17364=CARTESIAN_POINT('Origin',(43.7653718043597,12.4488937232404,0.));
#17365=CARTESIAN_POINT('',(44.7653718043597,12.4488937232404,0.));
#17366=CARTESIAN_POINT('Origin',(73.1791466197851,27.,15.));
#17367=CARTESIAN_POINT('',(77.9422863405995,27.,15.));
#17368=CARTESIAN_POINT('Origin',(35.0740288532698,7.24999999999997,15.));
#17369=CARTESIAN_POINT('Origin',(35.0740288532698,46.75,15.));
#17370=CARTESIAN_POINT('Origin',(44.7653718043597,15.1428571428571,0.));
#17371=CARTESIAN_POINT('Origin',(62.3538290724796,54.,0.));
#17372=UNCERTAINTY_MEASURE_WITH_UNIT(LENGTH_MEASURE(0.01),#17376,
'DISTANCE_ACCURACY_VALUE',
'Maximum model space distance between geometric entities at asserted c
onnectivities');
#17373=UNCERTAINTY_MEASURE_WITH_UNIT(LENGTH_MEASURE(0.01),#17376,
'DISTANCE_ACCURACY_VALUE',
'Maximum model space distance between geometric entities at asserted c
onnectivities');
#17374=(
GEOMETRIC_REPRESENTATION_CONTEXT(3)
GLOBAL_UNCERTAINTY_ASSIGNED_CONTEXT((#17372))
GLOBAL_UNIT_ASSIGNED_CONTEXT((#17376,#17378,#17379))
REPRESENTATION_CONTEXT('','3D')
);
#17375=(
GEOMETRIC_REPRESENTATION_CONTEXT(3)
GLOBAL_UNCERTAINTY_ASSIGNED_CONTEXT((#17373))
GLOBAL_UNIT_ASSIGNED_CONTEXT((#17376,#17378,#17379))
REPRESENTATION_CONTEXT('','3D')
);
#17376=(
LENGTH_UNIT()
NAMED_UNIT(*)
SI_UNIT(.MILLI.,.METRE.)
);
#17377=(
LENGTH_UNIT()
NAMED_UNIT(*)
SI_UNIT($,.METRE.)
);
#17378=(
NAMED_UNIT(*)
PLANE_ANGLE_UNIT()
SI_UNIT($,.RADIAN.)
);
#17379=(
NAMED_UNIT(*)
SI_UNIT($,.STERADIAN.)
SOLID_ANGLE_UNIT()
);
#17380=SHAPE_DEFINITION_REPRESENTATION(#17381,#17382);
#17381=PRODUCT_DEFINITION_SHAPE('',$,#17384);
#17382=SHAPE_REPRESENTATION('',(#10076),#17374);
#17383=PRODUCT_DEFINITION_CONTEXT('part definition',#17388,'design');
#17384=PRODUCT_DEFINITION('hexStand','hexStand v1',#17385,#17383);
#17385=PRODUCT_DEFINITION_FORMATION('',$,#17390);
#17386=PRODUCT_RELATED_PRODUCT_CATEGORY('hexStand v1','hexStand v1',(#17390));
#17387=APPLICATION_PROTOCOL_DEFINITION('international standard',
'automotive_design',2009,#17388);
#17388=APPLICATION_CONTEXT(
'Core Data for Automotive Mechanical Design Process');
#17389=PRODUCT_CONTEXT('part definition',#17388,'mechanical');
#17390=PRODUCT('hexStand','hexStand v1',$,(#17389));
#17391=PRESENTATION_STYLE_ASSIGNMENT((#17392));
#17392=SURFACE_STYLE_USAGE(.BOTH.,#17393);
#17393=SURFACE_SIDE_STYLE('',(#17394));
#17394=SURFACE_STYLE_FILL_AREA(#17395);
#17395=FILL_AREA_STYLE('Steel - Satin',(#17396));
#17396=FILL_AREA_STYLE_COLOUR('Steel - Satin',#17397);
#17397=COLOUR_RGB('Steel - Satin',0.627450980392157,0.627450980392157,0.627450980392157);
ENDSEC;
END-ISO-10303-21;
