ISO-10303-21;
HEADER;
/* Generated by software containing ST-Developer
 * from STEP Tools, Inc. (www.steptools.com) 
 */

FILE_DESCRIPTION(
/* description */ (''),
/* implementation_level */ '2;1');

FILE_NAME(
/* name */ 'hexStand1.step',
/* time_stamp */ '2026-09-13T04:50:48+03:00',
/* author */ (''),
/* organization */ (''),
/* preprocessor_version */ 'ST-DEVELOPER v20.2',
/* originating_system */ 'Autodesk Translation Framework v15.15.0.0',
/* authorisation */ '');

FILE_SCHEMA (('AUTOMOTIVE_DESIGN { 1 0 10303 214 3 1 1 }'));
ENDSEC;

DATA;
#10=MECHANICAL_DESIGN_GEOMETRIC_PRESENTATION_REPRESENTATION('',(#13),#2485);
#11=SHAPE_REPRESENTATION_RELATIONSHIP('SRR','None',#2492,#12);
#12=ADVANCED_BREP_SHAPE_REPRESENTATION('',(#14),#2484);
#13=STYLED_ITEM('',(#2501),#14);
#14=MANIFOLD_SOLID_BREP('Body1',#1449);
#15=FACE_BOUND('',#267,.T.);
#16=FACE_BOUND('',#295,.T.);
#17=CYLINDRICAL_SURFACE('',#1475,1.);
#18=CYLINDRICAL_SURFACE('',#1477,25.);
#19=CYLINDRICAL_SURFACE('',#1479,1.);
#20=CYLINDRICAL_SURFACE('',#1494,1.);
#21=CYLINDRICAL_SURFACE('',#1496,25.);
#22=CYLINDRICAL_SURFACE('',#1498,1.);
#23=CYLINDRICAL_SURFACE('',#1513,1.);
#24=CYLINDRICAL_SURFACE('',#1515,25.);
#25=CYLINDRICAL_SURFACE('',#1517,1.);
#26=CYLINDRICAL_SURFACE('',#1547,1.);
#27=CYLINDRICAL_SURFACE('',#1551,1.);
#28=CYLINDRICAL_SURFACE('',#1554,13.8571428571429);
#29=CYLINDRICAL_SURFACE('',#1573,1.);
#30=CYLINDRICAL_SURFACE('',#1576,1.);
#31=CYLINDRICAL_SURFACE('',#1578,21.);
#32=CYLINDRICAL_SURFACE('',#1580,1.);
#33=CYLINDRICAL_SURFACE('',#1583,1.);
#34=CYLINDRICAL_SURFACE('',#1585,13.8571428571429);
#35=CYLINDRICAL_SURFACE('',#1587,1.);
#36=CYLINDRICAL_SURFACE('',#1590,1.);
#37=CYLINDRICAL_SURFACE('',#1592,21.);
#38=CYLINDRICAL_SURFACE('',#1594,1.);
#39=CYLINDRICAL_SURFACE('',#1597,1.);
#40=CYLINDRICAL_SURFACE('',#1599,13.8571428571429);
#41=CYLINDRICAL_SURFACE('',#1601,1.);
#42=CYLINDRICAL_SURFACE('',#1603,21.);
#43=CYLINDRICAL_SURFACE('',#1605,1.);
#44=CIRCLE('',#1465,1.);
#45=CIRCLE('',#1466,1.5);
#46=CIRCLE('',#1468,24.5);
#47=CIRCLE('',#1469,25.);
#48=CIRCLE('',#1471,1.);
#49=CIRCLE('',#1472,1.5);
#50=CIRCLE('',#1476,1.);
#51=CIRCLE('',#1478,25.);
#52=CIRCLE('',#1480,1.);
#53=CIRCLE('',#1484,1.);
#54=CIRCLE('',#1485,1.5);
#55=CIRCLE('',#1487,24.5);
#56=CIRCLE('',#1488,25.);
#57=CIRCLE('',#1490,1.);
#58=CIRCLE('',#1491,1.5);
#59=CIRCLE('',#1495,1.);
#60=CIRCLE('',#1497,25.);
#61=CIRCLE('',#1499,1.);
#62=CIRCLE('',#1503,1.);
#63=CIRCLE('',#1504,1.5);
#64=CIRCLE('',#1506,24.5);
#65=CIRCLE('',#1507,25.);
#66=CIRCLE('',#1509,1.);
#67=CIRCLE('',#1510,1.5);
#68=CIRCLE('',#1514,1.);
#69=CIRCLE('',#1516,25.);
#70=CIRCLE('',#1518,1.);
#71=CIRCLE('',#1522,0.5);
#72=CIRCLE('',#1524,25.5);
#73=CIRCLE('',#1526,0.500000000000002);
#74=CIRCLE('',#1531,0.500000000000002);
#75=CIRCLE('',#1533,25.5);
#76=CIRCLE('',#1535,0.5);
#77=CIRCLE('',#1540,0.500000000000002);
#78=CIRCLE('',#1542,25.5);
#79=CIRCLE('',#1544,0.499999999999998);
#80=CIRCLE('',#1548,1.);
#81=CIRCLE('',#1549,1.);
#82=CIRCLE('',#1552,1.);
#83=CIRCLE('',#1553,1.);
#84=CIRCLE('',#1555,13.8571428571429);
#85=CIRCLE('',#1556,13.8571428571429);
#86=CIRCLE('',#1558,21.);
#87=CIRCLE('',#1559,1.);
#88=CIRCLE('',#1560,1.);
#89=CIRCLE('',#1561,13.8571428571429);
#90=CIRCLE('',#1562,1.);
#91=CIRCLE('',#1563,1.);
#92=CIRCLE('',#1564,21.);
#93=CIRCLE('',#1565,1.);
#94=CIRCLE('',#1566,1.);
#95=CIRCLE('',#1567,13.8571428571429);
#96=CIRCLE('',#1568,1.);
#97=CIRCLE('',#1569,1.);
#98=CIRCLE('',#1570,21.);
#99=CIRCLE('',#1571,1.);
#100=CIRCLE('',#1572,1.);
#101=CIRCLE('',#1574,1.);
#102=CIRCLE('',#1577,1.);
#103=CIRCLE('',#1579,21.);
#104=CIRCLE('',#1581,1.);
#105=CIRCLE('',#1584,1.);
#106=CIRCLE('',#1586,13.8571428571429);
#107=CIRCLE('',#1588,1.);
#108=CIRCLE('',#1591,1.);
#109=CIRCLE('',#1593,21.);
#110=CIRCLE('',#1595,1.);
#111=CIRCLE('',#1598,1.);
#112=CIRCLE('',#1600,13.8571428571429);
#113=CIRCLE('',#1602,1.);
#114=CIRCLE('',#1604,21.);
#115=CIRCLE('',#1606,1.);
#116=CONICAL_SURFACE('',#1464,1.25,0.785398163397448);
#117=CONICAL_SURFACE('',#1467,24.75,0.785398163397451);
#118=CONICAL_SURFACE('',#1470,1.25,0.785398163397447);
#119=CONICAL_SURFACE('',#1483,1.25,0.785398163397446);
#120=CONICAL_SURFACE('',#1486,24.75,0.785398163397447);
#121=CONICAL_SURFACE('',#1489,1.25,0.785398163397447);
#122=CONICAL_SURFACE('',#1502,1.25,0.785398163397447);
#123=CONICAL_SURFACE('',#1505,24.75,0.785398163397447);
#124=CONICAL_SURFACE('',#1508,1.25,0.785398163397449);
#125=CONICAL_SURFACE('',#1521,0.75,0.785398163397448);
#126=CONICAL_SURFACE('',#1523,25.25,0.785398163397455);
#127=CONICAL_SURFACE('',#1525,0.750000000000001,0.785398163397446);
#128=CONICAL_SURFACE('',#1530,0.750000000000001,0.785398163397446);
#129=CONICAL_SURFACE('',#1532,25.25,0.785398163397451);
#130=CONICAL_SURFACE('',#1534,0.75,0.785398163397448);
#131=CONICAL_SURFACE('',#1539,0.750000000000001,0.785398163397446);
#132=CONICAL_SURFACE('',#1541,25.25,0.785398163397446);
#133=CONICAL_SURFACE('',#1543,0.749999999999999,0.78539816339745);
#134=FACE_OUTER_BOUND('',#214,.T.);
#135=FACE_OUTER_BOUND('',#215,.T.);
#136=FACE_OUTER_BOUND('',#216,.T.);
#137=FACE_OUTER_BOUND('',#217,.T.);
#138=FACE_OUTER_BOUND('',#218,.T.);
#139=FACE_OUTER_BOUND('',#219,.T.);
#140=FACE_OUTER_BOUND('',#220,.T.);
#141=FACE_OUTER_BOUND('',#221,.T.);
#142=FACE_OUTER_BOUND('',#222,.T.);
#143=FACE_OUTER_BOUND('',#223,.T.);
#144=FACE_OUTER_BOUND('',#224,.T.);
#145=FACE_OUTER_BOUND('',#225,.T.);
#146=FACE_OUTER_BOUND('',#226,.T.);
#147=FACE_OUTER_BOUND('',#227,.T.);
#148=FACE_OUTER_BOUND('',#228,.T.);
#149=FACE_OUTER_BOUND('',#229,.T.);
#150=FACE_OUTER_BOUND('',#230,.T.);
#151=FACE_OUTER_BOUND('',#231,.T.);
#152=FACE_OUTER_BOUND('',#232,.T.);
#153=FACE_OUTER_BOUND('',#233,.T.);
#154=FACE_OUTER_BOUND('',#234,.T.);
#155=FACE_OUTER_BOUND('',#235,.T.);
#156=FACE_OUTER_BOUND('',#236,.T.);
#157=FACE_OUTER_BOUND('',#237,.T.);
#158=FACE_OUTER_BOUND('',#238,.T.);
#159=FACE_OUTER_BOUND('',#239,.T.);
#160=FACE_OUTER_BOUND('',#240,.T.);
#161=FACE_OUTER_BOUND('',#241,.T.);
#162=FACE_OUTER_BOUND('',#242,.T.);
#163=FACE_OUTER_BOUND('',#243,.T.);
#164=FACE_OUTER_BOUND('',#244,.T.);
#165=FACE_OUTER_BOUND('',#245,.T.);
#166=FACE_OUTER_BOUND('',#246,.T.);
#167=FACE_OUTER_BOUND('',#247,.T.);
#168=FACE_OUTER_BOUND('',#248,.T.);
#169=FACE_OUTER_BOUND('',#249,.T.);
#170=FACE_OUTER_BOUND('',#250,.T.);
#171=FACE_OUTER_BOUND('',#251,.T.);
#172=FACE_OUTER_BOUND('',#252,.T.);
#173=FACE_OUTER_BOUND('',#253,.T.);
#174=FACE_OUTER_BOUND('',#254,.T.);
#175=FACE_OUTER_BOUND('',#255,.T.);
#176=FACE_OUTER_BOUND('',#256,.T.);
#177=FACE_OUTER_BOUND('',#257,.T.);
#178=FACE_OUTER_BOUND('',#258,.T.);
#179=FACE_OUTER_BOUND('',#259,.T.);
#180=FACE_OUTER_BOUND('',#260,.T.);
#181=FACE_OUTER_BOUND('',#261,.T.);
#182=FACE_OUTER_BOUND('',#262,.T.);
#183=FACE_OUTER_BOUND('',#263,.T.);
#184=FACE_OUTER_BOUND('',#264,.T.);
#185=FACE_OUTER_BOUND('',#265,.T.);
#186=FACE_OUTER_BOUND('',#266,.T.);
#187=FACE_OUTER_BOUND('',#268,.T.);
#188=FACE_OUTER_BOUND('',#269,.T.);
#189=FACE_OUTER_BOUND('',#270,.T.);
#190=FACE_OUTER_BOUND('',#271,.T.);
#191=FACE_OUTER_BOUND('',#272,.T.);
#192=FACE_OUTER_BOUND('',#273,.T.);
#193=FACE_OUTER_BOUND('',#274,.T.);
#194=FACE_OUTER_BOUND('',#275,.T.);
#195=FACE_OUTER_BOUND('',#276,.T.);
#196=FACE_OUTER_BOUND('',#277,.T.);
#197=FACE_OUTER_BOUND('',#278,.T.);
#198=FACE_OUTER_BOUND('',#279,.T.);
#199=FACE_OUTER_BOUND('',#280,.T.);
#200=FACE_OUTER_BOUND('',#281,.T.);
#201=FACE_OUTER_BOUND('',#282,.T.);
#202=FACE_OUTER_BOUND('',#283,.T.);
#203=FACE_OUTER_BOUND('',#284,.T.);
#204=FACE_OUTER_BOUND('',#285,.T.);
#205=FACE_OUTER_BOUND('',#286,.T.);
#206=FACE_OUTER_BOUND('',#287,.T.);
#207=FACE_OUTER_BOUND('',#288,.T.);
#208=FACE_OUTER_BOUND('',#289,.T.);
#209=FACE_OUTER_BOUND('',#290,.T.);
#210=FACE_OUTER_BOUND('',#291,.T.);
#211=FACE_OUTER_BOUND('',#292,.T.);
#212=FACE_OUTER_BOUND('',#293,.T.);
#213=FACE_OUTER_BOUND('',#294,.T.);
#214=EDGE_LOOP('',(#914,#915,#916,#917));
#215=EDGE_LOOP('',(#918,#919,#920,#921));
#216=EDGE_LOOP('',(#922,#923,#924,#925));
#217=EDGE_LOOP('',(#926,#927,#928,#929));
#218=EDGE_LOOP('',(#930,#931,#932,#933));
#219=EDGE_LOOP('',(#934,#935,#936,#937));
#220=EDGE_LOOP('',(#938,#939,#940,#941));
#221=EDGE_LOOP('',(#942,#943,#944,#945));
#222=EDGE_LOOP('',(#946,#947,#948,#949));
#223=EDGE_LOOP('',(#950,#951,#952,#953));
#224=EDGE_LOOP('',(#954,#955,#956,#957));
#225=EDGE_LOOP('',(#958,#959,#960,#961));
#226=EDGE_LOOP('',(#962,#963,#964,#965));
#227=EDGE_LOOP('',(#966,#967,#968,#969));
#228=EDGE_LOOP('',(#970,#971,#972,#973));
#229=EDGE_LOOP('',(#974,#975,#976,#977));
#230=EDGE_LOOP('',(#978,#979,#980,#981));
#231=EDGE_LOOP('',(#982,#983,#984,#985));
#232=EDGE_LOOP('',(#986,#987,#988,#989));
#233=EDGE_LOOP('',(#990,#991,#992,#993));
#234=EDGE_LOOP('',(#994,#995,#996,#997));
#235=EDGE_LOOP('',(#998,#999,#1000,#1001));
#236=EDGE_LOOP('',(#1002,#1003,#1004,#1005));
#237=EDGE_LOOP('',(#1006,#1007,#1008,#1009));
#238=EDGE_LOOP('',(#1010,#1011,#1012,#1013));
#239=EDGE_LOOP('',(#1014,#1015,#1016,#1017));
#240=EDGE_LOOP('',(#1018,#1019,#1020,#1021));
#241=EDGE_LOOP('',(#1022,#1023,#1024,#1025));
#242=EDGE_LOOP('',(#1026,#1027,#1028,#1029));
#243=EDGE_LOOP('',(#1030,#1031,#1032,#1033));
#244=EDGE_LOOP('',(#1034,#1035,#1036,#1037));
#245=EDGE_LOOP('',(#1038,#1039,#1040,#1041));
#246=EDGE_LOOP('',(#1042,#1043,#1044,#1045));
#247=EDGE_LOOP('',(#1046,#1047,#1048,#1049));
#248=EDGE_LOOP('',(#1050,#1051,#1052,#1053));
#249=EDGE_LOOP('',(#1054,#1055,#1056,#1057,#1058,#1059,#1060,#1061));
#250=EDGE_LOOP('',(#1062,#1063,#1064,#1065));
#251=EDGE_LOOP('',(#1066,#1067,#1068,#1069));
#252=EDGE_LOOP('',(#1070,#1071,#1072,#1073));
#253=EDGE_LOOP('',(#1074,#1075,#1076,#1077));
#254=EDGE_LOOP('',(#1078,#1079,#1080,#1081));
#255=EDGE_LOOP('',(#1082,#1083,#1084,#1085,#1086,#1087,#1088,#1089));
#256=EDGE_LOOP('',(#1090,#1091,#1092,#1093));
#257=EDGE_LOOP('',(#1094,#1095,#1096,#1097));
#258=EDGE_LOOP('',(#1098,#1099,#1100,#1101));
#259=EDGE_LOOP('',(#1102,#1103,#1104,#1105));
#260=EDGE_LOOP('',(#1106,#1107,#1108,#1109));
#261=EDGE_LOOP('',(#1110,#1111,#1112,#1113,#1114,#1115,#1116,#1117));
#262=EDGE_LOOP('',(#1118,#1119,#1120,#1121));
#263=EDGE_LOOP('',(#1122,#1123,#1124,#1125));
#264=EDGE_LOOP('',(#1126,#1127,#1128,#1129));
#265=EDGE_LOOP('',(#1130,#1131,#1132,#1133));
#266=EDGE_LOOP('',(#1134,#1135,#1136,#1137,#1138,#1139,#1140,#1141,#1142,
#1143,#1144,#1145,#1146,#1147,#1148,#1149,#1150,#1151,#1152,#1153,#1154));
#267=EDGE_LOOP('',(#1155,#1156,#1157,#1158,#1159,#1160,#1161,#1162,#1163,
#1164,#1165,#1166,#1167,#1168,#1169,#1170,#1171,#1172,#1173,#1174,#1175,
#1176,#1177,#1178));
#268=EDGE_LOOP('',(#1179,#1180,#1181,#1182));
#269=EDGE_LOOP('',(#1183,#1184,#1185,#1186));
#270=EDGE_LOOP('',(#1187,#1188,#1189,#1190));
#271=EDGE_LOOP('',(#1191,#1192,#1193,#1194));
#272=EDGE_LOOP('',(#1195,#1196,#1197,#1198));
#273=EDGE_LOOP('',(#1199,#1200,#1201,#1202));
#274=EDGE_LOOP('',(#1203,#1204,#1205,#1206));
#275=EDGE_LOOP('',(#1207,#1208,#1209,#1210));
#276=EDGE_LOOP('',(#1211,#1212,#1213,#1214));
#277=EDGE_LOOP('',(#1215,#1216,#1217,#1218));
#278=EDGE_LOOP('',(#1219,#1220,#1221,#1222));
#279=EDGE_LOOP('',(#1223,#1224,#1225,#1226));
#280=EDGE_LOOP('',(#1227,#1228,#1229,#1230));
#281=EDGE_LOOP('',(#1231,#1232,#1233,#1234));
#282=EDGE_LOOP('',(#1235,#1236,#1237,#1238));
#283=EDGE_LOOP('',(#1239,#1240,#1241,#1242));
#284=EDGE_LOOP('',(#1243,#1244,#1245,#1246));
#285=EDGE_LOOP('',(#1247,#1248,#1249,#1250));
#286=EDGE_LOOP('',(#1251,#1252,#1253,#1254));
#287=EDGE_LOOP('',(#1255,#1256,#1257,#1258,#1259,#1260,#1261));
#288=EDGE_LOOP('',(#1262,#1263,#1264,#1265,#1266,#1267,#1268));
#289=EDGE_LOOP('',(#1269,#1270,#1271,#1272,#1273,#1274,#1275));
#290=EDGE_LOOP('',(#1276,#1277,#1278,#1279));
#291=EDGE_LOOP('',(#1280,#1281,#1282,#1283,#1284,#1285,#1286,#1287));
#292=EDGE_LOOP('',(#1288,#1289,#1290,#1291,#1292,#1293,#1294,#1295));
#293=EDGE_LOOP('',(#1296,#1297,#1298,#1299,#1300,#1301,#1302,#1303));
#294=EDGE_LOOP('',(#1304,#1305,#1306,#1307,#1308,#1309));
#295=EDGE_LOOP('',(#1310,#1311,#1312,#1313,#1314,#1315,#1316,#1317,#1318,
#1319,#1320,#1321,#1322,#1323,#1324,#1325,#1326,#1327,#1328,#1329,#1330,
#1331,#1332,#1333));
#296=LINE('',#2063,#434);
#297=LINE('',#2065,#435);
#298=LINE('',#2067,#436);
#299=LINE('',#2068,#437);
#300=LINE('',#2073,#438);
#301=LINE('',#2078,#439);
#302=LINE('',#2085,#440);
#303=LINE('',#2090,#441);
#304=LINE('',#2091,#442);
#305=LINE('',#2092,#443);
#306=LINE('',#2095,#444);
#307=LINE('',#2097,#445);
#308=LINE('',#2098,#446);
#309=LINE('',#2101,#447);
#310=LINE('',#2105,#448);
#311=LINE('',#2109,#449);
#312=LINE('',#2113,#450);
#313=LINE('',#2114,#451);
#314=LINE('',#2118,#452);
#315=LINE('',#2120,#453);
#316=LINE('',#2122,#454);
#317=LINE('',#2123,#455);
#318=LINE('',#2128,#456);
#319=LINE('',#2133,#457);
#320=LINE('',#2140,#458);
#321=LINE('',#2145,#459);
#322=LINE('',#2146,#460);
#323=LINE('',#2147,#461);
#324=LINE('',#2150,#462);
#325=LINE('',#2152,#463);
#326=LINE('',#2153,#464);
#327=LINE('',#2156,#465);
#328=LINE('',#2160,#466);
#329=LINE('',#2164,#467);
#330=LINE('',#2168,#468);
#331=LINE('',#2169,#469);
#332=LINE('',#2173,#470);
#333=LINE('',#2175,#471);
#334=LINE('',#2177,#472);
#335=LINE('',#2178,#473);
#336=LINE('',#2183,#474);
#337=LINE('',#2188,#475);
#338=LINE('',#2195,#476);
#339=LINE('',#2200,#477);
#340=LINE('',#2201,#478);
#341=LINE('',#2202,#479);
#342=LINE('',#2205,#480);
#343=LINE('',#2207,#481);
#344=LINE('',#2208,#482);
#345=LINE('',#2211,#483);
#346=LINE('',#2215,#484);
#347=LINE('',#2219,#485);
#348=LINE('',#2223,#486);
#349=LINE('',#2224,#487);
#350=LINE('',#2227,#488);
#351=LINE('',#2229,#489);
#352=LINE('',#2230,#490);
#353=LINE('',#2233,#491);
#354=LINE('',#2237,#492);
#355=LINE('',#2241,#493);
#356=LINE('',#2245,#494);
#357=LINE('',#2246,#495);
#358=LINE('',#2249,#496);
#359=LINE('',#2251,#497);
#360=LINE('',#2253,#498);
#361=LINE('',#2255,#499);
#362=LINE('',#2256,#500);
#363=LINE('',#2259,#501);
#364=LINE('',#2261,#502);
#365=LINE('',#2262,#503);
#366=LINE('',#2265,#504);
#367=LINE('',#2269,#505);
#368=LINE('',#2273,#506);
#369=LINE('',#2277,#507);
#370=LINE('',#2278,#508);
#371=LINE('',#2281,#509);
#372=LINE('',#2283,#510);
#373=LINE('',#2285,#511);
#374=LINE('',#2287,#512);
#375=LINE('',#2288,#513);
#376=LINE('',#2291,#514);
#377=LINE('',#2293,#515);
#378=LINE('',#2294,#516);
#379=LINE('',#2297,#517);
#380=LINE('',#2301,#518);
#381=LINE('',#2305,#519);
#382=LINE('',#2309,#520);
#383=LINE('',#2310,#521);
#384=LINE('',#2312,#522);
#385=LINE('',#2314,#523);
#386=LINE('',#2316,#524);
#387=LINE('',#2317,#525);
#388=LINE('',#2323,#526);
#389=LINE('',#2326,#527);
#390=LINE('',#2329,#528);
#391=LINE('',#2331,#529);
#392=LINE('',#2332,#530);
#393=LINE('',#2338,#531);
#394=LINE('',#2343,#532);
#395=LINE('',#2346,#533);
#396=LINE('',#2348,#534);
#397=LINE('',#2349,#535);
#398=LINE('',#2355,#536);
#399=LINE('',#2363,#537);
#400=LINE('',#2371,#538);
#401=LINE('',#2379,#539);
#402=LINE('',#2387,#540);
#403=LINE('',#2392,#541);
#404=LINE('',#2395,#542);
#405=LINE('',#2396,#543);
#406=LINE('',#2399,#544);
#407=LINE('',#2403,#545);
#408=LINE('',#2407,#546);
#409=LINE('',#2411,#547);
#410=LINE('',#2412,#548);
#411=LINE('',#2416,#549);
#412=LINE('',#2419,#550);
#413=LINE('',#2424,#551);
#414=LINE('',#2427,#552);
#415=LINE('',#2428,#553);
#416=LINE('',#2431,#554);
#417=LINE('',#2435,#555);
#418=LINE('',#2439,#556);
#419=LINE('',#2443,#557);
#420=LINE('',#2444,#558);
#421=LINE('',#2448,#559);
#422=LINE('',#2451,#560);
#423=LINE('',#2455,#561);
#424=LINE('',#2458,#562);
#425=LINE('',#2464,#563);
#426=LINE('',#2466,#564);
#427=LINE('',#2468,#565);
#428=LINE('',#2470,#566);
#429=LINE('',#2472,#567);
#430=LINE('',#2475,#568);
#431=LINE('',#2476,#569);
#432=LINE('',#2478,#570);
#433=LINE('',#2480,#571);
#434=VECTOR('',#1619,10.);
#435=VECTOR('',#1620,10.);
#436=VECTOR('',#1621,10.);
#437=VECTOR('',#1622,10.);
#438=VECTOR('',#1627,10.);
#439=VECTOR('',#1632,10.);
#440=VECTOR('',#1641,10.);
#441=VECTOR('',#1646,10.);
#442=VECTOR('',#1647,10.);
#443=VECTOR('',#1648,10.);
#444=VECTOR('',#1651,10.);
#445=VECTOR('',#1652,10.);
#446=VECTOR('',#1653,10.);
#447=VECTOR('',#1656,10.);
#448=VECTOR('',#1661,10.);
#449=VECTOR('',#1666,10.);
#450=VECTOR('',#1671,10.);
#451=VECTOR('',#1672,10.);
#452=VECTOR('',#1675,10.);
#453=VECTOR('',#1676,10.);
#454=VECTOR('',#1677,10.);
#455=VECTOR('',#1678,10.);
#456=VECTOR('',#1683,10.);
#457=VECTOR('',#1688,10.);
#458=VECTOR('',#1697,10.);
#459=VECTOR('',#1702,10.);
#460=VECTOR('',#1703,10.);
#461=VECTOR('',#1704,10.);
#462=VECTOR('',#1707,10.);
#463=VECTOR('',#1708,10.);
#464=VECTOR('',#1709,10.);
#465=VECTOR('',#1712,10.);
#466=VECTOR('',#1717,10.);
#467=VECTOR('',#1722,10.);
#468=VECTOR('',#1727,10.);
#469=VECTOR('',#1728,10.);
#470=VECTOR('',#1731,10.);
#471=VECTOR('',#1732,10.);
#472=VECTOR('',#1733,10.);
#473=VECTOR('',#1734,10.);
#474=VECTOR('',#1739,10.);
#475=VECTOR('',#1744,10.);
#476=VECTOR('',#1753,10.);
#477=VECTOR('',#1758,10.);
#478=VECTOR('',#1759,10.);
#479=VECTOR('',#1760,10.);
#480=VECTOR('',#1763,10.);
#481=VECTOR('',#1764,10.);
#482=VECTOR('',#1765,10.);
#483=VECTOR('',#1768,10.);
#484=VECTOR('',#1773,10.);
#485=VECTOR('',#1778,10.);
#486=VECTOR('',#1783,10.);
#487=VECTOR('',#1784,10.);
#488=VECTOR('',#1787,10.);
#489=VECTOR('',#1788,10.);
#490=VECTOR('',#1789,10.);
#491=VECTOR('',#1792,10.);
#492=VECTOR('',#1797,10.);
#493=VECTOR('',#1802,10.);
#494=VECTOR('',#1807,10.);
#495=VECTOR('',#1808,10.);
#496=VECTOR('',#1811,10.);
#497=VECTOR('',#1812,10.);
#498=VECTOR('',#1813,10.);
#499=VECTOR('',#1814,10.);
#500=VECTOR('',#1815,10.);
#501=VECTOR('',#1818,10.);
#502=VECTOR('',#1819,10.);
#503=VECTOR('',#1820,10.);
#504=VECTOR('',#1823,10.);
#505=VECTOR('',#1828,10.);
#506=VECTOR('',#1833,10.);
#507=VECTOR('',#1838,10.);
#508=VECTOR('',#1839,10.);
#509=VECTOR('',#1842,10.);
#510=VECTOR('',#1843,10.);
#511=VECTOR('',#1844,10.);
#512=VECTOR('',#1845,10.);
#513=VECTOR('',#1846,10.);
#514=VECTOR('',#1849,10.);
#515=VECTOR('',#1850,10.);
#516=VECTOR('',#1851,10.);
#517=VECTOR('',#1854,10.);
#518=VECTOR('',#1859,10.);
#519=VECTOR('',#1864,10.);
#520=VECTOR('',#1869,10.);
#521=VECTOR('',#1870,10.);
#522=VECTOR('',#1873,10.);
#523=VECTOR('',#1874,10.);
#524=VECTOR('',#1875,10.);
#525=VECTOR('',#1876,10.);
#526=VECTOR('',#1881,10.);
#527=VECTOR('',#1884,10.);
#528=VECTOR('',#1887,10.);
#529=VECTOR('',#1888,10.);
#530=VECTOR('',#1889,10.);
#531=VECTOR('',#1896,10.);
#532=VECTOR('',#1901,10.);
#533=VECTOR('',#1906,10.);
#534=VECTOR('',#1907,10.);
#535=VECTOR('',#1908,10.);
#536=VECTOR('',#1913,10.);
#537=VECTOR('',#1920,10.);
#538=VECTOR('',#1927,10.);
#539=VECTOR('',#1934,10.);
#540=VECTOR('',#1941,10.);
#541=VECTOR('',#1948,10.);
#542=VECTOR('',#1951,10.);
#543=VECTOR('',#1952,10.);
#544=VECTOR('',#1955,10.);
#545=VECTOR('',#1960,10.);
#546=VECTOR('',#1965,10.);
#547=VECTOR('',#1970,10.);
#548=VECTOR('',#1971,10.);
#549=VECTOR('',#1976,10.);
#550=VECTOR('',#1979,10.);
#551=VECTOR('',#1986,10.);
#552=VECTOR('',#1989,10.);
#553=VECTOR('',#1990,10.);
#554=VECTOR('',#1993,10.);
#555=VECTOR('',#1998,10.);
#556=VECTOR('',#2003,10.);
#557=VECTOR('',#2008,10.);
#558=VECTOR('',#2009,10.);
#559=VECTOR('',#2014,10.);
#560=VECTOR('',#2017,10.);
#561=VECTOR('',#2022,10.);
#562=VECTOR('',#2025,10.);
#563=VECTOR('',#2034,10.);
#564=VECTOR('',#2037,10.);
#565=VECTOR('',#2040,10.);
#566=VECTOR('',#2043,10.);
#567=VECTOR('',#2046,10.);
#568=VECTOR('',#2049,10.);
#569=VECTOR('',#2050,10.);
#570=VECTOR('',#2053,10.);
#571=VECTOR('',#2056,10.);
#572=VERTEX_POINT('',#2061);
#573=VERTEX_POINT('',#2062);
#574=VERTEX_POINT('',#2064);
#575=VERTEX_POINT('',#2066);
#576=VERTEX_POINT('',#2070);
#577=VERTEX_POINT('',#2072);
#578=VERTEX_POINT('',#2076);
#579=VERTEX_POINT('',#2077);
#580=VERTEX_POINT('',#2082);
#581=VERTEX_POINT('',#2084);
#582=VERTEX_POINT('',#2088);
#583=VERTEX_POINT('',#2089);
#584=VERTEX_POINT('',#2094);
#585=VERTEX_POINT('',#2096);
#586=VERTEX_POINT('',#2100);
#587=VERTEX_POINT('',#2104);
#588=VERTEX_POINT('',#2108);
#589=VERTEX_POINT('',#2112);
#590=VERTEX_POINT('',#2116);
#591=VERTEX_POINT('',#2117);
#592=VERTEX_POINT('',#2119);
#593=VERTEX_POINT('',#2121);
#594=VERTEX_POINT('',#2125);
#595=VERTEX_POINT('',#2127);
#596=VERTEX_POINT('',#2131);
#597=VERTEX_POINT('',#2132);
#598=VERTEX_POINT('',#2137);
#599=VERTEX_POINT('',#2139);
#600=VERTEX_POINT('',#2143);
#601=VERTEX_POINT('',#2144);
#602=VERTEX_POINT('',#2149);
#603=VERTEX_POINT('',#2151);
#604=VERTEX_POINT('',#2155);
#605=VERTEX_POINT('',#2159);
#606=VERTEX_POINT('',#2163);
#607=VERTEX_POINT('',#2167);
#608=VERTEX_POINT('',#2171);
#609=VERTEX_POINT('',#2172);
#610=VERTEX_POINT('',#2174);
#611=VERTEX_POINT('',#2176);
#612=VERTEX_POINT('',#2180);
#613=VERTEX_POINT('',#2182);
#614=VERTEX_POINT('',#2186);
#615=VERTEX_POINT('',#2187);
#616=VERTEX_POINT('',#2192);
#617=VERTEX_POINT('',#2194);
#618=VERTEX_POINT('',#2198);
#619=VERTEX_POINT('',#2199);
#620=VERTEX_POINT('',#2204);
#621=VERTEX_POINT('',#2206);
#622=VERTEX_POINT('',#2210);
#623=VERTEX_POINT('',#2214);
#624=VERTEX_POINT('',#2218);
#625=VERTEX_POINT('',#2222);
#626=VERTEX_POINT('',#2226);
#627=VERTEX_POINT('',#2228);
#628=VERTEX_POINT('',#2232);
#629=VERTEX_POINT('',#2236);
#630=VERTEX_POINT('',#2240);
#631=VERTEX_POINT('',#2244);
#632=VERTEX_POINT('',#2248);
#633=VERTEX_POINT('',#2250);
#634=VERTEX_POINT('',#2252);
#635=VERTEX_POINT('',#2254);
#636=VERTEX_POINT('',#2258);
#637=VERTEX_POINT('',#2260);
#638=VERTEX_POINT('',#2264);
#639=VERTEX_POINT('',#2268);
#640=VERTEX_POINT('',#2272);
#641=VERTEX_POINT('',#2276);
#642=VERTEX_POINT('',#2280);
#643=VERTEX_POINT('',#2282);
#644=VERTEX_POINT('',#2284);
#645=VERTEX_POINT('',#2286);
#646=VERTEX_POINT('',#2290);
#647=VERTEX_POINT('',#2292);
#648=VERTEX_POINT('',#2296);
#649=VERTEX_POINT('',#2300);
#650=VERTEX_POINT('',#2304);
#651=VERTEX_POINT('',#2308);
#652=VERTEX_POINT('',#2313);
#653=VERTEX_POINT('',#2315);
#654=VERTEX_POINT('',#2319);
#655=VERTEX_POINT('',#2320);
#656=VERTEX_POINT('',#2322);
#657=VERTEX_POINT('',#2324);
#658=VERTEX_POINT('',#2328);
#659=VERTEX_POINT('',#2330);
#660=VERTEX_POINT('',#2334);
#661=VERTEX_POINT('',#2336);
#662=VERTEX_POINT('',#2340);
#663=VERTEX_POINT('',#2342);
#664=VERTEX_POINT('',#2347);
#665=VERTEX_POINT('',#2350);
#666=VERTEX_POINT('',#2352);
#667=VERTEX_POINT('',#2354);
#668=VERTEX_POINT('',#2356);
#669=VERTEX_POINT('',#2358);
#670=VERTEX_POINT('',#2360);
#671=VERTEX_POINT('',#2362);
#672=VERTEX_POINT('',#2364);
#673=VERTEX_POINT('',#2366);
#674=VERTEX_POINT('',#2368);
#675=VERTEX_POINT('',#2370);
#676=VERTEX_POINT('',#2372);
#677=VERTEX_POINT('',#2374);
#678=VERTEX_POINT('',#2376);
#679=VERTEX_POINT('',#2378);
#680=VERTEX_POINT('',#2380);
#681=VERTEX_POINT('',#2382);
#682=VERTEX_POINT('',#2384);
#683=VERTEX_POINT('',#2386);
#684=VERTEX_POINT('',#2390);
#685=VERTEX_POINT('',#2394);
#686=VERTEX_POINT('',#2398);
#687=VERTEX_POINT('',#2402);
#688=VERTEX_POINT('',#2406);
#689=VERTEX_POINT('',#2410);
#690=VERTEX_POINT('',#2414);
#691=VERTEX_POINT('',#2418);
#692=VERTEX_POINT('',#2422);
#693=VERTEX_POINT('',#2426);
#694=VERTEX_POINT('',#2430);
#695=VERTEX_POINT('',#2434);
#696=VERTEX_POINT('',#2438);
#697=VERTEX_POINT('',#2442);
#698=VERTEX_POINT('',#2446);
#699=VERTEX_POINT('',#2450);
#700=VERTEX_POINT('',#2454);
#701=VERTEX_POINT('',#2456);
#702=VERTEX_POINT('',#2462);
#703=VERTEX_POINT('',#2474);
#704=EDGE_CURVE('',#572,#573,#296,.T.);
#705=EDGE_CURVE('',#573,#574,#297,.T.);
#706=EDGE_CURVE('',#574,#575,#298,.T.);
#707=EDGE_CURVE('',#575,#572,#299,.T.);
#708=EDGE_CURVE('',#574,#576,#44,.T.);
#709=EDGE_CURVE('',#576,#577,#300,.T.);
#710=EDGE_CURVE('',#577,#575,#45,.T.);
#711=EDGE_CURVE('',#578,#579,#301,.T.);
#712=EDGE_CURVE('',#579,#577,#46,.T.);
#713=EDGE_CURVE('',#576,#578,#47,.T.);
#714=EDGE_CURVE('',#578,#580,#48,.T.);
#715=EDGE_CURVE('',#580,#581,#302,.T.);
#716=EDGE_CURVE('',#581,#579,#49,.T.);
#717=EDGE_CURVE('',#582,#583,#303,.T.);
#718=EDGE_CURVE('',#583,#581,#304,.T.);
#719=EDGE_CURVE('',#580,#582,#305,.T.);
#720=EDGE_CURVE('',#584,#580,#306,.T.);
#721=EDGE_CURVE('',#585,#584,#307,.T.);
#722=EDGE_CURVE('',#582,#585,#308,.T.);
#723=EDGE_CURVE('',#578,#586,#309,.T.);
#724=EDGE_CURVE('',#584,#586,#50,.T.);
#725=EDGE_CURVE('',#587,#576,#310,.T.);
#726=EDGE_CURVE('',#586,#587,#51,.T.);
#727=EDGE_CURVE('',#574,#588,#311,.T.);
#728=EDGE_CURVE('',#587,#588,#52,.T.);
#729=EDGE_CURVE('',#573,#589,#312,.T.);
#730=EDGE_CURVE('',#588,#589,#313,.T.);
#731=EDGE_CURVE('',#590,#591,#314,.T.);
#732=EDGE_CURVE('',#591,#592,#315,.T.);
#733=EDGE_CURVE('',#592,#593,#316,.T.);
#734=EDGE_CURVE('',#593,#590,#317,.T.);
#735=EDGE_CURVE('',#592,#594,#53,.T.);
#736=EDGE_CURVE('',#594,#595,#318,.T.);
#737=EDGE_CURVE('',#595,#593,#54,.T.);
#738=EDGE_CURVE('',#596,#597,#319,.T.);
#739=EDGE_CURVE('',#597,#595,#55,.T.);
#740=EDGE_CURVE('',#594,#596,#56,.T.);
#741=EDGE_CURVE('',#596,#598,#57,.T.);
#742=EDGE_CURVE('',#598,#599,#320,.T.);
#743=EDGE_CURVE('',#599,#597,#58,.T.);
#744=EDGE_CURVE('',#600,#601,#321,.T.);
#745=EDGE_CURVE('',#601,#599,#322,.T.);
#746=EDGE_CURVE('',#598,#600,#323,.T.);
#747=EDGE_CURVE('',#602,#598,#324,.T.);
#748=EDGE_CURVE('',#603,#602,#325,.T.);
#749=EDGE_CURVE('',#600,#603,#326,.T.);
#750=EDGE_CURVE('',#596,#604,#327,.T.);
#751=EDGE_CURVE('',#602,#604,#59,.T.);
#752=EDGE_CURVE('',#605,#594,#328,.T.);
#753=EDGE_CURVE('',#604,#605,#60,.T.);
#754=EDGE_CURVE('',#592,#606,#329,.T.);
#755=EDGE_CURVE('',#605,#606,#61,.T.);
#756=EDGE_CURVE('',#591,#607,#330,.T.);
#757=EDGE_CURVE('',#606,#607,#331,.T.);
#758=EDGE_CURVE('',#608,#609,#332,.T.);
#759=EDGE_CURVE('',#609,#610,#333,.T.);
#760=EDGE_CURVE('',#610,#611,#334,.T.);
#761=EDGE_CURVE('',#611,#608,#335,.T.);
#762=EDGE_CURVE('',#610,#612,#62,.T.);
#763=EDGE_CURVE('',#612,#613,#336,.T.);
#764=EDGE_CURVE('',#613,#611,#63,.T.);
#765=EDGE_CURVE('',#614,#615,#337,.T.);
#766=EDGE_CURVE('',#615,#613,#64,.T.);
#767=EDGE_CURVE('',#612,#614,#65,.T.);
#768=EDGE_CURVE('',#614,#616,#66,.T.);
#769=EDGE_CURVE('',#616,#617,#338,.T.);
#770=EDGE_CURVE('',#617,#615,#67,.T.);
#771=EDGE_CURVE('',#618,#619,#339,.T.);
#772=EDGE_CURVE('',#619,#617,#340,.T.);
#773=EDGE_CURVE('',#616,#618,#341,.T.);
#774=EDGE_CURVE('',#620,#616,#342,.T.);
#775=EDGE_CURVE('',#621,#620,#343,.T.);
#776=EDGE_CURVE('',#618,#621,#344,.T.);
#777=EDGE_CURVE('',#614,#622,#345,.T.);
#778=EDGE_CURVE('',#620,#622,#68,.T.);
#779=EDGE_CURVE('',#623,#612,#346,.T.);
#780=EDGE_CURVE('',#622,#623,#69,.T.);
#781=EDGE_CURVE('',#610,#624,#347,.T.);
#782=EDGE_CURVE('',#623,#624,#70,.T.);
#783=EDGE_CURVE('',#609,#625,#348,.T.);
#784=EDGE_CURVE('',#624,#625,#349,.T.);
#785=EDGE_CURVE('',#626,#621,#350,.T.);
#786=EDGE_CURVE('',#620,#627,#351,.T.);
#787=EDGE_CURVE('',#627,#626,#352,.T.);
#788=EDGE_CURVE('',#622,#628,#353,.T.);
#789=EDGE_CURVE('',#628,#627,#71,.T.);
#790=EDGE_CURVE('',#623,#629,#354,.T.);
#791=EDGE_CURVE('',#629,#628,#72,.T.);
#792=EDGE_CURVE('',#624,#630,#355,.T.);
#793=EDGE_CURVE('',#630,#629,#73,.T.);
#794=EDGE_CURVE('',#625,#631,#356,.T.);
#795=EDGE_CURVE('',#631,#630,#357,.T.);
#796=EDGE_CURVE('',#632,#608,#358,.T.);
#797=EDGE_CURVE('',#632,#633,#359,.T.);
#798=EDGE_CURVE('',#634,#633,#360,.T.);
#799=EDGE_CURVE('',#634,#635,#361,.T.);
#800=EDGE_CURVE('',#631,#635,#362,.T.);
#801=EDGE_CURVE('',#636,#585,#363,.T.);
#802=EDGE_CURVE('',#584,#637,#364,.T.);
#803=EDGE_CURVE('',#637,#636,#365,.T.);
#804=EDGE_CURVE('',#586,#638,#366,.T.);
#805=EDGE_CURVE('',#638,#637,#74,.T.);
#806=EDGE_CURVE('',#587,#639,#367,.T.);
#807=EDGE_CURVE('',#639,#638,#75,.T.);
#808=EDGE_CURVE('',#588,#640,#368,.T.);
#809=EDGE_CURVE('',#640,#639,#76,.T.);
#810=EDGE_CURVE('',#589,#641,#369,.T.);
#811=EDGE_CURVE('',#641,#640,#370,.T.);
#812=EDGE_CURVE('',#642,#636,#371,.T.);
#813=EDGE_CURVE('',#643,#642,#372,.T.);
#814=EDGE_CURVE('',#644,#643,#373,.T.);
#815=EDGE_CURVE('',#645,#644,#374,.T.);
#816=EDGE_CURVE('',#583,#645,#375,.T.);
#817=EDGE_CURVE('',#646,#603,#376,.T.);
#818=EDGE_CURVE('',#602,#647,#377,.T.);
#819=EDGE_CURVE('',#647,#646,#378,.T.);
#820=EDGE_CURVE('',#604,#648,#379,.T.);
#821=EDGE_CURVE('',#648,#647,#77,.T.);
#822=EDGE_CURVE('',#605,#649,#380,.T.);
#823=EDGE_CURVE('',#649,#648,#78,.T.);
#824=EDGE_CURVE('',#606,#650,#381,.T.);
#825=EDGE_CURVE('',#650,#649,#79,.T.);
#826=EDGE_CURVE('',#607,#651,#382,.T.);
#827=EDGE_CURVE('',#651,#650,#383,.T.);
#828=EDGE_CURVE('',#645,#590,#384,.T.);
#829=EDGE_CURVE('',#652,#644,#385,.T.);
#830=EDGE_CURVE('',#652,#653,#386,.T.);
#831=EDGE_CURVE('',#651,#653,#387,.T.);
#832=EDGE_CURVE('',#654,#655,#80,.T.);
#833=EDGE_CURVE('',#655,#656,#388,.T.);
#834=EDGE_CURVE('',#656,#657,#81,.T.);
#835=EDGE_CURVE('',#657,#654,#389,.T.);
#836=EDGE_CURVE('',#658,#655,#390,.F.);
#837=EDGE_CURVE('',#659,#658,#391,.T.);
#838=EDGE_CURVE('',#656,#659,#392,.T.);
#839=EDGE_CURVE('',#660,#659,#82,.T.);
#840=EDGE_CURVE('',#658,#661,#83,.T.);
#841=EDGE_CURVE('',#661,#660,#393,.T.);
#842=EDGE_CURVE('',#662,#661,#84,.F.);
#843=EDGE_CURVE('',#663,#662,#394,.T.);
#844=EDGE_CURVE('',#660,#663,#85,.T.);
#845=EDGE_CURVE('',#601,#632,#395,.T.);
#846=EDGE_CURVE('',#619,#664,#396,.T.);
#847=EDGE_CURVE('',#664,#572,#397,.T.);
#848=EDGE_CURVE('',#654,#665,#86,.F.);
#849=EDGE_CURVE('',#666,#665,#87,.T.);
#850=EDGE_CURVE('',#666,#667,#398,.F.);
#851=EDGE_CURVE('',#668,#667,#88,.T.);
#852=EDGE_CURVE('',#668,#669,#89,.F.);
#853=EDGE_CURVE('',#670,#669,#90,.T.);
#854=EDGE_CURVE('',#670,#671,#399,.F.);
#855=EDGE_CURVE('',#672,#671,#91,.T.);
#856=EDGE_CURVE('',#672,#673,#92,.F.);
#857=EDGE_CURVE('',#674,#673,#93,.T.);
#858=EDGE_CURVE('',#674,#675,#400,.F.);
#859=EDGE_CURVE('',#676,#675,#94,.T.);
#860=EDGE_CURVE('',#676,#677,#95,.F.);
#861=EDGE_CURVE('',#678,#677,#96,.T.);
#862=EDGE_CURVE('',#678,#679,#401,.F.);
#863=EDGE_CURVE('',#680,#679,#97,.T.);
#864=EDGE_CURVE('',#680,#681,#98,.F.);
#865=EDGE_CURVE('',#682,#681,#99,.T.);
#866=EDGE_CURVE('',#682,#683,#402,.F.);
#867=EDGE_CURVE('',#662,#683,#100,.T.);
#868=EDGE_CURVE('',#684,#663,#101,.T.);
#869=EDGE_CURVE('',#683,#684,#403,.T.);
#870=EDGE_CURVE('',#685,#682,#404,.T.);
#871=EDGE_CURVE('',#684,#685,#405,.T.);
#872=EDGE_CURVE('',#681,#686,#406,.T.);
#873=EDGE_CURVE('',#686,#685,#102,.T.);
#874=EDGE_CURVE('',#687,#680,#407,.T.);
#875=EDGE_CURVE('',#686,#687,#103,.T.);
#876=EDGE_CURVE('',#679,#688,#408,.T.);
#877=EDGE_CURVE('',#688,#687,#104,.T.);
#878=EDGE_CURVE('',#689,#678,#409,.T.);
#879=EDGE_CURVE('',#688,#689,#410,.T.);
#880=EDGE_CURVE('',#690,#689,#105,.T.);
#881=EDGE_CURVE('',#677,#690,#411,.T.);
#882=EDGE_CURVE('',#691,#676,#412,.T.);
#883=EDGE_CURVE('',#690,#691,#106,.T.);
#884=EDGE_CURVE('',#692,#691,#107,.T.);
#885=EDGE_CURVE('',#675,#692,#413,.T.);
#886=EDGE_CURVE('',#693,#674,#414,.T.);
#887=EDGE_CURVE('',#692,#693,#415,.T.);
#888=EDGE_CURVE('',#673,#694,#416,.T.);
#889=EDGE_CURVE('',#694,#693,#108,.T.);
#890=EDGE_CURVE('',#695,#672,#417,.T.);
#891=EDGE_CURVE('',#694,#695,#109,.T.);
#892=EDGE_CURVE('',#671,#696,#418,.T.);
#893=EDGE_CURVE('',#696,#695,#110,.T.);
#894=EDGE_CURVE('',#697,#670,#419,.T.);
#895=EDGE_CURVE('',#696,#697,#420,.T.);
#896=EDGE_CURVE('',#698,#697,#111,.T.);
#897=EDGE_CURVE('',#669,#698,#421,.T.);
#898=EDGE_CURVE('',#699,#668,#422,.T.);
#899=EDGE_CURVE('',#698,#699,#112,.T.);
#900=EDGE_CURVE('',#665,#700,#423,.T.);
#901=EDGE_CURVE('',#700,#701,#113,.T.);
#902=EDGE_CURVE('',#701,#666,#424,.T.);
#903=EDGE_CURVE('',#700,#657,#114,.T.);
#904=EDGE_CURVE('',#702,#699,#115,.T.);
#905=EDGE_CURVE('',#667,#702,#425,.T.);
#906=EDGE_CURVE('',#653,#646,#426,.T.);
#907=EDGE_CURVE('',#641,#642,#427,.T.);
#908=EDGE_CURVE('',#635,#626,#428,.T.);
#909=EDGE_CURVE('',#702,#701,#429,.T.);
#910=EDGE_CURVE('',#703,#634,#430,.T.);
#911=EDGE_CURVE('',#664,#703,#431,.T.);
#912=EDGE_CURVE('',#643,#703,#432,.T.);
#913=EDGE_CURVE('',#633,#652,#433,.T.);
#914=ORIENTED_EDGE('',*,*,#704,.T.);
#915=ORIENTED_EDGE('',*,*,#705,.T.);
#916=ORIENTED_EDGE('',*,*,#706,.T.);
#917=ORIENTED_EDGE('',*,*,#707,.T.);
#918=ORIENTED_EDGE('',*,*,#706,.F.);
#919=ORIENTED_EDGE('',*,*,#708,.T.);
#920=ORIENTED_EDGE('',*,*,#709,.T.);
#921=ORIENTED_EDGE('',*,*,#710,.T.);
#922=ORIENTED_EDGE('',*,*,#711,.T.);
#923=ORIENTED_EDGE('',*,*,#712,.T.);
#924=ORIENTED_EDGE('',*,*,#709,.F.);
#925=ORIENTED_EDGE('',*,*,#713,.T.);
#926=ORIENTED_EDGE('',*,*,#711,.F.);
#927=ORIENTED_EDGE('',*,*,#714,.T.);
#928=ORIENTED_EDGE('',*,*,#715,.T.);
#929=ORIENTED_EDGE('',*,*,#716,.T.);
#930=ORIENTED_EDGE('',*,*,#717,.T.);
#931=ORIENTED_EDGE('',*,*,#718,.T.);
#932=ORIENTED_EDGE('',*,*,#715,.F.);
#933=ORIENTED_EDGE('',*,*,#719,.T.);
#934=ORIENTED_EDGE('',*,*,#719,.F.);
#935=ORIENTED_EDGE('',*,*,#720,.F.);
#936=ORIENTED_EDGE('',*,*,#721,.F.);
#937=ORIENTED_EDGE('',*,*,#722,.F.);
#938=ORIENTED_EDGE('',*,*,#714,.F.);
#939=ORIENTED_EDGE('',*,*,#723,.T.);
#940=ORIENTED_EDGE('',*,*,#724,.F.);
#941=ORIENTED_EDGE('',*,*,#720,.T.);
#942=ORIENTED_EDGE('',*,*,#713,.F.);
#943=ORIENTED_EDGE('',*,*,#725,.F.);
#944=ORIENTED_EDGE('',*,*,#726,.F.);
#945=ORIENTED_EDGE('',*,*,#723,.F.);
#946=ORIENTED_EDGE('',*,*,#708,.F.);
#947=ORIENTED_EDGE('',*,*,#727,.T.);
#948=ORIENTED_EDGE('',*,*,#728,.F.);
#949=ORIENTED_EDGE('',*,*,#725,.T.);
#950=ORIENTED_EDGE('',*,*,#705,.F.);
#951=ORIENTED_EDGE('',*,*,#729,.T.);
#952=ORIENTED_EDGE('',*,*,#730,.F.);
#953=ORIENTED_EDGE('',*,*,#727,.F.);
#954=ORIENTED_EDGE('',*,*,#731,.T.);
#955=ORIENTED_EDGE('',*,*,#732,.T.);
#956=ORIENTED_EDGE('',*,*,#733,.T.);
#957=ORIENTED_EDGE('',*,*,#734,.T.);
#958=ORIENTED_EDGE('',*,*,#733,.F.);
#959=ORIENTED_EDGE('',*,*,#735,.T.);
#960=ORIENTED_EDGE('',*,*,#736,.T.);
#961=ORIENTED_EDGE('',*,*,#737,.T.);
#962=ORIENTED_EDGE('',*,*,#738,.T.);
#963=ORIENTED_EDGE('',*,*,#739,.T.);
#964=ORIENTED_EDGE('',*,*,#736,.F.);
#965=ORIENTED_EDGE('',*,*,#740,.T.);
#966=ORIENTED_EDGE('',*,*,#738,.F.);
#967=ORIENTED_EDGE('',*,*,#741,.T.);
#968=ORIENTED_EDGE('',*,*,#742,.T.);
#969=ORIENTED_EDGE('',*,*,#743,.T.);
#970=ORIENTED_EDGE('',*,*,#744,.T.);
#971=ORIENTED_EDGE('',*,*,#745,.T.);
#972=ORIENTED_EDGE('',*,*,#742,.F.);
#973=ORIENTED_EDGE('',*,*,#746,.T.);
#974=ORIENTED_EDGE('',*,*,#746,.F.);
#975=ORIENTED_EDGE('',*,*,#747,.F.);
#976=ORIENTED_EDGE('',*,*,#748,.F.);
#977=ORIENTED_EDGE('',*,*,#749,.F.);
#978=ORIENTED_EDGE('',*,*,#741,.F.);
#979=ORIENTED_EDGE('',*,*,#750,.T.);
#980=ORIENTED_EDGE('',*,*,#751,.F.);
#981=ORIENTED_EDGE('',*,*,#747,.T.);
#982=ORIENTED_EDGE('',*,*,#740,.F.);
#983=ORIENTED_EDGE('',*,*,#752,.F.);
#984=ORIENTED_EDGE('',*,*,#753,.F.);
#985=ORIENTED_EDGE('',*,*,#750,.F.);
#986=ORIENTED_EDGE('',*,*,#735,.F.);
#987=ORIENTED_EDGE('',*,*,#754,.T.);
#988=ORIENTED_EDGE('',*,*,#755,.F.);
#989=ORIENTED_EDGE('',*,*,#752,.T.);
#990=ORIENTED_EDGE('',*,*,#732,.F.);
#991=ORIENTED_EDGE('',*,*,#756,.T.);
#992=ORIENTED_EDGE('',*,*,#757,.F.);
#993=ORIENTED_EDGE('',*,*,#754,.F.);
#994=ORIENTED_EDGE('',*,*,#758,.T.);
#995=ORIENTED_EDGE('',*,*,#759,.T.);
#996=ORIENTED_EDGE('',*,*,#760,.T.);
#997=ORIENTED_EDGE('',*,*,#761,.T.);
#998=ORIENTED_EDGE('',*,*,#760,.F.);
#999=ORIENTED_EDGE('',*,*,#762,.T.);
#1000=ORIENTED_EDGE('',*,*,#763,.T.);
#1001=ORIENTED_EDGE('',*,*,#764,.T.);
#1002=ORIENTED_EDGE('',*,*,#765,.T.);
#1003=ORIENTED_EDGE('',*,*,#766,.T.);
#1004=ORIENTED_EDGE('',*,*,#763,.F.);
#1005=ORIENTED_EDGE('',*,*,#767,.T.);
#1006=ORIENTED_EDGE('',*,*,#765,.F.);
#1007=ORIENTED_EDGE('',*,*,#768,.T.);
#1008=ORIENTED_EDGE('',*,*,#769,.T.);
#1009=ORIENTED_EDGE('',*,*,#770,.T.);
#1010=ORIENTED_EDGE('',*,*,#771,.T.);
#1011=ORIENTED_EDGE('',*,*,#772,.T.);
#1012=ORIENTED_EDGE('',*,*,#769,.F.);
#1013=ORIENTED_EDGE('',*,*,#773,.T.);
#1014=ORIENTED_EDGE('',*,*,#773,.F.);
#1015=ORIENTED_EDGE('',*,*,#774,.F.);
#1016=ORIENTED_EDGE('',*,*,#775,.F.);
#1017=ORIENTED_EDGE('',*,*,#776,.F.);
#1018=ORIENTED_EDGE('',*,*,#768,.F.);
#1019=ORIENTED_EDGE('',*,*,#777,.T.);
#1020=ORIENTED_EDGE('',*,*,#778,.F.);
#1021=ORIENTED_EDGE('',*,*,#774,.T.);
#1022=ORIENTED_EDGE('',*,*,#767,.F.);
#1023=ORIENTED_EDGE('',*,*,#779,.F.);
#1024=ORIENTED_EDGE('',*,*,#780,.F.);
#1025=ORIENTED_EDGE('',*,*,#777,.F.);
#1026=ORIENTED_EDGE('',*,*,#762,.F.);
#1027=ORIENTED_EDGE('',*,*,#781,.T.);
#1028=ORIENTED_EDGE('',*,*,#782,.F.);
#1029=ORIENTED_EDGE('',*,*,#779,.T.);
#1030=ORIENTED_EDGE('',*,*,#759,.F.);
#1031=ORIENTED_EDGE('',*,*,#783,.T.);
#1032=ORIENTED_EDGE('',*,*,#784,.F.);
#1033=ORIENTED_EDGE('',*,*,#781,.F.);
#1034=ORIENTED_EDGE('',*,*,#785,.T.);
#1035=ORIENTED_EDGE('',*,*,#775,.T.);
#1036=ORIENTED_EDGE('',*,*,#786,.T.);
#1037=ORIENTED_EDGE('',*,*,#787,.T.);
#1038=ORIENTED_EDGE('',*,*,#786,.F.);
#1039=ORIENTED_EDGE('',*,*,#778,.T.);
#1040=ORIENTED_EDGE('',*,*,#788,.T.);
#1041=ORIENTED_EDGE('',*,*,#789,.T.);
#1042=ORIENTED_EDGE('',*,*,#790,.T.);
#1043=ORIENTED_EDGE('',*,*,#791,.T.);
#1044=ORIENTED_EDGE('',*,*,#788,.F.);
#1045=ORIENTED_EDGE('',*,*,#780,.T.);
#1046=ORIENTED_EDGE('',*,*,#790,.F.);
#1047=ORIENTED_EDGE('',*,*,#782,.T.);
#1048=ORIENTED_EDGE('',*,*,#792,.T.);
#1049=ORIENTED_EDGE('',*,*,#793,.T.);
#1050=ORIENTED_EDGE('',*,*,#794,.T.);
#1051=ORIENTED_EDGE('',*,*,#795,.T.);
#1052=ORIENTED_EDGE('',*,*,#792,.F.);
#1053=ORIENTED_EDGE('',*,*,#784,.T.);
#1054=ORIENTED_EDGE('',*,*,#794,.F.);
#1055=ORIENTED_EDGE('',*,*,#783,.F.);
#1056=ORIENTED_EDGE('',*,*,#758,.F.);
#1057=ORIENTED_EDGE('',*,*,#796,.F.);
#1058=ORIENTED_EDGE('',*,*,#797,.T.);
#1059=ORIENTED_EDGE('',*,*,#798,.F.);
#1060=ORIENTED_EDGE('',*,*,#799,.T.);
#1061=ORIENTED_EDGE('',*,*,#800,.F.);
#1062=ORIENTED_EDGE('',*,*,#801,.T.);
#1063=ORIENTED_EDGE('',*,*,#721,.T.);
#1064=ORIENTED_EDGE('',*,*,#802,.T.);
#1065=ORIENTED_EDGE('',*,*,#803,.T.);
#1066=ORIENTED_EDGE('',*,*,#802,.F.);
#1067=ORIENTED_EDGE('',*,*,#724,.T.);
#1068=ORIENTED_EDGE('',*,*,#804,.T.);
#1069=ORIENTED_EDGE('',*,*,#805,.T.);
#1070=ORIENTED_EDGE('',*,*,#806,.T.);
#1071=ORIENTED_EDGE('',*,*,#807,.T.);
#1072=ORIENTED_EDGE('',*,*,#804,.F.);
#1073=ORIENTED_EDGE('',*,*,#726,.T.);
#1074=ORIENTED_EDGE('',*,*,#806,.F.);
#1075=ORIENTED_EDGE('',*,*,#728,.T.);
#1076=ORIENTED_EDGE('',*,*,#808,.T.);
#1077=ORIENTED_EDGE('',*,*,#809,.T.);
#1078=ORIENTED_EDGE('',*,*,#810,.T.);
#1079=ORIENTED_EDGE('',*,*,#811,.T.);
#1080=ORIENTED_EDGE('',*,*,#808,.F.);
#1081=ORIENTED_EDGE('',*,*,#730,.T.);
#1082=ORIENTED_EDGE('',*,*,#801,.F.);
#1083=ORIENTED_EDGE('',*,*,#812,.F.);
#1084=ORIENTED_EDGE('',*,*,#813,.F.);
#1085=ORIENTED_EDGE('',*,*,#814,.F.);
#1086=ORIENTED_EDGE('',*,*,#815,.F.);
#1087=ORIENTED_EDGE('',*,*,#816,.F.);
#1088=ORIENTED_EDGE('',*,*,#717,.F.);
#1089=ORIENTED_EDGE('',*,*,#722,.T.);
#1090=ORIENTED_EDGE('',*,*,#817,.T.);
#1091=ORIENTED_EDGE('',*,*,#748,.T.);
#1092=ORIENTED_EDGE('',*,*,#818,.T.);
#1093=ORIENTED_EDGE('',*,*,#819,.T.);
#1094=ORIENTED_EDGE('',*,*,#818,.F.);
#1095=ORIENTED_EDGE('',*,*,#751,.T.);
#1096=ORIENTED_EDGE('',*,*,#820,.T.);
#1097=ORIENTED_EDGE('',*,*,#821,.T.);
#1098=ORIENTED_EDGE('',*,*,#822,.T.);
#1099=ORIENTED_EDGE('',*,*,#823,.T.);
#1100=ORIENTED_EDGE('',*,*,#820,.F.);
#1101=ORIENTED_EDGE('',*,*,#753,.T.);
#1102=ORIENTED_EDGE('',*,*,#822,.F.);
#1103=ORIENTED_EDGE('',*,*,#755,.T.);
#1104=ORIENTED_EDGE('',*,*,#824,.T.);
#1105=ORIENTED_EDGE('',*,*,#825,.T.);
#1106=ORIENTED_EDGE('',*,*,#826,.T.);
#1107=ORIENTED_EDGE('',*,*,#827,.T.);
#1108=ORIENTED_EDGE('',*,*,#824,.F.);
#1109=ORIENTED_EDGE('',*,*,#757,.T.);
#1110=ORIENTED_EDGE('',*,*,#826,.F.);
#1111=ORIENTED_EDGE('',*,*,#756,.F.);
#1112=ORIENTED_EDGE('',*,*,#731,.F.);
#1113=ORIENTED_EDGE('',*,*,#828,.F.);
#1114=ORIENTED_EDGE('',*,*,#815,.T.);
#1115=ORIENTED_EDGE('',*,*,#829,.F.);
#1116=ORIENTED_EDGE('',*,*,#830,.T.);
#1117=ORIENTED_EDGE('',*,*,#831,.F.);
#1118=ORIENTED_EDGE('',*,*,#832,.T.);
#1119=ORIENTED_EDGE('',*,*,#833,.T.);
#1120=ORIENTED_EDGE('',*,*,#834,.T.);
#1121=ORIENTED_EDGE('',*,*,#835,.T.);
#1122=ORIENTED_EDGE('',*,*,#833,.F.);
#1123=ORIENTED_EDGE('',*,*,#836,.F.);
#1124=ORIENTED_EDGE('',*,*,#837,.F.);
#1125=ORIENTED_EDGE('',*,*,#838,.F.);
#1126=ORIENTED_EDGE('',*,*,#839,.T.);
#1127=ORIENTED_EDGE('',*,*,#837,.T.);
#1128=ORIENTED_EDGE('',*,*,#840,.T.);
#1129=ORIENTED_EDGE('',*,*,#841,.T.);
#1130=ORIENTED_EDGE('',*,*,#841,.F.);
#1131=ORIENTED_EDGE('',*,*,#842,.F.);
#1132=ORIENTED_EDGE('',*,*,#843,.F.);
#1133=ORIENTED_EDGE('',*,*,#844,.F.);
#1134=ORIENTED_EDGE('',*,*,#718,.F.);
#1135=ORIENTED_EDGE('',*,*,#816,.T.);
#1136=ORIENTED_EDGE('',*,*,#828,.T.);
#1137=ORIENTED_EDGE('',*,*,#734,.F.);
#1138=ORIENTED_EDGE('',*,*,#737,.F.);
#1139=ORIENTED_EDGE('',*,*,#739,.F.);
#1140=ORIENTED_EDGE('',*,*,#743,.F.);
#1141=ORIENTED_EDGE('',*,*,#745,.F.);
#1142=ORIENTED_EDGE('',*,*,#845,.T.);
#1143=ORIENTED_EDGE('',*,*,#796,.T.);
#1144=ORIENTED_EDGE('',*,*,#761,.F.);
#1145=ORIENTED_EDGE('',*,*,#764,.F.);
#1146=ORIENTED_EDGE('',*,*,#766,.F.);
#1147=ORIENTED_EDGE('',*,*,#770,.F.);
#1148=ORIENTED_EDGE('',*,*,#772,.F.);
#1149=ORIENTED_EDGE('',*,*,#846,.T.);
#1150=ORIENTED_EDGE('',*,*,#847,.T.);
#1151=ORIENTED_EDGE('',*,*,#707,.F.);
#1152=ORIENTED_EDGE('',*,*,#710,.F.);
#1153=ORIENTED_EDGE('',*,*,#712,.F.);
#1154=ORIENTED_EDGE('',*,*,#716,.F.);
#1155=ORIENTED_EDGE('',*,*,#840,.F.);
#1156=ORIENTED_EDGE('',*,*,#836,.T.);
#1157=ORIENTED_EDGE('',*,*,#832,.F.);
#1158=ORIENTED_EDGE('',*,*,#848,.T.);
#1159=ORIENTED_EDGE('',*,*,#849,.F.);
#1160=ORIENTED_EDGE('',*,*,#850,.T.);
#1161=ORIENTED_EDGE('',*,*,#851,.F.);
#1162=ORIENTED_EDGE('',*,*,#852,.T.);
#1163=ORIENTED_EDGE('',*,*,#853,.F.);
#1164=ORIENTED_EDGE('',*,*,#854,.T.);
#1165=ORIENTED_EDGE('',*,*,#855,.F.);
#1166=ORIENTED_EDGE('',*,*,#856,.T.);
#1167=ORIENTED_EDGE('',*,*,#857,.F.);
#1168=ORIENTED_EDGE('',*,*,#858,.T.);
#1169=ORIENTED_EDGE('',*,*,#859,.F.);
#1170=ORIENTED_EDGE('',*,*,#860,.T.);
#1171=ORIENTED_EDGE('',*,*,#861,.F.);
#1172=ORIENTED_EDGE('',*,*,#862,.T.);
#1173=ORIENTED_EDGE('',*,*,#863,.F.);
#1174=ORIENTED_EDGE('',*,*,#864,.T.);
#1175=ORIENTED_EDGE('',*,*,#865,.F.);
#1176=ORIENTED_EDGE('',*,*,#866,.T.);
#1177=ORIENTED_EDGE('',*,*,#867,.F.);
#1178=ORIENTED_EDGE('',*,*,#842,.T.);
#1179=ORIENTED_EDGE('',*,*,#868,.T.);
#1180=ORIENTED_EDGE('',*,*,#843,.T.);
#1181=ORIENTED_EDGE('',*,*,#867,.T.);
#1182=ORIENTED_EDGE('',*,*,#869,.T.);
#1183=ORIENTED_EDGE('',*,*,#869,.F.);
#1184=ORIENTED_EDGE('',*,*,#866,.F.);
#1185=ORIENTED_EDGE('',*,*,#870,.F.);
#1186=ORIENTED_EDGE('',*,*,#871,.F.);
#1187=ORIENTED_EDGE('',*,*,#865,.T.);
#1188=ORIENTED_EDGE('',*,*,#872,.T.);
#1189=ORIENTED_EDGE('',*,*,#873,.T.);
#1190=ORIENTED_EDGE('',*,*,#870,.T.);
#1191=ORIENTED_EDGE('',*,*,#872,.F.);
#1192=ORIENTED_EDGE('',*,*,#864,.F.);
#1193=ORIENTED_EDGE('',*,*,#874,.F.);
#1194=ORIENTED_EDGE('',*,*,#875,.F.);
#1195=ORIENTED_EDGE('',*,*,#863,.T.);
#1196=ORIENTED_EDGE('',*,*,#876,.T.);
#1197=ORIENTED_EDGE('',*,*,#877,.T.);
#1198=ORIENTED_EDGE('',*,*,#874,.T.);
#1199=ORIENTED_EDGE('',*,*,#876,.F.);
#1200=ORIENTED_EDGE('',*,*,#862,.F.);
#1201=ORIENTED_EDGE('',*,*,#878,.F.);
#1202=ORIENTED_EDGE('',*,*,#879,.F.);
#1203=ORIENTED_EDGE('',*,*,#880,.T.);
#1204=ORIENTED_EDGE('',*,*,#878,.T.);
#1205=ORIENTED_EDGE('',*,*,#861,.T.);
#1206=ORIENTED_EDGE('',*,*,#881,.T.);
#1207=ORIENTED_EDGE('',*,*,#881,.F.);
#1208=ORIENTED_EDGE('',*,*,#860,.F.);
#1209=ORIENTED_EDGE('',*,*,#882,.F.);
#1210=ORIENTED_EDGE('',*,*,#883,.F.);
#1211=ORIENTED_EDGE('',*,*,#884,.T.);
#1212=ORIENTED_EDGE('',*,*,#882,.T.);
#1213=ORIENTED_EDGE('',*,*,#859,.T.);
#1214=ORIENTED_EDGE('',*,*,#885,.T.);
#1215=ORIENTED_EDGE('',*,*,#885,.F.);
#1216=ORIENTED_EDGE('',*,*,#858,.F.);
#1217=ORIENTED_EDGE('',*,*,#886,.F.);
#1218=ORIENTED_EDGE('',*,*,#887,.F.);
#1219=ORIENTED_EDGE('',*,*,#857,.T.);
#1220=ORIENTED_EDGE('',*,*,#888,.T.);
#1221=ORIENTED_EDGE('',*,*,#889,.T.);
#1222=ORIENTED_EDGE('',*,*,#886,.T.);
#1223=ORIENTED_EDGE('',*,*,#888,.F.);
#1224=ORIENTED_EDGE('',*,*,#856,.F.);
#1225=ORIENTED_EDGE('',*,*,#890,.F.);
#1226=ORIENTED_EDGE('',*,*,#891,.F.);
#1227=ORIENTED_EDGE('',*,*,#855,.T.);
#1228=ORIENTED_EDGE('',*,*,#892,.T.);
#1229=ORIENTED_EDGE('',*,*,#893,.T.);
#1230=ORIENTED_EDGE('',*,*,#890,.T.);
#1231=ORIENTED_EDGE('',*,*,#892,.F.);
#1232=ORIENTED_EDGE('',*,*,#854,.F.);
#1233=ORIENTED_EDGE('',*,*,#894,.F.);
#1234=ORIENTED_EDGE('',*,*,#895,.F.);
#1235=ORIENTED_EDGE('',*,*,#896,.T.);
#1236=ORIENTED_EDGE('',*,*,#894,.T.);
#1237=ORIENTED_EDGE('',*,*,#853,.T.);
#1238=ORIENTED_EDGE('',*,*,#897,.T.);
#1239=ORIENTED_EDGE('',*,*,#897,.F.);
#1240=ORIENTED_EDGE('',*,*,#852,.F.);
#1241=ORIENTED_EDGE('',*,*,#898,.F.);
#1242=ORIENTED_EDGE('',*,*,#899,.F.);
#1243=ORIENTED_EDGE('',*,*,#849,.T.);
#1244=ORIENTED_EDGE('',*,*,#900,.T.);
#1245=ORIENTED_EDGE('',*,*,#901,.T.);
#1246=ORIENTED_EDGE('',*,*,#902,.T.);
#1247=ORIENTED_EDGE('',*,*,#835,.F.);
#1248=ORIENTED_EDGE('',*,*,#903,.F.);
#1249=ORIENTED_EDGE('',*,*,#900,.F.);
#1250=ORIENTED_EDGE('',*,*,#848,.F.);
#1251=ORIENTED_EDGE('',*,*,#904,.T.);
#1252=ORIENTED_EDGE('',*,*,#898,.T.);
#1253=ORIENTED_EDGE('',*,*,#851,.T.);
#1254=ORIENTED_EDGE('',*,*,#905,.T.);
#1255=ORIENTED_EDGE('',*,*,#827,.F.);
#1256=ORIENTED_EDGE('',*,*,#831,.T.);
#1257=ORIENTED_EDGE('',*,*,#906,.T.);
#1258=ORIENTED_EDGE('',*,*,#819,.F.);
#1259=ORIENTED_EDGE('',*,*,#821,.F.);
#1260=ORIENTED_EDGE('',*,*,#823,.F.);
#1261=ORIENTED_EDGE('',*,*,#825,.F.);
#1262=ORIENTED_EDGE('',*,*,#811,.F.);
#1263=ORIENTED_EDGE('',*,*,#907,.T.);
#1264=ORIENTED_EDGE('',*,*,#812,.T.);
#1265=ORIENTED_EDGE('',*,*,#803,.F.);
#1266=ORIENTED_EDGE('',*,*,#805,.F.);
#1267=ORIENTED_EDGE('',*,*,#807,.F.);
#1268=ORIENTED_EDGE('',*,*,#809,.F.);
#1269=ORIENTED_EDGE('',*,*,#795,.F.);
#1270=ORIENTED_EDGE('',*,*,#800,.T.);
#1271=ORIENTED_EDGE('',*,*,#908,.T.);
#1272=ORIENTED_EDGE('',*,*,#787,.F.);
#1273=ORIENTED_EDGE('',*,*,#789,.F.);
#1274=ORIENTED_EDGE('',*,*,#791,.F.);
#1275=ORIENTED_EDGE('',*,*,#793,.F.);
#1276=ORIENTED_EDGE('',*,*,#902,.F.);
#1277=ORIENTED_EDGE('',*,*,#909,.F.);
#1278=ORIENTED_EDGE('',*,*,#905,.F.);
#1279=ORIENTED_EDGE('',*,*,#850,.F.);
#1280=ORIENTED_EDGE('',*,*,#785,.F.);
#1281=ORIENTED_EDGE('',*,*,#908,.F.);
#1282=ORIENTED_EDGE('',*,*,#799,.F.);
#1283=ORIENTED_EDGE('',*,*,#910,.F.);
#1284=ORIENTED_EDGE('',*,*,#911,.F.);
#1285=ORIENTED_EDGE('',*,*,#846,.F.);
#1286=ORIENTED_EDGE('',*,*,#771,.F.);
#1287=ORIENTED_EDGE('',*,*,#776,.T.);
#1288=ORIENTED_EDGE('',*,*,#810,.F.);
#1289=ORIENTED_EDGE('',*,*,#729,.F.);
#1290=ORIENTED_EDGE('',*,*,#704,.F.);
#1291=ORIENTED_EDGE('',*,*,#847,.F.);
#1292=ORIENTED_EDGE('',*,*,#911,.T.);
#1293=ORIENTED_EDGE('',*,*,#912,.F.);
#1294=ORIENTED_EDGE('',*,*,#813,.T.);
#1295=ORIENTED_EDGE('',*,*,#907,.F.);
#1296=ORIENTED_EDGE('',*,*,#817,.F.);
#1297=ORIENTED_EDGE('',*,*,#906,.F.);
#1298=ORIENTED_EDGE('',*,*,#830,.F.);
#1299=ORIENTED_EDGE('',*,*,#913,.F.);
#1300=ORIENTED_EDGE('',*,*,#797,.F.);
#1301=ORIENTED_EDGE('',*,*,#845,.F.);
#1302=ORIENTED_EDGE('',*,*,#744,.F.);
#1303=ORIENTED_EDGE('',*,*,#749,.T.);
#1304=ORIENTED_EDGE('',*,*,#798,.T.);
#1305=ORIENTED_EDGE('',*,*,#913,.T.);
#1306=ORIENTED_EDGE('',*,*,#829,.T.);
#1307=ORIENTED_EDGE('',*,*,#814,.T.);
#1308=ORIENTED_EDGE('',*,*,#912,.T.);
#1309=ORIENTED_EDGE('',*,*,#910,.T.);
#1310=ORIENTED_EDGE('',*,*,#839,.F.);
#1311=ORIENTED_EDGE('',*,*,#844,.T.);
#1312=ORIENTED_EDGE('',*,*,#868,.F.);
#1313=ORIENTED_EDGE('',*,*,#871,.T.);
#1314=ORIENTED_EDGE('',*,*,#873,.F.);
#1315=ORIENTED_EDGE('',*,*,#875,.T.);
#1316=ORIENTED_EDGE('',*,*,#877,.F.);
#1317=ORIENTED_EDGE('',*,*,#879,.T.);
#1318=ORIENTED_EDGE('',*,*,#880,.F.);
#1319=ORIENTED_EDGE('',*,*,#883,.T.);
#1320=ORIENTED_EDGE('',*,*,#884,.F.);
#1321=ORIENTED_EDGE('',*,*,#887,.T.);
#1322=ORIENTED_EDGE('',*,*,#889,.F.);
#1323=ORIENTED_EDGE('',*,*,#891,.T.);
#1324=ORIENTED_EDGE('',*,*,#893,.F.);
#1325=ORIENTED_EDGE('',*,*,#895,.T.);
#1326=ORIENTED_EDGE('',*,*,#896,.F.);
#1327=ORIENTED_EDGE('',*,*,#899,.T.);
#1328=ORIENTED_EDGE('',*,*,#904,.F.);
#1329=ORIENTED_EDGE('',*,*,#909,.T.);
#1330=ORIENTED_EDGE('',*,*,#901,.F.);
#1331=ORIENTED_EDGE('',*,*,#903,.T.);
#1332=ORIENTED_EDGE('',*,*,#834,.F.);
#1333=ORIENTED_EDGE('',*,*,#838,.T.);
#1334=PLANE('',#1463);
#1335=PLANE('',#1473);
#1336=PLANE('',#1474);
#1337=PLANE('',#1481);
#1338=PLANE('',#1482);
#1339=PLANE('',#1492);
#1340=PLANE('',#1493);
#1341=PLANE('',#1500);
#1342=PLANE('',#1501);
#1343=PLANE('',#1511);
#1344=PLANE('',#1512);
#1345=PLANE('',#1519);
#1346=PLANE('',#1520);
#1347=PLANE('',#1527);
#1348=PLANE('',#1528);
#1349=PLANE('',#1529);
#1350=PLANE('',#1536);
#1351=PLANE('',#1537);
#1352=PLANE('',#1538);
#1353=PLANE('',#1545);
#1354=PLANE('',#1546);
#1355=PLANE('',#1550);
#1356=PLANE('',#1557);
#1357=PLANE('',#1575);
#1358=PLANE('',#1582);
#1359=PLANE('',#1589);
#1360=PLANE('',#1596);
#1361=PLANE('',#1607);
#1362=PLANE('',#1608);
#1363=PLANE('',#1609);
#1364=PLANE('',#1610);
#1365=PLANE('',#1611);
#1366=PLANE('',#1612);
#1367=PLANE('',#1613);
#1368=PLANE('',#1614);
#1369=ADVANCED_FACE('',(#134),#1334,.T.);
#1370=ADVANCED_FACE('',(#135),#116,.T.);
#1371=ADVANCED_FACE('',(#136),#117,.F.);
#1372=ADVANCED_FACE('',(#137),#118,.T.);
#1373=ADVANCED_FACE('',(#138),#1335,.T.);
#1374=ADVANCED_FACE('',(#139),#1336,.T.);
#1375=ADVANCED_FACE('',(#140),#17,.T.);
#1376=ADVANCED_FACE('',(#141),#18,.F.);
#1377=ADVANCED_FACE('',(#142),#19,.T.);
#1378=ADVANCED_FACE('',(#143),#1337,.T.);
#1379=ADVANCED_FACE('',(#144),#1338,.T.);
#1380=ADVANCED_FACE('',(#145),#119,.T.);
#1381=ADVANCED_FACE('',(#146),#120,.F.);
#1382=ADVANCED_FACE('',(#147),#121,.T.);
#1383=ADVANCED_FACE('',(#148),#1339,.T.);
#1384=ADVANCED_FACE('',(#149),#1340,.T.);
#1385=ADVANCED_FACE('',(#150),#20,.T.);
#1386=ADVANCED_FACE('',(#151),#21,.F.);
#1387=ADVANCED_FACE('',(#152),#22,.T.);
#1388=ADVANCED_FACE('',(#153),#1341,.T.);
#1389=ADVANCED_FACE('',(#154),#1342,.T.);
#1390=ADVANCED_FACE('',(#155),#122,.T.);
#1391=ADVANCED_FACE('',(#156),#123,.F.);
#1392=ADVANCED_FACE('',(#157),#124,.T.);
#1393=ADVANCED_FACE('',(#158),#1343,.T.);
#1394=ADVANCED_FACE('',(#159),#1344,.T.);
#1395=ADVANCED_FACE('',(#160),#23,.T.);
#1396=ADVANCED_FACE('',(#161),#24,.F.);
#1397=ADVANCED_FACE('',(#162),#25,.T.);
#1398=ADVANCED_FACE('',(#163),#1345,.T.);
#1399=ADVANCED_FACE('',(#164),#1346,.T.);
#1400=ADVANCED_FACE('',(#165),#125,.T.);
#1401=ADVANCED_FACE('',(#166),#126,.F.);
#1402=ADVANCED_FACE('',(#167),#127,.T.);
#1403=ADVANCED_FACE('',(#168),#1347,.T.);
#1404=ADVANCED_FACE('',(#169),#1348,.T.);
#1405=ADVANCED_FACE('',(#170),#1349,.T.);
#1406=ADVANCED_FACE('',(#171),#128,.T.);
#1407=ADVANCED_FACE('',(#172),#129,.F.);
#1408=ADVANCED_FACE('',(#173),#130,.T.);
#1409=ADVANCED_FACE('',(#174),#1350,.T.);
#1410=ADVANCED_FACE('',(#175),#1351,.T.);
#1411=ADVANCED_FACE('',(#176),#1352,.T.);
#1412=ADVANCED_FACE('',(#177),#131,.T.);
#1413=ADVANCED_FACE('',(#178),#132,.F.);
#1414=ADVANCED_FACE('',(#179),#133,.T.);
#1415=ADVANCED_FACE('',(#180),#1353,.T.);
#1416=ADVANCED_FACE('',(#181),#1354,.T.);
#1417=ADVANCED_FACE('',(#182),#26,.F.);
#1418=ADVANCED_FACE('',(#183),#1355,.T.);
#1419=ADVANCED_FACE('',(#184),#27,.T.);
#1420=ADVANCED_FACE('',(#185),#28,.F.);
#1421=ADVANCED_FACE('',(#186,#15),#1356,.T.);
#1422=ADVANCED_FACE('',(#187),#29,.T.);
#1423=ADVANCED_FACE('',(#188),#1357,.T.);
#1424=ADVANCED_FACE('',(#189),#30,.F.);
#1425=ADVANCED_FACE('',(#190),#31,.F.);
#1426=ADVANCED_FACE('',(#191),#32,.F.);
#1427=ADVANCED_FACE('',(#192),#1358,.T.);
#1428=ADVANCED_FACE('',(#193),#33,.T.);
#1429=ADVANCED_FACE('',(#194),#34,.F.);
#1430=ADVANCED_FACE('',(#195),#35,.T.);
#1431=ADVANCED_FACE('',(#196),#1359,.T.);
#1432=ADVANCED_FACE('',(#197),#36,.F.);
#1433=ADVANCED_FACE('',(#198),#37,.F.);
#1434=ADVANCED_FACE('',(#199),#38,.F.);
#1435=ADVANCED_FACE('',(#200),#1360,.T.);
#1436=ADVANCED_FACE('',(#201),#39,.T.);
#1437=ADVANCED_FACE('',(#202),#40,.F.);
#1438=ADVANCED_FACE('',(#203),#41,.F.);
#1439=ADVANCED_FACE('',(#204),#42,.F.);
#1440=ADVANCED_FACE('',(#205),#43,.T.);
#1441=ADVANCED_FACE('',(#206),#1361,.T.);
#1442=ADVANCED_FACE('',(#207),#1362,.T.);
#1443=ADVANCED_FACE('',(#208),#1363,.T.);
#1444=ADVANCED_FACE('',(#209),#1364,.T.);
#1445=ADVANCED_FACE('',(#210),#1365,.T.);
#1446=ADVANCED_FACE('',(#211),#1366,.T.);
#1447=ADVANCED_FACE('',(#212),#1367,.T.);
#1448=ADVANCED_FACE('',(#213,#16),#1368,.F.);
#1449=CLOSED_SHELL('',(#1369,#1370,#1371,#1372,#1373,#1374,#1375,#1376,
#1377,#1378,#1379,#1380,#1381,#1382,#1383,#1384,#1385,#1386,#1387,#1388,
#1389,#1390,#1391,#1392,#1393,#1394,#1395,#1396,#1397,#1398,#1399,#1400,
#1401,#1402,#1403,#1404,#1405,#1406,#1407,#1408,#1409,#1410,#1411,#1412,
#1413,#1414,#1415,#1416,#1417,#1418,#1419,#1420,#1421,#1422,#1423,#1424,
#1425,#1426,#1427,#1428,#1429,#1430,#1431,#1432,#1433,#1434,#1435,#1436,
#1437,#1438,#1439,#1440,#1441,#1442,#1443,#1444,#1445,#1446,#1447,#1448));
#1450=DERIVED_UNIT_ELEMENT(#1452,1.);
#1451=DERIVED_UNIT_ELEMENT(#2487,-3.);
#1452=(
MASS_UNIT()
NAMED_UNIT(*)
SI_UNIT(.KILO.,.GRAM.)
);
#1453=DERIVED_UNIT((#1450,#1451));
#1454=MEASURE_REPRESENTATION_ITEM('density measure',
POSITIVE_RATIO_MEASURE(7850.),#1453);
#1455=PROPERTY_DEFINITION_REPRESENTATION(#1460,#1457);
#1456=PROPERTY_DEFINITION_REPRESENTATION(#1461,#1458);
#1457=REPRESENTATION('material name',(#1459),#2484);
#1458=REPRESENTATION('density',(#1454),#2484);
#1459=DESCRIPTIVE_REPRESENTATION_ITEM('Steel','Steel');
#1460=PROPERTY_DEFINITION('material property','material name',#2494);
#1461=PROPERTY_DEFINITION('material property','density of part',#2494);
#1462=AXIS2_PLACEMENT_3D('',#2059,#1615,#1616);
#1463=AXIS2_PLACEMENT_3D('',#2060,#1617,#1618);
#1464=AXIS2_PLACEMENT_3D('',#2069,#1623,#1624);
#1465=AXIS2_PLACEMENT_3D('',#2071,#1625,#1626);
#1466=AXIS2_PLACEMENT_3D('',#2074,#1628,#1629);
#1467=AXIS2_PLACEMENT_3D('',#2075,#1630,#1631);
#1468=AXIS2_PLACEMENT_3D('',#2079,#1633,#1634);
#1469=AXIS2_PLACEMENT_3D('',#2080,#1635,#1636);
#1470=AXIS2_PLACEMENT_3D('',#2081,#1637,#1638);
#1471=AXIS2_PLACEMENT_3D('',#2083,#1639,#1640);
#1472=AXIS2_PLACEMENT_3D('',#2086,#1642,#1643);
#1473=AXIS2_PLACEMENT_3D('',#2087,#1644,#1645);
#1474=AXIS2_PLACEMENT_3D('',#2093,#1649,#1650);
#1475=AXIS2_PLACEMENT_3D('',#2099,#1654,#1655);
#1476=AXIS2_PLACEMENT_3D('',#2102,#1657,#1658);
#1477=AXIS2_PLACEMENT_3D('',#2103,#1659,#1660);
#1478=AXIS2_PLACEMENT_3D('',#2106,#1662,#1663);
#1479=AXIS2_PLACEMENT_3D('',#2107,#1664,#1665);
#1480=AXIS2_PLACEMENT_3D('',#2110,#1667,#1668);
#1481=AXIS2_PLACEMENT_3D('',#2111,#1669,#1670);
#1482=AXIS2_PLACEMENT_3D('',#2115,#1673,#1674);
#1483=AXIS2_PLACEMENT_3D('',#2124,#1679,#1680);
#1484=AXIS2_PLACEMENT_3D('',#2126,#1681,#1682);
#1485=AXIS2_PLACEMENT_3D('',#2129,#1684,#1685);
#1486=AXIS2_PLACEMENT_3D('',#2130,#1686,#1687);
#1487=AXIS2_PLACEMENT_3D('',#2134,#1689,#1690);
#1488=AXIS2_PLACEMENT_3D('',#2135,#1691,#1692);
#1489=AXIS2_PLACEMENT_3D('',#2136,#1693,#1694);
#1490=AXIS2_PLACEMENT_3D('',#2138,#1695,#1696);
#1491=AXIS2_PLACEMENT_3D('',#2141,#1698,#1699);
#1492=AXIS2_PLACEMENT_3D('',#2142,#1700,#1701);
#1493=AXIS2_PLACEMENT_3D('',#2148,#1705,#1706);
#1494=AXIS2_PLACEMENT_3D('',#2154,#1710,#1711);
#1495=AXIS2_PLACEMENT_3D('',#2157,#1713,#1714);
#1496=AXIS2_PLACEMENT_3D('',#2158,#1715,#1716);
#1497=AXIS2_PLACEMENT_3D('',#2161,#1718,#1719);
#1498=AXIS2_PLACEMENT_3D('',#2162,#1720,#1721);
#1499=AXIS2_PLACEMENT_3D('',#2165,#1723,#1724);
#1500=AXIS2_PLACEMENT_3D('',#2166,#1725,#1726);
#1501=AXIS2_PLACEMENT_3D('',#2170,#1729,#1730);
#1502=AXIS2_PLACEMENT_3D('',#2179,#1735,#1736);
#1503=AXIS2_PLACEMENT_3D('',#2181,#1737,#1738);
#1504=AXIS2_PLACEMENT_3D('',#2184,#1740,#1741);
#1505=AXIS2_PLACEMENT_3D('',#2185,#1742,#1743);
#1506=AXIS2_PLACEMENT_3D('',#2189,#1745,#1746);
#1507=AXIS2_PLACEMENT_3D('',#2190,#1747,#1748);
#1508=AXIS2_PLACEMENT_3D('',#2191,#1749,#1750);
#1509=AXIS2_PLACEMENT_3D('',#2193,#1751,#1752);
#1510=AXIS2_PLACEMENT_3D('',#2196,#1754,#1755);
#1511=AXIS2_PLACEMENT_3D('',#2197,#1756,#1757);
#1512=AXIS2_PLACEMENT_3D('',#2203,#1761,#1762);
#1513=AXIS2_PLACEMENT_3D('',#2209,#1766,#1767);
#1514=AXIS2_PLACEMENT_3D('',#2212,#1769,#1770);
#1515=AXIS2_PLACEMENT_3D('',#2213,#1771,#1772);
#1516=AXIS2_PLACEMENT_3D('',#2216,#1774,#1775);
#1517=AXIS2_PLACEMENT_3D('',#2217,#1776,#1777);
#1518=AXIS2_PLACEMENT_3D('',#2220,#1779,#1780);
#1519=AXIS2_PLACEMENT_3D('',#2221,#1781,#1782);
#1520=AXIS2_PLACEMENT_3D('',#2225,#1785,#1786);
#1521=AXIS2_PLACEMENT_3D('',#2231,#1790,#1791);
#1522=AXIS2_PLACEMENT_3D('',#2234,#1793,#1794);
#1523=AXIS2_PLACEMENT_3D('',#2235,#1795,#1796);
#1524=AXIS2_PLACEMENT_3D('',#2238,#1798,#1799);
#1525=AXIS2_PLACEMENT_3D('',#2239,#1800,#1801);
#1526=AXIS2_PLACEMENT_3D('',#2242,#1803,#1804);
#1527=AXIS2_PLACEMENT_3D('',#2243,#1805,#1806);
#1528=AXIS2_PLACEMENT_3D('',#2247,#1809,#1810);
#1529=AXIS2_PLACEMENT_3D('',#2257,#1816,#1817);
#1530=AXIS2_PLACEMENT_3D('',#2263,#1821,#1822);
#1531=AXIS2_PLACEMENT_3D('',#2266,#1824,#1825);
#1532=AXIS2_PLACEMENT_3D('',#2267,#1826,#1827);
#1533=AXIS2_PLACEMENT_3D('',#2270,#1829,#1830);
#1534=AXIS2_PLACEMENT_3D('',#2271,#1831,#1832);
#1535=AXIS2_PLACEMENT_3D('',#2274,#1834,#1835);
#1536=AXIS2_PLACEMENT_3D('',#2275,#1836,#1837);
#1537=AXIS2_PLACEMENT_3D('',#2279,#1840,#1841);
#1538=AXIS2_PLACEMENT_3D('',#2289,#1847,#1848);
#1539=AXIS2_PLACEMENT_3D('',#2295,#1852,#1853);
#1540=AXIS2_PLACEMENT_3D('',#2298,#1855,#1856);
#1541=AXIS2_PLACEMENT_3D('',#2299,#1857,#1858);
#1542=AXIS2_PLACEMENT_3D('',#2302,#1860,#1861);
#1543=AXIS2_PLACEMENT_3D('',#2303,#1862,#1863);
#1544=AXIS2_PLACEMENT_3D('',#2306,#1865,#1866);
#1545=AXIS2_PLACEMENT_3D('',#2307,#1867,#1868);
#1546=AXIS2_PLACEMENT_3D('',#2311,#1871,#1872);
#1547=AXIS2_PLACEMENT_3D('',#2318,#1877,#1878);
#1548=AXIS2_PLACEMENT_3D('',#2321,#1879,#1880);
#1549=AXIS2_PLACEMENT_3D('',#2325,#1882,#1883);
#1550=AXIS2_PLACEMENT_3D('',#2327,#1885,#1886);
#1551=AXIS2_PLACEMENT_3D('',#2333,#1890,#1891);
#1552=AXIS2_PLACEMENT_3D('',#2335,#1892,#1893);
#1553=AXIS2_PLACEMENT_3D('',#2337,#1894,#1895);
#1554=AXIS2_PLACEMENT_3D('',#2339,#1897,#1898);
#1555=AXIS2_PLACEMENT_3D('',#2341,#1899,#1900);
#1556=AXIS2_PLACEMENT_3D('',#2344,#1902,#1903);
#1557=AXIS2_PLACEMENT_3D('',#2345,#1904,#1905);
#1558=AXIS2_PLACEMENT_3D('',#2351,#1909,#1910);
#1559=AXIS2_PLACEMENT_3D('',#2353,#1911,#1912);
#1560=AXIS2_PLACEMENT_3D('',#2357,#1914,#1915);
#1561=AXIS2_PLACEMENT_3D('',#2359,#1916,#1917);
#1562=AXIS2_PLACEMENT_3D('',#2361,#1918,#1919);
#1563=AXIS2_PLACEMENT_3D('',#2365,#1921,#1922);
#1564=AXIS2_PLACEMENT_3D('',#2367,#1923,#1924);
#1565=AXIS2_PLACEMENT_3D('',#2369,#1925,#1926);
#1566=AXIS2_PLACEMENT_3D('',#2373,#1928,#1929);
#1567=AXIS2_PLACEMENT_3D('',#2375,#1930,#1931);
#1568=AXIS2_PLACEMENT_3D('',#2377,#1932,#1933);
#1569=AXIS2_PLACEMENT_3D('',#2381,#1935,#1936);
#1570=AXIS2_PLACEMENT_3D('',#2383,#1937,#1938);
#1571=AXIS2_PLACEMENT_3D('',#2385,#1939,#1940);
#1572=AXIS2_PLACEMENT_3D('',#2388,#1942,#1943);
#1573=AXIS2_PLACEMENT_3D('',#2389,#1944,#1945);
#1574=AXIS2_PLACEMENT_3D('',#2391,#1946,#1947);
#1575=AXIS2_PLACEMENT_3D('',#2393,#1949,#1950);
#1576=AXIS2_PLACEMENT_3D('',#2397,#1953,#1954);
#1577=AXIS2_PLACEMENT_3D('',#2400,#1956,#1957);
#1578=AXIS2_PLACEMENT_3D('',#2401,#1958,#1959);
#1579=AXIS2_PLACEMENT_3D('',#2404,#1961,#1962);
#1580=AXIS2_PLACEMENT_3D('',#2405,#1963,#1964);
#1581=AXIS2_PLACEMENT_3D('',#2408,#1966,#1967);
#1582=AXIS2_PLACEMENT_3D('',#2409,#1968,#1969);
#1583=AXIS2_PLACEMENT_3D('',#2413,#1972,#1973);
#1584=AXIS2_PLACEMENT_3D('',#2415,#1974,#1975);
#1585=AXIS2_PLACEMENT_3D('',#2417,#1977,#1978);
#1586=AXIS2_PLACEMENT_3D('',#2420,#1980,#1981);
#1587=AXIS2_PLACEMENT_3D('',#2421,#1982,#1983);
#1588=AXIS2_PLACEMENT_3D('',#2423,#1984,#1985);
#1589=AXIS2_PLACEMENT_3D('',#2425,#1987,#1988);
#1590=AXIS2_PLACEMENT_3D('',#2429,#1991,#1992);
#1591=AXIS2_PLACEMENT_3D('',#2432,#1994,#1995);
#1592=AXIS2_PLACEMENT_3D('',#2433,#1996,#1997);
#1593=AXIS2_PLACEMENT_3D('',#2436,#1999,#2000);
#1594=AXIS2_PLACEMENT_3D('',#2437,#2001,#2002);
#1595=AXIS2_PLACEMENT_3D('',#2440,#2004,#2005);
#1596=AXIS2_PLACEMENT_3D('',#2441,#2006,#2007);
#1597=AXIS2_PLACEMENT_3D('',#2445,#2010,#2011);
#1598=AXIS2_PLACEMENT_3D('',#2447,#2012,#2013);
#1599=AXIS2_PLACEMENT_3D('',#2449,#2015,#2016);
#1600=AXIS2_PLACEMENT_3D('',#2452,#2018,#2019);
#1601=AXIS2_PLACEMENT_3D('',#2453,#2020,#2021);
#1602=AXIS2_PLACEMENT_3D('',#2457,#2023,#2024);
#1603=AXIS2_PLACEMENT_3D('',#2459,#2026,#2027);
#1604=AXIS2_PLACEMENT_3D('',#2460,#2028,#2029);
#1605=AXIS2_PLACEMENT_3D('',#2461,#2030,#2031);
#1606=AXIS2_PLACEMENT_3D('',#2463,#2032,#2033);
#1607=AXIS2_PLACEMENT_3D('',#2465,#2035,#2036);
#1608=AXIS2_PLACEMENT_3D('',#2467,#2038,#2039);
#1609=AXIS2_PLACEMENT_3D('',#2469,#2041,#2042);
#1610=AXIS2_PLACEMENT_3D('',#2471,#2044,#2045);
#1611=AXIS2_PLACEMENT_3D('',#2473,#2047,#2048);
#1612=AXIS2_PLACEMENT_3D('',#2477,#2051,#2052);
#1613=AXIS2_PLACEMENT_3D('',#2479,#2054,#2055);
#1614=AXIS2_PLACEMENT_3D('',#2481,#2057,#2058);
#1615=DIRECTION('axis',(0.,0.,1.));
#1616=DIRECTION('refdir',(1.,0.,0.));
#1617=DIRECTION('center_axis',(-0.353553390593274,0.612372435695795,0.707106781186547));
#1618=DIRECTION('ref_axis',(0.894427190999916,0.,0.447213595499958));
#1619=DIRECTION('',(0.353553390593273,-0.612372435695794,0.707106781186548));
#1620=DIRECTION('',(0.866025403784439,0.5,0.));
#1621=DIRECTION('',(-0.353553390593273,0.612372435695793,-0.707106781186549));
#1622=DIRECTION('',(-0.866025403784439,-0.5,0.));
#1623=DIRECTION('center_axis',(0.,0.,-1.));
#1624=DIRECTION('ref_axis',(0.240192230707629,0.970725343394151,0.));
#1625=DIRECTION('center_axis',(0.,0.,-1.));
#1626=DIRECTION('ref_axis',(0.240192230707629,0.970725343394151,0.));
#1627=DIRECTION('',(0.598321122542462,0.376844575812797,-0.707106781186548));
#1628=DIRECTION('center_axis',(0.,0.,1.));
#1629=DIRECTION('ref_axis',(0.240192230707629,0.970725343394151,0.));
#1630=DIRECTION('center_axis',(0.,0.,1.));
#1631=DIRECTION('ref_axis',(-1.,0.,0.));
#1632=DIRECTION('',(0.0271964146610247,0.706583579648997,-0.707106781186544));
#1633=DIRECTION('center_axis',(0.,0.,-1.));
#1634=DIRECTION('ref_axis',(-1.,0.,0.));
#1635=DIRECTION('center_axis',(0.,0.,1.));
#1636=DIRECTION('ref_axis',(-1.,0.,0.));
#1637=DIRECTION('center_axis',(0.,0.,-1.));
#1638=DIRECTION('ref_axis',(0.720576692122895,0.693375245281534,0.));
#1639=DIRECTION('center_axis',(0.,0.,-1.));
#1640=DIRECTION('ref_axis',(0.720576692122895,0.693375245281534,0.));
#1641=DIRECTION('',(0.707106781186547,0.,-0.707106781186548));
#1642=DIRECTION('center_axis',(0.,0.,1.));
#1643=DIRECTION('ref_axis',(0.720576692122894,0.693375245281534,0.));
#1644=DIRECTION('center_axis',(0.707106781186548,-2.50182265685557E-16,
0.707106781186548));
#1645=DIRECTION('ref_axis',(0.707106781186548,0.,-0.707106781186548));
#1646=DIRECTION('',(0.707106781186548,-4.02885912743857E-16,-0.707106781186548));
#1647=DIRECTION('',(3.53811153197744E-16,1.,0.));
#1648=DIRECTION('',(-3.53811153197744E-16,-1.,0.));
#1649=DIRECTION('center_axis',(1.,-3.53811153197744E-16,0.));
#1650=DIRECTION('ref_axis',(3.53811153197744E-16,1.,0.));
#1651=DIRECTION('',(0.,0.,-1.));
#1652=DIRECTION('',(3.53811153197744E-16,1.,0.));
#1653=DIRECTION('',(0.,0.,1.));
#1654=DIRECTION('center_axis',(0.,0.,1.));
#1655=DIRECTION('ref_axis',(0.720576692122895,0.693375245281534,0.));
#1656=DIRECTION('',(0.,0.,1.));
#1657=DIRECTION('center_axis',(0.,0.,1.));
#1658=DIRECTION('ref_axis',(0.720576692122895,0.693375245281534,0.));
#1659=DIRECTION('center_axis',(0.,0.,1.));
#1660=DIRECTION('ref_axis',(1.,0.,0.));
#1661=DIRECTION('',(0.,0.,-1.));
#1662=DIRECTION('center_axis',(0.,0.,-1.));
#1663=DIRECTION('ref_axis',(-1.,0.,0.));
#1664=DIRECTION('center_axis',(0.,0.,1.));
#1665=DIRECTION('ref_axis',(0.240192230707629,0.970725343394151,0.));
#1666=DIRECTION('',(0.,0.,1.));
#1667=DIRECTION('center_axis',(0.,0.,1.));
#1668=DIRECTION('ref_axis',(0.240192230707629,0.970725343394151,0.));
#1669=DIRECTION('center_axis',(-0.5,0.866025403784439,0.));
#1670=DIRECTION('ref_axis',(-0.866025403784439,-0.5,0.));
#1671=DIRECTION('',(0.,0.,1.));
#1672=DIRECTION('',(-0.866025403784439,-0.5,0.));
#1673=DIRECTION('center_axis',(-0.353553390593274,-0.612372435695795,0.707106781186547));
#1674=DIRECTION('ref_axis',(0.894427190999916,0.,0.447213595499959));
#1675=DIRECTION('',(0.353553390593274,0.612372435695794,0.707106781186548));
#1676=DIRECTION('',(-0.866025403784438,0.5,0.));
#1677=DIRECTION('',(-0.353553390593273,-0.612372435695793,-0.707106781186549));
#1678=DIRECTION('',(0.866025403784438,-0.5,0.));
#1679=DIRECTION('center_axis',(0.,0.,-1.));
#1680=DIRECTION('ref_axis',(-0.960768922830523,-0.277350098112613,0.));
#1681=DIRECTION('center_axis',(0.,0.,-1.));
#1682=DIRECTION('ref_axis',(-0.960768922830523,-0.277350098112613,0.));
#1683=DIRECTION('',(-0.625517537203483,0.329739003836196,-0.707106781186549));
#1684=DIRECTION('center_axis',(0.,0.,1.));
#1685=DIRECTION('ref_axis',(-0.960768922830523,-0.277350098112613,0.));
#1686=DIRECTION('center_axis',(0.,0.,1.));
#1687=DIRECTION('ref_axis',(1.,0.,0.));
#1688=DIRECTION('',(-0.625517537203483,-0.329739003836196,-0.707106781186549));
#1689=DIRECTION('center_axis',(0.,0.,-1.));
#1690=DIRECTION('ref_axis',(1.,0.,0.));
#1691=DIRECTION('center_axis',(0.,0.,1.));
#1692=DIRECTION('ref_axis',(1.,0.,0.));
#1693=DIRECTION('center_axis',(0.,0.,-1.));
#1694=DIRECTION('ref_axis',(-0.960768922830523,0.277350098112614,0.));
#1695=DIRECTION('center_axis',(0.,0.,-1.));
#1696=DIRECTION('ref_axis',(-0.960768922830523,0.277350098112614,0.));
#1697=DIRECTION('',(-0.353553390593272,0.612372435695797,-0.707106781186547));
#1698=DIRECTION('center_axis',(0.,0.,1.));
#1699=DIRECTION('ref_axis',(-0.960768922830523,0.277350098112614,0.));
#1700=DIRECTION('center_axis',(-0.353553390593274,0.612372435695795,0.707106781186547));
#1701=DIRECTION('ref_axis',(0.894427190999916,0.,0.447213595499958));
#1702=DIRECTION('',(-0.353553390593273,0.612372435695794,-0.707106781186548));
#1703=DIRECTION('',(-0.866025403784439,-0.5,0.));
#1704=DIRECTION('',(0.866025403784439,0.5,0.));
#1705=DIRECTION('center_axis',(-0.5,0.866025403784439,0.));
#1706=DIRECTION('ref_axis',(-0.866025403784439,-0.5,0.));
#1707=DIRECTION('',(0.,0.,-1.));
#1708=DIRECTION('',(-0.866025403784439,-0.5,0.));
#1709=DIRECTION('',(0.,0.,1.));
#1710=DIRECTION('center_axis',(0.,0.,1.));
#1711=DIRECTION('ref_axis',(-0.960768922830523,0.277350098112614,0.));
#1712=DIRECTION('',(0.,0.,1.));
#1713=DIRECTION('center_axis',(0.,0.,1.));
#1714=DIRECTION('ref_axis',(-0.960768922830523,0.277350098112614,0.));
#1715=DIRECTION('center_axis',(0.,0.,1.));
#1716=DIRECTION('ref_axis',(1.,0.,0.));
#1717=DIRECTION('',(0.,0.,-1.));
#1718=DIRECTION('center_axis',(0.,0.,-1.));
#1719=DIRECTION('ref_axis',(1.,0.,0.));
#1720=DIRECTION('center_axis',(0.,0.,1.));
#1721=DIRECTION('ref_axis',(-0.960768922830523,-0.277350098112613,0.));
#1722=DIRECTION('',(0.,0.,1.));
#1723=DIRECTION('center_axis',(0.,0.,1.));
#1724=DIRECTION('ref_axis',(-0.960768922830523,-0.277350098112613,0.));
#1725=DIRECTION('center_axis',(-0.5,-0.866025403784438,0.));
#1726=DIRECTION('ref_axis',(0.866025403784438,-0.5,0.));
#1727=DIRECTION('',(0.,0.,1.));
#1728=DIRECTION('',(0.866025403784438,-0.5,0.));
#1729=DIRECTION('center_axis',(0.707106781186547,-2.50182265685557E-16,
0.707106781186548));
#1730=DIRECTION('ref_axis',(0.707106781186548,0.,-0.707106781186547));
#1731=DIRECTION('',(-0.707106781186548,5.03607390929821E-16,0.707106781186547));
#1732=DIRECTION('',(-3.53811153197744E-16,-1.,0.));
#1733=DIRECTION('',(0.707106781186548,0.,-0.707106781186547));
#1734=DIRECTION('',(3.53811153197744E-16,1.,0.));
#1735=DIRECTION('center_axis',(0.,0.,-1.));
#1736=DIRECTION('ref_axis',(0.720576692122895,-0.693375245281534,0.));
#1737=DIRECTION('center_axis',(0.,0.,-1.));
#1738=DIRECTION('ref_axis',(0.720576692122895,-0.693375245281534,0.));
#1739=DIRECTION('',(0.0271964146610205,-0.706583579648994,-0.707106781186547));
#1740=DIRECTION('center_axis',(0.,0.,1.));
#1741=DIRECTION('ref_axis',(0.720576692122895,-0.693375245281534,0.));
#1742=DIRECTION('center_axis',(0.,0.,1.));
#1743=DIRECTION('ref_axis',(-1.,0.,0.));
#1744=DIRECTION('',(0.598321122542462,-0.376844575812797,-0.707106781186548));
#1745=DIRECTION('center_axis',(0.,0.,-1.));
#1746=DIRECTION('ref_axis',(-1.,0.,0.));
#1747=DIRECTION('center_axis',(0.,0.,1.));
#1748=DIRECTION('ref_axis',(-1.,0.,0.));
#1749=DIRECTION('center_axis',(0.,0.,-1.));
#1750=DIRECTION('ref_axis',(0.240192230707624,-0.970725343394153,0.));
#1751=DIRECTION('center_axis',(0.,0.,-1.));
#1752=DIRECTION('ref_axis',(0.240192230707624,-0.970725343394153,0.));
#1753=DIRECTION('',(-0.353553390593279,-0.612372435695791,-0.707106781186548));
#1754=DIRECTION('center_axis',(0.,0.,1.));
#1755=DIRECTION('ref_axis',(0.240192230707624,-0.970725343394153,0.));
#1756=DIRECTION('center_axis',(-0.353553390593274,-0.612372435695793,0.707106781186549));
#1757=DIRECTION('ref_axis',(0.894427190999916,0.,0.447213595499957));
#1758=DIRECTION('',(-0.353553390593275,-0.612372435695795,-0.707106781186546));
#1759=DIRECTION('',(0.866025403784438,-0.5,0.));
#1760=DIRECTION('',(-0.866025403784438,0.5,0.));
#1761=DIRECTION('center_axis',(-0.5,-0.866025403784438,0.));
#1762=DIRECTION('ref_axis',(0.866025403784438,-0.5,0.));
#1763=DIRECTION('',(0.,0.,-1.));
#1764=DIRECTION('',(0.866025403784438,-0.5,0.));
#1765=DIRECTION('',(0.,0.,1.));
#1766=DIRECTION('center_axis',(0.,0.,1.));
#1767=DIRECTION('ref_axis',(0.240192230707624,-0.970725343394153,0.));
#1768=DIRECTION('',(0.,0.,1.));
#1769=DIRECTION('center_axis',(0.,0.,1.));
#1770=DIRECTION('ref_axis',(0.240192230707624,-0.970725343394153,0.));
#1771=DIRECTION('center_axis',(0.,0.,1.));
#1772=DIRECTION('ref_axis',(1.,0.,0.));
#1773=DIRECTION('',(0.,0.,-1.));
#1774=DIRECTION('center_axis',(0.,0.,-1.));
#1775=DIRECTION('ref_axis',(-1.,0.,0.));
#1776=DIRECTION('center_axis',(0.,0.,1.));
#1777=DIRECTION('ref_axis',(0.720576692122895,-0.693375245281534,0.));
#1778=DIRECTION('',(0.,0.,1.));
#1779=DIRECTION('center_axis',(0.,0.,1.));
#1780=DIRECTION('ref_axis',(0.720576692122895,-0.693375245281534,0.));
#1781=DIRECTION('center_axis',(1.,-3.53811153197744E-16,0.));
#1782=DIRECTION('ref_axis',(3.53811153197744E-16,1.,0.));
#1783=DIRECTION('',(0.,0.,1.));
#1784=DIRECTION('',(3.53811153197744E-16,1.,0.));
#1785=DIRECTION('center_axis',(-0.353553390593274,-0.612372435695795,0.707106781186547));
#1786=DIRECTION('ref_axis',(0.894427190999915,0.,0.447213595499959));
#1787=DIRECTION('',(-0.353553390593274,-0.612372435695794,-0.707106781186548));
#1788=DIRECTION('',(0.353553390593273,0.612372435695794,0.707106781186548));
#1789=DIRECTION('',(-0.866025403784438,0.5,0.));
#1790=DIRECTION('center_axis',(0.,0.,-1.));
#1791=DIRECTION('ref_axis',(0.240192230707624,-0.970725343394153,0.));
#1792=DIRECTION('',(-0.598321122542462,0.376844575812797,0.707106781186549));
#1793=DIRECTION('center_axis',(0.,0.,-1.));
#1794=DIRECTION('ref_axis',(0.240192230707624,-0.970725343394153,0.));
#1795=DIRECTION('center_axis',(0.,0.,1.));
#1796=DIRECTION('ref_axis',(-1.,0.,0.));
#1797=DIRECTION('',(-0.0271964146610172,0.706583579648994,0.707106781186547));
#1798=DIRECTION('center_axis',(0.,0.,1.));
#1799=DIRECTION('ref_axis',(-1.,0.,0.));
#1800=DIRECTION('center_axis',(0.,0.,-1.));
#1801=DIRECTION('ref_axis',(0.720576692122895,-0.693375245281534,0.));
#1802=DIRECTION('',(-0.707106781186547,0.,0.707106781186549));
#1803=DIRECTION('center_axis',(0.,0.,-1.));
#1804=DIRECTION('ref_axis',(0.720576692122895,-0.693375245281534,0.));
#1805=DIRECTION('center_axis',(0.707106781186548,-2.50182265685557E-16,
0.707106781186547));
#1806=DIRECTION('ref_axis',(0.707106781186547,0.,-0.707106781186548));
#1807=DIRECTION('',(-0.707106781186547,5.03607390929821E-16,0.707106781186548));
#1808=DIRECTION('',(-3.53811153197744E-16,-1.,0.));
#1809=DIRECTION('center_axis',(7.12208402364283E-16,1.,0.));
#1810=DIRECTION('ref_axis',(1.,-7.12208402364283E-16,0.));
#1811=DIRECTION('',(-1.,7.12208402364283E-16,0.));
#1812=DIRECTION('',(0.,0.,-1.));
#1813=DIRECTION('',(1.,-7.12208402364283E-16,0.));
#1814=DIRECTION('',(0.,0.,1.));
#1815=DIRECTION('',(-1.,7.12208402364283E-16,0.));
#1816=DIRECTION('center_axis',(0.707106781186548,-2.50182265685557E-16,
0.707106781186547));
#1817=DIRECTION('ref_axis',(0.707106781186547,0.,-0.707106781186548));
#1818=DIRECTION('',(0.707106781186547,-4.02885912743857E-16,-0.707106781186548));
#1819=DIRECTION('',(-0.707106781186547,0.,0.707106781186548));
#1820=DIRECTION('',(-3.53811153197744E-16,-1.,0.));
#1821=DIRECTION('center_axis',(0.,0.,-1.));
#1822=DIRECTION('ref_axis',(0.720576692122894,0.693375245281534,0.));
#1823=DIRECTION('',(-0.027196414661021,-0.706583579648991,0.70710678118655));
#1824=DIRECTION('center_axis',(0.,0.,-1.));
#1825=DIRECTION('ref_axis',(0.720576692122895,0.693375245281534,0.));
#1826=DIRECTION('center_axis',(0.,0.,1.));
#1827=DIRECTION('ref_axis',(-1.,0.,0.));
#1828=DIRECTION('',(-0.598321122542464,-0.376844575812801,0.707106781186544));
#1829=DIRECTION('center_axis',(0.,0.,1.));
#1830=DIRECTION('ref_axis',(-1.,0.,0.));
#1831=DIRECTION('center_axis',(0.,0.,-1.));
#1832=DIRECTION('ref_axis',(0.240192230707629,0.970725343394151,0.));
#1833=DIRECTION('',(0.353553390593271,-0.612372435695798,0.707106781186546));
#1834=DIRECTION('center_axis',(0.,0.,-1.));
#1835=DIRECTION('ref_axis',(0.240192230707629,0.970725343394151,0.));
#1836=DIRECTION('center_axis',(-0.353553390593274,0.612372435695795,0.707106781186547));
#1837=DIRECTION('ref_axis',(0.894427190999916,0.,0.447213595499958));
#1838=DIRECTION('',(0.353553390593273,-0.612372435695794,0.707106781186548));
#1839=DIRECTION('',(0.866025403784439,0.5,0.));
#1840=DIRECTION('center_axis',(-5.69766721891426E-16,-1.,0.));
#1841=DIRECTION('ref_axis',(-1.,5.69766721891426E-16,0.));
#1842=DIRECTION('',(1.,-5.69766721891426E-16,0.));
#1843=DIRECTION('',(0.,0.,1.));
#1844=DIRECTION('',(-1.,5.69766721891426E-16,0.));
#1845=DIRECTION('',(0.,0.,-1.));
#1846=DIRECTION('',(1.,-5.69766721891426E-16,0.));
#1847=DIRECTION('center_axis',(-0.353553390593274,0.612372435695796,0.707106781186545));
#1848=DIRECTION('ref_axis',(0.894427190999915,0.,0.44721359549996));
#1849=DIRECTION('',(-0.353553390593272,0.612372435695793,-0.70710678118655));
#1850=DIRECTION('',(0.353553390593274,-0.61237243569579,0.707106781186551));
#1851=DIRECTION('',(0.866025403784439,0.5,0.));
#1852=DIRECTION('center_axis',(0.,0.,-1.));
#1853=DIRECTION('ref_axis',(-0.960768922830523,0.277350098112614,0.));
#1854=DIRECTION('',(0.625517537203483,0.329739003836196,0.707106781186549));
#1855=DIRECTION('center_axis',(0.,0.,-1.));
#1856=DIRECTION('ref_axis',(-0.960768922830523,0.277350098112614,0.));
#1857=DIRECTION('center_axis',(0.,0.,1.));
#1858=DIRECTION('ref_axis',(1.,0.,0.));
#1859=DIRECTION('',(0.625517537203482,-0.329739003836198,0.707106781186549));
#1860=DIRECTION('center_axis',(0.,0.,1.));
#1861=DIRECTION('ref_axis',(1.,0.,0.));
#1862=DIRECTION('center_axis',(0.,0.,-1.));
#1863=DIRECTION('ref_axis',(-0.960768922830523,-0.277350098112613,0.));
#1864=DIRECTION('',(0.353553390593277,0.612372435695795,0.707106781186545));
#1865=DIRECTION('center_axis',(0.,0.,-1.));
#1866=DIRECTION('ref_axis',(-0.960768922830523,-0.277350098112613,0.));
#1867=DIRECTION('center_axis',(-0.353553390593275,-0.612372435695796,0.707106781186545));
#1868=DIRECTION('ref_axis',(0.894427190999915,0.,0.44721359549996));
#1869=DIRECTION('',(0.353553390593273,0.612372435695793,0.70710678118655));
#1870=DIRECTION('',(-0.866025403784438,0.5,0.));
#1871=DIRECTION('center_axis',(0.866025403784439,-0.5,0.));
#1872=DIRECTION('ref_axis',(-0.5,-0.866025403784439,0.));
#1873=DIRECTION('',(0.5,0.866025403784439,0.));
#1874=DIRECTION('',(-0.5,-0.866025403784439,0.));
#1875=DIRECTION('',(0.,0.,1.));
#1876=DIRECTION('',(0.5,0.866025403784439,0.));
#1877=DIRECTION('center_axis',(0.,0.,-1.));
#1878=DIRECTION('ref_axis',(0.959151237970402,0.2828938010983,0.));
#1879=DIRECTION('center_axis',(0.,0.,1.));
#1880=DIRECTION('ref_axis',(0.959151237970402,0.2828938010983,0.));
#1881=DIRECTION('',(0.,0.,-1.));
#1882=DIRECTION('center_axis',(0.,0.,-1.));
#1883=DIRECTION('ref_axis',(0.959151237970402,0.2828938010983,0.));
#1884=DIRECTION('',(0.,0.,1.));
#1885=DIRECTION('center_axis',(-0.5,-0.866025403784438,0.));
#1886=DIRECTION('ref_axis',(-0.866025403784438,0.5,0.));
#1887=DIRECTION('',(-0.866025403784438,0.5,0.));
#1888=DIRECTION('',(0.,0.,1.));
#1889=DIRECTION('',(-0.866025403784438,0.5,0.));
#1890=DIRECTION('center_axis',(0.,0.,-1.));
#1891=DIRECTION('ref_axis',(-0.93467238661337,-0.355510238533952,0.));
#1892=DIRECTION('center_axis',(0.,0.,1.));
#1893=DIRECTION('ref_axis',(-0.93467238661337,-0.355510238533952,0.));
#1894=DIRECTION('center_axis',(0.,0.,-1.));
#1895=DIRECTION('ref_axis',(-0.93467238661337,-0.355510238533952,0.));
#1896=DIRECTION('',(0.,0.,-1.));
#1897=DIRECTION('center_axis',(0.,0.,-1.));
#1898=DIRECTION('ref_axis',(1.,0.,0.));
#1899=DIRECTION('center_axis',(0.,0.,1.));
#1900=DIRECTION('ref_axis',(1.,0.,0.));
#1901=DIRECTION('',(0.,0.,1.));
#1902=DIRECTION('center_axis',(0.,0.,1.));
#1903=DIRECTION('ref_axis',(1.,0.,0.));
#1904=DIRECTION('center_axis',(0.,0.,1.));
#1905=DIRECTION('ref_axis',(1.,0.,0.));
#1906=DIRECTION('',(-0.499999999999999,0.866025403784439,0.));
#1907=DIRECTION('',(-0.5,-0.866025403784438,0.));
#1908=DIRECTION('',(0.5,-0.866025403784439,0.));
#1909=DIRECTION('center_axis',(0.,0.,1.));
#1910=DIRECTION('ref_axis',(1.,0.,0.));
#1911=DIRECTION('center_axis',(0.,0.,1.));
#1912=DIRECTION('ref_axis',(-0.724568837309472,-0.689202437604511,0.));
#1913=DIRECTION('',(-3.53811153197744E-16,-1.,0.));
#1914=DIRECTION('center_axis',(0.,0.,-1.));
#1915=DIRECTION('ref_axis',(0.775217091182554,0.631694911756031,0.));
#1916=DIRECTION('center_axis',(0.,0.,1.));
#1917=DIRECTION('ref_axis',(1.,0.,0.));
#1918=DIRECTION('center_axis',(0.,0.,-1.));
#1919=DIRECTION('ref_axis',(0.159455295430816,0.987205150289985,0.));
#1920=DIRECTION('',(0.866025403784439,0.5,0.));
#1921=DIRECTION('center_axis',(0.,0.,1.));
#1922=DIRECTION('ref_axis',(-0.234582400660932,-0.972096238702812,0.));
#1923=DIRECTION('center_axis',(0.,0.,1.));
#1924=DIRECTION('ref_axis',(1.,0.,0.));
#1925=DIRECTION('center_axis',(0.,0.,1.));
#1926=DIRECTION('ref_axis',(-0.234582400660927,0.972096238702813,0.));
#1927=DIRECTION('',(-0.866025403784438,0.5,0.));
#1928=DIRECTION('center_axis',(0.,0.,-1.));
#1929=DIRECTION('ref_axis',(0.159455295430816,-0.987205150289985,0.));
#1930=DIRECTION('center_axis',(0.,0.,1.));
#1931=DIRECTION('ref_axis',(1.,0.,0.));
#1932=DIRECTION('center_axis',(0.,0.,-1.));
#1933=DIRECTION('ref_axis',(0.775217091182553,-0.631694911756032,0.));
#1934=DIRECTION('',(-3.53811153197744E-16,-1.,0.));
#1935=DIRECTION('center_axis',(0.,0.,1.));
#1936=DIRECTION('ref_axis',(-0.724568837309473,0.68920243760451,0.));
#1937=DIRECTION('center_axis',(0.,0.,1.));
#1938=DIRECTION('ref_axis',(1.,0.,0.));
#1939=DIRECTION('center_axis',(0.,0.,1.));
#1940=DIRECTION('ref_axis',(0.959151237970402,-0.282893801098303,0.));
#1941=DIRECTION('',(0.866025403784439,0.5,0.));
#1942=DIRECTION('center_axis',(0.,0.,-1.));
#1943=DIRECTION('ref_axis',(-0.934672386613369,0.355510238533953,0.));
#1944=DIRECTION('center_axis',(0.,0.,-1.));
#1945=DIRECTION('ref_axis',(-0.934672386613369,0.355510238533953,0.));
#1946=DIRECTION('center_axis',(0.,0.,1.));
#1947=DIRECTION('ref_axis',(-0.934672386613369,0.355510238533953,0.));
#1948=DIRECTION('',(0.,0.,-1.));
#1949=DIRECTION('center_axis',(-0.5,0.866025403784439,0.));
#1950=DIRECTION('ref_axis',(0.866025403784439,0.5,0.));
#1951=DIRECTION('',(0.,0.,1.));
#1952=DIRECTION('',(0.866025403784439,0.5,0.));
#1953=DIRECTION('center_axis',(0.,0.,-1.));
#1954=DIRECTION('ref_axis',(0.959151237970402,-0.282893801098303,0.));
#1955=DIRECTION('',(0.,0.,-1.));
#1956=DIRECTION('center_axis',(0.,0.,-1.));
#1957=DIRECTION('ref_axis',(0.959151237970402,-0.282893801098303,0.));
#1958=DIRECTION('center_axis',(0.,0.,-1.));
#1959=DIRECTION('ref_axis',(1.,0.,0.));
#1960=DIRECTION('',(0.,0.,1.));
#1961=DIRECTION('center_axis',(0.,0.,1.));
#1962=DIRECTION('ref_axis',(1.,0.,0.));
#1963=DIRECTION('center_axis',(0.,0.,-1.));
#1964=DIRECTION('ref_axis',(-0.724568837309473,0.68920243760451,0.));
#1965=DIRECTION('',(0.,0.,-1.));
#1966=DIRECTION('center_axis',(0.,0.,-1.));
#1967=DIRECTION('ref_axis',(-0.724568837309473,0.68920243760451,0.));
#1968=DIRECTION('center_axis',(1.,-3.53811153197744E-16,0.));
#1969=DIRECTION('ref_axis',(-3.53811153197744E-16,-1.,0.));
#1970=DIRECTION('',(0.,0.,1.));
#1971=DIRECTION('',(-3.53811153197744E-16,-1.,0.));
#1972=DIRECTION('center_axis',(0.,0.,-1.));
#1973=DIRECTION('ref_axis',(0.775217091182553,-0.631694911756032,0.));
#1974=DIRECTION('center_axis',(0.,0.,1.));
#1975=DIRECTION('ref_axis',(0.775217091182553,-0.631694911756032,0.));
#1976=DIRECTION('',(0.,0.,-1.));
#1977=DIRECTION('center_axis',(0.,0.,-1.));
#1978=DIRECTION('ref_axis',(1.,0.,0.));
#1979=DIRECTION('',(0.,0.,1.));
#1980=DIRECTION('center_axis',(0.,0.,1.));
#1981=DIRECTION('ref_axis',(1.,0.,0.));
#1982=DIRECTION('center_axis',(0.,0.,-1.));
#1983=DIRECTION('ref_axis',(0.159455295430816,-0.987205150289985,0.));
#1984=DIRECTION('center_axis',(0.,0.,1.));
#1985=DIRECTION('ref_axis',(0.159455295430816,-0.987205150289985,0.));
#1986=DIRECTION('',(0.,0.,-1.));
#1987=DIRECTION('center_axis',(-0.5,-0.866025403784438,0.));
#1988=DIRECTION('ref_axis',(-0.866025403784438,0.5,0.));
#1989=DIRECTION('',(0.,0.,1.));
#1990=DIRECTION('',(-0.866025403784438,0.5,0.));
#1991=DIRECTION('center_axis',(0.,0.,-1.));
#1992=DIRECTION('ref_axis',(-0.234582400660927,0.972096238702813,0.));
#1993=DIRECTION('',(0.,0.,-1.));
#1994=DIRECTION('center_axis',(0.,0.,-1.));
#1995=DIRECTION('ref_axis',(-0.234582400660927,0.972096238702813,0.));
#1996=DIRECTION('center_axis',(0.,0.,-1.));
#1997=DIRECTION('ref_axis',(-1.,1.22464679914735E-16,0.));
#1998=DIRECTION('',(0.,0.,1.));
#1999=DIRECTION('center_axis',(0.,0.,1.));
#2000=DIRECTION('ref_axis',(1.,0.,0.));
#2001=DIRECTION('center_axis',(0.,0.,-1.));
#2002=DIRECTION('ref_axis',(-0.234582400660932,-0.972096238702812,0.));
#2003=DIRECTION('',(0.,0.,-1.));
#2004=DIRECTION('center_axis',(0.,0.,-1.));
#2005=DIRECTION('ref_axis',(-0.234582400660932,-0.972096238702812,0.));
#2006=DIRECTION('center_axis',(-0.5,0.866025403784439,0.));
#2007=DIRECTION('ref_axis',(0.866025403784439,0.5,0.));
#2008=DIRECTION('',(0.,0.,1.));
#2009=DIRECTION('',(0.866025403784439,0.5,0.));
#2010=DIRECTION('center_axis',(0.,0.,-1.));
#2011=DIRECTION('ref_axis',(0.159455295430816,0.987205150289985,0.));
#2012=DIRECTION('center_axis',(0.,0.,1.));
#2013=DIRECTION('ref_axis',(0.159455295430816,0.987205150289985,0.));
#2014=DIRECTION('',(0.,0.,-1.));
#2015=DIRECTION('center_axis',(0.,0.,-1.));
#2016=DIRECTION('ref_axis',(1.,0.,0.));
#2017=DIRECTION('',(0.,0.,1.));
#2018=DIRECTION('center_axis',(0.,0.,1.));
#2019=DIRECTION('ref_axis',(1.,0.,0.));
#2020=DIRECTION('center_axis',(0.,0.,-1.));
#2021=DIRECTION('ref_axis',(-0.724568837309472,-0.689202437604511,0.));
#2022=DIRECTION('',(0.,0.,-1.));
#2023=DIRECTION('center_axis',(0.,0.,-1.));
#2024=DIRECTION('ref_axis',(-0.724568837309472,-0.689202437604511,0.));
#2025=DIRECTION('',(0.,0.,1.));
#2026=DIRECTION('center_axis',(0.,0.,-1.));
#2027=DIRECTION('ref_axis',(1.,0.,0.));
#2028=DIRECTION('center_axis',(0.,0.,1.));
#2029=DIRECTION('ref_axis',(1.,0.,0.));
#2030=DIRECTION('center_axis',(0.,0.,-1.));
#2031=DIRECTION('ref_axis',(0.775217091182554,0.631694911756031,0.));
#2032=DIRECTION('center_axis',(0.,0.,1.));
#2033=DIRECTION('ref_axis',(0.775217091182554,0.631694911756031,0.));
#2034=DIRECTION('',(0.,0.,-1.));
#2035=DIRECTION('center_axis',(0.,0.,1.));
#2036=DIRECTION('ref_axis',(1.,0.,0.));
#2037=DIRECTION('',(-0.499999999999999,0.866025403784439,0.));
#2038=DIRECTION('center_axis',(0.,0.,1.));
#2039=DIRECTION('ref_axis',(1.,0.,0.));
#2040=DIRECTION('',(0.5,-0.866025403784439,0.));
#2041=DIRECTION('center_axis',(0.,0.,1.));
#2042=DIRECTION('ref_axis',(1.,0.,0.));
#2043=DIRECTION('',(-0.5,-0.866025403784438,0.));
#2044=DIRECTION('center_axis',(1.,-3.53811153197744E-16,0.));
#2045=DIRECTION('ref_axis',(-3.53811153197744E-16,-1.,0.));
#2046=DIRECTION('',(-3.53811153197744E-16,-1.,0.));
#2047=DIRECTION('center_axis',(-0.866025403784438,0.5,0.));
#2048=DIRECTION('ref_axis',(0.5,0.866025403784438,0.));
#2049=DIRECTION('',(0.5,0.866025403784438,0.));
#2050=DIRECTION('',(0.,0.,-1.));
#2051=DIRECTION('center_axis',(-0.866025403784439,-0.5,0.));
#2052=DIRECTION('ref_axis',(-0.5,0.866025403784439,0.));
#2053=DIRECTION('',(-0.5,0.866025403784439,0.));
#2054=DIRECTION('center_axis',(0.866025403784439,0.499999999999999,0.));
#2055=DIRECTION('ref_axis',(0.499999999999999,-0.866025403784439,0.));
#2056=DIRECTION('',(0.499999999999999,-0.866025403784439,0.));
#2057=DIRECTION('center_axis',(0.,0.,1.));
#2058=DIRECTION('ref_axis',(1.,0.,0.));
#2059=CARTESIAN_POINT('',(0.,0.,0.));
#2060=CARTESIAN_POINT('Origin',(-10.9503175473055,-6.03349364905389,0.25));
#2061=CARTESIAN_POINT('',(-23.6326859021799,-13.0669872981078,0.));
#2062=CARTESIAN_POINT('',(-23.3826859021799,-13.5,0.5));
#2063=CARTESIAN_POINT('',(-21.5591287436649,-16.6584936490539,4.14711431702997));
#2064=CARTESIAN_POINT('',(-22.5,-12.9903810567666,0.5));
#2065=CARTESIAN_POINT('',(-10.8253175473055,-6.25,0.5));
#2066=CARTESIAN_POINT('',(-22.75,-12.5573683548744,0.));
#2067=CARTESIAN_POINT('',(-22.5,-12.9903810567666,0.5));
#2068=CARTESIAN_POINT('',(-11.0753175473055,-5.81698729810778,0.));
#2069=CARTESIAN_POINT('Origin',(-22.,-13.856406460551,0.25));
#2070=CARTESIAN_POINT('',(-21.1538461538462,-13.3234677505298,0.5));
#2071=CARTESIAN_POINT('Origin',(-22.,-13.856406460551,0.5));
#2072=CARTESIAN_POINT('',(-20.7307692307692,-13.0569983955192,0.));
#2073=CARTESIAN_POINT('',(-21.1538461538462,-13.3234677505298,0.5));
#2074=CARTESIAN_POINT('Origin',(-22.,-13.856406460551,0.));
#2075=CARTESIAN_POINT('Origin',(0.,0.,0.25));
#2076=CARTESIAN_POINT('',(-0.961538461538466,-24.9815020322434,0.5));
#2077=CARTESIAN_POINT('',(-0.942307692307694,-24.4818719915986,0.));
#2078=CARTESIAN_POINT('',(-0.961538461538466,-24.9815020322434,0.5));
#2079=CARTESIAN_POINT('Origin',(0.,0.,0.));
#2080=CARTESIAN_POINT('Origin',(0.,0.,0.5));
#2081=CARTESIAN_POINT('Origin',(-1.,-25.9807621135332,0.25));
#2082=CARTESIAN_POINT('',(-4.44089209850063E-15,-25.9807621135332,0.5));
#2083=CARTESIAN_POINT('Origin',(-1.,-25.9807621135332,0.5));
#2084=CARTESIAN_POINT('',(0.499999999999995,-25.9807621135332,0.));
#2085=CARTESIAN_POINT('',(-4.44089209850063E-15,-25.9807621135332,0.5));
#2086=CARTESIAN_POINT('Origin',(-1.,-25.9807621135332,0.));
#2087=CARTESIAN_POINT('Origin',(0.25,-13.5,0.25));
#2088=CARTESIAN_POINT('',(-4.87691488314713E-15,-27.,0.5));
#2089=CARTESIAN_POINT('',(0.499999999999996,-27.,0.));
#2090=CARTESIAN_POINT('',(4.14711431702997,-27.,-3.64711431702997));
#2091=CARTESIAN_POINT('',(0.5,-13.5,0.));
#2092=CARTESIAN_POINT('',(-6.93889390390723E-17,-13.5,0.5));
#2093=CARTESIAN_POINT('Origin',(-4.87691488314713E-15,-27.,0.));
#2094=CARTESIAN_POINT('',(-4.44089209850063E-15,-25.9807621135332,14.5));
#2095=CARTESIAN_POINT('',(-4.44089209850063E-15,-25.9807621135332,0.));
#2096=CARTESIAN_POINT('',(-4.87691488314713E-15,-27.,14.5));
#2097=CARTESIAN_POINT('',(-3.60822483003176E-15,-23.375,14.5));
#2098=CARTESIAN_POINT('',(-4.87691488314713E-15,-27.,0.));
#2099=CARTESIAN_POINT('Origin',(-1.,-25.9807621135332,0.));
#2100=CARTESIAN_POINT('',(-0.961538461538466,-24.9815020322434,14.5));
#2101=CARTESIAN_POINT('',(-0.961538461538466,-24.9815020322434,0.));
#2102=CARTESIAN_POINT('Origin',(-1.,-25.9807621135332,14.5));
#2103=CARTESIAN_POINT('Origin',(0.,0.,0.));
#2104=CARTESIAN_POINT('',(-21.1538461538462,-13.3234677505298,14.5));
#2105=CARTESIAN_POINT('',(-21.1538461538462,-13.3234677505298,0.));
#2106=CARTESIAN_POINT('Origin',(0.,0.,14.5));
#2107=CARTESIAN_POINT('Origin',(-22.,-13.856406460551,0.));
#2108=CARTESIAN_POINT('',(-22.5,-12.9903810567666,14.5));
#2109=CARTESIAN_POINT('',(-22.5,-12.9903810567666,0.));
#2110=CARTESIAN_POINT('Origin',(-22.,-13.856406460551,14.5));
#2111=CARTESIAN_POINT('Origin',(-21.650635094611,-12.5,0.));
#2112=CARTESIAN_POINT('',(-23.3826859021799,-13.5,14.5));
#2113=CARTESIAN_POINT('',(-23.3826859021799,-13.5,0.));
#2114=CARTESIAN_POINT('',(-19.4855715851499,-11.25,14.5));
#2115=CARTESIAN_POINT('Origin',(10.7003175473055,-6.46650635094612,0.25));
#2116=CARTESIAN_POINT('',(23.1326859021799,-13.9330127018922,0.));
#2117=CARTESIAN_POINT('',(23.3826859021798,-13.5,0.5));
#2118=CARTESIAN_POINT('',(25.2062430606948,-10.3415063509461,4.14711431702998));
#2119=CARTESIAN_POINT('',(22.5,-12.9903810567666,0.5));
#2120=CARTESIAN_POINT('',(10.8253175473055,-6.25000000000001,0.5));
#2121=CARTESIAN_POINT('',(22.25,-13.4233937586588,0.));
#2122=CARTESIAN_POINT('',(22.5,-12.9903810567666,0.5));
#2123=CARTESIAN_POINT('',(10.5753175473055,-6.68301270189223,0.));
#2124=CARTESIAN_POINT('Origin',(23.,-12.1243556529822,0.25));
#2125=CARTESIAN_POINT('',(22.1153846153846,-11.6580342817136,0.5));
#2126=CARTESIAN_POINT('Origin',(23.,-12.1243556529822,0.5));
#2127=CARTESIAN_POINT('',(21.6730769230769,-11.4248735960793,0.));
#2128=CARTESIAN_POINT('',(22.1153846153846,-11.6580342817136,0.5));
#2129=CARTESIAN_POINT('Origin',(23.,-12.1243556529822,0.));
#2130=CARTESIAN_POINT('Origin',(0.,0.,0.25));
#2131=CARTESIAN_POINT('',(22.1153846153846,11.6580342817136,0.5));
#2132=CARTESIAN_POINT('',(21.6730769230769,11.4248735960793,0.));
#2133=CARTESIAN_POINT('',(22.1153846153846,11.6580342817136,0.5));
#2134=CARTESIAN_POINT('Origin',(0.,0.,0.));
#2135=CARTESIAN_POINT('Origin',(0.,0.,0.5));
#2136=CARTESIAN_POINT('Origin',(23.,12.1243556529821,0.25));
#2137=CARTESIAN_POINT('',(22.5,12.9903810567666,0.5));
#2138=CARTESIAN_POINT('Origin',(23.,12.1243556529821,0.5));
#2139=CARTESIAN_POINT('',(22.25,13.4233937586588,0.));
#2140=CARTESIAN_POINT('',(22.5,12.9903810567666,0.5));
#2141=CARTESIAN_POINT('Origin',(23.,12.1243556529821,0.));
#2142=CARTESIAN_POINT('Origin',(11.5663429510899,6.9665063509461,0.25));
#2143=CARTESIAN_POINT('',(23.3826859021799,13.5,0.5));
#2144=CARTESIAN_POINT('',(23.1326859021799,13.9330127018922,0.));
#2145=CARTESIAN_POINT('',(21.3091287436649,17.0915063509461,-3.64711431702997));
#2146=CARTESIAN_POINT('',(11.4413429510899,7.18301270189221,0.));
#2147=CARTESIAN_POINT('',(11.6913429510899,6.74999999999999,0.5));
#2148=CARTESIAN_POINT('Origin',(23.3826859021799,13.5,0.));
#2149=CARTESIAN_POINT('',(22.5,12.9903810567666,14.5));
#2150=CARTESIAN_POINT('',(22.5,12.9903810567666,0.));
#2151=CARTESIAN_POINT('',(23.3826859021799,13.5,14.5));
#2152=CARTESIAN_POINT('',(21.5965085068745,12.46875,14.5));
#2153=CARTESIAN_POINT('',(23.3826859021799,13.5,0.));
#2154=CARTESIAN_POINT('Origin',(23.,12.1243556529821,0.));
#2155=CARTESIAN_POINT('',(22.1153846153846,11.6580342817136,14.5));
#2156=CARTESIAN_POINT('',(22.1153846153846,11.6580342817136,0.));
#2157=CARTESIAN_POINT('Origin',(23.,12.1243556529821,14.5));
#2158=CARTESIAN_POINT('Origin',(0.,0.,0.));
#2159=CARTESIAN_POINT('',(22.1153846153846,-11.6580342817136,14.5));
#2160=CARTESIAN_POINT('',(22.1153846153846,-11.6580342817136,0.));
#2161=CARTESIAN_POINT('Origin',(0.,0.,14.5));
#2162=CARTESIAN_POINT('Origin',(23.,-12.1243556529822,0.));
#2163=CARTESIAN_POINT('',(22.5,-12.9903810567666,14.5));
#2164=CARTESIAN_POINT('',(22.5,-12.9903810567666,0.));
#2165=CARTESIAN_POINT('Origin',(23.,-12.1243556529822,14.5));
#2166=CARTESIAN_POINT('Origin',(21.650635094611,-12.5,0.));
#2167=CARTESIAN_POINT('',(23.3826859021798,-13.5,14.5));
#2168=CARTESIAN_POINT('',(23.3826859021798,-13.5,0.));
#2169=CARTESIAN_POINT('',(20.73048310309,-11.96875,14.5));
#2170=CARTESIAN_POINT('Origin',(0.250000000000009,12.5,0.25));
#2171=CARTESIAN_POINT('',(0.500000000000014,27.,0.));
#2172=CARTESIAN_POINT('',(1.4228887389531E-14,27.,0.5));
#2173=CARTESIAN_POINT('',(-3.64711431702996,27.,4.14711431702998));
#2174=CARTESIAN_POINT('',(1.38777878078145E-14,25.9807621135332,0.5));
#2175=CARTESIAN_POINT('',(9.08995101411847E-15,12.5,0.5));
#2176=CARTESIAN_POINT('',(0.500000000000014,25.9807621135332,0.));
#2177=CARTESIAN_POINT('',(1.38777878078145E-14,25.9807621135332,0.5));
#2178=CARTESIAN_POINT('',(0.500000000000009,12.5,0.));
#2179=CARTESIAN_POINT('Origin',(-0.999999999999987,25.9807621135332,0.25));
#2180=CARTESIAN_POINT('',(-0.961538461538449,24.9815020322434,0.5));
#2181=CARTESIAN_POINT('Origin',(-0.999999999999987,25.9807621135332,0.5));
#2182=CARTESIAN_POINT('',(-0.94230769230768,24.4818719915986,0.));
#2183=CARTESIAN_POINT('',(-0.961538461538449,24.9815020322434,0.5));
#2184=CARTESIAN_POINT('Origin',(-0.999999999999987,25.9807621135332,0.));
#2185=CARTESIAN_POINT('Origin',(0.,0.,0.25));
#2186=CARTESIAN_POINT('',(-21.1538461538461,13.3234677505298,0.5));
#2187=CARTESIAN_POINT('',(-20.7307692307692,13.0569983955192,0.));
#2188=CARTESIAN_POINT('',(-21.1538461538461,13.3234677505298,0.5));
#2189=CARTESIAN_POINT('Origin',(0.,0.,0.));
#2190=CARTESIAN_POINT('Origin',(0.,0.,0.5));
#2191=CARTESIAN_POINT('Origin',(-22.,13.856406460551,0.25));
#2192=CARTESIAN_POINT('',(-22.5,12.9903810567666,0.5));
#2193=CARTESIAN_POINT('Origin',(-22.,13.856406460551,0.5));
#2194=CARTESIAN_POINT('',(-22.75,12.5573683548744,0.));
#2195=CARTESIAN_POINT('',(-22.5,12.9903810567666,0.5));
#2196=CARTESIAN_POINT('Origin',(-22.,13.856406460551,0.));
#2197=CARTESIAN_POINT('Origin',(-11.8163429510899,6.5334936490539,0.25));
#2198=CARTESIAN_POINT('',(-23.3826859021799,13.5,0.5));
#2199=CARTESIAN_POINT('',(-23.6326859021798,13.0669872981078,0.));
#2200=CARTESIAN_POINT('',(-25.4562430606948,9.90849364905389,-3.64711431702998));
#2201=CARTESIAN_POINT('',(-11.9413429510899,6.31698729810779,0.));
#2202=CARTESIAN_POINT('',(-11.6913429510899,6.75000000000001,0.5));
#2203=CARTESIAN_POINT('Origin',(-23.3826859021799,13.5,0.));
#2204=CARTESIAN_POINT('',(-22.5,12.9903810567666,14.5));
#2205=CARTESIAN_POINT('',(-22.5,12.9903810567666,0.));
#2206=CARTESIAN_POINT('',(-23.3826859021799,13.5,14.5));
#2207=CARTESIAN_POINT('',(-20.3515969889343,11.75,14.5));
#2208=CARTESIAN_POINT('',(-23.3826859021799,13.5,0.));
#2209=CARTESIAN_POINT('Origin',(-22.,13.856406460551,0.));
#2210=CARTESIAN_POINT('',(-21.1538461538461,13.3234677505298,14.5));
#2211=CARTESIAN_POINT('',(-21.1538461538461,13.3234677505298,0.));
#2212=CARTESIAN_POINT('Origin',(-22.,13.856406460551,14.5));
#2213=CARTESIAN_POINT('Origin',(0.,0.,0.));
#2214=CARTESIAN_POINT('',(-0.961538461538449,24.9815020322434,14.5));
#2215=CARTESIAN_POINT('',(-0.961538461538449,24.9815020322434,0.));
#2216=CARTESIAN_POINT('Origin',(0.,0.,14.5));
#2217=CARTESIAN_POINT('Origin',(-0.999999999999987,25.9807621135332,0.));
#2218=CARTESIAN_POINT('',(1.38777878078145E-14,25.9807621135332,14.5));
#2219=CARTESIAN_POINT('',(1.38777878078145E-14,25.9807621135332,0.));
#2220=CARTESIAN_POINT('Origin',(-0.999999999999987,25.9807621135332,14.5));
#2221=CARTESIAN_POINT('Origin',(1.35212650831356E-14,25.,0.));
#2222=CARTESIAN_POINT('',(1.4228887389531E-14,27.,14.5));
#2223=CARTESIAN_POINT('',(1.4228887389531E-14,27.,0.));
#2224=CARTESIAN_POINT('',(1.26287869051112E-14,22.375,14.5));
#2225=CARTESIAN_POINT('Origin',(-20.2265969889343,11.9665063509461,14.75));
#2226=CARTESIAN_POINT('',(-23.1326859021798,13.9330127018922,15.));
#2227=CARTESIAN_POINT('',(-27.0812430606948,7.09391108675448,7.10288568297002));
#2228=CARTESIAN_POINT('',(-22.25,13.4233937586588,15.));
#2229=CARTESIAN_POINT('',(-22.5,12.9903810567666,14.5));
#2230=CARTESIAN_POINT('',(-20.1015969889343,12.1830127018922,15.));
#2231=CARTESIAN_POINT('Origin',(-22.,13.856406460551,14.75));
#2232=CARTESIAN_POINT('',(-21.5769230769231,13.5899371055404,15.));
#2233=CARTESIAN_POINT('',(-21.1538461538461,13.3234677505298,14.5));
#2234=CARTESIAN_POINT('Origin',(-22.,13.856406460551,15.));
#2235=CARTESIAN_POINT('Origin',(0.,0.,14.75));
#2236=CARTESIAN_POINT('',(-0.980769230769216,25.4811320728883,15.));
#2237=CARTESIAN_POINT('',(-0.961538461538449,24.9815020322434,14.5));
#2238=CARTESIAN_POINT('Origin',(0.,0.,15.));
#2239=CARTESIAN_POINT('Origin',(-0.999999999999987,25.9807621135332,14.75));
#2240=CARTESIAN_POINT('',(-0.499999999999985,25.9807621135332,15.));
#2241=CARTESIAN_POINT('',(1.38777878078145E-14,25.9807621135332,14.5));
#2242=CARTESIAN_POINT('Origin',(-0.999999999999987,25.9807621135332,15.));
#2243=CARTESIAN_POINT('Origin',(-0.249999999999987,22.375,14.75));
#2244=CARTESIAN_POINT('',(-0.499999999999985,27.,15.));
#2245=CARTESIAN_POINT('',(-0.397114317029955,27.,14.89711431703));
#2246=CARTESIAN_POINT('',(-0.499999999999987,22.375,15.));
#2247=CARTESIAN_POINT('Origin',(-15.5884572681199,27.,0.));
#2248=CARTESIAN_POINT('',(15.5884572681199,27.,0.));
#2249=CARTESIAN_POINT('',(15.5884572681199,27.,0.));
#2250=CARTESIAN_POINT('',(15.5884572681199,27.,-1.2));
#2251=CARTESIAN_POINT('',(15.5884572681199,27.,0.));
#2252=CARTESIAN_POINT('',(-15.5884572681199,27.,-1.2));
#2253=CARTESIAN_POINT('',(15.5884572681199,27.,-1.2));
#2254=CARTESIAN_POINT('',(-15.5884572681199,27.,15.));
#2255=CARTESIAN_POINT('',(-15.5884572681199,27.,0.));
#2256=CARTESIAN_POINT('',(15.5884572681199,27.,15.));
#2257=CARTESIAN_POINT('Origin',(-0.250000000000004,-23.375,14.75));
#2258=CARTESIAN_POINT('',(-0.500000000000007,-27.,15.));
#2259=CARTESIAN_POINT('',(7.39711431702997,-27.,7.10288568297002));
#2260=CARTESIAN_POINT('',(-0.500000000000005,-25.9807621135332,15.));
#2261=CARTESIAN_POINT('',(-4.44089209850063E-15,-25.9807621135332,14.5));
#2262=CARTESIAN_POINT('',(-0.500000000000004,-23.375,15.));
#2263=CARTESIAN_POINT('Origin',(-1.,-25.9807621135332,14.75));
#2264=CARTESIAN_POINT('',(-0.980769230769235,-25.4811320728883,15.));
#2265=CARTESIAN_POINT('',(-0.961538461538466,-24.9815020322434,14.5));
#2266=CARTESIAN_POINT('Origin',(-1.,-25.9807621135332,15.));
#2267=CARTESIAN_POINT('Origin',(0.,0.,14.75));
#2268=CARTESIAN_POINT('',(-21.5769230769231,-13.5899371055404,15.));
#2269=CARTESIAN_POINT('',(-21.1538461538462,-13.3234677505298,14.5));
#2270=CARTESIAN_POINT('Origin',(0.,0.,15.));
#2271=CARTESIAN_POINT('Origin',(-22.,-13.856406460551,14.75));
#2272=CARTESIAN_POINT('',(-22.25,-13.4233937586588,15.));
#2273=CARTESIAN_POINT('',(-22.5,-12.9903810567666,14.5));
#2274=CARTESIAN_POINT('Origin',(-22.,-13.856406460551,15.));
#2275=CARTESIAN_POINT('Origin',(-19.3605715851499,-11.4665063509461,14.75));
#2276=CARTESIAN_POINT('',(-23.1326859021799,-13.9330127018922,15.));
#2277=CARTESIAN_POINT('',(-23.1841287436649,-13.8439110867545,14.89711431703));
#2278=CARTESIAN_POINT('',(-19.2355715851499,-11.6830127018922,15.));
#2279=CARTESIAN_POINT('Origin',(15.5884572681199,-27.,0.));
#2280=CARTESIAN_POINT('',(-15.5884572681199,-27.,15.));
#2281=CARTESIAN_POINT('',(-15.5884572681199,-27.,15.));
#2282=CARTESIAN_POINT('',(-15.5884572681199,-27.,-1.2));
#2283=CARTESIAN_POINT('',(-15.5884572681199,-27.,0.));
#2284=CARTESIAN_POINT('',(15.5884572681199,-27.,-1.2));
#2285=CARTESIAN_POINT('',(-15.5884572681199,-27.,-1.2));
#2286=CARTESIAN_POINT('',(15.5884572681199,-27.,0.));
#2287=CARTESIAN_POINT('',(15.5884572681199,-27.,0.));
#2288=CARTESIAN_POINT('',(-15.5884572681199,-27.,0.));
#2289=CARTESIAN_POINT('Origin',(21.7215085068745,12.2522436490539,14.75));
#2290=CARTESIAN_POINT('',(23.6326859021799,13.0669872981078,15.));
#2291=CARTESIAN_POINT('',(19.6841287436649,19.9060889132455,7.10288568297));
#2292=CARTESIAN_POINT('',(22.75,12.5573683548743,15.));
#2293=CARTESIAN_POINT('',(22.5,12.9903810567666,14.5));
#2294=CARTESIAN_POINT('',(21.8465085068745,12.0357372981078,15.));
#2295=CARTESIAN_POINT('Origin',(23.,12.1243556529821,14.75));
#2296=CARTESIAN_POINT('',(22.5576923076923,11.8911949673479,15.));
#2297=CARTESIAN_POINT('',(22.1153846153846,11.6580342817136,14.5));
#2298=CARTESIAN_POINT('Origin',(23.,12.1243556529821,15.));
#2299=CARTESIAN_POINT('Origin',(0.,0.,14.75));
#2300=CARTESIAN_POINT('',(22.5576923076923,-11.8911949673479,15.));
#2301=CARTESIAN_POINT('',(22.1153846153846,-11.6580342817136,14.5));
#2302=CARTESIAN_POINT('Origin',(0.,0.,15.));
#2303=CARTESIAN_POINT('Origin',(23.,-12.1243556529822,14.75));
#2304=CARTESIAN_POINT('',(22.75,-12.5573683548744,15.));
#2305=CARTESIAN_POINT('',(22.5,-12.9903810567666,14.5));
#2306=CARTESIAN_POINT('Origin',(23.,-12.1243556529822,15.));
#2307=CARTESIAN_POINT('Origin',(20.85548310309,-11.7522436490539,14.75));
#2308=CARTESIAN_POINT('',(23.6326859021798,-13.0669872981078,15.));
#2309=CARTESIAN_POINT('',(23.5812430606948,-13.1560889132456,14.89711431703));
#2310=CARTESIAN_POINT('',(20.98048310309,-11.5357372981078,15.));
#2311=CARTESIAN_POINT('Origin',(31.1769145362398,-1.77635683940025E-14,
0.));
#2312=CARTESIAN_POINT('',(15.5884572681199,-27.,0.));
#2313=CARTESIAN_POINT('',(31.1769145362398,-1.88737914186277E-14,-1.2));
#2314=CARTESIAN_POINT('',(15.5884572681199,-27.,-1.2));
#2315=CARTESIAN_POINT('',(31.1769145362398,-1.99840144432528E-14,15.));
#2316=CARTESIAN_POINT('',(31.1769145362398,-1.90373305951973E-14,0.));
#2317=CARTESIAN_POINT('',(15.5884572681199,-27.,15.));
#2318=CARTESIAN_POINT('Origin',(17.7988438920062,-9.12146677393466,0.));
#2319=CARTESIAN_POINT('',(18.6887860866065,-9.57754011263139,0.));
#2320=CARTESIAN_POINT('',(18.2988438920062,-8.25544137015022,0.));
#2321=CARTESIAN_POINT('Origin',(17.7988438920062,-9.12146677393466,0.));
#2322=CARTESIAN_POINT('',(18.2988438920062,-8.25544137015022,-1.2));
#2323=CARTESIAN_POINT('',(18.2988438920062,-8.25544137015023,0.));
#2324=CARTESIAN_POINT('',(18.6887860866065,-9.57754011263139,-1.2));
#2325=CARTESIAN_POINT('Origin',(17.7988438920062,-9.12146677393466,-1.2));
#2326=CARTESIAN_POINT('',(18.6887860866065,-9.5775401126314,0.));
#2327=CARTESIAN_POINT('Origin',(17.4544826719043,-7.76794919243113,0.));
#2328=CARTESIAN_POINT('',(13.601627688841,-5.54350233081091,0.));
#2329=CARTESIAN_POINT('',(9.22724133595216,-3.01794919243113,0.));
#2330=CARTESIAN_POINT('',(13.601627688841,-5.54350233081091,-1.2));
#2331=CARTESIAN_POINT('',(13.601627688841,-5.54350233081091,0.));
#2332=CARTESIAN_POINT('',(9.22724133595216,-3.01794919243113,-1.2));
#2333=CARTESIAN_POINT('Origin',(14.101627688841,-4.67747692702647,0.));
#2334=CARTESIAN_POINT('',(13.1524796713228,-4.36264674924584,-1.2));
#2335=CARTESIAN_POINT('Origin',(14.101627688841,-4.67747692702647,-1.2));
#2336=CARTESIAN_POINT('',(13.1524796713228,-4.36264674924584,0.));
#2337=CARTESIAN_POINT('Origin',(14.101627688841,-4.67747692702647,0.));
#2338=CARTESIAN_POINT('',(13.1524796713228,-4.36264674924584,0.));
#2339=CARTESIAN_POINT('Origin',(0.,0.,0.));
#2340=CARTESIAN_POINT('',(13.1524796713228,4.36264674924581,0.));
#2341=CARTESIAN_POINT('Origin',(0.,0.,0.));
#2342=CARTESIAN_POINT('',(13.1524796713228,4.36264674924581,-1.2));
#2343=CARTESIAN_POINT('',(13.1524796713228,4.36264674924581,0.));
#2344=CARTESIAN_POINT('Origin',(0.,0.,-1.2));
#2345=CARTESIAN_POINT('Origin',(-4.44089209850063E-15,0.,0.));
#2346=CARTESIAN_POINT('',(31.1769145362398,-1.90373305951973E-14,0.));
#2347=CARTESIAN_POINT('',(-31.1769145362398,6.92266567098084E-15,0.));
#2348=CARTESIAN_POINT('',(-15.5884572681199,27.,0.));
#2349=CARTESIAN_POINT('',(-31.1769145362398,6.92266567098084E-15,0.));
#2350=CARTESIAN_POINT('',(-1.05,-20.9737335732101,0.));
#2351=CARTESIAN_POINT('Origin',(0.,0.,0.));
#2352=CARTESIAN_POINT('',(-2.,-19.9749843554382,0.));
#2353=CARTESIAN_POINT('Origin',(-1.,-19.9749843554382,0.));
#2354=CARTESIAN_POINT('',(-2.,-14.5511062767595,0.));
#2355=CARTESIAN_POINT('',(-2.,-5.92857142857143,0.));
#2356=CARTESIAN_POINT('',(-2.79807692307692,-13.5717048927469,0.));
#2357=CARTESIAN_POINT('Origin',(-3.,-14.5511062767595,0.));
#2358=CARTESIAN_POINT('',(-10.3544027482459,-9.20905814350105,0.));
#2359=CARTESIAN_POINT('Origin',(0.,0.,0.));
#2360=CARTESIAN_POINT('',(-11.601627688841,-9.00760394594865,0.));
#2361=CARTESIAN_POINT('Origin',(-11.101627688841,-9.87362934973309,0.));
#2362=CARTESIAN_POINT('',(-16.2988438920062,-11.719542985288,0.));
#2363=CARTESIAN_POINT('',(-7.22724133595217,-6.48205080756888,0.));
#2364=CARTESIAN_POINT('',(-17.6387860866065,-11.3961934605787,0.));
#2365=CARTESIAN_POINT('Origin',(-16.7988438920062,-10.8535175815035,0.));
#2366=CARTESIAN_POINT('',(-17.6387860866065,11.3961934605787,0.));
#2367=CARTESIAN_POINT('Origin',(0.,0.,0.));
#2368=CARTESIAN_POINT('',(-16.2988438920062,11.719542985288,0.));
#2369=CARTESIAN_POINT('Origin',(-16.7988438920062,10.8535175815035,0.));
#2370=CARTESIAN_POINT('',(-11.601627688841,9.00760394594865,0.));
#2371=CARTESIAN_POINT('',(-4.13429346529346,4.69633652185459,0.));
#2372=CARTESIAN_POINT('',(-10.3544027482459,9.20905814350106,0.));
#2373=CARTESIAN_POINT('Origin',(-11.101627688841,9.87362934973309,0.));
#2374=CARTESIAN_POINT('',(-2.79807692307691,13.5717048927469,0.));
#2375=CARTESIAN_POINT('Origin',(0.,0.,0.));
#2376=CARTESIAN_POINT('',(-1.99999999999999,14.5511062767595,0.));
#2377=CARTESIAN_POINT('Origin',(-2.99999999999999,14.5511062767595,0.));
#2378=CARTESIAN_POINT('',(-1.99999999999999,19.9749843554382,0.));
#2379=CARTESIAN_POINT('',(-1.99999999999999,9.5,0.));
#2380=CARTESIAN_POINT('',(-1.04999999999999,20.9737335732101,0.));
#2381=CARTESIAN_POINT('Origin',(-0.999999999999986,19.9749843554382,0.));
#2382=CARTESIAN_POINT('',(18.6887860866065,9.57754011263137,0.));
#2383=CARTESIAN_POINT('Origin',(0.,0.,0.));
#2384=CARTESIAN_POINT('',(18.2988438920062,8.2554413701502,0.));
#2385=CARTESIAN_POINT('Origin',(17.7988438920062,9.12146677393464,0.));
#2386=CARTESIAN_POINT('',(13.601627688841,5.54350233081088,0.));
#2387=CARTESIAN_POINT('',(6.13429346529346,1.23223490671682,0.));
#2388=CARTESIAN_POINT('Origin',(14.101627688841,4.67747692702644,0.));
#2389=CARTESIAN_POINT('Origin',(14.101627688841,4.67747692702644,0.));
#2390=CARTESIAN_POINT('',(13.601627688841,5.54350233081088,-1.2));
#2391=CARTESIAN_POINT('Origin',(14.101627688841,4.67747692702644,-1.2));
#2392=CARTESIAN_POINT('',(13.601627688841,5.54350233081088,0.));
#2393=CARTESIAN_POINT('Origin',(11.2685869305869,4.19652062100254,0.));
#2394=CARTESIAN_POINT('',(18.2988438920062,8.2554413701502,-1.2));
#2395=CARTESIAN_POINT('',(18.2988438920062,8.25544137015019,0.));
#2396=CARTESIAN_POINT('',(6.13429346529346,1.23223490671682,-1.2));
#2397=CARTESIAN_POINT('Origin',(17.7988438920062,9.12146677393464,0.));
#2398=CARTESIAN_POINT('',(18.6887860866065,9.57754011263137,-1.2));
#2399=CARTESIAN_POINT('',(18.6887860866065,9.57754011263137,0.));
#2400=CARTESIAN_POINT('Origin',(17.7988438920062,9.12146677393464,-1.2));
#2401=CARTESIAN_POINT('Origin',(0.,0.,0.));
#2402=CARTESIAN_POINT('',(-1.04999999999999,20.9737335732101,-1.2));
#2403=CARTESIAN_POINT('',(-1.04999999999999,20.9737335732101,0.));
#2404=CARTESIAN_POINT('Origin',(0.,0.,-1.2));
#2405=CARTESIAN_POINT('Origin',(-0.999999999999986,19.9749843554382,0.));
#2406=CARTESIAN_POINT('',(-1.99999999999999,19.9749843554382,-1.2));
#2407=CARTESIAN_POINT('',(-1.99999999999999,19.9749843554382,0.));
#2408=CARTESIAN_POINT('Origin',(-0.999999999999986,19.9749843554382,-1.2));
#2409=CARTESIAN_POINT('Origin',(-1.99999999999999,19.,0.));
#2410=CARTESIAN_POINT('',(-1.99999999999999,14.5511062767595,-1.2));
#2411=CARTESIAN_POINT('',(-1.99999999999999,14.5511062767595,0.));
#2412=CARTESIAN_POINT('',(-1.99999999999999,9.5,-1.2));
#2413=CARTESIAN_POINT('Origin',(-2.99999999999999,14.5511062767595,0.));
#2414=CARTESIAN_POINT('',(-2.79807692307691,13.5717048927469,-1.2));
#2415=CARTESIAN_POINT('Origin',(-2.99999999999999,14.5511062767595,-1.2));
#2416=CARTESIAN_POINT('',(-2.79807692307691,13.5717048927469,0.));
#2417=CARTESIAN_POINT('Origin',(0.,0.,0.));
#2418=CARTESIAN_POINT('',(-10.3544027482459,9.20905814350106,-1.2));
#2419=CARTESIAN_POINT('',(-10.3544027482459,9.20905814350106,0.));
#2420=CARTESIAN_POINT('Origin',(0.,0.,-1.2));
#2421=CARTESIAN_POINT('Origin',(-11.101627688841,9.87362934973309,0.));
#2422=CARTESIAN_POINT('',(-11.601627688841,9.00760394594865,-1.2));
#2423=CARTESIAN_POINT('Origin',(-11.101627688841,9.87362934973309,-1.2));
#2424=CARTESIAN_POINT('',(-11.601627688841,9.00760394594865,0.));
#2425=CARTESIAN_POINT('Origin',(-9.26858693058691,7.66062223614031,0.));
#2426=CARTESIAN_POINT('',(-16.2988438920062,11.719542985288,-1.2));
#2427=CARTESIAN_POINT('',(-16.2988438920062,11.719542985288,0.));
#2428=CARTESIAN_POINT('',(-4.13429346529346,4.69633652185459,-1.2));
#2429=CARTESIAN_POINT('Origin',(-16.7988438920062,10.8535175815035,0.));
#2430=CARTESIAN_POINT('',(-17.6387860866065,11.3961934605787,-1.2));
#2431=CARTESIAN_POINT('',(-17.6387860866065,11.3961934605787,0.));
#2432=CARTESIAN_POINT('Origin',(-16.7988438920062,10.8535175815035,-1.2));
#2433=CARTESIAN_POINT('Origin',(0.,0.,0.));
#2434=CARTESIAN_POINT('',(-17.6387860866065,-11.3961934605787,-1.2));
#2435=CARTESIAN_POINT('',(-17.6387860866065,-11.3961934605787,0.));
#2436=CARTESIAN_POINT('Origin',(0.,0.,-1.2));
#2437=CARTESIAN_POINT('Origin',(-16.7988438920062,-10.8535175815035,0.));
#2438=CARTESIAN_POINT('',(-16.2988438920062,-11.719542985288,-1.2));
#2439=CARTESIAN_POINT('',(-16.2988438920062,-11.719542985288,0.));
#2440=CARTESIAN_POINT('Origin',(-16.7988438920062,-10.8535175815035,-1.2));
#2441=CARTESIAN_POINT('Origin',(-15.4544826719043,-11.2320508075689,0.));
#2442=CARTESIAN_POINT('',(-11.601627688841,-9.00760394594865,-1.2));
#2443=CARTESIAN_POINT('',(-11.601627688841,-9.00760394594865,0.));
#2444=CARTESIAN_POINT('',(-7.22724133595217,-6.48205080756888,-1.2));
#2445=CARTESIAN_POINT('Origin',(-11.101627688841,-9.87362934973309,0.));
#2446=CARTESIAN_POINT('',(-10.3544027482459,-9.20905814350105,-1.2));
#2447=CARTESIAN_POINT('Origin',(-11.101627688841,-9.87362934973309,-1.2));
#2448=CARTESIAN_POINT('',(-10.3544027482459,-9.20905814350105,0.));
#2449=CARTESIAN_POINT('Origin',(0.,0.,0.));
#2450=CARTESIAN_POINT('',(-2.79807692307692,-13.5717048927469,-1.2));
#2451=CARTESIAN_POINT('',(-2.79807692307692,-13.5717048927469,0.));
#2452=CARTESIAN_POINT('Origin',(0.,0.,-1.2));
#2453=CARTESIAN_POINT('Origin',(-1.,-19.9749843554382,0.));
#2454=CARTESIAN_POINT('',(-1.05,-20.9737335732101,-1.2));
#2455=CARTESIAN_POINT('',(-1.05,-20.9737335732101,0.));
#2456=CARTESIAN_POINT('',(-2.,-19.9749843554382,-1.2));
#2457=CARTESIAN_POINT('Origin',(-1.,-19.9749843554382,-1.2));
#2458=CARTESIAN_POINT('',(-2.,-19.9749843554382,0.));
#2459=CARTESIAN_POINT('Origin',(0.,0.,0.));
#2460=CARTESIAN_POINT('Origin',(0.,0.,-1.2));
#2461=CARTESIAN_POINT('Origin',(-3.,-14.5511062767595,0.));
#2462=CARTESIAN_POINT('',(-2.,-14.5511062767595,-1.2));
#2463=CARTESIAN_POINT('Origin',(-3.,-14.5511062767595,-1.2));
#2464=CARTESIAN_POINT('',(-2.,-14.5511062767595,0.));
#2465=CARTESIAN_POINT('Origin',(26.4137748154254,-1.77635683940025E-14,
15.));
#2466=CARTESIAN_POINT('',(31.1769145362398,-1.90373305951973E-14,15.));
#2467=CARTESIAN_POINT('Origin',(-11.6913429510899,-19.75,15.));
#2468=CARTESIAN_POINT('',(-31.1769145362398,6.92266567098084E-15,15.));
#2469=CARTESIAN_POINT('Origin',(-11.6913429510899,19.75,15.));
#2470=CARTESIAN_POINT('',(-15.5884572681199,27.,15.));
#2471=CARTESIAN_POINT('Origin',(-2.,-11.8571428571429,0.));
#2472=CARTESIAN_POINT('',(-2.,-5.92857142857143,-1.2));
#2473=CARTESIAN_POINT('Origin',(-31.1769145362398,8.88178419700125E-15,
0.));
#2474=CARTESIAN_POINT('',(-31.1769145362398,6.66133814775094E-15,-1.2));
#2475=CARTESIAN_POINT('',(-15.5884572681199,27.,-1.2));
#2476=CARTESIAN_POINT('',(-31.1769145362398,6.92266567098084E-15,0.));
#2477=CARTESIAN_POINT('Origin',(-15.5884572681199,-27.,0.));
#2478=CARTESIAN_POINT('',(-31.1769145362398,6.92266567098084E-15,-1.2));
#2479=CARTESIAN_POINT('Origin',(15.5884572681199,27.,0.));
#2480=CARTESIAN_POINT('',(31.1769145362398,-1.90373305951973E-14,-1.2));
#2481=CARTESIAN_POINT('Origin',(-4.44089209850063E-15,0.,-1.2));
#2482=UNCERTAINTY_MEASURE_WITH_UNIT(LENGTH_MEASURE(0.01),#2486,
'DISTANCE_ACCURACY_VALUE',
'Maximum model space distance between geometric entities at asserted c
onnectivities');
#2483=UNCERTAINTY_MEASURE_WITH_UNIT(LENGTH_MEASURE(0.01),#2486,
'DISTANCE_ACCURACY_VALUE',
'Maximum model space distance between geometric entities at asserted c
onnectivities');
#2484=(
GEOMETRIC_REPRESENTATION_CONTEXT(3)
GLOBAL_UNCERTAINTY_ASSIGNED_CONTEXT((#2482))
GLOBAL_UNIT_ASSIGNED_CONTEXT((#2486,#2488,#2489))
REPRESENTATION_CONTEXT('','3D')
);
#2485=(
GEOMETRIC_REPRESENTATION_CONTEXT(3)
GLOBAL_UNCERTAINTY_ASSIGNED_CONTEXT((#2483))
GLOBAL_UNIT_ASSIGNED_CONTEXT((#2486,#2488,#2489))
REPRESENTATION_CONTEXT('','3D')
);
#2486=(
LENGTH_UNIT()
NAMED_UNIT(*)
SI_UNIT(.MILLI.,.METRE.)
);
#2487=(
LENGTH_UNIT()
NAMED_UNIT(*)
SI_UNIT($,.METRE.)
);
#2488=(
NAMED_UNIT(*)
PLANE_ANGLE_UNIT()
SI_UNIT($,.RADIAN.)
);
#2489=(
NAMED_UNIT(*)
SI_UNIT($,.STERADIAN.)
SOLID_ANGLE_UNIT()
);
#2490=SHAPE_DEFINITION_REPRESENTATION(#2491,#2492);
#2491=PRODUCT_DEFINITION_SHAPE('',$,#2494);
#2492=SHAPE_REPRESENTATION('',(#1462),#2484);
#2493=PRODUCT_DEFINITION_CONTEXT('part definition',#2498,'design');
#2494=PRODUCT_DEFINITION('hexStand','hexStand v1',#2495,#2493);
#2495=PRODUCT_DEFINITION_FORMATION('',$,#2500);
#2496=PRODUCT_RELATED_PRODUCT_CATEGORY('hexStand v1','hexStand v1',(#2500));
#2497=APPLICATION_PROTOCOL_DEFINITION('international standard',
'automotive_design',2009,#2498);
#2498=APPLICATION_CONTEXT(
'Core Data for Automotive Mechanical Design Process');
#2499=PRODUCT_CONTEXT('part definition',#2498,'mechanical');
#2500=PRODUCT('hexStand','hexStand v1',$,(#2499));
#2501=PRESENTATION_STYLE_ASSIGNMENT((#2502));
#2502=SURFACE_STYLE_USAGE(.BOTH.,#2503);
#2503=SURFACE_SIDE_STYLE('',(#2504));
#2504=SURFACE_STYLE_FILL_AREA(#2505);
#2505=FILL_AREA_STYLE('Steel - Satin',(#2506));
#2506=FILL_AREA_STYLE_COLOUR('Steel - Satin',#2507);
#2507=COLOUR_RGB('Steel - Satin',0.627450980392157,0.627450980392157,0.627450980392157);
ENDSEC;
END-ISO-10303-21;
