ISO-10303-21;
HEADER;
/* Generated by software containing ST-Developer
 * from STEP Tools, Inc. (www.steptools.com) 
 */

FILE_DESCRIPTION(
/* description */ (''),
/* implementation_level */ '2;1');

FILE_NAME(
/* name */ 'hexStand2.step',
/* time_stamp */ '2026-09-13T04:48:18+03:00',
/* author */ (''),
/* organization */ (''),
/* preprocessor_version */ 'ST-DEVELOPER v20.2',
/* originating_system */ 'Autodesk Translation Framework v15.15.0.0',
/* authorisation */ '');

FILE_SCHEMA (('AUTOMOTIVE_DESIGN { 1 0 10303 214 3 1 1 }'));
ENDSEC;

DATA;
#10=MECHANICAL_DESIGN_GEOMETRIC_PRESENTATION_REPRESENTATION('',(#13),#4721);
#11=SHAPE_REPRESENTATION_RELATIONSHIP('SRR','None',#4728,#12);
#12=ADVANCED_BREP_SHAPE_REPRESENTATION('',(#14),#4720);
#13=STYLED_ITEM('',(#4737),#14);
#14=MANIFOLD_SOLID_BREP('Body2',#2749);
#15=FACE_BOUND('',#531,.T.);
#16=FACE_BOUND('',#532,.T.);
#17=FACE_BOUND('',#559,.T.);
#18=FACE_BOUND('',#560,.T.);
#19=CYLINDRICAL_SURFACE('',#2775,1.);
#20=CYLINDRICAL_SURFACE('',#2777,25.);
#21=CYLINDRICAL_SURFACE('',#2779,1.);
#22=CYLINDRICAL_SURFACE('',#2792,1.);
#23=CYLINDRICAL_SURFACE('',#2794,25.);
#24=CYLINDRICAL_SURFACE('',#2796,1.);
#25=CYLINDRICAL_SURFACE('',#2811,1.);
#26=CYLINDRICAL_SURFACE('',#2813,25.);
#27=CYLINDRICAL_SURFACE('',#2815,1.);
#28=CYLINDRICAL_SURFACE('',#2844,1.);
#29=CYLINDRICAL_SURFACE('',#2848,1.);
#30=CYLINDRICAL_SURFACE('',#2851,13.8571428571429);
#31=CYLINDRICAL_SURFACE('',#2854,1.);
#32=CYLINDRICAL_SURFACE('',#2858,1.);
#33=CYLINDRICAL_SURFACE('',#2861,21.);
#34=CYLINDRICAL_SURFACE('',#2864,1.);
#35=CYLINDRICAL_SURFACE('',#2868,1.);
#36=CYLINDRICAL_SURFACE('',#2871,13.8571428571429);
#37=CYLINDRICAL_SURFACE('',#2874,1.);
#38=CYLINDRICAL_SURFACE('',#2878,1.);
#39=CYLINDRICAL_SURFACE('',#2881,21.);
#40=CYLINDRICAL_SURFACE('',#2884,1.);
#41=CYLINDRICAL_SURFACE('',#2888,1.);
#42=CYLINDRICAL_SURFACE('',#2891,13.8571428571429);
#43=CYLINDRICAL_SURFACE('',#2894,1.);
#44=CYLINDRICAL_SURFACE('',#2897,21.);
#45=CYLINDRICAL_SURFACE('',#2900,1.);
#46=CYLINDRICAL_SURFACE('',#2920,1.);
#47=CYLINDRICAL_SURFACE('',#2922,25.);
#48=CYLINDRICAL_SURFACE('',#2924,1.);
#49=CYLINDRICAL_SURFACE('',#2939,1.);
#50=CYLINDRICAL_SURFACE('',#2941,25.);
#51=CYLINDRICAL_SURFACE('',#2943,1.);
#52=CYLINDRICAL_SURFACE('',#2958,1.);
#53=CYLINDRICAL_SURFACE('',#2960,25.);
#54=CYLINDRICAL_SURFACE('',#2962,1.);
#55=CYLINDRICAL_SURFACE('',#2992,1.);
#56=CYLINDRICAL_SURFACE('',#2996,1.);
#57=CYLINDRICAL_SURFACE('',#2999,13.8571428571429);
#58=CYLINDRICAL_SURFACE('',#3018,1.);
#59=CYLINDRICAL_SURFACE('',#3021,1.);
#60=CYLINDRICAL_SURFACE('',#3023,21.);
#61=CYLINDRICAL_SURFACE('',#3025,1.);
#62=CYLINDRICAL_SURFACE('',#3028,1.);
#63=CYLINDRICAL_SURFACE('',#3030,13.8571428571429);
#64=CYLINDRICAL_SURFACE('',#3032,1.);
#65=CYLINDRICAL_SURFACE('',#3035,1.);
#66=CYLINDRICAL_SURFACE('',#3037,21.);
#67=CYLINDRICAL_SURFACE('',#3039,1.);
#68=CYLINDRICAL_SURFACE('',#3042,1.);
#69=CYLINDRICAL_SURFACE('',#3044,13.8571428571429);
#70=CYLINDRICAL_SURFACE('',#3046,1.);
#71=CYLINDRICAL_SURFACE('',#3048,21.);
#72=CYLINDRICAL_SURFACE('',#3050,1.);
#73=CIRCLE('',#2765,1.);
#74=CIRCLE('',#2766,1.5);
#75=CIRCLE('',#2768,24.5);
#76=CIRCLE('',#2769,25.);
#77=CIRCLE('',#2771,1.);
#78=CIRCLE('',#2772,1.5);
#79=CIRCLE('',#2776,1.);
#80=CIRCLE('',#2778,25.);
#81=CIRCLE('',#2780,1.);
#82=CIRCLE('',#2784,1.);
#83=CIRCLE('',#2785,1.5);
#84=CIRCLE('',#2787,24.5);
#85=CIRCLE('',#2788,25.);
#86=CIRCLE('',#2790,1.);
#87=CIRCLE('',#2791,1.5);
#88=CIRCLE('',#2793,1.);
#89=CIRCLE('',#2795,25.);
#90=CIRCLE('',#2797,1.);
#91=CIRCLE('',#2801,1.);
#92=CIRCLE('',#2802,1.5);
#93=CIRCLE('',#2804,24.5);
#94=CIRCLE('',#2805,25.);
#95=CIRCLE('',#2807,1.);
#96=CIRCLE('',#2808,1.5);
#97=CIRCLE('',#2812,1.);
#98=CIRCLE('',#2814,25.);
#99=CIRCLE('',#2816,1.);
#100=CIRCLE('',#2820,0.5);
#101=CIRCLE('',#2822,25.5);
#102=CIRCLE('',#2824,0.500000000000002);
#103=CIRCLE('',#2829,0.500000000000002);
#104=CIRCLE('',#2831,25.5);
#105=CIRCLE('',#2833,0.5);
#106=CIRCLE('',#2837,0.500000000000002);
#107=CIRCLE('',#2839,25.5);
#108=CIRCLE('',#2841,0.499999999999998);
#109=CIRCLE('',#2845,1.);
#110=CIRCLE('',#2846,1.);
#111=CIRCLE('',#2849,1.);
#112=CIRCLE('',#2850,1.);
#113=CIRCLE('',#2852,13.8571428571429);
#114=CIRCLE('',#2853,13.8571428571429);
#115=CIRCLE('',#2855,1.);
#116=CIRCLE('',#2856,1.);
#117=CIRCLE('',#2859,1.);
#118=CIRCLE('',#2860,1.);
#119=CIRCLE('',#2862,21.);
#120=CIRCLE('',#2863,21.);
#121=CIRCLE('',#2865,1.);
#122=CIRCLE('',#2866,1.);
#123=CIRCLE('',#2869,1.);
#124=CIRCLE('',#2870,1.);
#125=CIRCLE('',#2872,13.8571428571429);
#126=CIRCLE('',#2873,13.8571428571429);
#127=CIRCLE('',#2875,1.);
#128=CIRCLE('',#2876,1.);
#129=CIRCLE('',#2879,1.);
#130=CIRCLE('',#2880,1.);
#131=CIRCLE('',#2882,21.);
#132=CIRCLE('',#2883,21.);
#133=CIRCLE('',#2885,1.);
#134=CIRCLE('',#2886,1.);
#135=CIRCLE('',#2889,1.);
#136=CIRCLE('',#2890,1.);
#137=CIRCLE('',#2892,13.8571428571429);
#138=CIRCLE('',#2893,13.8571428571429);
#139=CIRCLE('',#2895,1.);
#140=CIRCLE('',#2896,1.);
#141=CIRCLE('',#2898,21.);
#142=CIRCLE('',#2899,21.);
#143=CIRCLE('',#2901,1.);
#144=CIRCLE('',#2902,1.);
#145=CIRCLE('',#2910,1.);
#146=CIRCLE('',#2911,1.5);
#147=CIRCLE('',#2913,24.5);
#148=CIRCLE('',#2914,25.);
#149=CIRCLE('',#2916,1.);
#150=CIRCLE('',#2917,1.5);
#151=CIRCLE('',#2921,1.);
#152=CIRCLE('',#2923,25.);
#153=CIRCLE('',#2925,1.);
#154=CIRCLE('',#2929,1.);
#155=CIRCLE('',#2930,1.5);
#156=CIRCLE('',#2932,24.5);
#157=CIRCLE('',#2933,25.);
#158=CIRCLE('',#2935,1.);
#159=CIRCLE('',#2936,1.5);
#160=CIRCLE('',#2940,1.);
#161=CIRCLE('',#2942,25.);
#162=CIRCLE('',#2944,1.);
#163=CIRCLE('',#2948,1.);
#164=CIRCLE('',#2949,1.5);
#165=CIRCLE('',#2951,24.5);
#166=CIRCLE('',#2952,25.);
#167=CIRCLE('',#2954,1.);
#168=CIRCLE('',#2955,1.5);
#169=CIRCLE('',#2959,1.);
#170=CIRCLE('',#2961,25.);
#171=CIRCLE('',#2963,1.);
#172=CIRCLE('',#2967,0.5);
#173=CIRCLE('',#2969,25.5);
#174=CIRCLE('',#2971,0.500000000000002);
#175=CIRCLE('',#2976,0.500000000000002);
#176=CIRCLE('',#2978,25.5);
#177=CIRCLE('',#2980,0.5);
#178=CIRCLE('',#2985,0.500000000000002);
#179=CIRCLE('',#2987,25.5);
#180=CIRCLE('',#2989,0.499999999999998);
#181=CIRCLE('',#2993,1.);
#182=CIRCLE('',#2994,1.);
#183=CIRCLE('',#2997,1.);
#184=CIRCLE('',#2998,1.);
#185=CIRCLE('',#3000,13.8571428571429);
#186=CIRCLE('',#3001,13.8571428571429);
#187=CIRCLE('',#3003,21.);
#188=CIRCLE('',#3004,1.);
#189=CIRCLE('',#3005,1.);
#190=CIRCLE('',#3006,13.8571428571429);
#191=CIRCLE('',#3007,1.);
#192=CIRCLE('',#3008,1.);
#193=CIRCLE('',#3009,21.);
#194=CIRCLE('',#3010,1.);
#195=CIRCLE('',#3011,1.);
#196=CIRCLE('',#3012,13.8571428571429);
#197=CIRCLE('',#3013,1.);
#198=CIRCLE('',#3014,1.);
#199=CIRCLE('',#3015,21.);
#200=CIRCLE('',#3016,1.);
#201=CIRCLE('',#3017,1.);
#202=CIRCLE('',#3019,1.);
#203=CIRCLE('',#3022,1.);
#204=CIRCLE('',#3024,21.);
#205=CIRCLE('',#3026,1.);
#206=CIRCLE('',#3029,1.);
#207=CIRCLE('',#3031,13.8571428571429);
#208=CIRCLE('',#3033,1.);
#209=CIRCLE('',#3036,1.);
#210=CIRCLE('',#3038,21.);
#211=CIRCLE('',#3040,1.);
#212=CIRCLE('',#3043,1.);
#213=CIRCLE('',#3045,13.8571428571429);
#214=CIRCLE('',#3047,1.);
#215=CIRCLE('',#3049,21.);
#216=CIRCLE('',#3051,1.);
#217=CONICAL_SURFACE('',#2764,1.25,0.785398163397448);
#218=CONICAL_SURFACE('',#2767,24.75,0.785398163397451);
#219=CONICAL_SURFACE('',#2770,1.25,0.785398163397447);
#220=CONICAL_SURFACE('',#2783,1.25,0.785398163397446);
#221=CONICAL_SURFACE('',#2786,24.75,0.785398163397447);
#222=CONICAL_SURFACE('',#2789,1.25,0.785398163397447);
#223=CONICAL_SURFACE('',#2800,1.25,0.785398163397447);
#224=CONICAL_SURFACE('',#2803,24.75,0.785398163397447);
#225=CONICAL_SURFACE('',#2806,1.25,0.785398163397449);
#226=CONICAL_SURFACE('',#2819,0.75,0.785398163397448);
#227=CONICAL_SURFACE('',#2821,25.25,0.785398163397455);
#228=CONICAL_SURFACE('',#2823,0.750000000000001,0.785398163397446);
#229=CONICAL_SURFACE('',#2828,0.750000000000001,0.785398163397446);
#230=CONICAL_SURFACE('',#2830,25.25,0.785398163397451);
#231=CONICAL_SURFACE('',#2832,0.75,0.785398163397448);
#232=CONICAL_SURFACE('',#2836,0.750000000000001,0.785398163397446);
#233=CONICAL_SURFACE('',#2838,25.25,0.785398163397446);
#234=CONICAL_SURFACE('',#2840,0.749999999999999,0.78539816339745);
#235=CONICAL_SURFACE('',#2909,1.25,0.785398163397448);
#236=CONICAL_SURFACE('',#2912,24.75,0.785398163397451);
#237=CONICAL_SURFACE('',#2915,1.25,0.785398163397447);
#238=CONICAL_SURFACE('',#2928,1.25,0.785398163397446);
#239=CONICAL_SURFACE('',#2931,24.75,0.785398163397447);
#240=CONICAL_SURFACE('',#2934,1.25,0.785398163397447);
#241=CONICAL_SURFACE('',#2947,1.25,0.785398163397447);
#242=CONICAL_SURFACE('',#2950,24.75,0.785398163397447);
#243=CONICAL_SURFACE('',#2953,1.25,0.785398163397449);
#244=CONICAL_SURFACE('',#2966,0.75,0.785398163397448);
#245=CONICAL_SURFACE('',#2968,25.25,0.785398163397455);
#246=CONICAL_SURFACE('',#2970,0.750000000000001,0.785398163397446);
#247=CONICAL_SURFACE('',#2975,0.750000000000001,0.785398163397446);
#248=CONICAL_SURFACE('',#2977,25.25,0.785398163397451);
#249=CONICAL_SURFACE('',#2979,0.75,0.785398163397448);
#250=CONICAL_SURFACE('',#2984,0.750000000000001,0.785398163397446);
#251=CONICAL_SURFACE('',#2986,25.25,0.785398163397446);
#252=CONICAL_SURFACE('',#2988,0.749999999999999,0.78539816339745);
#253=FACE_OUTER_BOUND('',#405,.T.);
#254=FACE_OUTER_BOUND('',#406,.T.);
#255=FACE_OUTER_BOUND('',#407,.T.);
#256=FACE_OUTER_BOUND('',#408,.T.);
#257=FACE_OUTER_BOUND('',#409,.T.);
#258=FACE_OUTER_BOUND('',#410,.T.);
#259=FACE_OUTER_BOUND('',#411,.T.);
#260=FACE_OUTER_BOUND('',#412,.T.);
#261=FACE_OUTER_BOUND('',#413,.T.);
#262=FACE_OUTER_BOUND('',#414,.T.);
#263=FACE_OUTER_BOUND('',#415,.T.);
#264=FACE_OUTER_BOUND('',#416,.T.);
#265=FACE_OUTER_BOUND('',#417,.T.);
#266=FACE_OUTER_BOUND('',#418,.T.);
#267=FACE_OUTER_BOUND('',#419,.T.);
#268=FACE_OUTER_BOUND('',#420,.T.);
#269=FACE_OUTER_BOUND('',#421,.T.);
#270=FACE_OUTER_BOUND('',#422,.T.);
#271=FACE_OUTER_BOUND('',#423,.T.);
#272=FACE_OUTER_BOUND('',#424,.T.);
#273=FACE_OUTER_BOUND('',#425,.T.);
#274=FACE_OUTER_BOUND('',#426,.T.);
#275=FACE_OUTER_BOUND('',#427,.T.);
#276=FACE_OUTER_BOUND('',#428,.T.);
#277=FACE_OUTER_BOUND('',#429,.T.);
#278=FACE_OUTER_BOUND('',#430,.T.);
#279=FACE_OUTER_BOUND('',#431,.T.);
#280=FACE_OUTER_BOUND('',#432,.T.);
#281=FACE_OUTER_BOUND('',#433,.T.);
#282=FACE_OUTER_BOUND('',#434,.T.);
#283=FACE_OUTER_BOUND('',#435,.T.);
#284=FACE_OUTER_BOUND('',#436,.T.);
#285=FACE_OUTER_BOUND('',#437,.T.);
#286=FACE_OUTER_BOUND('',#438,.T.);
#287=FACE_OUTER_BOUND('',#439,.T.);
#288=FACE_OUTER_BOUND('',#440,.T.);
#289=FACE_OUTER_BOUND('',#441,.T.);
#290=FACE_OUTER_BOUND('',#442,.T.);
#291=FACE_OUTER_BOUND('',#443,.T.);
#292=FACE_OUTER_BOUND('',#444,.T.);
#293=FACE_OUTER_BOUND('',#445,.T.);
#294=FACE_OUTER_BOUND('',#446,.T.);
#295=FACE_OUTER_BOUND('',#447,.T.);
#296=FACE_OUTER_BOUND('',#448,.T.);
#297=FACE_OUTER_BOUND('',#449,.T.);
#298=FACE_OUTER_BOUND('',#450,.T.);
#299=FACE_OUTER_BOUND('',#451,.T.);
#300=FACE_OUTER_BOUND('',#452,.T.);
#301=FACE_OUTER_BOUND('',#453,.T.);
#302=FACE_OUTER_BOUND('',#454,.T.);
#303=FACE_OUTER_BOUND('',#455,.T.);
#304=FACE_OUTER_BOUND('',#456,.T.);
#305=FACE_OUTER_BOUND('',#457,.T.);
#306=FACE_OUTER_BOUND('',#458,.T.);
#307=FACE_OUTER_BOUND('',#459,.T.);
#308=FACE_OUTER_BOUND('',#460,.T.);
#309=FACE_OUTER_BOUND('',#461,.T.);
#310=FACE_OUTER_BOUND('',#462,.T.);
#311=FACE_OUTER_BOUND('',#463,.T.);
#312=FACE_OUTER_BOUND('',#464,.T.);
#313=FACE_OUTER_BOUND('',#465,.T.);
#314=FACE_OUTER_BOUND('',#466,.T.);
#315=FACE_OUTER_BOUND('',#467,.T.);
#316=FACE_OUTER_BOUND('',#468,.T.);
#317=FACE_OUTER_BOUND('',#469,.T.);
#318=FACE_OUTER_BOUND('',#470,.T.);
#319=FACE_OUTER_BOUND('',#471,.T.);
#320=FACE_OUTER_BOUND('',#472,.T.);
#321=FACE_OUTER_BOUND('',#473,.T.);
#322=FACE_OUTER_BOUND('',#474,.T.);
#323=FACE_OUTER_BOUND('',#475,.T.);
#324=FACE_OUTER_BOUND('',#476,.T.);
#325=FACE_OUTER_BOUND('',#477,.T.);
#326=FACE_OUTER_BOUND('',#478,.T.);
#327=FACE_OUTER_BOUND('',#479,.T.);
#328=FACE_OUTER_BOUND('',#480,.T.);
#329=FACE_OUTER_BOUND('',#481,.T.);
#330=FACE_OUTER_BOUND('',#482,.T.);
#331=FACE_OUTER_BOUND('',#483,.T.);
#332=FACE_OUTER_BOUND('',#484,.T.);
#333=FACE_OUTER_BOUND('',#485,.T.);
#334=FACE_OUTER_BOUND('',#486,.T.);
#335=FACE_OUTER_BOUND('',#487,.T.);
#336=FACE_OUTER_BOUND('',#488,.T.);
#337=FACE_OUTER_BOUND('',#489,.T.);
#338=FACE_OUTER_BOUND('',#490,.T.);
#339=FACE_OUTER_BOUND('',#491,.T.);
#340=FACE_OUTER_BOUND('',#492,.T.);
#341=FACE_OUTER_BOUND('',#493,.T.);
#342=FACE_OUTER_BOUND('',#494,.T.);
#343=FACE_OUTER_BOUND('',#495,.T.);
#344=FACE_OUTER_BOUND('',#496,.T.);
#345=FACE_OUTER_BOUND('',#497,.T.);
#346=FACE_OUTER_BOUND('',#498,.T.);
#347=FACE_OUTER_BOUND('',#499,.T.);
#348=FACE_OUTER_BOUND('',#500,.T.);
#349=FACE_OUTER_BOUND('',#501,.T.);
#350=FACE_OUTER_BOUND('',#502,.T.);
#351=FACE_OUTER_BOUND('',#503,.T.);
#352=FACE_OUTER_BOUND('',#504,.T.);
#353=FACE_OUTER_BOUND('',#505,.T.);
#354=FACE_OUTER_BOUND('',#506,.T.);
#355=FACE_OUTER_BOUND('',#507,.T.);
#356=FACE_OUTER_BOUND('',#508,.T.);
#357=FACE_OUTER_BOUND('',#509,.T.);
#358=FACE_OUTER_BOUND('',#510,.T.);
#359=FACE_OUTER_BOUND('',#511,.T.);
#360=FACE_OUTER_BOUND('',#512,.T.);
#361=FACE_OUTER_BOUND('',#513,.T.);
#362=FACE_OUTER_BOUND('',#514,.T.);
#363=FACE_OUTER_BOUND('',#515,.T.);
#364=FACE_OUTER_BOUND('',#516,.T.);
#365=FACE_OUTER_BOUND('',#517,.T.);
#366=FACE_OUTER_BOUND('',#518,.T.);
#367=FACE_OUTER_BOUND('',#519,.T.);
#368=FACE_OUTER_BOUND('',#520,.T.);
#369=FACE_OUTER_BOUND('',#521,.T.);
#370=FACE_OUTER_BOUND('',#522,.T.);
#371=FACE_OUTER_BOUND('',#523,.T.);
#372=FACE_OUTER_BOUND('',#524,.T.);
#373=FACE_OUTER_BOUND('',#525,.T.);
#374=FACE_OUTER_BOUND('',#526,.T.);
#375=FACE_OUTER_BOUND('',#527,.T.);
#376=FACE_OUTER_BOUND('',#528,.T.);
#377=FACE_OUTER_BOUND('',#529,.T.);
#378=FACE_OUTER_BOUND('',#530,.T.);
#379=FACE_OUTER_BOUND('',#533,.T.);
#380=FACE_OUTER_BOUND('',#534,.T.);
#381=FACE_OUTER_BOUND('',#535,.T.);
#382=FACE_OUTER_BOUND('',#536,.T.);
#383=FACE_OUTER_BOUND('',#537,.T.);
#384=FACE_OUTER_BOUND('',#538,.T.);
#385=FACE_OUTER_BOUND('',#539,.T.);
#386=FACE_OUTER_BOUND('',#540,.T.);
#387=FACE_OUTER_BOUND('',#541,.T.);
#388=FACE_OUTER_BOUND('',#542,.T.);
#389=FACE_OUTER_BOUND('',#543,.T.);
#390=FACE_OUTER_BOUND('',#544,.T.);
#391=FACE_OUTER_BOUND('',#545,.T.);
#392=FACE_OUTER_BOUND('',#546,.T.);
#393=FACE_OUTER_BOUND('',#547,.T.);
#394=FACE_OUTER_BOUND('',#548,.T.);
#395=FACE_OUTER_BOUND('',#549,.T.);
#396=FACE_OUTER_BOUND('',#550,.T.);
#397=FACE_OUTER_BOUND('',#551,.T.);
#398=FACE_OUTER_BOUND('',#552,.T.);
#399=FACE_OUTER_BOUND('',#553,.T.);
#400=FACE_OUTER_BOUND('',#554,.T.);
#401=FACE_OUTER_BOUND('',#555,.T.);
#402=FACE_OUTER_BOUND('',#556,.T.);
#403=FACE_OUTER_BOUND('',#557,.T.);
#404=FACE_OUTER_BOUND('',#558,.T.);
#405=EDGE_LOOP('',(#1731,#1732,#1733,#1734));
#406=EDGE_LOOP('',(#1735,#1736,#1737,#1738));
#407=EDGE_LOOP('',(#1739,#1740,#1741,#1742));
#408=EDGE_LOOP('',(#1743,#1744,#1745,#1746));
#409=EDGE_LOOP('',(#1747,#1748,#1749,#1750));
#410=EDGE_LOOP('',(#1751,#1752,#1753,#1754));
#411=EDGE_LOOP('',(#1755,#1756,#1757,#1758));
#412=EDGE_LOOP('',(#1759,#1760,#1761,#1762));
#413=EDGE_LOOP('',(#1763,#1764,#1765,#1766));
#414=EDGE_LOOP('',(#1767,#1768,#1769,#1770));
#415=EDGE_LOOP('',(#1771,#1772,#1773,#1774));
#416=EDGE_LOOP('',(#1775,#1776,#1777,#1778));
#417=EDGE_LOOP('',(#1779,#1780,#1781,#1782));
#418=EDGE_LOOP('',(#1783,#1784,#1785,#1786));
#419=EDGE_LOOP('',(#1787,#1788,#1789,#1790));
#420=EDGE_LOOP('',(#1791,#1792,#1793,#1794));
#421=EDGE_LOOP('',(#1795,#1796,#1797,#1798));
#422=EDGE_LOOP('',(#1799,#1800,#1801,#1802));
#423=EDGE_LOOP('',(#1803,#1804,#1805,#1806));
#424=EDGE_LOOP('',(#1807,#1808,#1809,#1810));
#425=EDGE_LOOP('',(#1811,#1812,#1813,#1814));
#426=EDGE_LOOP('',(#1815,#1816,#1817,#1818));
#427=EDGE_LOOP('',(#1819,#1820,#1821,#1822));
#428=EDGE_LOOP('',(#1823,#1824,#1825,#1826));
#429=EDGE_LOOP('',(#1827,#1828,#1829,#1830));
#430=EDGE_LOOP('',(#1831,#1832,#1833,#1834));
#431=EDGE_LOOP('',(#1835,#1836,#1837,#1838));
#432=EDGE_LOOP('',(#1839,#1840,#1841,#1842));
#433=EDGE_LOOP('',(#1843,#1844,#1845,#1846));
#434=EDGE_LOOP('',(#1847,#1848,#1849,#1850));
#435=EDGE_LOOP('',(#1851,#1852,#1853,#1854));
#436=EDGE_LOOP('',(#1855,#1856,#1857,#1858));
#437=EDGE_LOOP('',(#1859,#1860,#1861,#1862));
#438=EDGE_LOOP('',(#1863,#1864,#1865,#1866,#1867,#1868,#1869,#1870));
#439=EDGE_LOOP('',(#1871,#1872,#1873,#1874));
#440=EDGE_LOOP('',(#1875,#1876,#1877,#1878));
#441=EDGE_LOOP('',(#1879,#1880,#1881,#1882));
#442=EDGE_LOOP('',(#1883,#1884,#1885,#1886));
#443=EDGE_LOOP('',(#1887,#1888,#1889,#1890));
#444=EDGE_LOOP('',(#1891,#1892,#1893,#1894,#1895,#1896,#1897,#1898));
#445=EDGE_LOOP('',(#1899,#1900,#1901,#1902));
#446=EDGE_LOOP('',(#1903,#1904,#1905,#1906));
#447=EDGE_LOOP('',(#1907,#1908,#1909,#1910));
#448=EDGE_LOOP('',(#1911,#1912,#1913,#1914));
#449=EDGE_LOOP('',(#1915,#1916,#1917,#1918,#1919,#1920,#1921,#1922));
#450=EDGE_LOOP('',(#1923,#1924,#1925,#1926));
#451=EDGE_LOOP('',(#1927,#1928,#1929,#1930));
#452=EDGE_LOOP('',(#1931,#1932,#1933,#1934));
#453=EDGE_LOOP('',(#1935,#1936,#1937,#1938));
#454=EDGE_LOOP('',(#1939,#1940,#1941,#1942));
#455=EDGE_LOOP('',(#1943,#1944,#1945,#1946));
#456=EDGE_LOOP('',(#1947,#1948,#1949,#1950));
#457=EDGE_LOOP('',(#1951,#1952,#1953,#1954));
#458=EDGE_LOOP('',(#1955,#1956,#1957,#1958));
#459=EDGE_LOOP('',(#1959,#1960,#1961,#1962));
#460=EDGE_LOOP('',(#1963,#1964,#1965,#1966));
#461=EDGE_LOOP('',(#1967,#1968,#1969,#1970));
#462=EDGE_LOOP('',(#1971,#1972,#1973,#1974));
#463=EDGE_LOOP('',(#1975,#1976,#1977,#1978));
#464=EDGE_LOOP('',(#1979,#1980,#1981,#1982));
#465=EDGE_LOOP('',(#1983,#1984,#1985,#1986));
#466=EDGE_LOOP('',(#1987,#1988,#1989,#1990));
#467=EDGE_LOOP('',(#1991,#1992,#1993,#1994));
#468=EDGE_LOOP('',(#1995,#1996,#1997,#1998));
#469=EDGE_LOOP('',(#1999,#2000,#2001,#2002));
#470=EDGE_LOOP('',(#2003,#2004,#2005,#2006));
#471=EDGE_LOOP('',(#2007,#2008,#2009,#2010));
#472=EDGE_LOOP('',(#2011,#2012,#2013,#2014));
#473=EDGE_LOOP('',(#2015,#2016,#2017,#2018,#2019,#2020,#2021));
#474=EDGE_LOOP('',(#2022,#2023,#2024,#2025,#2026,#2027,#2028));
#475=EDGE_LOOP('',(#2029,#2030,#2031,#2032));
#476=EDGE_LOOP('',(#2033,#2034,#2035,#2036,#2037,#2038,#2039,#2040));
#477=EDGE_LOOP('',(#2041,#2042,#2043,#2044,#2045,#2046,#2047,#2048));
#478=EDGE_LOOP('',(#2049,#2050,#2051,#2052));
#479=EDGE_LOOP('',(#2053,#2054,#2055,#2056));
#480=EDGE_LOOP('',(#2057,#2058,#2059,#2060));
#481=EDGE_LOOP('',(#2061,#2062,#2063,#2064));
#482=EDGE_LOOP('',(#2065,#2066,#2067,#2068));
#483=EDGE_LOOP('',(#2069,#2070,#2071,#2072));
#484=EDGE_LOOP('',(#2073,#2074,#2075,#2076));
#485=EDGE_LOOP('',(#2077,#2078,#2079,#2080));
#486=EDGE_LOOP('',(#2081,#2082,#2083,#2084));
#487=EDGE_LOOP('',(#2085,#2086,#2087,#2088));
#488=EDGE_LOOP('',(#2089,#2090,#2091,#2092));
#489=EDGE_LOOP('',(#2093,#2094,#2095,#2096));
#490=EDGE_LOOP('',(#2097,#2098,#2099,#2100));
#491=EDGE_LOOP('',(#2101,#2102,#2103,#2104));
#492=EDGE_LOOP('',(#2105,#2106,#2107,#2108));
#493=EDGE_LOOP('',(#2109,#2110,#2111,#2112));
#494=EDGE_LOOP('',(#2113,#2114,#2115,#2116));
#495=EDGE_LOOP('',(#2117,#2118,#2119,#2120));
#496=EDGE_LOOP('',(#2121,#2122,#2123,#2124));
#497=EDGE_LOOP('',(#2125,#2126,#2127,#2128));
#498=EDGE_LOOP('',(#2129,#2130,#2131,#2132));
#499=EDGE_LOOP('',(#2133,#2134,#2135,#2136));
#500=EDGE_LOOP('',(#2137,#2138,#2139,#2140));
#501=EDGE_LOOP('',(#2141,#2142,#2143,#2144));
#502=EDGE_LOOP('',(#2145,#2146,#2147,#2148));
#503=EDGE_LOOP('',(#2149,#2150,#2151,#2152));
#504=EDGE_LOOP('',(#2153,#2154,#2155,#2156));
#505=EDGE_LOOP('',(#2157,#2158,#2159,#2160));
#506=EDGE_LOOP('',(#2161,#2162,#2163,#2164));
#507=EDGE_LOOP('',(#2165,#2166,#2167,#2168));
#508=EDGE_LOOP('',(#2169,#2170,#2171,#2172));
#509=EDGE_LOOP('',(#2173,#2174,#2175,#2176));
#510=EDGE_LOOP('',(#2177,#2178,#2179,#2180));
#511=EDGE_LOOP('',(#2181,#2182,#2183,#2184));
#512=EDGE_LOOP('',(#2185,#2186,#2187,#2188));
#513=EDGE_LOOP('',(#2189,#2190,#2191,#2192,#2193,#2194,#2195,#2196));
#514=EDGE_LOOP('',(#2197,#2198,#2199,#2200));
#515=EDGE_LOOP('',(#2201,#2202,#2203,#2204));
#516=EDGE_LOOP('',(#2205,#2206,#2207,#2208));
#517=EDGE_LOOP('',(#2209,#2210,#2211,#2212));
#518=EDGE_LOOP('',(#2213,#2214,#2215,#2216));
#519=EDGE_LOOP('',(#2217,#2218,#2219,#2220,#2221,#2222,#2223,#2224));
#520=EDGE_LOOP('',(#2225,#2226,#2227,#2228));
#521=EDGE_LOOP('',(#2229,#2230,#2231,#2232));
#522=EDGE_LOOP('',(#2233,#2234,#2235,#2236));
#523=EDGE_LOOP('',(#2237,#2238,#2239,#2240));
#524=EDGE_LOOP('',(#2241,#2242,#2243,#2244));
#525=EDGE_LOOP('',(#2245,#2246,#2247,#2248,#2249,#2250,#2251,#2252));
#526=EDGE_LOOP('',(#2253,#2254,#2255,#2256));
#527=EDGE_LOOP('',(#2257,#2258,#2259,#2260));
#528=EDGE_LOOP('',(#2261,#2262,#2263,#2264));
#529=EDGE_LOOP('',(#2265,#2266,#2267,#2268));
#530=EDGE_LOOP('',(#2269,#2270,#2271,#2272,#2273,#2274,#2275,#2276,#2277,
#2278,#2279,#2280,#2281,#2282,#2283,#2284,#2285,#2286,#2287,#2288,#2289,
#2290,#2291,#2292,#2293,#2294,#2295,#2296,#2297,#2298,#2299,#2300,#2301,
#2302,#2303,#2304,#2305,#2306,#2307));
#531=EDGE_LOOP('',(#2308,#2309,#2310,#2311,#2312,#2313,#2314,#2315,#2316,
#2317,#2318,#2319,#2320,#2321,#2322,#2323,#2324,#2325,#2326,#2327,#2328,
#2329,#2330,#2331));
#532=EDGE_LOOP('',(#2332,#2333,#2334,#2335,#2336,#2337,#2338,#2339,#2340,
#2341,#2342,#2343,#2344,#2345,#2346,#2347,#2348,#2349,#2350,#2351,#2352,
#2353,#2354,#2355));
#533=EDGE_LOOP('',(#2356,#2357,#2358,#2359));
#534=EDGE_LOOP('',(#2360,#2361,#2362,#2363));
#535=EDGE_LOOP('',(#2364,#2365,#2366,#2367));
#536=EDGE_LOOP('',(#2368,#2369,#2370,#2371));
#537=EDGE_LOOP('',(#2372,#2373,#2374,#2375));
#538=EDGE_LOOP('',(#2376,#2377,#2378,#2379));
#539=EDGE_LOOP('',(#2380,#2381,#2382,#2383));
#540=EDGE_LOOP('',(#2384,#2385,#2386,#2387));
#541=EDGE_LOOP('',(#2388,#2389,#2390,#2391));
#542=EDGE_LOOP('',(#2392,#2393,#2394,#2395));
#543=EDGE_LOOP('',(#2396,#2397,#2398,#2399));
#544=EDGE_LOOP('',(#2400,#2401,#2402,#2403));
#545=EDGE_LOOP('',(#2404,#2405,#2406,#2407));
#546=EDGE_LOOP('',(#2408,#2409,#2410,#2411));
#547=EDGE_LOOP('',(#2412,#2413,#2414,#2415));
#548=EDGE_LOOP('',(#2416,#2417,#2418,#2419));
#549=EDGE_LOOP('',(#2420,#2421,#2422,#2423));
#550=EDGE_LOOP('',(#2424,#2425,#2426,#2427));
#551=EDGE_LOOP('',(#2428,#2429,#2430,#2431));
#552=EDGE_LOOP('',(#2432,#2433,#2434,#2435,#2436,#2437,#2438));
#553=EDGE_LOOP('',(#2439,#2440,#2441,#2442,#2443,#2444,#2445,#2446,#2447,
#2448,#2449));
#554=EDGE_LOOP('',(#2450,#2451,#2452,#2453,#2454,#2455,#2456));
#555=EDGE_LOOP('',(#2457,#2458,#2459,#2460));
#556=EDGE_LOOP('',(#2461,#2462,#2463,#2464,#2465,#2466,#2467,#2468));
#557=EDGE_LOOP('',(#2469,#2470,#2471,#2472,#2473,#2474,#2475,#2476));
#558=EDGE_LOOP('',(#2477,#2478,#2479,#2480,#2481,#2482,#2483,#2484,#2485,
#2486));
#559=EDGE_LOOP('',(#2487,#2488,#2489,#2490,#2491,#2492,#2493,#2494,#2495,
#2496,#2497,#2498,#2499,#2500,#2501,#2502,#2503,#2504,#2505,#2506,#2507,
#2508,#2509,#2510));
#560=EDGE_LOOP('',(#2511,#2512,#2513,#2514,#2515,#2516,#2517,#2518,#2519,
#2520,#2521,#2522,#2523,#2524,#2525,#2526,#2527,#2528,#2529,#2530,#2531,
#2532,#2533,#2534));
#561=LINE('',#3915,#819);
#562=LINE('',#3917,#820);
#563=LINE('',#3919,#821);
#564=LINE('',#3920,#822);
#565=LINE('',#3925,#823);
#566=LINE('',#3930,#824);
#567=LINE('',#3937,#825);
#568=LINE('',#3942,#826);
#569=LINE('',#3943,#827);
#570=LINE('',#3944,#828);
#571=LINE('',#3947,#829);
#572=LINE('',#3949,#830);
#573=LINE('',#3950,#831);
#574=LINE('',#3953,#832);
#575=LINE('',#3957,#833);
#576=LINE('',#3961,#834);
#577=LINE('',#3965,#835);
#578=LINE('',#3966,#836);
#579=LINE('',#3970,#837);
#580=LINE('',#3972,#838);
#581=LINE('',#3974,#839);
#582=LINE('',#3975,#840);
#583=LINE('',#3980,#841);
#584=LINE('',#3985,#842);
#585=LINE('',#3992,#843);
#586=LINE('',#3996,#844);
#587=LINE('',#3999,#845);
#588=LINE('',#4002,#846);
#589=LINE('',#4006,#847);
#590=LINE('',#4010,#848);
#591=LINE('',#4011,#849);
#592=LINE('',#4015,#850);
#593=LINE('',#4017,#851);
#594=LINE('',#4019,#852);
#595=LINE('',#4020,#853);
#596=LINE('',#4025,#854);
#597=LINE('',#4030,#855);
#598=LINE('',#4037,#856);
#599=LINE('',#4042,#857);
#600=LINE('',#4043,#858);
#601=LINE('',#4044,#859);
#602=LINE('',#4047,#860);
#603=LINE('',#4049,#861);
#604=LINE('',#4050,#862);
#605=LINE('',#4053,#863);
#606=LINE('',#4057,#864);
#607=LINE('',#4061,#865);
#608=LINE('',#4065,#866);
#609=LINE('',#4066,#867);
#610=LINE('',#4069,#868);
#611=LINE('',#4071,#869);
#612=LINE('',#4072,#870);
#613=LINE('',#4075,#871);
#614=LINE('',#4079,#872);
#615=LINE('',#4083,#873);
#616=LINE('',#4087,#874);
#617=LINE('',#4088,#875);
#618=LINE('',#4091,#876);
#619=LINE('',#4093,#877);
#620=LINE('',#4095,#878);
#621=LINE('',#4097,#879);
#622=LINE('',#4098,#880);
#623=LINE('',#4101,#881);
#624=LINE('',#4103,#882);
#625=LINE('',#4104,#883);
#626=LINE('',#4107,#884);
#627=LINE('',#4111,#885);
#628=LINE('',#4115,#886);
#629=LINE('',#4119,#887);
#630=LINE('',#4120,#888);
#631=LINE('',#4123,#889);
#632=LINE('',#4125,#890);
#633=LINE('',#4127,#891);
#634=LINE('',#4129,#892);
#635=LINE('',#4130,#893);
#636=LINE('',#4133,#894);
#637=LINE('',#4135,#895);
#638=LINE('',#4139,#896);
#639=LINE('',#4143,#897);
#640=LINE('',#4147,#898);
#641=LINE('',#4148,#899);
#642=LINE('',#4150,#900);
#643=LINE('',#4152,#901);
#644=LINE('',#4154,#902);
#645=LINE('',#4155,#903);
#646=LINE('',#4161,#904);
#647=LINE('',#4164,#905);
#648=LINE('',#4167,#906);
#649=LINE('',#4169,#907);
#650=LINE('',#4170,#908);
#651=LINE('',#4176,#909);
#652=LINE('',#4181,#910);
#653=LINE('',#4188,#911);
#654=LINE('',#4191,#912);
#655=LINE('',#4193,#913);
#656=LINE('',#4194,#914);
#657=LINE('',#4199,#915);
#658=LINE('',#4205,#916);
#659=LINE('',#4211,#917);
#660=LINE('',#4215,#918);
#661=LINE('',#4217,#919);
#662=LINE('',#4218,#920);
#663=LINE('',#4224,#921);
#664=LINE('',#4229,#922);
#665=LINE('',#4236,#923);
#666=LINE('',#4239,#924);
#667=LINE('',#4241,#925);
#668=LINE('',#4242,#926);
#669=LINE('',#4247,#927);
#670=LINE('',#4253,#928);
#671=LINE('',#4259,#929);
#672=LINE('',#4263,#930);
#673=LINE('',#4265,#931);
#674=LINE('',#4266,#932);
#675=LINE('',#4272,#933);
#676=LINE('',#4277,#934);
#677=LINE('',#4284,#935);
#678=LINE('',#4287,#936);
#679=LINE('',#4296,#937);
#680=LINE('',#4298,#938);
#681=LINE('',#4300,#939);
#682=LINE('',#4302,#940);
#683=LINE('',#4303,#941);
#684=LINE('',#4306,#942);
#685=LINE('',#4308,#943);
#686=LINE('',#4309,#944);
#687=LINE('',#4311,#945);
#688=LINE('',#4312,#946);
#689=LINE('',#4315,#947);
#690=LINE('',#4317,#948);
#691=LINE('',#4318,#949);
#692=LINE('',#4323,#950);
#693=LINE('',#4328,#951);
#694=LINE('',#4335,#952);
#695=LINE('',#4340,#953);
#696=LINE('',#4341,#954);
#697=LINE('',#4342,#955);
#698=LINE('',#4345,#956);
#699=LINE('',#4347,#957);
#700=LINE('',#4348,#958);
#701=LINE('',#4351,#959);
#702=LINE('',#4355,#960);
#703=LINE('',#4359,#961);
#704=LINE('',#4362,#962);
#705=LINE('',#4366,#963);
#706=LINE('',#4368,#964);
#707=LINE('',#4370,#965);
#708=LINE('',#4371,#966);
#709=LINE('',#4376,#967);
#710=LINE('',#4381,#968);
#711=LINE('',#4388,#969);
#712=LINE('',#4393,#970);
#713=LINE('',#4394,#971);
#714=LINE('',#4395,#972);
#715=LINE('',#4398,#973);
#716=LINE('',#4400,#974);
#717=LINE('',#4401,#975);
#718=LINE('',#4404,#976);
#719=LINE('',#4408,#977);
#720=LINE('',#4412,#978);
#721=LINE('',#4416,#979);
#722=LINE('',#4417,#980);
#723=LINE('',#4421,#981);
#724=LINE('',#4423,#982);
#725=LINE('',#4425,#983);
#726=LINE('',#4426,#984);
#727=LINE('',#4431,#985);
#728=LINE('',#4436,#986);
#729=LINE('',#4443,#987);
#730=LINE('',#4448,#988);
#731=LINE('',#4449,#989);
#732=LINE('',#4450,#990);
#733=LINE('',#4453,#991);
#734=LINE('',#4455,#992);
#735=LINE('',#4456,#993);
#736=LINE('',#4459,#994);
#737=LINE('',#4463,#995);
#738=LINE('',#4467,#996);
#739=LINE('',#4471,#997);
#740=LINE('',#4472,#998);
#741=LINE('',#4475,#999);
#742=LINE('',#4477,#1000);
#743=LINE('',#4478,#1001);
#744=LINE('',#4481,#1002);
#745=LINE('',#4485,#1003);
#746=LINE('',#4489,#1004);
#747=LINE('',#4493,#1005);
#748=LINE('',#4494,#1006);
#749=LINE('',#4497,#1007);
#750=LINE('',#4499,#1008);
#751=LINE('',#4501,#1009);
#752=LINE('',#4503,#1010);
#753=LINE('',#4504,#1011);
#754=LINE('',#4507,#1012);
#755=LINE('',#4509,#1013);
#756=LINE('',#4510,#1014);
#757=LINE('',#4513,#1015);
#758=LINE('',#4517,#1016);
#759=LINE('',#4521,#1017);
#760=LINE('',#4524,#1018);
#761=LINE('',#4526,#1019);
#762=LINE('',#4528,#1020);
#763=LINE('',#4530,#1021);
#764=LINE('',#4531,#1022);
#765=LINE('',#4534,#1023);
#766=LINE('',#4536,#1024);
#767=LINE('',#4537,#1025);
#768=LINE('',#4540,#1026);
#769=LINE('',#4544,#1027);
#770=LINE('',#4548,#1028);
#771=LINE('',#4552,#1029);
#772=LINE('',#4553,#1030);
#773=LINE('',#4555,#1031);
#774=LINE('',#4557,#1032);
#775=LINE('',#4559,#1033);
#776=LINE('',#4560,#1034);
#777=LINE('',#4566,#1035);
#778=LINE('',#4569,#1036);
#779=LINE('',#4572,#1037);
#780=LINE('',#4574,#1038);
#781=LINE('',#4575,#1039);
#782=LINE('',#4581,#1040);
#783=LINE('',#4586,#1041);
#784=LINE('',#4589,#1042);
#785=LINE('',#4590,#1043);
#786=LINE('',#4596,#1044);
#787=LINE('',#4604,#1045);
#788=LINE('',#4612,#1046);
#789=LINE('',#4620,#1047);
#790=LINE('',#4628,#1048);
#791=LINE('',#4633,#1049);
#792=LINE('',#4636,#1050);
#793=LINE('',#4637,#1051);
#794=LINE('',#4640,#1052);
#795=LINE('',#4644,#1053);
#796=LINE('',#4648,#1054);
#797=LINE('',#4652,#1055);
#798=LINE('',#4653,#1056);
#799=LINE('',#4657,#1057);
#800=LINE('',#4660,#1058);
#801=LINE('',#4665,#1059);
#802=LINE('',#4668,#1060);
#803=LINE('',#4669,#1061);
#804=LINE('',#4672,#1062);
#805=LINE('',#4676,#1063);
#806=LINE('',#4680,#1064);
#807=LINE('',#4684,#1065);
#808=LINE('',#4685,#1066);
#809=LINE('',#4689,#1067);
#810=LINE('',#4692,#1068);
#811=LINE('',#4696,#1069);
#812=LINE('',#4699,#1070);
#813=LINE('',#4705,#1071);
#814=LINE('',#4707,#1072);
#815=LINE('',#4710,#1073);
#816=LINE('',#4712,#1074);
#817=LINE('',#4714,#1075);
#818=LINE('',#4716,#1076);
#819=VECTOR('',#3063,10.);
#820=VECTOR('',#3064,10.);
#821=VECTOR('',#3065,10.);
#822=VECTOR('',#3066,10.);
#823=VECTOR('',#3071,10.);
#824=VECTOR('',#3076,10.);
#825=VECTOR('',#3085,10.);
#826=VECTOR('',#3090,10.);
#827=VECTOR('',#3091,10.);
#828=VECTOR('',#3092,10.);
#829=VECTOR('',#3095,10.);
#830=VECTOR('',#3096,10.);
#831=VECTOR('',#3097,10.);
#832=VECTOR('',#3100,10.);
#833=VECTOR('',#3105,10.);
#834=VECTOR('',#3110,10.);
#835=VECTOR('',#3115,10.);
#836=VECTOR('',#3116,10.);
#837=VECTOR('',#3119,10.);
#838=VECTOR('',#3120,10.);
#839=VECTOR('',#3121,10.);
#840=VECTOR('',#3122,10.);
#841=VECTOR('',#3127,10.);
#842=VECTOR('',#3132,10.);
#843=VECTOR('',#3141,10.);
#844=VECTOR('',#3146,10.);
#845=VECTOR('',#3149,10.);
#846=VECTOR('',#3152,10.);
#847=VECTOR('',#3157,10.);
#848=VECTOR('',#3162,10.);
#849=VECTOR('',#3163,10.);
#850=VECTOR('',#3166,10.);
#851=VECTOR('',#3167,10.);
#852=VECTOR('',#3168,10.);
#853=VECTOR('',#3169,10.);
#854=VECTOR('',#3174,10.);
#855=VECTOR('',#3179,10.);
#856=VECTOR('',#3188,10.);
#857=VECTOR('',#3193,10.);
#858=VECTOR('',#3194,10.);
#859=VECTOR('',#3195,10.);
#860=VECTOR('',#3198,10.);
#861=VECTOR('',#3199,10.);
#862=VECTOR('',#3200,10.);
#863=VECTOR('',#3203,10.);
#864=VECTOR('',#3208,10.);
#865=VECTOR('',#3213,10.);
#866=VECTOR('',#3218,10.);
#867=VECTOR('',#3219,10.);
#868=VECTOR('',#3222,10.);
#869=VECTOR('',#3223,10.);
#870=VECTOR('',#3224,10.);
#871=VECTOR('',#3227,10.);
#872=VECTOR('',#3232,10.);
#873=VECTOR('',#3237,10.);
#874=VECTOR('',#3242,10.);
#875=VECTOR('',#3243,10.);
#876=VECTOR('',#3246,10.);
#877=VECTOR('',#3247,10.);
#878=VECTOR('',#3248,10.);
#879=VECTOR('',#3249,10.);
#880=VECTOR('',#3250,10.);
#881=VECTOR('',#3253,10.);
#882=VECTOR('',#3254,10.);
#883=VECTOR('',#3255,10.);
#884=VECTOR('',#3258,10.);
#885=VECTOR('',#3263,10.);
#886=VECTOR('',#3268,10.);
#887=VECTOR('',#3273,10.);
#888=VECTOR('',#3274,10.);
#889=VECTOR('',#3277,10.);
#890=VECTOR('',#3278,10.);
#891=VECTOR('',#3279,10.);
#892=VECTOR('',#3280,10.);
#893=VECTOR('',#3281,10.);
#894=VECTOR('',#3284,10.);
#895=VECTOR('',#3285,10.);
#896=VECTOR('',#3290,10.);
#897=VECTOR('',#3295,10.);
#898=VECTOR('',#3300,10.);
#899=VECTOR('',#3301,10.);
#900=VECTOR('',#3304,10.);
#901=VECTOR('',#3305,10.);
#902=VECTOR('',#3306,10.);
#903=VECTOR('',#3307,10.);
#904=VECTOR('',#3312,10.);
#905=VECTOR('',#3315,10.);
#906=VECTOR('',#3318,10.);
#907=VECTOR('',#3319,10.);
#908=VECTOR('',#3320,10.);
#909=VECTOR('',#3327,10.);
#910=VECTOR('',#3332,10.);
#911=VECTOR('',#3341,10.);
#912=VECTOR('',#3344,10.);
#913=VECTOR('',#3345,10.);
#914=VECTOR('',#3346,10.);
#915=VECTOR('',#3351,10.);
#916=VECTOR('',#3358,10.);
#917=VECTOR('',#3365,10.);
#918=VECTOR('',#3370,10.);
#919=VECTOR('',#3371,10.);
#920=VECTOR('',#3372,10.);
#921=VECTOR('',#3379,10.);
#922=VECTOR('',#3384,10.);
#923=VECTOR('',#3393,10.);
#924=VECTOR('',#3396,10.);
#925=VECTOR('',#3397,10.);
#926=VECTOR('',#3398,10.);
#927=VECTOR('',#3403,10.);
#928=VECTOR('',#3410,10.);
#929=VECTOR('',#3417,10.);
#930=VECTOR('',#3422,10.);
#931=VECTOR('',#3423,10.);
#932=VECTOR('',#3424,10.);
#933=VECTOR('',#3431,10.);
#934=VECTOR('',#3436,10.);
#935=VECTOR('',#3443,10.);
#936=VECTOR('',#3446,10.);
#937=VECTOR('',#3459,10.);
#938=VECTOR('',#3462,10.);
#939=VECTOR('',#3465,10.);
#940=VECTOR('',#3468,10.);
#941=VECTOR('',#3469,10.);
#942=VECTOR('',#3472,10.);
#943=VECTOR('',#3473,10.);
#944=VECTOR('',#3474,10.);
#945=VECTOR('',#3477,10.);
#946=VECTOR('',#3478,10.);
#947=VECTOR('',#3481,10.);
#948=VECTOR('',#3482,10.);
#949=VECTOR('',#3483,10.);
#950=VECTOR('',#3488,10.);
#951=VECTOR('',#3493,10.);
#952=VECTOR('',#3502,10.);
#953=VECTOR('',#3507,10.);
#954=VECTOR('',#3508,10.);
#955=VECTOR('',#3509,10.);
#956=VECTOR('',#3512,10.);
#957=VECTOR('',#3513,10.);
#958=VECTOR('',#3514,10.);
#959=VECTOR('',#3517,10.);
#960=VECTOR('',#3522,10.);
#961=VECTOR('',#3527,10.);
#962=VECTOR('',#3532,10.);
#963=VECTOR('',#3535,10.);
#964=VECTOR('',#3536,10.);
#965=VECTOR('',#3537,10.);
#966=VECTOR('',#3538,10.);
#967=VECTOR('',#3543,10.);
#968=VECTOR('',#3548,10.);
#969=VECTOR('',#3557,10.);
#970=VECTOR('',#3562,10.);
#971=VECTOR('',#3563,10.);
#972=VECTOR('',#3564,10.);
#973=VECTOR('',#3567,10.);
#974=VECTOR('',#3568,10.);
#975=VECTOR('',#3569,10.);
#976=VECTOR('',#3572,10.);
#977=VECTOR('',#3577,10.);
#978=VECTOR('',#3582,10.);
#979=VECTOR('',#3587,10.);
#980=VECTOR('',#3588,10.);
#981=VECTOR('',#3591,10.);
#982=VECTOR('',#3592,10.);
#983=VECTOR('',#3593,10.);
#984=VECTOR('',#3594,10.);
#985=VECTOR('',#3599,10.);
#986=VECTOR('',#3604,10.);
#987=VECTOR('',#3613,10.);
#988=VECTOR('',#3618,10.);
#989=VECTOR('',#3619,10.);
#990=VECTOR('',#3620,10.);
#991=VECTOR('',#3623,10.);
#992=VECTOR('',#3624,10.);
#993=VECTOR('',#3625,10.);
#994=VECTOR('',#3628,10.);
#995=VECTOR('',#3633,10.);
#996=VECTOR('',#3638,10.);
#997=VECTOR('',#3643,10.);
#998=VECTOR('',#3644,10.);
#999=VECTOR('',#3647,10.);
#1000=VECTOR('',#3648,10.);
#1001=VECTOR('',#3649,10.);
#1002=VECTOR('',#3652,10.);
#1003=VECTOR('',#3657,10.);
#1004=VECTOR('',#3662,10.);
#1005=VECTOR('',#3667,10.);
#1006=VECTOR('',#3668,10.);
#1007=VECTOR('',#3671,10.);
#1008=VECTOR('',#3672,10.);
#1009=VECTOR('',#3673,10.);
#1010=VECTOR('',#3674,10.);
#1011=VECTOR('',#3675,10.);
#1012=VECTOR('',#3678,10.);
#1013=VECTOR('',#3679,10.);
#1014=VECTOR('',#3680,10.);
#1015=VECTOR('',#3683,10.);
#1016=VECTOR('',#3688,10.);
#1017=VECTOR('',#3693,10.);
#1018=VECTOR('',#3698,10.);
#1019=VECTOR('',#3701,10.);
#1020=VECTOR('',#3702,10.);
#1021=VECTOR('',#3703,10.);
#1022=VECTOR('',#3704,10.);
#1023=VECTOR('',#3707,10.);
#1024=VECTOR('',#3708,10.);
#1025=VECTOR('',#3709,10.);
#1026=VECTOR('',#3712,10.);
#1027=VECTOR('',#3717,10.);
#1028=VECTOR('',#3722,10.);
#1029=VECTOR('',#3727,10.);
#1030=VECTOR('',#3728,10.);
#1031=VECTOR('',#3731,10.);
#1032=VECTOR('',#3732,10.);
#1033=VECTOR('',#3733,10.);
#1034=VECTOR('',#3734,10.);
#1035=VECTOR('',#3739,10.);
#1036=VECTOR('',#3742,10.);
#1037=VECTOR('',#3745,10.);
#1038=VECTOR('',#3746,10.);
#1039=VECTOR('',#3747,10.);
#1040=VECTOR('',#3754,10.);
#1041=VECTOR('',#3759,10.);
#1042=VECTOR('',#3764,10.);
#1043=VECTOR('',#3765,10.);
#1044=VECTOR('',#3770,10.);
#1045=VECTOR('',#3777,10.);
#1046=VECTOR('',#3784,10.);
#1047=VECTOR('',#3791,10.);
#1048=VECTOR('',#3798,10.);
#1049=VECTOR('',#3805,10.);
#1050=VECTOR('',#3808,10.);
#1051=VECTOR('',#3809,10.);
#1052=VECTOR('',#3812,10.);
#1053=VECTOR('',#3817,10.);
#1054=VECTOR('',#3822,10.);
#1055=VECTOR('',#3827,10.);
#1056=VECTOR('',#3828,10.);
#1057=VECTOR('',#3833,10.);
#1058=VECTOR('',#3836,10.);
#1059=VECTOR('',#3843,10.);
#1060=VECTOR('',#3846,10.);
#1061=VECTOR('',#3847,10.);
#1062=VECTOR('',#3850,10.);
#1063=VECTOR('',#3855,10.);
#1064=VECTOR('',#3860,10.);
#1065=VECTOR('',#3865,10.);
#1066=VECTOR('',#3866,10.);
#1067=VECTOR('',#3871,10.);
#1068=VECTOR('',#3874,10.);
#1069=VECTOR('',#3879,10.);
#1070=VECTOR('',#3882,10.);
#1071=VECTOR('',#3891,10.);
#1072=VECTOR('',#3894,10.);
#1073=VECTOR('',#3899,10.);
#1074=VECTOR('',#3902,10.);
#1075=VECTOR('',#3905,10.);
#1076=VECTOR('',#3908,10.);
#1077=VERTEX_POINT('',#3913);
#1078=VERTEX_POINT('',#3914);
#1079=VERTEX_POINT('',#3916);
#1080=VERTEX_POINT('',#3918);
#1081=VERTEX_POINT('',#3922);
#1082=VERTEX_POINT('',#3924);
#1083=VERTEX_POINT('',#3928);
#1084=VERTEX_POINT('',#3929);
#1085=VERTEX_POINT('',#3934);
#1086=VERTEX_POINT('',#3936);
#1087=VERTEX_POINT('',#3940);
#1088=VERTEX_POINT('',#3941);
#1089=VERTEX_POINT('',#3946);
#1090=VERTEX_POINT('',#3948);
#1091=VERTEX_POINT('',#3952);
#1092=VERTEX_POINT('',#3956);
#1093=VERTEX_POINT('',#3960);
#1094=VERTEX_POINT('',#3964);
#1095=VERTEX_POINT('',#3968);
#1096=VERTEX_POINT('',#3969);
#1097=VERTEX_POINT('',#3971);
#1098=VERTEX_POINT('',#3973);
#1099=VERTEX_POINT('',#3977);
#1100=VERTEX_POINT('',#3979);
#1101=VERTEX_POINT('',#3983);
#1102=VERTEX_POINT('',#3984);
#1103=VERTEX_POINT('',#3989);
#1104=VERTEX_POINT('',#3991);
#1105=VERTEX_POINT('',#3995);
#1106=VERTEX_POINT('',#3997);
#1107=VERTEX_POINT('',#4001);
#1108=VERTEX_POINT('',#4005);
#1109=VERTEX_POINT('',#4009);
#1110=VERTEX_POINT('',#4013);
#1111=VERTEX_POINT('',#4014);
#1112=VERTEX_POINT('',#4016);
#1113=VERTEX_POINT('',#4018);
#1114=VERTEX_POINT('',#4022);
#1115=VERTEX_POINT('',#4024);
#1116=VERTEX_POINT('',#4028);
#1117=VERTEX_POINT('',#4029);
#1118=VERTEX_POINT('',#4034);
#1119=VERTEX_POINT('',#4036);
#1120=VERTEX_POINT('',#4040);
#1121=VERTEX_POINT('',#4041);
#1122=VERTEX_POINT('',#4046);
#1123=VERTEX_POINT('',#4048);
#1124=VERTEX_POINT('',#4052);
#1125=VERTEX_POINT('',#4056);
#1126=VERTEX_POINT('',#4060);
#1127=VERTEX_POINT('',#4064);
#1128=VERTEX_POINT('',#4068);
#1129=VERTEX_POINT('',#4070);
#1130=VERTEX_POINT('',#4074);
#1131=VERTEX_POINT('',#4078);
#1132=VERTEX_POINT('',#4082);
#1133=VERTEX_POINT('',#4086);
#1134=VERTEX_POINT('',#4090);
#1135=VERTEX_POINT('',#4092);
#1136=VERTEX_POINT('',#4094);
#1137=VERTEX_POINT('',#4096);
#1138=VERTEX_POINT('',#4100);
#1139=VERTEX_POINT('',#4102);
#1140=VERTEX_POINT('',#4106);
#1141=VERTEX_POINT('',#4110);
#1142=VERTEX_POINT('',#4114);
#1143=VERTEX_POINT('',#4118);
#1144=VERTEX_POINT('',#4122);
#1145=VERTEX_POINT('',#4124);
#1146=VERTEX_POINT('',#4126);
#1147=VERTEX_POINT('',#4128);
#1148=VERTEX_POINT('',#4132);
#1149=VERTEX_POINT('',#4134);
#1150=VERTEX_POINT('',#4138);
#1151=VERTEX_POINT('',#4142);
#1152=VERTEX_POINT('',#4146);
#1153=VERTEX_POINT('',#4151);
#1154=VERTEX_POINT('',#4153);
#1155=VERTEX_POINT('',#4157);
#1156=VERTEX_POINT('',#4158);
#1157=VERTEX_POINT('',#4160);
#1158=VERTEX_POINT('',#4162);
#1159=VERTEX_POINT('',#4166);
#1160=VERTEX_POINT('',#4168);
#1161=VERTEX_POINT('',#4172);
#1162=VERTEX_POINT('',#4174);
#1163=VERTEX_POINT('',#4178);
#1164=VERTEX_POINT('',#4180);
#1165=VERTEX_POINT('',#4184);
#1166=VERTEX_POINT('',#4186);
#1167=VERTEX_POINT('',#4190);
#1168=VERTEX_POINT('',#4192);
#1169=VERTEX_POINT('',#4196);
#1170=VERTEX_POINT('',#4198);
#1171=VERTEX_POINT('',#4202);
#1172=VERTEX_POINT('',#4204);
#1173=VERTEX_POINT('',#4208);
#1174=VERTEX_POINT('',#4210);
#1175=VERTEX_POINT('',#4214);
#1176=VERTEX_POINT('',#4216);
#1177=VERTEX_POINT('',#4220);
#1178=VERTEX_POINT('',#4222);
#1179=VERTEX_POINT('',#4226);
#1180=VERTEX_POINT('',#4228);
#1181=VERTEX_POINT('',#4232);
#1182=VERTEX_POINT('',#4234);
#1183=VERTEX_POINT('',#4238);
#1184=VERTEX_POINT('',#4240);
#1185=VERTEX_POINT('',#4244);
#1186=VERTEX_POINT('',#4246);
#1187=VERTEX_POINT('',#4250);
#1188=VERTEX_POINT('',#4252);
#1189=VERTEX_POINT('',#4256);
#1190=VERTEX_POINT('',#4258);
#1191=VERTEX_POINT('',#4262);
#1192=VERTEX_POINT('',#4264);
#1193=VERTEX_POINT('',#4268);
#1194=VERTEX_POINT('',#4270);
#1195=VERTEX_POINT('',#4274);
#1196=VERTEX_POINT('',#4276);
#1197=VERTEX_POINT('',#4280);
#1198=VERTEX_POINT('',#4281);
#1199=VERTEX_POINT('',#4283);
#1200=VERTEX_POINT('',#4285);
#1201=VERTEX_POINT('',#4292);
#1202=VERTEX_POINT('',#4294);
#1203=VERTEX_POINT('',#4305);
#1204=VERTEX_POINT('',#4307);
#1205=VERTEX_POINT('',#4314);
#1206=VERTEX_POINT('',#4316);
#1207=VERTEX_POINT('',#4320);
#1208=VERTEX_POINT('',#4322);
#1209=VERTEX_POINT('',#4326);
#1210=VERTEX_POINT('',#4327);
#1211=VERTEX_POINT('',#4332);
#1212=VERTEX_POINT('',#4334);
#1213=VERTEX_POINT('',#4338);
#1214=VERTEX_POINT('',#4339);
#1215=VERTEX_POINT('',#4344);
#1216=VERTEX_POINT('',#4346);
#1217=VERTEX_POINT('',#4350);
#1218=VERTEX_POINT('',#4354);
#1219=VERTEX_POINT('',#4358);
#1220=VERTEX_POINT('',#4364);
#1221=VERTEX_POINT('',#4365);
#1222=VERTEX_POINT('',#4367);
#1223=VERTEX_POINT('',#4369);
#1224=VERTEX_POINT('',#4373);
#1225=VERTEX_POINT('',#4375);
#1226=VERTEX_POINT('',#4379);
#1227=VERTEX_POINT('',#4380);
#1228=VERTEX_POINT('',#4385);
#1229=VERTEX_POINT('',#4387);
#1230=VERTEX_POINT('',#4391);
#1231=VERTEX_POINT('',#4392);
#1232=VERTEX_POINT('',#4397);
#1233=VERTEX_POINT('',#4399);
#1234=VERTEX_POINT('',#4403);
#1235=VERTEX_POINT('',#4407);
#1236=VERTEX_POINT('',#4411);
#1237=VERTEX_POINT('',#4415);
#1238=VERTEX_POINT('',#4419);
#1239=VERTEX_POINT('',#4420);
#1240=VERTEX_POINT('',#4422);
#1241=VERTEX_POINT('',#4424);
#1242=VERTEX_POINT('',#4428);
#1243=VERTEX_POINT('',#4430);
#1244=VERTEX_POINT('',#4434);
#1245=VERTEX_POINT('',#4435);
#1246=VERTEX_POINT('',#4440);
#1247=VERTEX_POINT('',#4442);
#1248=VERTEX_POINT('',#4446);
#1249=VERTEX_POINT('',#4447);
#1250=VERTEX_POINT('',#4452);
#1251=VERTEX_POINT('',#4454);
#1252=VERTEX_POINT('',#4458);
#1253=VERTEX_POINT('',#4462);
#1254=VERTEX_POINT('',#4466);
#1255=VERTEX_POINT('',#4470);
#1256=VERTEX_POINT('',#4474);
#1257=VERTEX_POINT('',#4476);
#1258=VERTEX_POINT('',#4480);
#1259=VERTEX_POINT('',#4484);
#1260=VERTEX_POINT('',#4488);
#1261=VERTEX_POINT('',#4492);
#1262=VERTEX_POINT('',#4496);
#1263=VERTEX_POINT('',#4498);
#1264=VERTEX_POINT('',#4500);
#1265=VERTEX_POINT('',#4502);
#1266=VERTEX_POINT('',#4506);
#1267=VERTEX_POINT('',#4508);
#1268=VERTEX_POINT('',#4512);
#1269=VERTEX_POINT('',#4516);
#1270=VERTEX_POINT('',#4520);
#1271=VERTEX_POINT('',#4527);
#1272=VERTEX_POINT('',#4529);
#1273=VERTEX_POINT('',#4533);
#1274=VERTEX_POINT('',#4535);
#1275=VERTEX_POINT('',#4539);
#1276=VERTEX_POINT('',#4543);
#1277=VERTEX_POINT('',#4547);
#1278=VERTEX_POINT('',#4551);
#1279=VERTEX_POINT('',#4556);
#1280=VERTEX_POINT('',#4558);
#1281=VERTEX_POINT('',#4562);
#1282=VERTEX_POINT('',#4563);
#1283=VERTEX_POINT('',#4565);
#1284=VERTEX_POINT('',#4567);
#1285=VERTEX_POINT('',#4571);
#1286=VERTEX_POINT('',#4573);
#1287=VERTEX_POINT('',#4577);
#1288=VERTEX_POINT('',#4579);
#1289=VERTEX_POINT('',#4583);
#1290=VERTEX_POINT('',#4585);
#1291=VERTEX_POINT('',#4591);
#1292=VERTEX_POINT('',#4593);
#1293=VERTEX_POINT('',#4595);
#1294=VERTEX_POINT('',#4597);
#1295=VERTEX_POINT('',#4599);
#1296=VERTEX_POINT('',#4601);
#1297=VERTEX_POINT('',#4603);
#1298=VERTEX_POINT('',#4605);
#1299=VERTEX_POINT('',#4607);
#1300=VERTEX_POINT('',#4609);
#1301=VERTEX_POINT('',#4611);
#1302=VERTEX_POINT('',#4613);
#1303=VERTEX_POINT('',#4615);
#1304=VERTEX_POINT('',#4617);
#1305=VERTEX_POINT('',#4619);
#1306=VERTEX_POINT('',#4621);
#1307=VERTEX_POINT('',#4623);
#1308=VERTEX_POINT('',#4625);
#1309=VERTEX_POINT('',#4627);
#1310=VERTEX_POINT('',#4631);
#1311=VERTEX_POINT('',#4635);
#1312=VERTEX_POINT('',#4639);
#1313=VERTEX_POINT('',#4643);
#1314=VERTEX_POINT('',#4647);
#1315=VERTEX_POINT('',#4651);
#1316=VERTEX_POINT('',#4655);
#1317=VERTEX_POINT('',#4659);
#1318=VERTEX_POINT('',#4663);
#1319=VERTEX_POINT('',#4667);
#1320=VERTEX_POINT('',#4671);
#1321=VERTEX_POINT('',#4675);
#1322=VERTEX_POINT('',#4679);
#1323=VERTEX_POINT('',#4683);
#1324=VERTEX_POINT('',#4687);
#1325=VERTEX_POINT('',#4691);
#1326=VERTEX_POINT('',#4695);
#1327=VERTEX_POINT('',#4697);
#1328=VERTEX_POINT('',#4703);
#1329=EDGE_CURVE('',#1077,#1078,#561,.T.);
#1330=EDGE_CURVE('',#1078,#1079,#562,.T.);
#1331=EDGE_CURVE('',#1079,#1080,#563,.T.);
#1332=EDGE_CURVE('',#1080,#1077,#564,.T.);
#1333=EDGE_CURVE('',#1079,#1081,#73,.T.);
#1334=EDGE_CURVE('',#1081,#1082,#565,.T.);
#1335=EDGE_CURVE('',#1082,#1080,#74,.T.);
#1336=EDGE_CURVE('',#1083,#1084,#566,.T.);
#1337=EDGE_CURVE('',#1084,#1082,#75,.T.);
#1338=EDGE_CURVE('',#1081,#1083,#76,.T.);
#1339=EDGE_CURVE('',#1083,#1085,#77,.T.);
#1340=EDGE_CURVE('',#1085,#1086,#567,.T.);
#1341=EDGE_CURVE('',#1086,#1084,#78,.T.);
#1342=EDGE_CURVE('',#1087,#1088,#568,.T.);
#1343=EDGE_CURVE('',#1088,#1086,#569,.T.);
#1344=EDGE_CURVE('',#1085,#1087,#570,.T.);
#1345=EDGE_CURVE('',#1089,#1085,#571,.T.);
#1346=EDGE_CURVE('',#1090,#1089,#572,.T.);
#1347=EDGE_CURVE('',#1087,#1090,#573,.T.);
#1348=EDGE_CURVE('',#1083,#1091,#574,.T.);
#1349=EDGE_CURVE('',#1089,#1091,#79,.T.);
#1350=EDGE_CURVE('',#1092,#1081,#575,.T.);
#1351=EDGE_CURVE('',#1091,#1092,#80,.T.);
#1352=EDGE_CURVE('',#1079,#1093,#576,.T.);
#1353=EDGE_CURVE('',#1092,#1093,#81,.T.);
#1354=EDGE_CURVE('',#1078,#1094,#577,.T.);
#1355=EDGE_CURVE('',#1093,#1094,#578,.T.);
#1356=EDGE_CURVE('',#1095,#1096,#579,.T.);
#1357=EDGE_CURVE('',#1096,#1097,#580,.T.);
#1358=EDGE_CURVE('',#1097,#1098,#581,.T.);
#1359=EDGE_CURVE('',#1098,#1095,#582,.T.);
#1360=EDGE_CURVE('',#1097,#1099,#82,.T.);
#1361=EDGE_CURVE('',#1099,#1100,#583,.T.);
#1362=EDGE_CURVE('',#1100,#1098,#83,.T.);
#1363=EDGE_CURVE('',#1101,#1102,#584,.T.);
#1364=EDGE_CURVE('',#1102,#1100,#84,.T.);
#1365=EDGE_CURVE('',#1099,#1101,#85,.T.);
#1366=EDGE_CURVE('',#1101,#1103,#86,.T.);
#1367=EDGE_CURVE('',#1103,#1104,#585,.T.);
#1368=EDGE_CURVE('',#1104,#1102,#87,.T.);
#1369=EDGE_CURVE('',#1101,#1105,#586,.T.);
#1370=EDGE_CURVE('',#1106,#1105,#88,.T.);
#1371=EDGE_CURVE('',#1106,#1103,#587,.T.);
#1372=EDGE_CURVE('',#1107,#1099,#588,.T.);
#1373=EDGE_CURVE('',#1105,#1107,#89,.T.);
#1374=EDGE_CURVE('',#1097,#1108,#589,.T.);
#1375=EDGE_CURVE('',#1107,#1108,#90,.T.);
#1376=EDGE_CURVE('',#1096,#1109,#590,.T.);
#1377=EDGE_CURVE('',#1108,#1109,#591,.T.);
#1378=EDGE_CURVE('',#1110,#1111,#592,.T.);
#1379=EDGE_CURVE('',#1111,#1112,#593,.T.);
#1380=EDGE_CURVE('',#1112,#1113,#594,.T.);
#1381=EDGE_CURVE('',#1113,#1110,#595,.T.);
#1382=EDGE_CURVE('',#1112,#1114,#91,.T.);
#1383=EDGE_CURVE('',#1114,#1115,#596,.T.);
#1384=EDGE_CURVE('',#1115,#1113,#92,.T.);
#1385=EDGE_CURVE('',#1116,#1117,#597,.T.);
#1386=EDGE_CURVE('',#1117,#1115,#93,.T.);
#1387=EDGE_CURVE('',#1114,#1116,#94,.T.);
#1388=EDGE_CURVE('',#1116,#1118,#95,.T.);
#1389=EDGE_CURVE('',#1118,#1119,#598,.T.);
#1390=EDGE_CURVE('',#1119,#1117,#96,.T.);
#1391=EDGE_CURVE('',#1120,#1121,#599,.T.);
#1392=EDGE_CURVE('',#1121,#1119,#600,.T.);
#1393=EDGE_CURVE('',#1118,#1120,#601,.T.);
#1394=EDGE_CURVE('',#1122,#1118,#602,.T.);
#1395=EDGE_CURVE('',#1123,#1122,#603,.T.);
#1396=EDGE_CURVE('',#1120,#1123,#604,.T.);
#1397=EDGE_CURVE('',#1116,#1124,#605,.T.);
#1398=EDGE_CURVE('',#1122,#1124,#97,.T.);
#1399=EDGE_CURVE('',#1125,#1114,#606,.T.);
#1400=EDGE_CURVE('',#1124,#1125,#98,.T.);
#1401=EDGE_CURVE('',#1112,#1126,#607,.T.);
#1402=EDGE_CURVE('',#1125,#1126,#99,.T.);
#1403=EDGE_CURVE('',#1111,#1127,#608,.T.);
#1404=EDGE_CURVE('',#1126,#1127,#609,.T.);
#1405=EDGE_CURVE('',#1128,#1123,#610,.T.);
#1406=EDGE_CURVE('',#1122,#1129,#611,.T.);
#1407=EDGE_CURVE('',#1129,#1128,#612,.T.);
#1408=EDGE_CURVE('',#1124,#1130,#613,.T.);
#1409=EDGE_CURVE('',#1130,#1129,#100,.T.);
#1410=EDGE_CURVE('',#1125,#1131,#614,.T.);
#1411=EDGE_CURVE('',#1131,#1130,#101,.T.);
#1412=EDGE_CURVE('',#1126,#1132,#615,.T.);
#1413=EDGE_CURVE('',#1132,#1131,#102,.T.);
#1414=EDGE_CURVE('',#1127,#1133,#616,.T.);
#1415=EDGE_CURVE('',#1133,#1132,#617,.T.);
#1416=EDGE_CURVE('',#1134,#1110,#618,.T.);
#1417=EDGE_CURVE('',#1134,#1135,#619,.T.);
#1418=EDGE_CURVE('',#1136,#1135,#620,.T.);
#1419=EDGE_CURVE('',#1136,#1137,#621,.T.);
#1420=EDGE_CURVE('',#1133,#1137,#622,.T.);
#1421=EDGE_CURVE('',#1138,#1090,#623,.T.);
#1422=EDGE_CURVE('',#1089,#1139,#624,.T.);
#1423=EDGE_CURVE('',#1139,#1138,#625,.T.);
#1424=EDGE_CURVE('',#1091,#1140,#626,.T.);
#1425=EDGE_CURVE('',#1140,#1139,#103,.T.);
#1426=EDGE_CURVE('',#1092,#1141,#627,.T.);
#1427=EDGE_CURVE('',#1141,#1140,#104,.T.);
#1428=EDGE_CURVE('',#1093,#1142,#628,.T.);
#1429=EDGE_CURVE('',#1142,#1141,#105,.T.);
#1430=EDGE_CURVE('',#1094,#1143,#629,.T.);
#1431=EDGE_CURVE('',#1143,#1142,#630,.T.);
#1432=EDGE_CURVE('',#1144,#1138,#631,.T.);
#1433=EDGE_CURVE('',#1145,#1144,#632,.T.);
#1434=EDGE_CURVE('',#1146,#1145,#633,.T.);
#1435=EDGE_CURVE('',#1147,#1146,#634,.T.);
#1436=EDGE_CURVE('',#1088,#1147,#635,.T.);
#1437=EDGE_CURVE('',#1106,#1148,#636,.T.);
#1438=EDGE_CURVE('',#1105,#1149,#637,.T.);
#1439=EDGE_CURVE('',#1149,#1148,#106,.T.);
#1440=EDGE_CURVE('',#1107,#1150,#638,.T.);
#1441=EDGE_CURVE('',#1150,#1149,#107,.T.);
#1442=EDGE_CURVE('',#1108,#1151,#639,.T.);
#1443=EDGE_CURVE('',#1151,#1150,#108,.T.);
#1444=EDGE_CURVE('',#1109,#1152,#640,.T.);
#1445=EDGE_CURVE('',#1152,#1151,#641,.T.);
#1446=EDGE_CURVE('',#1147,#1095,#642,.T.);
#1447=EDGE_CURVE('',#1153,#1146,#643,.T.);
#1448=EDGE_CURVE('',#1153,#1154,#644,.T.);
#1449=EDGE_CURVE('',#1152,#1154,#645,.T.);
#1450=EDGE_CURVE('',#1155,#1156,#109,.T.);
#1451=EDGE_CURVE('',#1156,#1157,#646,.T.);
#1452=EDGE_CURVE('',#1157,#1158,#110,.T.);
#1453=EDGE_CURVE('',#1158,#1155,#647,.T.);
#1454=EDGE_CURVE('',#1159,#1156,#648,.F.);
#1455=EDGE_CURVE('',#1160,#1159,#649,.T.);
#1456=EDGE_CURVE('',#1157,#1160,#650,.T.);
#1457=EDGE_CURVE('',#1161,#1160,#111,.T.);
#1458=EDGE_CURVE('',#1159,#1162,#112,.T.);
#1459=EDGE_CURVE('',#1162,#1161,#651,.T.);
#1460=EDGE_CURVE('',#1163,#1162,#113,.F.);
#1461=EDGE_CURVE('',#1164,#1163,#652,.T.);
#1462=EDGE_CURVE('',#1161,#1164,#114,.T.);
#1463=EDGE_CURVE('',#1165,#1164,#115,.T.);
#1464=EDGE_CURVE('',#1163,#1166,#116,.T.);
#1465=EDGE_CURVE('',#1166,#1165,#653,.T.);
#1466=EDGE_CURVE('',#1167,#1166,#654,.F.);
#1467=EDGE_CURVE('',#1168,#1167,#655,.T.);
#1468=EDGE_CURVE('',#1165,#1168,#656,.T.);
#1469=EDGE_CURVE('',#1167,#1169,#117,.T.);
#1470=EDGE_CURVE('',#1169,#1170,#657,.T.);
#1471=EDGE_CURVE('',#1170,#1168,#118,.T.);
#1472=EDGE_CURVE('',#1171,#1169,#119,.F.);
#1473=EDGE_CURVE('',#1172,#1171,#658,.T.);
#1474=EDGE_CURVE('',#1170,#1172,#120,.T.);
#1475=EDGE_CURVE('',#1171,#1173,#121,.T.);
#1476=EDGE_CURVE('',#1173,#1174,#659,.T.);
#1477=EDGE_CURVE('',#1174,#1172,#122,.T.);
#1478=EDGE_CURVE('',#1175,#1173,#660,.F.);
#1479=EDGE_CURVE('',#1176,#1175,#661,.T.);
#1480=EDGE_CURVE('',#1174,#1176,#662,.T.);
#1481=EDGE_CURVE('',#1177,#1176,#123,.T.);
#1482=EDGE_CURVE('',#1175,#1178,#124,.T.);
#1483=EDGE_CURVE('',#1178,#1177,#663,.T.);
#1484=EDGE_CURVE('',#1179,#1178,#125,.F.);
#1485=EDGE_CURVE('',#1180,#1179,#664,.T.);
#1486=EDGE_CURVE('',#1177,#1180,#126,.T.);
#1487=EDGE_CURVE('',#1181,#1180,#127,.T.);
#1488=EDGE_CURVE('',#1179,#1182,#128,.T.);
#1489=EDGE_CURVE('',#1182,#1181,#665,.T.);
#1490=EDGE_CURVE('',#1183,#1182,#666,.F.);
#1491=EDGE_CURVE('',#1184,#1183,#667,.T.);
#1492=EDGE_CURVE('',#1181,#1184,#668,.T.);
#1493=EDGE_CURVE('',#1183,#1185,#129,.T.);
#1494=EDGE_CURVE('',#1185,#1186,#669,.T.);
#1495=EDGE_CURVE('',#1186,#1184,#130,.T.);
#1496=EDGE_CURVE('',#1187,#1185,#131,.F.);
#1497=EDGE_CURVE('',#1188,#1187,#670,.T.);
#1498=EDGE_CURVE('',#1186,#1188,#132,.T.);
#1499=EDGE_CURVE('',#1187,#1189,#133,.T.);
#1500=EDGE_CURVE('',#1189,#1190,#671,.T.);
#1501=EDGE_CURVE('',#1190,#1188,#134,.T.);
#1502=EDGE_CURVE('',#1191,#1189,#672,.F.);
#1503=EDGE_CURVE('',#1192,#1191,#673,.T.);
#1504=EDGE_CURVE('',#1190,#1192,#674,.T.);
#1505=EDGE_CURVE('',#1193,#1192,#135,.T.);
#1506=EDGE_CURVE('',#1191,#1194,#136,.T.);
#1507=EDGE_CURVE('',#1194,#1193,#675,.T.);
#1508=EDGE_CURVE('',#1195,#1194,#137,.F.);
#1509=EDGE_CURVE('',#1196,#1195,#676,.T.);
#1510=EDGE_CURVE('',#1193,#1196,#138,.T.);
#1511=EDGE_CURVE('',#1197,#1198,#139,.T.);
#1512=EDGE_CURVE('',#1198,#1199,#677,.T.);
#1513=EDGE_CURVE('',#1199,#1200,#140,.T.);
#1514=EDGE_CURVE('',#1200,#1197,#678,.T.);
#1515=EDGE_CURVE('',#1199,#1158,#141,.T.);
#1516=EDGE_CURVE('',#1155,#1198,#142,.F.);
#1517=EDGE_CURVE('',#1201,#1196,#143,.T.);
#1518=EDGE_CURVE('',#1195,#1202,#144,.T.);
#1519=EDGE_CURVE('',#1202,#1201,#679,.T.);
#1520=EDGE_CURVE('',#1143,#1144,#680,.T.);
#1521=EDGE_CURVE('',#1137,#1128,#681,.T.);
#1522=EDGE_CURVE('',#1201,#1200,#682,.T.);
#1523=EDGE_CURVE('',#1197,#1202,#683,.F.);
#1524=EDGE_CURVE('',#1203,#1136,#684,.T.);
#1525=EDGE_CURVE('',#1204,#1203,#685,.T.);
#1526=EDGE_CURVE('',#1121,#1204,#686,.T.);
#1527=EDGE_CURVE('',#1204,#1077,#687,.T.);
#1528=EDGE_CURVE('',#1145,#1203,#688,.T.);
#1529=EDGE_CURVE('',#1103,#1205,#689,.T.);
#1530=EDGE_CURVE('',#1205,#1206,#690,.T.);
#1531=EDGE_CURVE('',#1206,#1104,#691,.T.);
#1532=EDGE_CURVE('',#1205,#1207,#145,.T.);
#1533=EDGE_CURVE('',#1207,#1208,#692,.T.);
#1534=EDGE_CURVE('',#1208,#1206,#146,.T.);
#1535=EDGE_CURVE('',#1209,#1210,#693,.T.);
#1536=EDGE_CURVE('',#1210,#1208,#147,.T.);
#1537=EDGE_CURVE('',#1207,#1209,#148,.T.);
#1538=EDGE_CURVE('',#1209,#1211,#149,.T.);
#1539=EDGE_CURVE('',#1211,#1212,#694,.T.);
#1540=EDGE_CURVE('',#1212,#1210,#150,.T.);
#1541=EDGE_CURVE('',#1213,#1214,#695,.T.);
#1542=EDGE_CURVE('',#1214,#1212,#696,.T.);
#1543=EDGE_CURVE('',#1211,#1213,#697,.T.);
#1544=EDGE_CURVE('',#1215,#1211,#698,.T.);
#1545=EDGE_CURVE('',#1216,#1215,#699,.T.);
#1546=EDGE_CURVE('',#1213,#1216,#700,.T.);
#1547=EDGE_CURVE('',#1209,#1217,#701,.T.);
#1548=EDGE_CURVE('',#1215,#1217,#151,.T.);
#1549=EDGE_CURVE('',#1218,#1207,#702,.T.);
#1550=EDGE_CURVE('',#1217,#1218,#152,.T.);
#1551=EDGE_CURVE('',#1205,#1219,#703,.T.);
#1552=EDGE_CURVE('',#1218,#1219,#153,.T.);
#1553=EDGE_CURVE('',#1219,#1106,#704,.T.);
#1554=EDGE_CURVE('',#1220,#1221,#705,.T.);
#1555=EDGE_CURVE('',#1221,#1222,#706,.T.);
#1556=EDGE_CURVE('',#1222,#1223,#707,.T.);
#1557=EDGE_CURVE('',#1223,#1220,#708,.T.);
#1558=EDGE_CURVE('',#1222,#1224,#154,.T.);
#1559=EDGE_CURVE('',#1224,#1225,#709,.T.);
#1560=EDGE_CURVE('',#1225,#1223,#155,.T.);
#1561=EDGE_CURVE('',#1226,#1227,#710,.T.);
#1562=EDGE_CURVE('',#1227,#1225,#156,.T.);
#1563=EDGE_CURVE('',#1224,#1226,#157,.T.);
#1564=EDGE_CURVE('',#1226,#1228,#158,.T.);
#1565=EDGE_CURVE('',#1228,#1229,#711,.T.);
#1566=EDGE_CURVE('',#1229,#1227,#159,.T.);
#1567=EDGE_CURVE('',#1230,#1231,#712,.T.);
#1568=EDGE_CURVE('',#1231,#1229,#713,.T.);
#1569=EDGE_CURVE('',#1228,#1230,#714,.T.);
#1570=EDGE_CURVE('',#1232,#1228,#715,.T.);
#1571=EDGE_CURVE('',#1233,#1232,#716,.T.);
#1572=EDGE_CURVE('',#1230,#1233,#717,.T.);
#1573=EDGE_CURVE('',#1226,#1234,#718,.T.);
#1574=EDGE_CURVE('',#1232,#1234,#160,.T.);
#1575=EDGE_CURVE('',#1235,#1224,#719,.T.);
#1576=EDGE_CURVE('',#1234,#1235,#161,.T.);
#1577=EDGE_CURVE('',#1222,#1236,#720,.T.);
#1578=EDGE_CURVE('',#1235,#1236,#162,.T.);
#1579=EDGE_CURVE('',#1221,#1237,#721,.T.);
#1580=EDGE_CURVE('',#1236,#1237,#722,.T.);
#1581=EDGE_CURVE('',#1238,#1239,#723,.T.);
#1582=EDGE_CURVE('',#1239,#1240,#724,.T.);
#1583=EDGE_CURVE('',#1240,#1241,#725,.T.);
#1584=EDGE_CURVE('',#1241,#1238,#726,.T.);
#1585=EDGE_CURVE('',#1240,#1242,#163,.T.);
#1586=EDGE_CURVE('',#1242,#1243,#727,.T.);
#1587=EDGE_CURVE('',#1243,#1241,#164,.T.);
#1588=EDGE_CURVE('',#1244,#1245,#728,.T.);
#1589=EDGE_CURVE('',#1245,#1243,#165,.T.);
#1590=EDGE_CURVE('',#1242,#1244,#166,.T.);
#1591=EDGE_CURVE('',#1244,#1246,#167,.T.);
#1592=EDGE_CURVE('',#1246,#1247,#729,.T.);
#1593=EDGE_CURVE('',#1247,#1245,#168,.T.);
#1594=EDGE_CURVE('',#1248,#1249,#730,.T.);
#1595=EDGE_CURVE('',#1249,#1247,#731,.T.);
#1596=EDGE_CURVE('',#1246,#1248,#732,.T.);
#1597=EDGE_CURVE('',#1250,#1246,#733,.T.);
#1598=EDGE_CURVE('',#1251,#1250,#734,.T.);
#1599=EDGE_CURVE('',#1248,#1251,#735,.T.);
#1600=EDGE_CURVE('',#1244,#1252,#736,.T.);
#1601=EDGE_CURVE('',#1250,#1252,#169,.T.);
#1602=EDGE_CURVE('',#1253,#1242,#737,.T.);
#1603=EDGE_CURVE('',#1252,#1253,#170,.T.);
#1604=EDGE_CURVE('',#1240,#1254,#738,.T.);
#1605=EDGE_CURVE('',#1253,#1254,#171,.T.);
#1606=EDGE_CURVE('',#1239,#1255,#739,.T.);
#1607=EDGE_CURVE('',#1254,#1255,#740,.T.);
#1608=EDGE_CURVE('',#1256,#1251,#741,.T.);
#1609=EDGE_CURVE('',#1250,#1257,#742,.T.);
#1610=EDGE_CURVE('',#1257,#1256,#743,.T.);
#1611=EDGE_CURVE('',#1252,#1258,#744,.T.);
#1612=EDGE_CURVE('',#1258,#1257,#172,.T.);
#1613=EDGE_CURVE('',#1253,#1259,#745,.T.);
#1614=EDGE_CURVE('',#1259,#1258,#173,.T.);
#1615=EDGE_CURVE('',#1254,#1260,#746,.T.);
#1616=EDGE_CURVE('',#1260,#1259,#174,.T.);
#1617=EDGE_CURVE('',#1255,#1261,#747,.T.);
#1618=EDGE_CURVE('',#1261,#1260,#748,.T.);
#1619=EDGE_CURVE('',#1262,#1238,#749,.T.);
#1620=EDGE_CURVE('',#1262,#1263,#750,.T.);
#1621=EDGE_CURVE('',#1264,#1263,#751,.T.);
#1622=EDGE_CURVE('',#1264,#1265,#752,.T.);
#1623=EDGE_CURVE('',#1261,#1265,#753,.T.);
#1624=EDGE_CURVE('',#1266,#1216,#754,.T.);
#1625=EDGE_CURVE('',#1215,#1267,#755,.T.);
#1626=EDGE_CURVE('',#1267,#1266,#756,.T.);
#1627=EDGE_CURVE('',#1217,#1268,#757,.T.);
#1628=EDGE_CURVE('',#1268,#1267,#175,.T.);
#1629=EDGE_CURVE('',#1218,#1269,#758,.T.);
#1630=EDGE_CURVE('',#1269,#1268,#176,.T.);
#1631=EDGE_CURVE('',#1219,#1270,#759,.T.);
#1632=EDGE_CURVE('',#1270,#1269,#177,.T.);
#1633=EDGE_CURVE('',#1148,#1270,#760,.T.);
#1634=EDGE_CURVE('',#1154,#1266,#761,.T.);
#1635=EDGE_CURVE('',#1271,#1153,#762,.T.);
#1636=EDGE_CURVE('',#1272,#1271,#763,.T.);
#1637=EDGE_CURVE('',#1214,#1272,#764,.T.);
#1638=EDGE_CURVE('',#1273,#1233,#765,.T.);
#1639=EDGE_CURVE('',#1232,#1274,#766,.T.);
#1640=EDGE_CURVE('',#1274,#1273,#767,.T.);
#1641=EDGE_CURVE('',#1234,#1275,#768,.T.);
#1642=EDGE_CURVE('',#1275,#1274,#178,.T.);
#1643=EDGE_CURVE('',#1235,#1276,#769,.T.);
#1644=EDGE_CURVE('',#1276,#1275,#179,.T.);
#1645=EDGE_CURVE('',#1236,#1277,#770,.T.);
#1646=EDGE_CURVE('',#1277,#1276,#180,.T.);
#1647=EDGE_CURVE('',#1237,#1278,#771,.T.);
#1648=EDGE_CURVE('',#1278,#1277,#772,.T.);
#1649=EDGE_CURVE('',#1272,#1220,#773,.T.);
#1650=EDGE_CURVE('',#1279,#1271,#774,.T.);
#1651=EDGE_CURVE('',#1279,#1280,#775,.T.);
#1652=EDGE_CURVE('',#1278,#1280,#776,.T.);
#1653=EDGE_CURVE('',#1281,#1282,#181,.T.);
#1654=EDGE_CURVE('',#1282,#1283,#777,.T.);
#1655=EDGE_CURVE('',#1283,#1284,#182,.T.);
#1656=EDGE_CURVE('',#1284,#1281,#778,.T.);
#1657=EDGE_CURVE('',#1285,#1282,#779,.F.);
#1658=EDGE_CURVE('',#1286,#1285,#780,.T.);
#1659=EDGE_CURVE('',#1283,#1286,#781,.T.);
#1660=EDGE_CURVE('',#1287,#1286,#183,.T.);
#1661=EDGE_CURVE('',#1285,#1288,#184,.T.);
#1662=EDGE_CURVE('',#1288,#1287,#782,.T.);
#1663=EDGE_CURVE('',#1289,#1288,#185,.F.);
#1664=EDGE_CURVE('',#1290,#1289,#783,.T.);
#1665=EDGE_CURVE('',#1287,#1290,#186,.T.);
#1666=EDGE_CURVE('',#1231,#1262,#784,.T.);
#1667=EDGE_CURVE('',#1249,#1134,#785,.T.);
#1668=EDGE_CURVE('',#1281,#1291,#187,.F.);
#1669=EDGE_CURVE('',#1292,#1291,#188,.T.);
#1670=EDGE_CURVE('',#1292,#1293,#786,.F.);
#1671=EDGE_CURVE('',#1294,#1293,#189,.T.);
#1672=EDGE_CURVE('',#1294,#1295,#190,.F.);
#1673=EDGE_CURVE('',#1296,#1295,#191,.T.);
#1674=EDGE_CURVE('',#1296,#1297,#787,.F.);
#1675=EDGE_CURVE('',#1298,#1297,#192,.T.);
#1676=EDGE_CURVE('',#1298,#1299,#193,.F.);
#1677=EDGE_CURVE('',#1300,#1299,#194,.T.);
#1678=EDGE_CURVE('',#1300,#1301,#788,.F.);
#1679=EDGE_CURVE('',#1302,#1301,#195,.T.);
#1680=EDGE_CURVE('',#1302,#1303,#196,.F.);
#1681=EDGE_CURVE('',#1304,#1303,#197,.T.);
#1682=EDGE_CURVE('',#1304,#1305,#789,.F.);
#1683=EDGE_CURVE('',#1306,#1305,#198,.T.);
#1684=EDGE_CURVE('',#1306,#1307,#199,.F.);
#1685=EDGE_CURVE('',#1308,#1307,#200,.T.);
#1686=EDGE_CURVE('',#1308,#1309,#790,.F.);
#1687=EDGE_CURVE('',#1289,#1309,#201,.T.);
#1688=EDGE_CURVE('',#1310,#1290,#202,.T.);
#1689=EDGE_CURVE('',#1309,#1310,#791,.T.);
#1690=EDGE_CURVE('',#1311,#1308,#792,.T.);
#1691=EDGE_CURVE('',#1310,#1311,#793,.T.);
#1692=EDGE_CURVE('',#1307,#1312,#794,.T.);
#1693=EDGE_CURVE('',#1312,#1311,#203,.T.);
#1694=EDGE_CURVE('',#1313,#1306,#795,.T.);
#1695=EDGE_CURVE('',#1312,#1313,#204,.T.);
#1696=EDGE_CURVE('',#1305,#1314,#796,.T.);
#1697=EDGE_CURVE('',#1314,#1313,#205,.T.);
#1698=EDGE_CURVE('',#1315,#1304,#797,.T.);
#1699=EDGE_CURVE('',#1314,#1315,#798,.T.);
#1700=EDGE_CURVE('',#1316,#1315,#206,.T.);
#1701=EDGE_CURVE('',#1303,#1316,#799,.T.);
#1702=EDGE_CURVE('',#1317,#1302,#800,.T.);
#1703=EDGE_CURVE('',#1316,#1317,#207,.T.);
#1704=EDGE_CURVE('',#1318,#1317,#208,.T.);
#1705=EDGE_CURVE('',#1301,#1318,#801,.T.);
#1706=EDGE_CURVE('',#1319,#1300,#802,.T.);
#1707=EDGE_CURVE('',#1318,#1319,#803,.T.);
#1708=EDGE_CURVE('',#1299,#1320,#804,.T.);
#1709=EDGE_CURVE('',#1320,#1319,#209,.T.);
#1710=EDGE_CURVE('',#1321,#1298,#805,.T.);
#1711=EDGE_CURVE('',#1320,#1321,#210,.T.);
#1712=EDGE_CURVE('',#1297,#1322,#806,.T.);
#1713=EDGE_CURVE('',#1322,#1321,#211,.T.);
#1714=EDGE_CURVE('',#1323,#1296,#807,.T.);
#1715=EDGE_CURVE('',#1322,#1323,#808,.T.);
#1716=EDGE_CURVE('',#1324,#1323,#212,.T.);
#1717=EDGE_CURVE('',#1295,#1324,#809,.T.);
#1718=EDGE_CURVE('',#1325,#1294,#810,.T.);
#1719=EDGE_CURVE('',#1324,#1325,#213,.T.);
#1720=EDGE_CURVE('',#1291,#1326,#811,.T.);
#1721=EDGE_CURVE('',#1326,#1327,#214,.T.);
#1722=EDGE_CURVE('',#1327,#1292,#812,.T.);
#1723=EDGE_CURVE('',#1326,#1284,#215,.T.);
#1724=EDGE_CURVE('',#1328,#1325,#216,.T.);
#1725=EDGE_CURVE('',#1293,#1328,#813,.T.);
#1726=EDGE_CURVE('',#1280,#1273,#814,.T.);
#1727=EDGE_CURVE('',#1265,#1256,#815,.T.);
#1728=EDGE_CURVE('',#1328,#1327,#816,.T.);
#1729=EDGE_CURVE('',#1135,#1264,#817,.T.);
#1730=EDGE_CURVE('',#1263,#1279,#818,.T.);
#1731=ORIENTED_EDGE('',*,*,#1329,.T.);
#1732=ORIENTED_EDGE('',*,*,#1330,.T.);
#1733=ORIENTED_EDGE('',*,*,#1331,.T.);
#1734=ORIENTED_EDGE('',*,*,#1332,.T.);
#1735=ORIENTED_EDGE('',*,*,#1331,.F.);
#1736=ORIENTED_EDGE('',*,*,#1333,.T.);
#1737=ORIENTED_EDGE('',*,*,#1334,.T.);
#1738=ORIENTED_EDGE('',*,*,#1335,.T.);
#1739=ORIENTED_EDGE('',*,*,#1336,.T.);
#1740=ORIENTED_EDGE('',*,*,#1337,.T.);
#1741=ORIENTED_EDGE('',*,*,#1334,.F.);
#1742=ORIENTED_EDGE('',*,*,#1338,.T.);
#1743=ORIENTED_EDGE('',*,*,#1336,.F.);
#1744=ORIENTED_EDGE('',*,*,#1339,.T.);
#1745=ORIENTED_EDGE('',*,*,#1340,.T.);
#1746=ORIENTED_EDGE('',*,*,#1341,.T.);
#1747=ORIENTED_EDGE('',*,*,#1342,.T.);
#1748=ORIENTED_EDGE('',*,*,#1343,.T.);
#1749=ORIENTED_EDGE('',*,*,#1340,.F.);
#1750=ORIENTED_EDGE('',*,*,#1344,.T.);
#1751=ORIENTED_EDGE('',*,*,#1344,.F.);
#1752=ORIENTED_EDGE('',*,*,#1345,.F.);
#1753=ORIENTED_EDGE('',*,*,#1346,.F.);
#1754=ORIENTED_EDGE('',*,*,#1347,.F.);
#1755=ORIENTED_EDGE('',*,*,#1339,.F.);
#1756=ORIENTED_EDGE('',*,*,#1348,.T.);
#1757=ORIENTED_EDGE('',*,*,#1349,.F.);
#1758=ORIENTED_EDGE('',*,*,#1345,.T.);
#1759=ORIENTED_EDGE('',*,*,#1338,.F.);
#1760=ORIENTED_EDGE('',*,*,#1350,.F.);
#1761=ORIENTED_EDGE('',*,*,#1351,.F.);
#1762=ORIENTED_EDGE('',*,*,#1348,.F.);
#1763=ORIENTED_EDGE('',*,*,#1333,.F.);
#1764=ORIENTED_EDGE('',*,*,#1352,.T.);
#1765=ORIENTED_EDGE('',*,*,#1353,.F.);
#1766=ORIENTED_EDGE('',*,*,#1350,.T.);
#1767=ORIENTED_EDGE('',*,*,#1330,.F.);
#1768=ORIENTED_EDGE('',*,*,#1354,.T.);
#1769=ORIENTED_EDGE('',*,*,#1355,.F.);
#1770=ORIENTED_EDGE('',*,*,#1352,.F.);
#1771=ORIENTED_EDGE('',*,*,#1356,.T.);
#1772=ORIENTED_EDGE('',*,*,#1357,.T.);
#1773=ORIENTED_EDGE('',*,*,#1358,.T.);
#1774=ORIENTED_EDGE('',*,*,#1359,.T.);
#1775=ORIENTED_EDGE('',*,*,#1358,.F.);
#1776=ORIENTED_EDGE('',*,*,#1360,.T.);
#1777=ORIENTED_EDGE('',*,*,#1361,.T.);
#1778=ORIENTED_EDGE('',*,*,#1362,.T.);
#1779=ORIENTED_EDGE('',*,*,#1363,.T.);
#1780=ORIENTED_EDGE('',*,*,#1364,.T.);
#1781=ORIENTED_EDGE('',*,*,#1361,.F.);
#1782=ORIENTED_EDGE('',*,*,#1365,.T.);
#1783=ORIENTED_EDGE('',*,*,#1363,.F.);
#1784=ORIENTED_EDGE('',*,*,#1366,.T.);
#1785=ORIENTED_EDGE('',*,*,#1367,.T.);
#1786=ORIENTED_EDGE('',*,*,#1368,.T.);
#1787=ORIENTED_EDGE('',*,*,#1366,.F.);
#1788=ORIENTED_EDGE('',*,*,#1369,.T.);
#1789=ORIENTED_EDGE('',*,*,#1370,.F.);
#1790=ORIENTED_EDGE('',*,*,#1371,.T.);
#1791=ORIENTED_EDGE('',*,*,#1365,.F.);
#1792=ORIENTED_EDGE('',*,*,#1372,.F.);
#1793=ORIENTED_EDGE('',*,*,#1373,.F.);
#1794=ORIENTED_EDGE('',*,*,#1369,.F.);
#1795=ORIENTED_EDGE('',*,*,#1360,.F.);
#1796=ORIENTED_EDGE('',*,*,#1374,.T.);
#1797=ORIENTED_EDGE('',*,*,#1375,.F.);
#1798=ORIENTED_EDGE('',*,*,#1372,.T.);
#1799=ORIENTED_EDGE('',*,*,#1357,.F.);
#1800=ORIENTED_EDGE('',*,*,#1376,.T.);
#1801=ORIENTED_EDGE('',*,*,#1377,.F.);
#1802=ORIENTED_EDGE('',*,*,#1374,.F.);
#1803=ORIENTED_EDGE('',*,*,#1378,.T.);
#1804=ORIENTED_EDGE('',*,*,#1379,.T.);
#1805=ORIENTED_EDGE('',*,*,#1380,.T.);
#1806=ORIENTED_EDGE('',*,*,#1381,.T.);
#1807=ORIENTED_EDGE('',*,*,#1380,.F.);
#1808=ORIENTED_EDGE('',*,*,#1382,.T.);
#1809=ORIENTED_EDGE('',*,*,#1383,.T.);
#1810=ORIENTED_EDGE('',*,*,#1384,.T.);
#1811=ORIENTED_EDGE('',*,*,#1385,.T.);
#1812=ORIENTED_EDGE('',*,*,#1386,.T.);
#1813=ORIENTED_EDGE('',*,*,#1383,.F.);
#1814=ORIENTED_EDGE('',*,*,#1387,.T.);
#1815=ORIENTED_EDGE('',*,*,#1385,.F.);
#1816=ORIENTED_EDGE('',*,*,#1388,.T.);
#1817=ORIENTED_EDGE('',*,*,#1389,.T.);
#1818=ORIENTED_EDGE('',*,*,#1390,.T.);
#1819=ORIENTED_EDGE('',*,*,#1391,.T.);
#1820=ORIENTED_EDGE('',*,*,#1392,.T.);
#1821=ORIENTED_EDGE('',*,*,#1389,.F.);
#1822=ORIENTED_EDGE('',*,*,#1393,.T.);
#1823=ORIENTED_EDGE('',*,*,#1393,.F.);
#1824=ORIENTED_EDGE('',*,*,#1394,.F.);
#1825=ORIENTED_EDGE('',*,*,#1395,.F.);
#1826=ORIENTED_EDGE('',*,*,#1396,.F.);
#1827=ORIENTED_EDGE('',*,*,#1388,.F.);
#1828=ORIENTED_EDGE('',*,*,#1397,.T.);
#1829=ORIENTED_EDGE('',*,*,#1398,.F.);
#1830=ORIENTED_EDGE('',*,*,#1394,.T.);
#1831=ORIENTED_EDGE('',*,*,#1387,.F.);
#1832=ORIENTED_EDGE('',*,*,#1399,.F.);
#1833=ORIENTED_EDGE('',*,*,#1400,.F.);
#1834=ORIENTED_EDGE('',*,*,#1397,.F.);
#1835=ORIENTED_EDGE('',*,*,#1382,.F.);
#1836=ORIENTED_EDGE('',*,*,#1401,.T.);
#1837=ORIENTED_EDGE('',*,*,#1402,.F.);
#1838=ORIENTED_EDGE('',*,*,#1399,.T.);
#1839=ORIENTED_EDGE('',*,*,#1379,.F.);
#1840=ORIENTED_EDGE('',*,*,#1403,.T.);
#1841=ORIENTED_EDGE('',*,*,#1404,.F.);
#1842=ORIENTED_EDGE('',*,*,#1401,.F.);
#1843=ORIENTED_EDGE('',*,*,#1405,.T.);
#1844=ORIENTED_EDGE('',*,*,#1395,.T.);
#1845=ORIENTED_EDGE('',*,*,#1406,.T.);
#1846=ORIENTED_EDGE('',*,*,#1407,.T.);
#1847=ORIENTED_EDGE('',*,*,#1406,.F.);
#1848=ORIENTED_EDGE('',*,*,#1398,.T.);
#1849=ORIENTED_EDGE('',*,*,#1408,.T.);
#1850=ORIENTED_EDGE('',*,*,#1409,.T.);
#1851=ORIENTED_EDGE('',*,*,#1410,.T.);
#1852=ORIENTED_EDGE('',*,*,#1411,.T.);
#1853=ORIENTED_EDGE('',*,*,#1408,.F.);
#1854=ORIENTED_EDGE('',*,*,#1400,.T.);
#1855=ORIENTED_EDGE('',*,*,#1410,.F.);
#1856=ORIENTED_EDGE('',*,*,#1402,.T.);
#1857=ORIENTED_EDGE('',*,*,#1412,.T.);
#1858=ORIENTED_EDGE('',*,*,#1413,.T.);
#1859=ORIENTED_EDGE('',*,*,#1414,.T.);
#1860=ORIENTED_EDGE('',*,*,#1415,.T.);
#1861=ORIENTED_EDGE('',*,*,#1412,.F.);
#1862=ORIENTED_EDGE('',*,*,#1404,.T.);
#1863=ORIENTED_EDGE('',*,*,#1414,.F.);
#1864=ORIENTED_EDGE('',*,*,#1403,.F.);
#1865=ORIENTED_EDGE('',*,*,#1378,.F.);
#1866=ORIENTED_EDGE('',*,*,#1416,.F.);
#1867=ORIENTED_EDGE('',*,*,#1417,.T.);
#1868=ORIENTED_EDGE('',*,*,#1418,.F.);
#1869=ORIENTED_EDGE('',*,*,#1419,.T.);
#1870=ORIENTED_EDGE('',*,*,#1420,.F.);
#1871=ORIENTED_EDGE('',*,*,#1421,.T.);
#1872=ORIENTED_EDGE('',*,*,#1346,.T.);
#1873=ORIENTED_EDGE('',*,*,#1422,.T.);
#1874=ORIENTED_EDGE('',*,*,#1423,.T.);
#1875=ORIENTED_EDGE('',*,*,#1422,.F.);
#1876=ORIENTED_EDGE('',*,*,#1349,.T.);
#1877=ORIENTED_EDGE('',*,*,#1424,.T.);
#1878=ORIENTED_EDGE('',*,*,#1425,.T.);
#1879=ORIENTED_EDGE('',*,*,#1426,.T.);
#1880=ORIENTED_EDGE('',*,*,#1427,.T.);
#1881=ORIENTED_EDGE('',*,*,#1424,.F.);
#1882=ORIENTED_EDGE('',*,*,#1351,.T.);
#1883=ORIENTED_EDGE('',*,*,#1426,.F.);
#1884=ORIENTED_EDGE('',*,*,#1353,.T.);
#1885=ORIENTED_EDGE('',*,*,#1428,.T.);
#1886=ORIENTED_EDGE('',*,*,#1429,.T.);
#1887=ORIENTED_EDGE('',*,*,#1430,.T.);
#1888=ORIENTED_EDGE('',*,*,#1431,.T.);
#1889=ORIENTED_EDGE('',*,*,#1428,.F.);
#1890=ORIENTED_EDGE('',*,*,#1355,.T.);
#1891=ORIENTED_EDGE('',*,*,#1421,.F.);
#1892=ORIENTED_EDGE('',*,*,#1432,.F.);
#1893=ORIENTED_EDGE('',*,*,#1433,.F.);
#1894=ORIENTED_EDGE('',*,*,#1434,.F.);
#1895=ORIENTED_EDGE('',*,*,#1435,.F.);
#1896=ORIENTED_EDGE('',*,*,#1436,.F.);
#1897=ORIENTED_EDGE('',*,*,#1342,.F.);
#1898=ORIENTED_EDGE('',*,*,#1347,.T.);
#1899=ORIENTED_EDGE('',*,*,#1437,.F.);
#1900=ORIENTED_EDGE('',*,*,#1370,.T.);
#1901=ORIENTED_EDGE('',*,*,#1438,.T.);
#1902=ORIENTED_EDGE('',*,*,#1439,.T.);
#1903=ORIENTED_EDGE('',*,*,#1440,.T.);
#1904=ORIENTED_EDGE('',*,*,#1441,.T.);
#1905=ORIENTED_EDGE('',*,*,#1438,.F.);
#1906=ORIENTED_EDGE('',*,*,#1373,.T.);
#1907=ORIENTED_EDGE('',*,*,#1440,.F.);
#1908=ORIENTED_EDGE('',*,*,#1375,.T.);
#1909=ORIENTED_EDGE('',*,*,#1442,.T.);
#1910=ORIENTED_EDGE('',*,*,#1443,.T.);
#1911=ORIENTED_EDGE('',*,*,#1444,.T.);
#1912=ORIENTED_EDGE('',*,*,#1445,.T.);
#1913=ORIENTED_EDGE('',*,*,#1442,.F.);
#1914=ORIENTED_EDGE('',*,*,#1377,.T.);
#1915=ORIENTED_EDGE('',*,*,#1444,.F.);
#1916=ORIENTED_EDGE('',*,*,#1376,.F.);
#1917=ORIENTED_EDGE('',*,*,#1356,.F.);
#1918=ORIENTED_EDGE('',*,*,#1446,.F.);
#1919=ORIENTED_EDGE('',*,*,#1435,.T.);
#1920=ORIENTED_EDGE('',*,*,#1447,.F.);
#1921=ORIENTED_EDGE('',*,*,#1448,.T.);
#1922=ORIENTED_EDGE('',*,*,#1449,.F.);
#1923=ORIENTED_EDGE('',*,*,#1450,.T.);
#1924=ORIENTED_EDGE('',*,*,#1451,.T.);
#1925=ORIENTED_EDGE('',*,*,#1452,.T.);
#1926=ORIENTED_EDGE('',*,*,#1453,.T.);
#1927=ORIENTED_EDGE('',*,*,#1451,.F.);
#1928=ORIENTED_EDGE('',*,*,#1454,.F.);
#1929=ORIENTED_EDGE('',*,*,#1455,.F.);
#1930=ORIENTED_EDGE('',*,*,#1456,.F.);
#1931=ORIENTED_EDGE('',*,*,#1457,.T.);
#1932=ORIENTED_EDGE('',*,*,#1455,.T.);
#1933=ORIENTED_EDGE('',*,*,#1458,.T.);
#1934=ORIENTED_EDGE('',*,*,#1459,.T.);
#1935=ORIENTED_EDGE('',*,*,#1459,.F.);
#1936=ORIENTED_EDGE('',*,*,#1460,.F.);
#1937=ORIENTED_EDGE('',*,*,#1461,.F.);
#1938=ORIENTED_EDGE('',*,*,#1462,.F.);
#1939=ORIENTED_EDGE('',*,*,#1463,.T.);
#1940=ORIENTED_EDGE('',*,*,#1461,.T.);
#1941=ORIENTED_EDGE('',*,*,#1464,.T.);
#1942=ORIENTED_EDGE('',*,*,#1465,.T.);
#1943=ORIENTED_EDGE('',*,*,#1465,.F.);
#1944=ORIENTED_EDGE('',*,*,#1466,.F.);
#1945=ORIENTED_EDGE('',*,*,#1467,.F.);
#1946=ORIENTED_EDGE('',*,*,#1468,.F.);
#1947=ORIENTED_EDGE('',*,*,#1469,.T.);
#1948=ORIENTED_EDGE('',*,*,#1470,.T.);
#1949=ORIENTED_EDGE('',*,*,#1471,.T.);
#1950=ORIENTED_EDGE('',*,*,#1467,.T.);
#1951=ORIENTED_EDGE('',*,*,#1470,.F.);
#1952=ORIENTED_EDGE('',*,*,#1472,.F.);
#1953=ORIENTED_EDGE('',*,*,#1473,.F.);
#1954=ORIENTED_EDGE('',*,*,#1474,.F.);
#1955=ORIENTED_EDGE('',*,*,#1475,.T.);
#1956=ORIENTED_EDGE('',*,*,#1476,.T.);
#1957=ORIENTED_EDGE('',*,*,#1477,.T.);
#1958=ORIENTED_EDGE('',*,*,#1473,.T.);
#1959=ORIENTED_EDGE('',*,*,#1476,.F.);
#1960=ORIENTED_EDGE('',*,*,#1478,.F.);
#1961=ORIENTED_EDGE('',*,*,#1479,.F.);
#1962=ORIENTED_EDGE('',*,*,#1480,.F.);
#1963=ORIENTED_EDGE('',*,*,#1481,.T.);
#1964=ORIENTED_EDGE('',*,*,#1479,.T.);
#1965=ORIENTED_EDGE('',*,*,#1482,.T.);
#1966=ORIENTED_EDGE('',*,*,#1483,.T.);
#1967=ORIENTED_EDGE('',*,*,#1483,.F.);
#1968=ORIENTED_EDGE('',*,*,#1484,.F.);
#1969=ORIENTED_EDGE('',*,*,#1485,.F.);
#1970=ORIENTED_EDGE('',*,*,#1486,.F.);
#1971=ORIENTED_EDGE('',*,*,#1487,.T.);
#1972=ORIENTED_EDGE('',*,*,#1485,.T.);
#1973=ORIENTED_EDGE('',*,*,#1488,.T.);
#1974=ORIENTED_EDGE('',*,*,#1489,.T.);
#1975=ORIENTED_EDGE('',*,*,#1489,.F.);
#1976=ORIENTED_EDGE('',*,*,#1490,.F.);
#1977=ORIENTED_EDGE('',*,*,#1491,.F.);
#1978=ORIENTED_EDGE('',*,*,#1492,.F.);
#1979=ORIENTED_EDGE('',*,*,#1493,.T.);
#1980=ORIENTED_EDGE('',*,*,#1494,.T.);
#1981=ORIENTED_EDGE('',*,*,#1495,.T.);
#1982=ORIENTED_EDGE('',*,*,#1491,.T.);
#1983=ORIENTED_EDGE('',*,*,#1494,.F.);
#1984=ORIENTED_EDGE('',*,*,#1496,.F.);
#1985=ORIENTED_EDGE('',*,*,#1497,.F.);
#1986=ORIENTED_EDGE('',*,*,#1498,.F.);
#1987=ORIENTED_EDGE('',*,*,#1499,.T.);
#1988=ORIENTED_EDGE('',*,*,#1500,.T.);
#1989=ORIENTED_EDGE('',*,*,#1501,.T.);
#1990=ORIENTED_EDGE('',*,*,#1497,.T.);
#1991=ORIENTED_EDGE('',*,*,#1500,.F.);
#1992=ORIENTED_EDGE('',*,*,#1502,.F.);
#1993=ORIENTED_EDGE('',*,*,#1503,.F.);
#1994=ORIENTED_EDGE('',*,*,#1504,.F.);
#1995=ORIENTED_EDGE('',*,*,#1505,.T.);
#1996=ORIENTED_EDGE('',*,*,#1503,.T.);
#1997=ORIENTED_EDGE('',*,*,#1506,.T.);
#1998=ORIENTED_EDGE('',*,*,#1507,.T.);
#1999=ORIENTED_EDGE('',*,*,#1507,.F.);
#2000=ORIENTED_EDGE('',*,*,#1508,.F.);
#2001=ORIENTED_EDGE('',*,*,#1509,.F.);
#2002=ORIENTED_EDGE('',*,*,#1510,.F.);
#2003=ORIENTED_EDGE('',*,*,#1511,.T.);
#2004=ORIENTED_EDGE('',*,*,#1512,.T.);
#2005=ORIENTED_EDGE('',*,*,#1513,.T.);
#2006=ORIENTED_EDGE('',*,*,#1514,.T.);
#2007=ORIENTED_EDGE('',*,*,#1453,.F.);
#2008=ORIENTED_EDGE('',*,*,#1515,.F.);
#2009=ORIENTED_EDGE('',*,*,#1512,.F.);
#2010=ORIENTED_EDGE('',*,*,#1516,.F.);
#2011=ORIENTED_EDGE('',*,*,#1517,.T.);
#2012=ORIENTED_EDGE('',*,*,#1509,.T.);
#2013=ORIENTED_EDGE('',*,*,#1518,.T.);
#2014=ORIENTED_EDGE('',*,*,#1519,.T.);
#2015=ORIENTED_EDGE('',*,*,#1431,.F.);
#2016=ORIENTED_EDGE('',*,*,#1520,.T.);
#2017=ORIENTED_EDGE('',*,*,#1432,.T.);
#2018=ORIENTED_EDGE('',*,*,#1423,.F.);
#2019=ORIENTED_EDGE('',*,*,#1425,.F.);
#2020=ORIENTED_EDGE('',*,*,#1427,.F.);
#2021=ORIENTED_EDGE('',*,*,#1429,.F.);
#2022=ORIENTED_EDGE('',*,*,#1415,.F.);
#2023=ORIENTED_EDGE('',*,*,#1420,.T.);
#2024=ORIENTED_EDGE('',*,*,#1521,.T.);
#2025=ORIENTED_EDGE('',*,*,#1407,.F.);
#2026=ORIENTED_EDGE('',*,*,#1409,.F.);
#2027=ORIENTED_EDGE('',*,*,#1411,.F.);
#2028=ORIENTED_EDGE('',*,*,#1413,.F.);
#2029=ORIENTED_EDGE('',*,*,#1514,.F.);
#2030=ORIENTED_EDGE('',*,*,#1522,.F.);
#2031=ORIENTED_EDGE('',*,*,#1519,.F.);
#2032=ORIENTED_EDGE('',*,*,#1523,.F.);
#2033=ORIENTED_EDGE('',*,*,#1405,.F.);
#2034=ORIENTED_EDGE('',*,*,#1521,.F.);
#2035=ORIENTED_EDGE('',*,*,#1419,.F.);
#2036=ORIENTED_EDGE('',*,*,#1524,.F.);
#2037=ORIENTED_EDGE('',*,*,#1525,.F.);
#2038=ORIENTED_EDGE('',*,*,#1526,.F.);
#2039=ORIENTED_EDGE('',*,*,#1391,.F.);
#2040=ORIENTED_EDGE('',*,*,#1396,.T.);
#2041=ORIENTED_EDGE('',*,*,#1430,.F.);
#2042=ORIENTED_EDGE('',*,*,#1354,.F.);
#2043=ORIENTED_EDGE('',*,*,#1329,.F.);
#2044=ORIENTED_EDGE('',*,*,#1527,.F.);
#2045=ORIENTED_EDGE('',*,*,#1525,.T.);
#2046=ORIENTED_EDGE('',*,*,#1528,.F.);
#2047=ORIENTED_EDGE('',*,*,#1433,.T.);
#2048=ORIENTED_EDGE('',*,*,#1520,.F.);
#2049=ORIENTED_EDGE('',*,*,#1529,.T.);
#2050=ORIENTED_EDGE('',*,*,#1530,.T.);
#2051=ORIENTED_EDGE('',*,*,#1531,.T.);
#2052=ORIENTED_EDGE('',*,*,#1367,.F.);
#2053=ORIENTED_EDGE('',*,*,#1530,.F.);
#2054=ORIENTED_EDGE('',*,*,#1532,.T.);
#2055=ORIENTED_EDGE('',*,*,#1533,.T.);
#2056=ORIENTED_EDGE('',*,*,#1534,.T.);
#2057=ORIENTED_EDGE('',*,*,#1535,.T.);
#2058=ORIENTED_EDGE('',*,*,#1536,.T.);
#2059=ORIENTED_EDGE('',*,*,#1533,.F.);
#2060=ORIENTED_EDGE('',*,*,#1537,.T.);
#2061=ORIENTED_EDGE('',*,*,#1535,.F.);
#2062=ORIENTED_EDGE('',*,*,#1538,.T.);
#2063=ORIENTED_EDGE('',*,*,#1539,.T.);
#2064=ORIENTED_EDGE('',*,*,#1540,.T.);
#2065=ORIENTED_EDGE('',*,*,#1541,.T.);
#2066=ORIENTED_EDGE('',*,*,#1542,.T.);
#2067=ORIENTED_EDGE('',*,*,#1539,.F.);
#2068=ORIENTED_EDGE('',*,*,#1543,.T.);
#2069=ORIENTED_EDGE('',*,*,#1543,.F.);
#2070=ORIENTED_EDGE('',*,*,#1544,.F.);
#2071=ORIENTED_EDGE('',*,*,#1545,.F.);
#2072=ORIENTED_EDGE('',*,*,#1546,.F.);
#2073=ORIENTED_EDGE('',*,*,#1538,.F.);
#2074=ORIENTED_EDGE('',*,*,#1547,.T.);
#2075=ORIENTED_EDGE('',*,*,#1548,.F.);
#2076=ORIENTED_EDGE('',*,*,#1544,.T.);
#2077=ORIENTED_EDGE('',*,*,#1537,.F.);
#2078=ORIENTED_EDGE('',*,*,#1549,.F.);
#2079=ORIENTED_EDGE('',*,*,#1550,.F.);
#2080=ORIENTED_EDGE('',*,*,#1547,.F.);
#2081=ORIENTED_EDGE('',*,*,#1532,.F.);
#2082=ORIENTED_EDGE('',*,*,#1551,.T.);
#2083=ORIENTED_EDGE('',*,*,#1552,.F.);
#2084=ORIENTED_EDGE('',*,*,#1549,.T.);
#2085=ORIENTED_EDGE('',*,*,#1529,.F.);
#2086=ORIENTED_EDGE('',*,*,#1371,.F.);
#2087=ORIENTED_EDGE('',*,*,#1553,.F.);
#2088=ORIENTED_EDGE('',*,*,#1551,.F.);
#2089=ORIENTED_EDGE('',*,*,#1554,.T.);
#2090=ORIENTED_EDGE('',*,*,#1555,.T.);
#2091=ORIENTED_EDGE('',*,*,#1556,.T.);
#2092=ORIENTED_EDGE('',*,*,#1557,.T.);
#2093=ORIENTED_EDGE('',*,*,#1556,.F.);
#2094=ORIENTED_EDGE('',*,*,#1558,.T.);
#2095=ORIENTED_EDGE('',*,*,#1559,.T.);
#2096=ORIENTED_EDGE('',*,*,#1560,.T.);
#2097=ORIENTED_EDGE('',*,*,#1561,.T.);
#2098=ORIENTED_EDGE('',*,*,#1562,.T.);
#2099=ORIENTED_EDGE('',*,*,#1559,.F.);
#2100=ORIENTED_EDGE('',*,*,#1563,.T.);
#2101=ORIENTED_EDGE('',*,*,#1561,.F.);
#2102=ORIENTED_EDGE('',*,*,#1564,.T.);
#2103=ORIENTED_EDGE('',*,*,#1565,.T.);
#2104=ORIENTED_EDGE('',*,*,#1566,.T.);
#2105=ORIENTED_EDGE('',*,*,#1567,.T.);
#2106=ORIENTED_EDGE('',*,*,#1568,.T.);
#2107=ORIENTED_EDGE('',*,*,#1565,.F.);
#2108=ORIENTED_EDGE('',*,*,#1569,.T.);
#2109=ORIENTED_EDGE('',*,*,#1569,.F.);
#2110=ORIENTED_EDGE('',*,*,#1570,.F.);
#2111=ORIENTED_EDGE('',*,*,#1571,.F.);
#2112=ORIENTED_EDGE('',*,*,#1572,.F.);
#2113=ORIENTED_EDGE('',*,*,#1564,.F.);
#2114=ORIENTED_EDGE('',*,*,#1573,.T.);
#2115=ORIENTED_EDGE('',*,*,#1574,.F.);
#2116=ORIENTED_EDGE('',*,*,#1570,.T.);
#2117=ORIENTED_EDGE('',*,*,#1563,.F.);
#2118=ORIENTED_EDGE('',*,*,#1575,.F.);
#2119=ORIENTED_EDGE('',*,*,#1576,.F.);
#2120=ORIENTED_EDGE('',*,*,#1573,.F.);
#2121=ORIENTED_EDGE('',*,*,#1558,.F.);
#2122=ORIENTED_EDGE('',*,*,#1577,.T.);
#2123=ORIENTED_EDGE('',*,*,#1578,.F.);
#2124=ORIENTED_EDGE('',*,*,#1575,.T.);
#2125=ORIENTED_EDGE('',*,*,#1555,.F.);
#2126=ORIENTED_EDGE('',*,*,#1579,.T.);
#2127=ORIENTED_EDGE('',*,*,#1580,.F.);
#2128=ORIENTED_EDGE('',*,*,#1577,.F.);
#2129=ORIENTED_EDGE('',*,*,#1581,.T.);
#2130=ORIENTED_EDGE('',*,*,#1582,.T.);
#2131=ORIENTED_EDGE('',*,*,#1583,.T.);
#2132=ORIENTED_EDGE('',*,*,#1584,.T.);
#2133=ORIENTED_EDGE('',*,*,#1583,.F.);
#2134=ORIENTED_EDGE('',*,*,#1585,.T.);
#2135=ORIENTED_EDGE('',*,*,#1586,.T.);
#2136=ORIENTED_EDGE('',*,*,#1587,.T.);
#2137=ORIENTED_EDGE('',*,*,#1588,.T.);
#2138=ORIENTED_EDGE('',*,*,#1589,.T.);
#2139=ORIENTED_EDGE('',*,*,#1586,.F.);
#2140=ORIENTED_EDGE('',*,*,#1590,.T.);
#2141=ORIENTED_EDGE('',*,*,#1588,.F.);
#2142=ORIENTED_EDGE('',*,*,#1591,.T.);
#2143=ORIENTED_EDGE('',*,*,#1592,.T.);
#2144=ORIENTED_EDGE('',*,*,#1593,.T.);
#2145=ORIENTED_EDGE('',*,*,#1594,.T.);
#2146=ORIENTED_EDGE('',*,*,#1595,.T.);
#2147=ORIENTED_EDGE('',*,*,#1592,.F.);
#2148=ORIENTED_EDGE('',*,*,#1596,.T.);
#2149=ORIENTED_EDGE('',*,*,#1596,.F.);
#2150=ORIENTED_EDGE('',*,*,#1597,.F.);
#2151=ORIENTED_EDGE('',*,*,#1598,.F.);
#2152=ORIENTED_EDGE('',*,*,#1599,.F.);
#2153=ORIENTED_EDGE('',*,*,#1591,.F.);
#2154=ORIENTED_EDGE('',*,*,#1600,.T.);
#2155=ORIENTED_EDGE('',*,*,#1601,.F.);
#2156=ORIENTED_EDGE('',*,*,#1597,.T.);
#2157=ORIENTED_EDGE('',*,*,#1590,.F.);
#2158=ORIENTED_EDGE('',*,*,#1602,.F.);
#2159=ORIENTED_EDGE('',*,*,#1603,.F.);
#2160=ORIENTED_EDGE('',*,*,#1600,.F.);
#2161=ORIENTED_EDGE('',*,*,#1585,.F.);
#2162=ORIENTED_EDGE('',*,*,#1604,.T.);
#2163=ORIENTED_EDGE('',*,*,#1605,.F.);
#2164=ORIENTED_EDGE('',*,*,#1602,.T.);
#2165=ORIENTED_EDGE('',*,*,#1582,.F.);
#2166=ORIENTED_EDGE('',*,*,#1606,.T.);
#2167=ORIENTED_EDGE('',*,*,#1607,.F.);
#2168=ORIENTED_EDGE('',*,*,#1604,.F.);
#2169=ORIENTED_EDGE('',*,*,#1608,.T.);
#2170=ORIENTED_EDGE('',*,*,#1598,.T.);
#2171=ORIENTED_EDGE('',*,*,#1609,.T.);
#2172=ORIENTED_EDGE('',*,*,#1610,.T.);
#2173=ORIENTED_EDGE('',*,*,#1609,.F.);
#2174=ORIENTED_EDGE('',*,*,#1601,.T.);
#2175=ORIENTED_EDGE('',*,*,#1611,.T.);
#2176=ORIENTED_EDGE('',*,*,#1612,.T.);
#2177=ORIENTED_EDGE('',*,*,#1613,.T.);
#2178=ORIENTED_EDGE('',*,*,#1614,.T.);
#2179=ORIENTED_EDGE('',*,*,#1611,.F.);
#2180=ORIENTED_EDGE('',*,*,#1603,.T.);
#2181=ORIENTED_EDGE('',*,*,#1613,.F.);
#2182=ORIENTED_EDGE('',*,*,#1605,.T.);
#2183=ORIENTED_EDGE('',*,*,#1615,.T.);
#2184=ORIENTED_EDGE('',*,*,#1616,.T.);
#2185=ORIENTED_EDGE('',*,*,#1617,.T.);
#2186=ORIENTED_EDGE('',*,*,#1618,.T.);
#2187=ORIENTED_EDGE('',*,*,#1615,.F.);
#2188=ORIENTED_EDGE('',*,*,#1607,.T.);
#2189=ORIENTED_EDGE('',*,*,#1617,.F.);
#2190=ORIENTED_EDGE('',*,*,#1606,.F.);
#2191=ORIENTED_EDGE('',*,*,#1581,.F.);
#2192=ORIENTED_EDGE('',*,*,#1619,.F.);
#2193=ORIENTED_EDGE('',*,*,#1620,.T.);
#2194=ORIENTED_EDGE('',*,*,#1621,.F.);
#2195=ORIENTED_EDGE('',*,*,#1622,.T.);
#2196=ORIENTED_EDGE('',*,*,#1623,.F.);
#2197=ORIENTED_EDGE('',*,*,#1624,.T.);
#2198=ORIENTED_EDGE('',*,*,#1545,.T.);
#2199=ORIENTED_EDGE('',*,*,#1625,.T.);
#2200=ORIENTED_EDGE('',*,*,#1626,.T.);
#2201=ORIENTED_EDGE('',*,*,#1625,.F.);
#2202=ORIENTED_EDGE('',*,*,#1548,.T.);
#2203=ORIENTED_EDGE('',*,*,#1627,.T.);
#2204=ORIENTED_EDGE('',*,*,#1628,.T.);
#2205=ORIENTED_EDGE('',*,*,#1629,.T.);
#2206=ORIENTED_EDGE('',*,*,#1630,.T.);
#2207=ORIENTED_EDGE('',*,*,#1627,.F.);
#2208=ORIENTED_EDGE('',*,*,#1550,.T.);
#2209=ORIENTED_EDGE('',*,*,#1629,.F.);
#2210=ORIENTED_EDGE('',*,*,#1552,.T.);
#2211=ORIENTED_EDGE('',*,*,#1631,.T.);
#2212=ORIENTED_EDGE('',*,*,#1632,.T.);
#2213=ORIENTED_EDGE('',*,*,#1633,.T.);
#2214=ORIENTED_EDGE('',*,*,#1631,.F.);
#2215=ORIENTED_EDGE('',*,*,#1553,.T.);
#2216=ORIENTED_EDGE('',*,*,#1437,.T.);
#2217=ORIENTED_EDGE('',*,*,#1624,.F.);
#2218=ORIENTED_EDGE('',*,*,#1634,.F.);
#2219=ORIENTED_EDGE('',*,*,#1448,.F.);
#2220=ORIENTED_EDGE('',*,*,#1635,.F.);
#2221=ORIENTED_EDGE('',*,*,#1636,.F.);
#2222=ORIENTED_EDGE('',*,*,#1637,.F.);
#2223=ORIENTED_EDGE('',*,*,#1541,.F.);
#2224=ORIENTED_EDGE('',*,*,#1546,.T.);
#2225=ORIENTED_EDGE('',*,*,#1638,.T.);
#2226=ORIENTED_EDGE('',*,*,#1571,.T.);
#2227=ORIENTED_EDGE('',*,*,#1639,.T.);
#2228=ORIENTED_EDGE('',*,*,#1640,.T.);
#2229=ORIENTED_EDGE('',*,*,#1639,.F.);
#2230=ORIENTED_EDGE('',*,*,#1574,.T.);
#2231=ORIENTED_EDGE('',*,*,#1641,.T.);
#2232=ORIENTED_EDGE('',*,*,#1642,.T.);
#2233=ORIENTED_EDGE('',*,*,#1643,.T.);
#2234=ORIENTED_EDGE('',*,*,#1644,.T.);
#2235=ORIENTED_EDGE('',*,*,#1641,.F.);
#2236=ORIENTED_EDGE('',*,*,#1576,.T.);
#2237=ORIENTED_EDGE('',*,*,#1643,.F.);
#2238=ORIENTED_EDGE('',*,*,#1578,.T.);
#2239=ORIENTED_EDGE('',*,*,#1645,.T.);
#2240=ORIENTED_EDGE('',*,*,#1646,.T.);
#2241=ORIENTED_EDGE('',*,*,#1647,.T.);
#2242=ORIENTED_EDGE('',*,*,#1648,.T.);
#2243=ORIENTED_EDGE('',*,*,#1645,.F.);
#2244=ORIENTED_EDGE('',*,*,#1580,.T.);
#2245=ORIENTED_EDGE('',*,*,#1647,.F.);
#2246=ORIENTED_EDGE('',*,*,#1579,.F.);
#2247=ORIENTED_EDGE('',*,*,#1554,.F.);
#2248=ORIENTED_EDGE('',*,*,#1649,.F.);
#2249=ORIENTED_EDGE('',*,*,#1636,.T.);
#2250=ORIENTED_EDGE('',*,*,#1650,.F.);
#2251=ORIENTED_EDGE('',*,*,#1651,.T.);
#2252=ORIENTED_EDGE('',*,*,#1652,.F.);
#2253=ORIENTED_EDGE('',*,*,#1653,.T.);
#2254=ORIENTED_EDGE('',*,*,#1654,.T.);
#2255=ORIENTED_EDGE('',*,*,#1655,.T.);
#2256=ORIENTED_EDGE('',*,*,#1656,.T.);
#2257=ORIENTED_EDGE('',*,*,#1654,.F.);
#2258=ORIENTED_EDGE('',*,*,#1657,.F.);
#2259=ORIENTED_EDGE('',*,*,#1658,.F.);
#2260=ORIENTED_EDGE('',*,*,#1659,.F.);
#2261=ORIENTED_EDGE('',*,*,#1660,.T.);
#2262=ORIENTED_EDGE('',*,*,#1658,.T.);
#2263=ORIENTED_EDGE('',*,*,#1661,.T.);
#2264=ORIENTED_EDGE('',*,*,#1662,.T.);
#2265=ORIENTED_EDGE('',*,*,#1662,.F.);
#2266=ORIENTED_EDGE('',*,*,#1663,.F.);
#2267=ORIENTED_EDGE('',*,*,#1664,.F.);
#2268=ORIENTED_EDGE('',*,*,#1665,.F.);
#2269=ORIENTED_EDGE('',*,*,#1542,.F.);
#2270=ORIENTED_EDGE('',*,*,#1637,.T.);
#2271=ORIENTED_EDGE('',*,*,#1649,.T.);
#2272=ORIENTED_EDGE('',*,*,#1557,.F.);
#2273=ORIENTED_EDGE('',*,*,#1560,.F.);
#2274=ORIENTED_EDGE('',*,*,#1562,.F.);
#2275=ORIENTED_EDGE('',*,*,#1566,.F.);
#2276=ORIENTED_EDGE('',*,*,#1568,.F.);
#2277=ORIENTED_EDGE('',*,*,#1666,.T.);
#2278=ORIENTED_EDGE('',*,*,#1619,.T.);
#2279=ORIENTED_EDGE('',*,*,#1584,.F.);
#2280=ORIENTED_EDGE('',*,*,#1587,.F.);
#2281=ORIENTED_EDGE('',*,*,#1589,.F.);
#2282=ORIENTED_EDGE('',*,*,#1593,.F.);
#2283=ORIENTED_EDGE('',*,*,#1595,.F.);
#2284=ORIENTED_EDGE('',*,*,#1667,.T.);
#2285=ORIENTED_EDGE('',*,*,#1416,.T.);
#2286=ORIENTED_EDGE('',*,*,#1381,.F.);
#2287=ORIENTED_EDGE('',*,*,#1384,.F.);
#2288=ORIENTED_EDGE('',*,*,#1386,.F.);
#2289=ORIENTED_EDGE('',*,*,#1390,.F.);
#2290=ORIENTED_EDGE('',*,*,#1392,.F.);
#2291=ORIENTED_EDGE('',*,*,#1526,.T.);
#2292=ORIENTED_EDGE('',*,*,#1527,.T.);
#2293=ORIENTED_EDGE('',*,*,#1332,.F.);
#2294=ORIENTED_EDGE('',*,*,#1335,.F.);
#2295=ORIENTED_EDGE('',*,*,#1337,.F.);
#2296=ORIENTED_EDGE('',*,*,#1341,.F.);
#2297=ORIENTED_EDGE('',*,*,#1343,.F.);
#2298=ORIENTED_EDGE('',*,*,#1436,.T.);
#2299=ORIENTED_EDGE('',*,*,#1446,.T.);
#2300=ORIENTED_EDGE('',*,*,#1359,.F.);
#2301=ORIENTED_EDGE('',*,*,#1362,.F.);
#2302=ORIENTED_EDGE('',*,*,#1364,.F.);
#2303=ORIENTED_EDGE('',*,*,#1368,.F.);
#2304=ORIENTED_EDGE('',*,*,#1531,.F.);
#2305=ORIENTED_EDGE('',*,*,#1534,.F.);
#2306=ORIENTED_EDGE('',*,*,#1536,.F.);
#2307=ORIENTED_EDGE('',*,*,#1540,.F.);
#2308=ORIENTED_EDGE('',*,*,#1458,.F.);
#2309=ORIENTED_EDGE('',*,*,#1454,.T.);
#2310=ORIENTED_EDGE('',*,*,#1450,.F.);
#2311=ORIENTED_EDGE('',*,*,#1516,.T.);
#2312=ORIENTED_EDGE('',*,*,#1511,.F.);
#2313=ORIENTED_EDGE('',*,*,#1523,.T.);
#2314=ORIENTED_EDGE('',*,*,#1518,.F.);
#2315=ORIENTED_EDGE('',*,*,#1508,.T.);
#2316=ORIENTED_EDGE('',*,*,#1506,.F.);
#2317=ORIENTED_EDGE('',*,*,#1502,.T.);
#2318=ORIENTED_EDGE('',*,*,#1499,.F.);
#2319=ORIENTED_EDGE('',*,*,#1496,.T.);
#2320=ORIENTED_EDGE('',*,*,#1493,.F.);
#2321=ORIENTED_EDGE('',*,*,#1490,.T.);
#2322=ORIENTED_EDGE('',*,*,#1488,.F.);
#2323=ORIENTED_EDGE('',*,*,#1484,.T.);
#2324=ORIENTED_EDGE('',*,*,#1482,.F.);
#2325=ORIENTED_EDGE('',*,*,#1478,.T.);
#2326=ORIENTED_EDGE('',*,*,#1475,.F.);
#2327=ORIENTED_EDGE('',*,*,#1472,.T.);
#2328=ORIENTED_EDGE('',*,*,#1469,.F.);
#2329=ORIENTED_EDGE('',*,*,#1466,.T.);
#2330=ORIENTED_EDGE('',*,*,#1464,.F.);
#2331=ORIENTED_EDGE('',*,*,#1460,.T.);
#2332=ORIENTED_EDGE('',*,*,#1661,.F.);
#2333=ORIENTED_EDGE('',*,*,#1657,.T.);
#2334=ORIENTED_EDGE('',*,*,#1653,.F.);
#2335=ORIENTED_EDGE('',*,*,#1668,.T.);
#2336=ORIENTED_EDGE('',*,*,#1669,.F.);
#2337=ORIENTED_EDGE('',*,*,#1670,.T.);
#2338=ORIENTED_EDGE('',*,*,#1671,.F.);
#2339=ORIENTED_EDGE('',*,*,#1672,.T.);
#2340=ORIENTED_EDGE('',*,*,#1673,.F.);
#2341=ORIENTED_EDGE('',*,*,#1674,.T.);
#2342=ORIENTED_EDGE('',*,*,#1675,.F.);
#2343=ORIENTED_EDGE('',*,*,#1676,.T.);
#2344=ORIENTED_EDGE('',*,*,#1677,.F.);
#2345=ORIENTED_EDGE('',*,*,#1678,.T.);
#2346=ORIENTED_EDGE('',*,*,#1679,.F.);
#2347=ORIENTED_EDGE('',*,*,#1680,.T.);
#2348=ORIENTED_EDGE('',*,*,#1681,.F.);
#2349=ORIENTED_EDGE('',*,*,#1682,.T.);
#2350=ORIENTED_EDGE('',*,*,#1683,.F.);
#2351=ORIENTED_EDGE('',*,*,#1684,.T.);
#2352=ORIENTED_EDGE('',*,*,#1685,.F.);
#2353=ORIENTED_EDGE('',*,*,#1686,.T.);
#2354=ORIENTED_EDGE('',*,*,#1687,.F.);
#2355=ORIENTED_EDGE('',*,*,#1663,.T.);
#2356=ORIENTED_EDGE('',*,*,#1688,.T.);
#2357=ORIENTED_EDGE('',*,*,#1664,.T.);
#2358=ORIENTED_EDGE('',*,*,#1687,.T.);
#2359=ORIENTED_EDGE('',*,*,#1689,.T.);
#2360=ORIENTED_EDGE('',*,*,#1689,.F.);
#2361=ORIENTED_EDGE('',*,*,#1686,.F.);
#2362=ORIENTED_EDGE('',*,*,#1690,.F.);
#2363=ORIENTED_EDGE('',*,*,#1691,.F.);
#2364=ORIENTED_EDGE('',*,*,#1685,.T.);
#2365=ORIENTED_EDGE('',*,*,#1692,.T.);
#2366=ORIENTED_EDGE('',*,*,#1693,.T.);
#2367=ORIENTED_EDGE('',*,*,#1690,.T.);
#2368=ORIENTED_EDGE('',*,*,#1692,.F.);
#2369=ORIENTED_EDGE('',*,*,#1684,.F.);
#2370=ORIENTED_EDGE('',*,*,#1694,.F.);
#2371=ORIENTED_EDGE('',*,*,#1695,.F.);
#2372=ORIENTED_EDGE('',*,*,#1683,.T.);
#2373=ORIENTED_EDGE('',*,*,#1696,.T.);
#2374=ORIENTED_EDGE('',*,*,#1697,.T.);
#2375=ORIENTED_EDGE('',*,*,#1694,.T.);
#2376=ORIENTED_EDGE('',*,*,#1696,.F.);
#2377=ORIENTED_EDGE('',*,*,#1682,.F.);
#2378=ORIENTED_EDGE('',*,*,#1698,.F.);
#2379=ORIENTED_EDGE('',*,*,#1699,.F.);
#2380=ORIENTED_EDGE('',*,*,#1700,.T.);
#2381=ORIENTED_EDGE('',*,*,#1698,.T.);
#2382=ORIENTED_EDGE('',*,*,#1681,.T.);
#2383=ORIENTED_EDGE('',*,*,#1701,.T.);
#2384=ORIENTED_EDGE('',*,*,#1701,.F.);
#2385=ORIENTED_EDGE('',*,*,#1680,.F.);
#2386=ORIENTED_EDGE('',*,*,#1702,.F.);
#2387=ORIENTED_EDGE('',*,*,#1703,.F.);
#2388=ORIENTED_EDGE('',*,*,#1704,.T.);
#2389=ORIENTED_EDGE('',*,*,#1702,.T.);
#2390=ORIENTED_EDGE('',*,*,#1679,.T.);
#2391=ORIENTED_EDGE('',*,*,#1705,.T.);
#2392=ORIENTED_EDGE('',*,*,#1705,.F.);
#2393=ORIENTED_EDGE('',*,*,#1678,.F.);
#2394=ORIENTED_EDGE('',*,*,#1706,.F.);
#2395=ORIENTED_EDGE('',*,*,#1707,.F.);
#2396=ORIENTED_EDGE('',*,*,#1677,.T.);
#2397=ORIENTED_EDGE('',*,*,#1708,.T.);
#2398=ORIENTED_EDGE('',*,*,#1709,.T.);
#2399=ORIENTED_EDGE('',*,*,#1706,.T.);
#2400=ORIENTED_EDGE('',*,*,#1708,.F.);
#2401=ORIENTED_EDGE('',*,*,#1676,.F.);
#2402=ORIENTED_EDGE('',*,*,#1710,.F.);
#2403=ORIENTED_EDGE('',*,*,#1711,.F.);
#2404=ORIENTED_EDGE('',*,*,#1675,.T.);
#2405=ORIENTED_EDGE('',*,*,#1712,.T.);
#2406=ORIENTED_EDGE('',*,*,#1713,.T.);
#2407=ORIENTED_EDGE('',*,*,#1710,.T.);
#2408=ORIENTED_EDGE('',*,*,#1712,.F.);
#2409=ORIENTED_EDGE('',*,*,#1674,.F.);
#2410=ORIENTED_EDGE('',*,*,#1714,.F.);
#2411=ORIENTED_EDGE('',*,*,#1715,.F.);
#2412=ORIENTED_EDGE('',*,*,#1716,.T.);
#2413=ORIENTED_EDGE('',*,*,#1714,.T.);
#2414=ORIENTED_EDGE('',*,*,#1673,.T.);
#2415=ORIENTED_EDGE('',*,*,#1717,.T.);
#2416=ORIENTED_EDGE('',*,*,#1717,.F.);
#2417=ORIENTED_EDGE('',*,*,#1672,.F.);
#2418=ORIENTED_EDGE('',*,*,#1718,.F.);
#2419=ORIENTED_EDGE('',*,*,#1719,.F.);
#2420=ORIENTED_EDGE('',*,*,#1669,.T.);
#2421=ORIENTED_EDGE('',*,*,#1720,.T.);
#2422=ORIENTED_EDGE('',*,*,#1721,.T.);
#2423=ORIENTED_EDGE('',*,*,#1722,.T.);
#2424=ORIENTED_EDGE('',*,*,#1656,.F.);
#2425=ORIENTED_EDGE('',*,*,#1723,.F.);
#2426=ORIENTED_EDGE('',*,*,#1720,.F.);
#2427=ORIENTED_EDGE('',*,*,#1668,.F.);
#2428=ORIENTED_EDGE('',*,*,#1724,.T.);
#2429=ORIENTED_EDGE('',*,*,#1718,.T.);
#2430=ORIENTED_EDGE('',*,*,#1671,.T.);
#2431=ORIENTED_EDGE('',*,*,#1725,.T.);
#2432=ORIENTED_EDGE('',*,*,#1648,.F.);
#2433=ORIENTED_EDGE('',*,*,#1652,.T.);
#2434=ORIENTED_EDGE('',*,*,#1726,.T.);
#2435=ORIENTED_EDGE('',*,*,#1640,.F.);
#2436=ORIENTED_EDGE('',*,*,#1642,.F.);
#2437=ORIENTED_EDGE('',*,*,#1644,.F.);
#2438=ORIENTED_EDGE('',*,*,#1646,.F.);
#2439=ORIENTED_EDGE('',*,*,#1633,.F.);
#2440=ORIENTED_EDGE('',*,*,#1439,.F.);
#2441=ORIENTED_EDGE('',*,*,#1441,.F.);
#2442=ORIENTED_EDGE('',*,*,#1443,.F.);
#2443=ORIENTED_EDGE('',*,*,#1445,.F.);
#2444=ORIENTED_EDGE('',*,*,#1449,.T.);
#2445=ORIENTED_EDGE('',*,*,#1634,.T.);
#2446=ORIENTED_EDGE('',*,*,#1626,.F.);
#2447=ORIENTED_EDGE('',*,*,#1628,.F.);
#2448=ORIENTED_EDGE('',*,*,#1630,.F.);
#2449=ORIENTED_EDGE('',*,*,#1632,.F.);
#2450=ORIENTED_EDGE('',*,*,#1618,.F.);
#2451=ORIENTED_EDGE('',*,*,#1623,.T.);
#2452=ORIENTED_EDGE('',*,*,#1727,.T.);
#2453=ORIENTED_EDGE('',*,*,#1610,.F.);
#2454=ORIENTED_EDGE('',*,*,#1612,.F.);
#2455=ORIENTED_EDGE('',*,*,#1614,.F.);
#2456=ORIENTED_EDGE('',*,*,#1616,.F.);
#2457=ORIENTED_EDGE('',*,*,#1722,.F.);
#2458=ORIENTED_EDGE('',*,*,#1728,.F.);
#2459=ORIENTED_EDGE('',*,*,#1725,.F.);
#2460=ORIENTED_EDGE('',*,*,#1670,.F.);
#2461=ORIENTED_EDGE('',*,*,#1608,.F.);
#2462=ORIENTED_EDGE('',*,*,#1727,.F.);
#2463=ORIENTED_EDGE('',*,*,#1622,.F.);
#2464=ORIENTED_EDGE('',*,*,#1729,.F.);
#2465=ORIENTED_EDGE('',*,*,#1417,.F.);
#2466=ORIENTED_EDGE('',*,*,#1667,.F.);
#2467=ORIENTED_EDGE('',*,*,#1594,.F.);
#2468=ORIENTED_EDGE('',*,*,#1599,.T.);
#2469=ORIENTED_EDGE('',*,*,#1638,.F.);
#2470=ORIENTED_EDGE('',*,*,#1726,.F.);
#2471=ORIENTED_EDGE('',*,*,#1651,.F.);
#2472=ORIENTED_EDGE('',*,*,#1730,.F.);
#2473=ORIENTED_EDGE('',*,*,#1620,.F.);
#2474=ORIENTED_EDGE('',*,*,#1666,.F.);
#2475=ORIENTED_EDGE('',*,*,#1567,.F.);
#2476=ORIENTED_EDGE('',*,*,#1572,.T.);
#2477=ORIENTED_EDGE('',*,*,#1621,.T.);
#2478=ORIENTED_EDGE('',*,*,#1730,.T.);
#2479=ORIENTED_EDGE('',*,*,#1650,.T.);
#2480=ORIENTED_EDGE('',*,*,#1635,.T.);
#2481=ORIENTED_EDGE('',*,*,#1447,.T.);
#2482=ORIENTED_EDGE('',*,*,#1434,.T.);
#2483=ORIENTED_EDGE('',*,*,#1528,.T.);
#2484=ORIENTED_EDGE('',*,*,#1524,.T.);
#2485=ORIENTED_EDGE('',*,*,#1418,.T.);
#2486=ORIENTED_EDGE('',*,*,#1729,.T.);
#2487=ORIENTED_EDGE('',*,*,#1457,.F.);
#2488=ORIENTED_EDGE('',*,*,#1462,.T.);
#2489=ORIENTED_EDGE('',*,*,#1463,.F.);
#2490=ORIENTED_EDGE('',*,*,#1468,.T.);
#2491=ORIENTED_EDGE('',*,*,#1471,.F.);
#2492=ORIENTED_EDGE('',*,*,#1474,.T.);
#2493=ORIENTED_EDGE('',*,*,#1477,.F.);
#2494=ORIENTED_EDGE('',*,*,#1480,.T.);
#2495=ORIENTED_EDGE('',*,*,#1481,.F.);
#2496=ORIENTED_EDGE('',*,*,#1486,.T.);
#2497=ORIENTED_EDGE('',*,*,#1487,.F.);
#2498=ORIENTED_EDGE('',*,*,#1492,.T.);
#2499=ORIENTED_EDGE('',*,*,#1495,.F.);
#2500=ORIENTED_EDGE('',*,*,#1498,.T.);
#2501=ORIENTED_EDGE('',*,*,#1501,.F.);
#2502=ORIENTED_EDGE('',*,*,#1504,.T.);
#2503=ORIENTED_EDGE('',*,*,#1505,.F.);
#2504=ORIENTED_EDGE('',*,*,#1510,.T.);
#2505=ORIENTED_EDGE('',*,*,#1517,.F.);
#2506=ORIENTED_EDGE('',*,*,#1522,.T.);
#2507=ORIENTED_EDGE('',*,*,#1513,.F.);
#2508=ORIENTED_EDGE('',*,*,#1515,.T.);
#2509=ORIENTED_EDGE('',*,*,#1452,.F.);
#2510=ORIENTED_EDGE('',*,*,#1456,.T.);
#2511=ORIENTED_EDGE('',*,*,#1660,.F.);
#2512=ORIENTED_EDGE('',*,*,#1665,.T.);
#2513=ORIENTED_EDGE('',*,*,#1688,.F.);
#2514=ORIENTED_EDGE('',*,*,#1691,.T.);
#2515=ORIENTED_EDGE('',*,*,#1693,.F.);
#2516=ORIENTED_EDGE('',*,*,#1695,.T.);
#2517=ORIENTED_EDGE('',*,*,#1697,.F.);
#2518=ORIENTED_EDGE('',*,*,#1699,.T.);
#2519=ORIENTED_EDGE('',*,*,#1700,.F.);
#2520=ORIENTED_EDGE('',*,*,#1703,.T.);
#2521=ORIENTED_EDGE('',*,*,#1704,.F.);
#2522=ORIENTED_EDGE('',*,*,#1707,.T.);
#2523=ORIENTED_EDGE('',*,*,#1709,.F.);
#2524=ORIENTED_EDGE('',*,*,#1711,.T.);
#2525=ORIENTED_EDGE('',*,*,#1713,.F.);
#2526=ORIENTED_EDGE('',*,*,#1715,.T.);
#2527=ORIENTED_EDGE('',*,*,#1716,.F.);
#2528=ORIENTED_EDGE('',*,*,#1719,.T.);
#2529=ORIENTED_EDGE('',*,*,#1724,.F.);
#2530=ORIENTED_EDGE('',*,*,#1728,.T.);
#2531=ORIENTED_EDGE('',*,*,#1721,.F.);
#2532=ORIENTED_EDGE('',*,*,#1723,.T.);
#2533=ORIENTED_EDGE('',*,*,#1655,.F.);
#2534=ORIENTED_EDGE('',*,*,#1659,.T.);
#2535=PLANE('',#2763);
#2536=PLANE('',#2773);
#2537=PLANE('',#2774);
#2538=PLANE('',#2781);
#2539=PLANE('',#2782);
#2540=PLANE('',#2798);
#2541=PLANE('',#2799);
#2542=PLANE('',#2809);
#2543=PLANE('',#2810);
#2544=PLANE('',#2817);
#2545=PLANE('',#2818);
#2546=PLANE('',#2825);
#2547=PLANE('',#2826);
#2548=PLANE('',#2827);
#2549=PLANE('',#2834);
#2550=PLANE('',#2835);
#2551=PLANE('',#2842);
#2552=PLANE('',#2843);
#2553=PLANE('',#2847);
#2554=PLANE('',#2857);
#2555=PLANE('',#2867);
#2556=PLANE('',#2877);
#2557=PLANE('',#2887);
#2558=PLANE('',#2903);
#2559=PLANE('',#2904);
#2560=PLANE('',#2905);
#2561=PLANE('',#2906);
#2562=PLANE('',#2907);
#2563=PLANE('',#2908);
#2564=PLANE('',#2918);
#2565=PLANE('',#2919);
#2566=PLANE('',#2926);
#2567=PLANE('',#2927);
#2568=PLANE('',#2937);
#2569=PLANE('',#2938);
#2570=PLANE('',#2945);
#2571=PLANE('',#2946);
#2572=PLANE('',#2956);
#2573=PLANE('',#2957);
#2574=PLANE('',#2964);
#2575=PLANE('',#2965);
#2576=PLANE('',#2972);
#2577=PLANE('',#2973);
#2578=PLANE('',#2974);
#2579=PLANE('',#2981);
#2580=PLANE('',#2982);
#2581=PLANE('',#2983);
#2582=PLANE('',#2990);
#2583=PLANE('',#2991);
#2584=PLANE('',#2995);
#2585=PLANE('',#3002);
#2586=PLANE('',#3020);
#2587=PLANE('',#3027);
#2588=PLANE('',#3034);
#2589=PLANE('',#3041);
#2590=PLANE('',#3052);
#2591=PLANE('',#3053);
#2592=PLANE('',#3054);
#2593=PLANE('',#3055);
#2594=PLANE('',#3056);
#2595=PLANE('',#3057);
#2596=PLANE('',#3058);
#2597=ADVANCED_FACE('',(#253),#2535,.T.);
#2598=ADVANCED_FACE('',(#254),#217,.T.);
#2599=ADVANCED_FACE('',(#255),#218,.F.);
#2600=ADVANCED_FACE('',(#256),#219,.T.);
#2601=ADVANCED_FACE('',(#257),#2536,.T.);
#2602=ADVANCED_FACE('',(#258),#2537,.T.);
#2603=ADVANCED_FACE('',(#259),#19,.T.);
#2604=ADVANCED_FACE('',(#260),#20,.F.);
#2605=ADVANCED_FACE('',(#261),#21,.T.);
#2606=ADVANCED_FACE('',(#262),#2538,.T.);
#2607=ADVANCED_FACE('',(#263),#2539,.T.);
#2608=ADVANCED_FACE('',(#264),#220,.T.);
#2609=ADVANCED_FACE('',(#265),#221,.F.);
#2610=ADVANCED_FACE('',(#266),#222,.T.);
#2611=ADVANCED_FACE('',(#267),#22,.T.);
#2612=ADVANCED_FACE('',(#268),#23,.F.);
#2613=ADVANCED_FACE('',(#269),#24,.T.);
#2614=ADVANCED_FACE('',(#270),#2540,.T.);
#2615=ADVANCED_FACE('',(#271),#2541,.T.);
#2616=ADVANCED_FACE('',(#272),#223,.T.);
#2617=ADVANCED_FACE('',(#273),#224,.F.);
#2618=ADVANCED_FACE('',(#274),#225,.T.);
#2619=ADVANCED_FACE('',(#275),#2542,.T.);
#2620=ADVANCED_FACE('',(#276),#2543,.T.);
#2621=ADVANCED_FACE('',(#277),#25,.T.);
#2622=ADVANCED_FACE('',(#278),#26,.F.);
#2623=ADVANCED_FACE('',(#279),#27,.T.);
#2624=ADVANCED_FACE('',(#280),#2544,.T.);
#2625=ADVANCED_FACE('',(#281),#2545,.T.);
#2626=ADVANCED_FACE('',(#282),#226,.T.);
#2627=ADVANCED_FACE('',(#283),#227,.F.);
#2628=ADVANCED_FACE('',(#284),#228,.T.);
#2629=ADVANCED_FACE('',(#285),#2546,.T.);
#2630=ADVANCED_FACE('',(#286),#2547,.T.);
#2631=ADVANCED_FACE('',(#287),#2548,.T.);
#2632=ADVANCED_FACE('',(#288),#229,.T.);
#2633=ADVANCED_FACE('',(#289),#230,.F.);
#2634=ADVANCED_FACE('',(#290),#231,.T.);
#2635=ADVANCED_FACE('',(#291),#2549,.T.);
#2636=ADVANCED_FACE('',(#292),#2550,.T.);
#2637=ADVANCED_FACE('',(#293),#232,.T.);
#2638=ADVANCED_FACE('',(#294),#233,.F.);
#2639=ADVANCED_FACE('',(#295),#234,.T.);
#2640=ADVANCED_FACE('',(#296),#2551,.T.);
#2641=ADVANCED_FACE('',(#297),#2552,.T.);
#2642=ADVANCED_FACE('',(#298),#28,.F.);
#2643=ADVANCED_FACE('',(#299),#2553,.T.);
#2644=ADVANCED_FACE('',(#300),#29,.T.);
#2645=ADVANCED_FACE('',(#301),#30,.F.);
#2646=ADVANCED_FACE('',(#302),#31,.T.);
#2647=ADVANCED_FACE('',(#303),#2554,.T.);
#2648=ADVANCED_FACE('',(#304),#32,.F.);
#2649=ADVANCED_FACE('',(#305),#33,.F.);
#2650=ADVANCED_FACE('',(#306),#34,.F.);
#2651=ADVANCED_FACE('',(#307),#2555,.T.);
#2652=ADVANCED_FACE('',(#308),#35,.T.);
#2653=ADVANCED_FACE('',(#309),#36,.F.);
#2654=ADVANCED_FACE('',(#310),#37,.T.);
#2655=ADVANCED_FACE('',(#311),#2556,.T.);
#2656=ADVANCED_FACE('',(#312),#38,.F.);
#2657=ADVANCED_FACE('',(#313),#39,.F.);
#2658=ADVANCED_FACE('',(#314),#40,.F.);
#2659=ADVANCED_FACE('',(#315),#2557,.T.);
#2660=ADVANCED_FACE('',(#316),#41,.T.);
#2661=ADVANCED_FACE('',(#317),#42,.F.);
#2662=ADVANCED_FACE('',(#318),#43,.F.);
#2663=ADVANCED_FACE('',(#319),#44,.F.);
#2664=ADVANCED_FACE('',(#320),#45,.T.);
#2665=ADVANCED_FACE('',(#321),#2558,.T.);
#2666=ADVANCED_FACE('',(#322),#2559,.T.);
#2667=ADVANCED_FACE('',(#323),#2560,.T.);
#2668=ADVANCED_FACE('',(#324),#2561,.T.);
#2669=ADVANCED_FACE('',(#325),#2562,.T.);
#2670=ADVANCED_FACE('',(#326),#2563,.T.);
#2671=ADVANCED_FACE('',(#327),#235,.T.);
#2672=ADVANCED_FACE('',(#328),#236,.F.);
#2673=ADVANCED_FACE('',(#329),#237,.T.);
#2674=ADVANCED_FACE('',(#330),#2564,.T.);
#2675=ADVANCED_FACE('',(#331),#2565,.T.);
#2676=ADVANCED_FACE('',(#332),#46,.T.);
#2677=ADVANCED_FACE('',(#333),#47,.F.);
#2678=ADVANCED_FACE('',(#334),#48,.T.);
#2679=ADVANCED_FACE('',(#335),#2566,.T.);
#2680=ADVANCED_FACE('',(#336),#2567,.T.);
#2681=ADVANCED_FACE('',(#337),#238,.T.);
#2682=ADVANCED_FACE('',(#338),#239,.F.);
#2683=ADVANCED_FACE('',(#339),#240,.T.);
#2684=ADVANCED_FACE('',(#340),#2568,.T.);
#2685=ADVANCED_FACE('',(#341),#2569,.T.);
#2686=ADVANCED_FACE('',(#342),#49,.T.);
#2687=ADVANCED_FACE('',(#343),#50,.F.);
#2688=ADVANCED_FACE('',(#344),#51,.T.);
#2689=ADVANCED_FACE('',(#345),#2570,.T.);
#2690=ADVANCED_FACE('',(#346),#2571,.T.);
#2691=ADVANCED_FACE('',(#347),#241,.T.);
#2692=ADVANCED_FACE('',(#348),#242,.F.);
#2693=ADVANCED_FACE('',(#349),#243,.T.);
#2694=ADVANCED_FACE('',(#350),#2572,.T.);
#2695=ADVANCED_FACE('',(#351),#2573,.T.);
#2696=ADVANCED_FACE('',(#352),#52,.T.);
#2697=ADVANCED_FACE('',(#353),#53,.F.);
#2698=ADVANCED_FACE('',(#354),#54,.T.);
#2699=ADVANCED_FACE('',(#355),#2574,.T.);
#2700=ADVANCED_FACE('',(#356),#2575,.T.);
#2701=ADVANCED_FACE('',(#357),#244,.T.);
#2702=ADVANCED_FACE('',(#358),#245,.F.);
#2703=ADVANCED_FACE('',(#359),#246,.T.);
#2704=ADVANCED_FACE('',(#360),#2576,.T.);
#2705=ADVANCED_FACE('',(#361),#2577,.T.);
#2706=ADVANCED_FACE('',(#362),#2578,.T.);
#2707=ADVANCED_FACE('',(#363),#247,.T.);
#2708=ADVANCED_FACE('',(#364),#248,.F.);
#2709=ADVANCED_FACE('',(#365),#249,.T.);
#2710=ADVANCED_FACE('',(#366),#2579,.T.);
#2711=ADVANCED_FACE('',(#367),#2580,.T.);
#2712=ADVANCED_FACE('',(#368),#2581,.T.);
#2713=ADVANCED_FACE('',(#369),#250,.T.);
#2714=ADVANCED_FACE('',(#370),#251,.F.);
#2715=ADVANCED_FACE('',(#371),#252,.T.);
#2716=ADVANCED_FACE('',(#372),#2582,.T.);
#2717=ADVANCED_FACE('',(#373),#2583,.T.);
#2718=ADVANCED_FACE('',(#374),#55,.F.);
#2719=ADVANCED_FACE('',(#375),#2584,.T.);
#2720=ADVANCED_FACE('',(#376),#56,.T.);
#2721=ADVANCED_FACE('',(#377),#57,.F.);
#2722=ADVANCED_FACE('',(#378,#15,#16),#2585,.T.);
#2723=ADVANCED_FACE('',(#379),#58,.T.);
#2724=ADVANCED_FACE('',(#380),#2586,.T.);
#2725=ADVANCED_FACE('',(#381),#59,.F.);
#2726=ADVANCED_FACE('',(#382),#60,.F.);
#2727=ADVANCED_FACE('',(#383),#61,.F.);
#2728=ADVANCED_FACE('',(#384),#2587,.T.);
#2729=ADVANCED_FACE('',(#385),#62,.T.);
#2730=ADVANCED_FACE('',(#386),#63,.F.);
#2731=ADVANCED_FACE('',(#387),#64,.T.);
#2732=ADVANCED_FACE('',(#388),#2588,.T.);
#2733=ADVANCED_FACE('',(#389),#65,.F.);
#2734=ADVANCED_FACE('',(#390),#66,.F.);
#2735=ADVANCED_FACE('',(#391),#67,.F.);
#2736=ADVANCED_FACE('',(#392),#2589,.T.);
#2737=ADVANCED_FACE('',(#393),#68,.T.);
#2738=ADVANCED_FACE('',(#394),#69,.F.);
#2739=ADVANCED_FACE('',(#395),#70,.F.);
#2740=ADVANCED_FACE('',(#396),#71,.F.);
#2741=ADVANCED_FACE('',(#397),#72,.T.);
#2742=ADVANCED_FACE('',(#398),#2590,.T.);
#2743=ADVANCED_FACE('',(#399),#2591,.T.);
#2744=ADVANCED_FACE('',(#400),#2592,.T.);
#2745=ADVANCED_FACE('',(#401),#2593,.T.);
#2746=ADVANCED_FACE('',(#402),#2594,.T.);
#2747=ADVANCED_FACE('',(#403),#2595,.T.);
#2748=ADVANCED_FACE('',(#404,#17,#18),#2596,.F.);
#2749=CLOSED_SHELL('',(#2597,#2598,#2599,#2600,#2601,#2602,#2603,#2604,
#2605,#2606,#2607,#2608,#2609,#2610,#2611,#2612,#2613,#2614,#2615,#2616,
#2617,#2618,#2619,#2620,#2621,#2622,#2623,#2624,#2625,#2626,#2627,#2628,
#2629,#2630,#2631,#2632,#2633,#2634,#2635,#2636,#2637,#2638,#2639,#2640,
#2641,#2642,#2643,#2644,#2645,#2646,#2647,#2648,#2649,#2650,#2651,#2652,
#2653,#2654,#2655,#2656,#2657,#2658,#2659,#2660,#2661,#2662,#2663,#2664,
#2665,#2666,#2667,#2668,#2669,#2670,#2671,#2672,#2673,#2674,#2675,#2676,
#2677,#2678,#2679,#2680,#2681,#2682,#2683,#2684,#2685,#2686,#2687,#2688,
#2689,#2690,#2691,#2692,#2693,#2694,#2695,#2696,#2697,#2698,#2699,#2700,
#2701,#2702,#2703,#2704,#2705,#2706,#2707,#2708,#2709,#2710,#2711,#2712,
#2713,#2714,#2715,#2716,#2717,#2718,#2719,#2720,#2721,#2722,#2723,#2724,
#2725,#2726,#2727,#2728,#2729,#2730,#2731,#2732,#2733,#2734,#2735,#2736,
#2737,#2738,#2739,#2740,#2741,#2742,#2743,#2744,#2745,#2746,#2747,#2748));
#2750=DERIVED_UNIT_ELEMENT(#2752,1.);
#2751=DERIVED_UNIT_ELEMENT(#4723,-3.);
#2752=(
MASS_UNIT()
NAMED_UNIT(*)
SI_UNIT(.KILO.,.GRAM.)
);
#2753=DERIVED_UNIT((#2750,#2751));
#2754=MEASURE_REPRESENTATION_ITEM('density measure',
POSITIVE_RATIO_MEASURE(7850.),#2753);
#2755=PROPERTY_DEFINITION_REPRESENTATION(#2760,#2757);
#2756=PROPERTY_DEFINITION_REPRESENTATION(#2761,#2758);
#2757=REPRESENTATION('material name',(#2759),#4720);
#2758=REPRESENTATION('density',(#2754),#4720);
#2759=DESCRIPTIVE_REPRESENTATION_ITEM('Steel','Steel');
#2760=PROPERTY_DEFINITION('material property','material name',#4730);
#2761=PROPERTY_DEFINITION('material property','density of part',#4730);
#2762=AXIS2_PLACEMENT_3D('',#3911,#3059,#3060);
#2763=AXIS2_PLACEMENT_3D('',#3912,#3061,#3062);
#2764=AXIS2_PLACEMENT_3D('',#3921,#3067,#3068);
#2765=AXIS2_PLACEMENT_3D('',#3923,#3069,#3070);
#2766=AXIS2_PLACEMENT_3D('',#3926,#3072,#3073);
#2767=AXIS2_PLACEMENT_3D('',#3927,#3074,#3075);
#2768=AXIS2_PLACEMENT_3D('',#3931,#3077,#3078);
#2769=AXIS2_PLACEMENT_3D('',#3932,#3079,#3080);
#2770=AXIS2_PLACEMENT_3D('',#3933,#3081,#3082);
#2771=AXIS2_PLACEMENT_3D('',#3935,#3083,#3084);
#2772=AXIS2_PLACEMENT_3D('',#3938,#3086,#3087);
#2773=AXIS2_PLACEMENT_3D('',#3939,#3088,#3089);
#2774=AXIS2_PLACEMENT_3D('',#3945,#3093,#3094);
#2775=AXIS2_PLACEMENT_3D('',#3951,#3098,#3099);
#2776=AXIS2_PLACEMENT_3D('',#3954,#3101,#3102);
#2777=AXIS2_PLACEMENT_3D('',#3955,#3103,#3104);
#2778=AXIS2_PLACEMENT_3D('',#3958,#3106,#3107);
#2779=AXIS2_PLACEMENT_3D('',#3959,#3108,#3109);
#2780=AXIS2_PLACEMENT_3D('',#3962,#3111,#3112);
#2781=AXIS2_PLACEMENT_3D('',#3963,#3113,#3114);
#2782=AXIS2_PLACEMENT_3D('',#3967,#3117,#3118);
#2783=AXIS2_PLACEMENT_3D('',#3976,#3123,#3124);
#2784=AXIS2_PLACEMENT_3D('',#3978,#3125,#3126);
#2785=AXIS2_PLACEMENT_3D('',#3981,#3128,#3129);
#2786=AXIS2_PLACEMENT_3D('',#3982,#3130,#3131);
#2787=AXIS2_PLACEMENT_3D('',#3986,#3133,#3134);
#2788=AXIS2_PLACEMENT_3D('',#3987,#3135,#3136);
#2789=AXIS2_PLACEMENT_3D('',#3988,#3137,#3138);
#2790=AXIS2_PLACEMENT_3D('',#3990,#3139,#3140);
#2791=AXIS2_PLACEMENT_3D('',#3993,#3142,#3143);
#2792=AXIS2_PLACEMENT_3D('',#3994,#3144,#3145);
#2793=AXIS2_PLACEMENT_3D('',#3998,#3147,#3148);
#2794=AXIS2_PLACEMENT_3D('',#4000,#3150,#3151);
#2795=AXIS2_PLACEMENT_3D('',#4003,#3153,#3154);
#2796=AXIS2_PLACEMENT_3D('',#4004,#3155,#3156);
#2797=AXIS2_PLACEMENT_3D('',#4007,#3158,#3159);
#2798=AXIS2_PLACEMENT_3D('',#4008,#3160,#3161);
#2799=AXIS2_PLACEMENT_3D('',#4012,#3164,#3165);
#2800=AXIS2_PLACEMENT_3D('',#4021,#3170,#3171);
#2801=AXIS2_PLACEMENT_3D('',#4023,#3172,#3173);
#2802=AXIS2_PLACEMENT_3D('',#4026,#3175,#3176);
#2803=AXIS2_PLACEMENT_3D('',#4027,#3177,#3178);
#2804=AXIS2_PLACEMENT_3D('',#4031,#3180,#3181);
#2805=AXIS2_PLACEMENT_3D('',#4032,#3182,#3183);
#2806=AXIS2_PLACEMENT_3D('',#4033,#3184,#3185);
#2807=AXIS2_PLACEMENT_3D('',#4035,#3186,#3187);
#2808=AXIS2_PLACEMENT_3D('',#4038,#3189,#3190);
#2809=AXIS2_PLACEMENT_3D('',#4039,#3191,#3192);
#2810=AXIS2_PLACEMENT_3D('',#4045,#3196,#3197);
#2811=AXIS2_PLACEMENT_3D('',#4051,#3201,#3202);
#2812=AXIS2_PLACEMENT_3D('',#4054,#3204,#3205);
#2813=AXIS2_PLACEMENT_3D('',#4055,#3206,#3207);
#2814=AXIS2_PLACEMENT_3D('',#4058,#3209,#3210);
#2815=AXIS2_PLACEMENT_3D('',#4059,#3211,#3212);
#2816=AXIS2_PLACEMENT_3D('',#4062,#3214,#3215);
#2817=AXIS2_PLACEMENT_3D('',#4063,#3216,#3217);
#2818=AXIS2_PLACEMENT_3D('',#4067,#3220,#3221);
#2819=AXIS2_PLACEMENT_3D('',#4073,#3225,#3226);
#2820=AXIS2_PLACEMENT_3D('',#4076,#3228,#3229);
#2821=AXIS2_PLACEMENT_3D('',#4077,#3230,#3231);
#2822=AXIS2_PLACEMENT_3D('',#4080,#3233,#3234);
#2823=AXIS2_PLACEMENT_3D('',#4081,#3235,#3236);
#2824=AXIS2_PLACEMENT_3D('',#4084,#3238,#3239);
#2825=AXIS2_PLACEMENT_3D('',#4085,#3240,#3241);
#2826=AXIS2_PLACEMENT_3D('',#4089,#3244,#3245);
#2827=AXIS2_PLACEMENT_3D('',#4099,#3251,#3252);
#2828=AXIS2_PLACEMENT_3D('',#4105,#3256,#3257);
#2829=AXIS2_PLACEMENT_3D('',#4108,#3259,#3260);
#2830=AXIS2_PLACEMENT_3D('',#4109,#3261,#3262);
#2831=AXIS2_PLACEMENT_3D('',#4112,#3264,#3265);
#2832=AXIS2_PLACEMENT_3D('',#4113,#3266,#3267);
#2833=AXIS2_PLACEMENT_3D('',#4116,#3269,#3270);
#2834=AXIS2_PLACEMENT_3D('',#4117,#3271,#3272);
#2835=AXIS2_PLACEMENT_3D('',#4121,#3275,#3276);
#2836=AXIS2_PLACEMENT_3D('',#4131,#3282,#3283);
#2837=AXIS2_PLACEMENT_3D('',#4136,#3286,#3287);
#2838=AXIS2_PLACEMENT_3D('',#4137,#3288,#3289);
#2839=AXIS2_PLACEMENT_3D('',#4140,#3291,#3292);
#2840=AXIS2_PLACEMENT_3D('',#4141,#3293,#3294);
#2841=AXIS2_PLACEMENT_3D('',#4144,#3296,#3297);
#2842=AXIS2_PLACEMENT_3D('',#4145,#3298,#3299);
#2843=AXIS2_PLACEMENT_3D('',#4149,#3302,#3303);
#2844=AXIS2_PLACEMENT_3D('',#4156,#3308,#3309);
#2845=AXIS2_PLACEMENT_3D('',#4159,#3310,#3311);
#2846=AXIS2_PLACEMENT_3D('',#4163,#3313,#3314);
#2847=AXIS2_PLACEMENT_3D('',#4165,#3316,#3317);
#2848=AXIS2_PLACEMENT_3D('',#4171,#3321,#3322);
#2849=AXIS2_PLACEMENT_3D('',#4173,#3323,#3324);
#2850=AXIS2_PLACEMENT_3D('',#4175,#3325,#3326);
#2851=AXIS2_PLACEMENT_3D('',#4177,#3328,#3329);
#2852=AXIS2_PLACEMENT_3D('',#4179,#3330,#3331);
#2853=AXIS2_PLACEMENT_3D('',#4182,#3333,#3334);
#2854=AXIS2_PLACEMENT_3D('',#4183,#3335,#3336);
#2855=AXIS2_PLACEMENT_3D('',#4185,#3337,#3338);
#2856=AXIS2_PLACEMENT_3D('',#4187,#3339,#3340);
#2857=AXIS2_PLACEMENT_3D('',#4189,#3342,#3343);
#2858=AXIS2_PLACEMENT_3D('',#4195,#3347,#3348);
#2859=AXIS2_PLACEMENT_3D('',#4197,#3349,#3350);
#2860=AXIS2_PLACEMENT_3D('',#4200,#3352,#3353);
#2861=AXIS2_PLACEMENT_3D('',#4201,#3354,#3355);
#2862=AXIS2_PLACEMENT_3D('',#4203,#3356,#3357);
#2863=AXIS2_PLACEMENT_3D('',#4206,#3359,#3360);
#2864=AXIS2_PLACEMENT_3D('',#4207,#3361,#3362);
#2865=AXIS2_PLACEMENT_3D('',#4209,#3363,#3364);
#2866=AXIS2_PLACEMENT_3D('',#4212,#3366,#3367);
#2867=AXIS2_PLACEMENT_3D('',#4213,#3368,#3369);
#2868=AXIS2_PLACEMENT_3D('',#4219,#3373,#3374);
#2869=AXIS2_PLACEMENT_3D('',#4221,#3375,#3376);
#2870=AXIS2_PLACEMENT_3D('',#4223,#3377,#3378);
#2871=AXIS2_PLACEMENT_3D('',#4225,#3380,#3381);
#2872=AXIS2_PLACEMENT_3D('',#4227,#3382,#3383);
#2873=AXIS2_PLACEMENT_3D('',#4230,#3385,#3386);
#2874=AXIS2_PLACEMENT_3D('',#4231,#3387,#3388);
#2875=AXIS2_PLACEMENT_3D('',#4233,#3389,#3390);
#2876=AXIS2_PLACEMENT_3D('',#4235,#3391,#3392);
#2877=AXIS2_PLACEMENT_3D('',#4237,#3394,#3395);
#2878=AXIS2_PLACEMENT_3D('',#4243,#3399,#3400);
#2879=AXIS2_PLACEMENT_3D('',#4245,#3401,#3402);
#2880=AXIS2_PLACEMENT_3D('',#4248,#3404,#3405);
#2881=AXIS2_PLACEMENT_3D('',#4249,#3406,#3407);
#2882=AXIS2_PLACEMENT_3D('',#4251,#3408,#3409);
#2883=AXIS2_PLACEMENT_3D('',#4254,#3411,#3412);
#2884=AXIS2_PLACEMENT_3D('',#4255,#3413,#3414);
#2885=AXIS2_PLACEMENT_3D('',#4257,#3415,#3416);
#2886=AXIS2_PLACEMENT_3D('',#4260,#3418,#3419);
#2887=AXIS2_PLACEMENT_3D('',#4261,#3420,#3421);
#2888=AXIS2_PLACEMENT_3D('',#4267,#3425,#3426);
#2889=AXIS2_PLACEMENT_3D('',#4269,#3427,#3428);
#2890=AXIS2_PLACEMENT_3D('',#4271,#3429,#3430);
#2891=AXIS2_PLACEMENT_3D('',#4273,#3432,#3433);
#2892=AXIS2_PLACEMENT_3D('',#4275,#3434,#3435);
#2893=AXIS2_PLACEMENT_3D('',#4278,#3437,#3438);
#2894=AXIS2_PLACEMENT_3D('',#4279,#3439,#3440);
#2895=AXIS2_PLACEMENT_3D('',#4282,#3441,#3442);
#2896=AXIS2_PLACEMENT_3D('',#4286,#3444,#3445);
#2897=AXIS2_PLACEMENT_3D('',#4288,#3447,#3448);
#2898=AXIS2_PLACEMENT_3D('',#4289,#3449,#3450);
#2899=AXIS2_PLACEMENT_3D('',#4290,#3451,#3452);
#2900=AXIS2_PLACEMENT_3D('',#4291,#3453,#3454);
#2901=AXIS2_PLACEMENT_3D('',#4293,#3455,#3456);
#2902=AXIS2_PLACEMENT_3D('',#4295,#3457,#3458);
#2903=AXIS2_PLACEMENT_3D('',#4297,#3460,#3461);
#2904=AXIS2_PLACEMENT_3D('',#4299,#3463,#3464);
#2905=AXIS2_PLACEMENT_3D('',#4301,#3466,#3467);
#2906=AXIS2_PLACEMENT_3D('',#4304,#3470,#3471);
#2907=AXIS2_PLACEMENT_3D('',#4310,#3475,#3476);
#2908=AXIS2_PLACEMENT_3D('',#4313,#3479,#3480);
#2909=AXIS2_PLACEMENT_3D('',#4319,#3484,#3485);
#2910=AXIS2_PLACEMENT_3D('',#4321,#3486,#3487);
#2911=AXIS2_PLACEMENT_3D('',#4324,#3489,#3490);
#2912=AXIS2_PLACEMENT_3D('',#4325,#3491,#3492);
#2913=AXIS2_PLACEMENT_3D('',#4329,#3494,#3495);
#2914=AXIS2_PLACEMENT_3D('',#4330,#3496,#3497);
#2915=AXIS2_PLACEMENT_3D('',#4331,#3498,#3499);
#2916=AXIS2_PLACEMENT_3D('',#4333,#3500,#3501);
#2917=AXIS2_PLACEMENT_3D('',#4336,#3503,#3504);
#2918=AXIS2_PLACEMENT_3D('',#4337,#3505,#3506);
#2919=AXIS2_PLACEMENT_3D('',#4343,#3510,#3511);
#2920=AXIS2_PLACEMENT_3D('',#4349,#3515,#3516);
#2921=AXIS2_PLACEMENT_3D('',#4352,#3518,#3519);
#2922=AXIS2_PLACEMENT_3D('',#4353,#3520,#3521);
#2923=AXIS2_PLACEMENT_3D('',#4356,#3523,#3524);
#2924=AXIS2_PLACEMENT_3D('',#4357,#3525,#3526);
#2925=AXIS2_PLACEMENT_3D('',#4360,#3528,#3529);
#2926=AXIS2_PLACEMENT_3D('',#4361,#3530,#3531);
#2927=AXIS2_PLACEMENT_3D('',#4363,#3533,#3534);
#2928=AXIS2_PLACEMENT_3D('',#4372,#3539,#3540);
#2929=AXIS2_PLACEMENT_3D('',#4374,#3541,#3542);
#2930=AXIS2_PLACEMENT_3D('',#4377,#3544,#3545);
#2931=AXIS2_PLACEMENT_3D('',#4378,#3546,#3547);
#2932=AXIS2_PLACEMENT_3D('',#4382,#3549,#3550);
#2933=AXIS2_PLACEMENT_3D('',#4383,#3551,#3552);
#2934=AXIS2_PLACEMENT_3D('',#4384,#3553,#3554);
#2935=AXIS2_PLACEMENT_3D('',#4386,#3555,#3556);
#2936=AXIS2_PLACEMENT_3D('',#4389,#3558,#3559);
#2937=AXIS2_PLACEMENT_3D('',#4390,#3560,#3561);
#2938=AXIS2_PLACEMENT_3D('',#4396,#3565,#3566);
#2939=AXIS2_PLACEMENT_3D('',#4402,#3570,#3571);
#2940=AXIS2_PLACEMENT_3D('',#4405,#3573,#3574);
#2941=AXIS2_PLACEMENT_3D('',#4406,#3575,#3576);
#2942=AXIS2_PLACEMENT_3D('',#4409,#3578,#3579);
#2943=AXIS2_PLACEMENT_3D('',#4410,#3580,#3581);
#2944=AXIS2_PLACEMENT_3D('',#4413,#3583,#3584);
#2945=AXIS2_PLACEMENT_3D('',#4414,#3585,#3586);
#2946=AXIS2_PLACEMENT_3D('',#4418,#3589,#3590);
#2947=AXIS2_PLACEMENT_3D('',#4427,#3595,#3596);
#2948=AXIS2_PLACEMENT_3D('',#4429,#3597,#3598);
#2949=AXIS2_PLACEMENT_3D('',#4432,#3600,#3601);
#2950=AXIS2_PLACEMENT_3D('',#4433,#3602,#3603);
#2951=AXIS2_PLACEMENT_3D('',#4437,#3605,#3606);
#2952=AXIS2_PLACEMENT_3D('',#4438,#3607,#3608);
#2953=AXIS2_PLACEMENT_3D('',#4439,#3609,#3610);
#2954=AXIS2_PLACEMENT_3D('',#4441,#3611,#3612);
#2955=AXIS2_PLACEMENT_3D('',#4444,#3614,#3615);
#2956=AXIS2_PLACEMENT_3D('',#4445,#3616,#3617);
#2957=AXIS2_PLACEMENT_3D('',#4451,#3621,#3622);
#2958=AXIS2_PLACEMENT_3D('',#4457,#3626,#3627);
#2959=AXIS2_PLACEMENT_3D('',#4460,#3629,#3630);
#2960=AXIS2_PLACEMENT_3D('',#4461,#3631,#3632);
#2961=AXIS2_PLACEMENT_3D('',#4464,#3634,#3635);
#2962=AXIS2_PLACEMENT_3D('',#4465,#3636,#3637);
#2963=AXIS2_PLACEMENT_3D('',#4468,#3639,#3640);
#2964=AXIS2_PLACEMENT_3D('',#4469,#3641,#3642);
#2965=AXIS2_PLACEMENT_3D('',#4473,#3645,#3646);
#2966=AXIS2_PLACEMENT_3D('',#4479,#3650,#3651);
#2967=AXIS2_PLACEMENT_3D('',#4482,#3653,#3654);
#2968=AXIS2_PLACEMENT_3D('',#4483,#3655,#3656);
#2969=AXIS2_PLACEMENT_3D('',#4486,#3658,#3659);
#2970=AXIS2_PLACEMENT_3D('',#4487,#3660,#3661);
#2971=AXIS2_PLACEMENT_3D('',#4490,#3663,#3664);
#2972=AXIS2_PLACEMENT_3D('',#4491,#3665,#3666);
#2973=AXIS2_PLACEMENT_3D('',#4495,#3669,#3670);
#2974=AXIS2_PLACEMENT_3D('',#4505,#3676,#3677);
#2975=AXIS2_PLACEMENT_3D('',#4511,#3681,#3682);
#2976=AXIS2_PLACEMENT_3D('',#4514,#3684,#3685);
#2977=AXIS2_PLACEMENT_3D('',#4515,#3686,#3687);
#2978=AXIS2_PLACEMENT_3D('',#4518,#3689,#3690);
#2979=AXIS2_PLACEMENT_3D('',#4519,#3691,#3692);
#2980=AXIS2_PLACEMENT_3D('',#4522,#3694,#3695);
#2981=AXIS2_PLACEMENT_3D('',#4523,#3696,#3697);
#2982=AXIS2_PLACEMENT_3D('',#4525,#3699,#3700);
#2983=AXIS2_PLACEMENT_3D('',#4532,#3705,#3706);
#2984=AXIS2_PLACEMENT_3D('',#4538,#3710,#3711);
#2985=AXIS2_PLACEMENT_3D('',#4541,#3713,#3714);
#2986=AXIS2_PLACEMENT_3D('',#4542,#3715,#3716);
#2987=AXIS2_PLACEMENT_3D('',#4545,#3718,#3719);
#2988=AXIS2_PLACEMENT_3D('',#4546,#3720,#3721);
#2989=AXIS2_PLACEMENT_3D('',#4549,#3723,#3724);
#2990=AXIS2_PLACEMENT_3D('',#4550,#3725,#3726);
#2991=AXIS2_PLACEMENT_3D('',#4554,#3729,#3730);
#2992=AXIS2_PLACEMENT_3D('',#4561,#3735,#3736);
#2993=AXIS2_PLACEMENT_3D('',#4564,#3737,#3738);
#2994=AXIS2_PLACEMENT_3D('',#4568,#3740,#3741);
#2995=AXIS2_PLACEMENT_3D('',#4570,#3743,#3744);
#2996=AXIS2_PLACEMENT_3D('',#4576,#3748,#3749);
#2997=AXIS2_PLACEMENT_3D('',#4578,#3750,#3751);
#2998=AXIS2_PLACEMENT_3D('',#4580,#3752,#3753);
#2999=AXIS2_PLACEMENT_3D('',#4582,#3755,#3756);
#3000=AXIS2_PLACEMENT_3D('',#4584,#3757,#3758);
#3001=AXIS2_PLACEMENT_3D('',#4587,#3760,#3761);
#3002=AXIS2_PLACEMENT_3D('',#4588,#3762,#3763);
#3003=AXIS2_PLACEMENT_3D('',#4592,#3766,#3767);
#3004=AXIS2_PLACEMENT_3D('',#4594,#3768,#3769);
#3005=AXIS2_PLACEMENT_3D('',#4598,#3771,#3772);
#3006=AXIS2_PLACEMENT_3D('',#4600,#3773,#3774);
#3007=AXIS2_PLACEMENT_3D('',#4602,#3775,#3776);
#3008=AXIS2_PLACEMENT_3D('',#4606,#3778,#3779);
#3009=AXIS2_PLACEMENT_3D('',#4608,#3780,#3781);
#3010=AXIS2_PLACEMENT_3D('',#4610,#3782,#3783);
#3011=AXIS2_PLACEMENT_3D('',#4614,#3785,#3786);
#3012=AXIS2_PLACEMENT_3D('',#4616,#3787,#3788);
#3013=AXIS2_PLACEMENT_3D('',#4618,#3789,#3790);
#3014=AXIS2_PLACEMENT_3D('',#4622,#3792,#3793);
#3015=AXIS2_PLACEMENT_3D('',#4624,#3794,#3795);
#3016=AXIS2_PLACEMENT_3D('',#4626,#3796,#3797);
#3017=AXIS2_PLACEMENT_3D('',#4629,#3799,#3800);
#3018=AXIS2_PLACEMENT_3D('',#4630,#3801,#3802);
#3019=AXIS2_PLACEMENT_3D('',#4632,#3803,#3804);
#3020=AXIS2_PLACEMENT_3D('',#4634,#3806,#3807);
#3021=AXIS2_PLACEMENT_3D('',#4638,#3810,#3811);
#3022=AXIS2_PLACEMENT_3D('',#4641,#3813,#3814);
#3023=AXIS2_PLACEMENT_3D('',#4642,#3815,#3816);
#3024=AXIS2_PLACEMENT_3D('',#4645,#3818,#3819);
#3025=AXIS2_PLACEMENT_3D('',#4646,#3820,#3821);
#3026=AXIS2_PLACEMENT_3D('',#4649,#3823,#3824);
#3027=AXIS2_PLACEMENT_3D('',#4650,#3825,#3826);
#3028=AXIS2_PLACEMENT_3D('',#4654,#3829,#3830);
#3029=AXIS2_PLACEMENT_3D('',#4656,#3831,#3832);
#3030=AXIS2_PLACEMENT_3D('',#4658,#3834,#3835);
#3031=AXIS2_PLACEMENT_3D('',#4661,#3837,#3838);
#3032=AXIS2_PLACEMENT_3D('',#4662,#3839,#3840);
#3033=AXIS2_PLACEMENT_3D('',#4664,#3841,#3842);
#3034=AXIS2_PLACEMENT_3D('',#4666,#3844,#3845);
#3035=AXIS2_PLACEMENT_3D('',#4670,#3848,#3849);
#3036=AXIS2_PLACEMENT_3D('',#4673,#3851,#3852);
#3037=AXIS2_PLACEMENT_3D('',#4674,#3853,#3854);
#3038=AXIS2_PLACEMENT_3D('',#4677,#3856,#3857);
#3039=AXIS2_PLACEMENT_3D('',#4678,#3858,#3859);
#3040=AXIS2_PLACEMENT_3D('',#4681,#3861,#3862);
#3041=AXIS2_PLACEMENT_3D('',#4682,#3863,#3864);
#3042=AXIS2_PLACEMENT_3D('',#4686,#3867,#3868);
#3043=AXIS2_PLACEMENT_3D('',#4688,#3869,#3870);
#3044=AXIS2_PLACEMENT_3D('',#4690,#3872,#3873);
#3045=AXIS2_PLACEMENT_3D('',#4693,#3875,#3876);
#3046=AXIS2_PLACEMENT_3D('',#4694,#3877,#3878);
#3047=AXIS2_PLACEMENT_3D('',#4698,#3880,#3881);
#3048=AXIS2_PLACEMENT_3D('',#4700,#3883,#3884);
#3049=AXIS2_PLACEMENT_3D('',#4701,#3885,#3886);
#3050=AXIS2_PLACEMENT_3D('',#4702,#3887,#3888);
#3051=AXIS2_PLACEMENT_3D('',#4704,#3889,#3890);
#3052=AXIS2_PLACEMENT_3D('',#4706,#3892,#3893);
#3053=AXIS2_PLACEMENT_3D('',#4708,#3895,#3896);
#3054=AXIS2_PLACEMENT_3D('',#4709,#3897,#3898);
#3055=AXIS2_PLACEMENT_3D('',#4711,#3900,#3901);
#3056=AXIS2_PLACEMENT_3D('',#4713,#3903,#3904);
#3057=AXIS2_PLACEMENT_3D('',#4715,#3906,#3907);
#3058=AXIS2_PLACEMENT_3D('',#4717,#3909,#3910);
#3059=DIRECTION('axis',(0.,0.,1.));
#3060=DIRECTION('refdir',(1.,0.,0.));
#3061=DIRECTION('center_axis',(-0.353553390593274,0.612372435695795,0.707106781186547));
#3062=DIRECTION('ref_axis',(0.894427190999916,0.,0.447213595499958));
#3063=DIRECTION('',(0.353553390593273,-0.612372435695794,0.707106781186548));
#3064=DIRECTION('',(0.866025403784439,0.5,0.));
#3065=DIRECTION('',(-0.353553390593273,0.612372435695793,-0.707106781186549));
#3066=DIRECTION('',(-0.866025403784439,-0.5,0.));
#3067=DIRECTION('center_axis',(0.,0.,-1.));
#3068=DIRECTION('ref_axis',(0.240192230707629,0.970725343394151,0.));
#3069=DIRECTION('center_axis',(0.,0.,-1.));
#3070=DIRECTION('ref_axis',(0.240192230707629,0.970725343394151,0.));
#3071=DIRECTION('',(0.598321122542462,0.376844575812797,-0.707106781186548));
#3072=DIRECTION('center_axis',(0.,0.,1.));
#3073=DIRECTION('ref_axis',(0.240192230707629,0.970725343394151,0.));
#3074=DIRECTION('center_axis',(0.,0.,1.));
#3075=DIRECTION('ref_axis',(-1.,0.,0.));
#3076=DIRECTION('',(0.0271964146610247,0.706583579648997,-0.707106781186544));
#3077=DIRECTION('center_axis',(0.,0.,-1.));
#3078=DIRECTION('ref_axis',(-1.,0.,0.));
#3079=DIRECTION('center_axis',(0.,0.,1.));
#3080=DIRECTION('ref_axis',(-1.,0.,0.));
#3081=DIRECTION('center_axis',(0.,0.,-1.));
#3082=DIRECTION('ref_axis',(0.720576692122895,0.693375245281534,0.));
#3083=DIRECTION('center_axis',(0.,0.,-1.));
#3084=DIRECTION('ref_axis',(0.720576692122895,0.693375245281534,0.));
#3085=DIRECTION('',(0.707106781186547,0.,-0.707106781186548));
#3086=DIRECTION('center_axis',(0.,0.,1.));
#3087=DIRECTION('ref_axis',(0.720576692122894,0.693375245281534,0.));
#3088=DIRECTION('center_axis',(0.707106781186548,-2.50182265685557E-16,
0.707106781186548));
#3089=DIRECTION('ref_axis',(0.707106781186548,0.,-0.707106781186548));
#3090=DIRECTION('',(0.707106781186548,-4.02885912743857E-16,-0.707106781186548));
#3091=DIRECTION('',(3.53811153197744E-16,1.,0.));
#3092=DIRECTION('',(-3.53811153197744E-16,-1.,0.));
#3093=DIRECTION('center_axis',(1.,-3.53811153197744E-16,0.));
#3094=DIRECTION('ref_axis',(3.53811153197744E-16,1.,0.));
#3095=DIRECTION('',(0.,0.,-1.));
#3096=DIRECTION('',(3.53811153197744E-16,1.,0.));
#3097=DIRECTION('',(0.,0.,1.));
#3098=DIRECTION('center_axis',(0.,0.,1.));
#3099=DIRECTION('ref_axis',(0.720576692122895,0.693375245281534,0.));
#3100=DIRECTION('',(0.,0.,1.));
#3101=DIRECTION('center_axis',(0.,0.,1.));
#3102=DIRECTION('ref_axis',(0.720576692122895,0.693375245281534,0.));
#3103=DIRECTION('center_axis',(0.,0.,1.));
#3104=DIRECTION('ref_axis',(1.,0.,0.));
#3105=DIRECTION('',(0.,0.,-1.));
#3106=DIRECTION('center_axis',(0.,0.,-1.));
#3107=DIRECTION('ref_axis',(-1.,0.,0.));
#3108=DIRECTION('center_axis',(0.,0.,1.));
#3109=DIRECTION('ref_axis',(0.240192230707629,0.970725343394151,0.));
#3110=DIRECTION('',(0.,0.,1.));
#3111=DIRECTION('center_axis',(0.,0.,1.));
#3112=DIRECTION('ref_axis',(0.240192230707629,0.970725343394151,0.));
#3113=DIRECTION('center_axis',(-0.5,0.866025403784439,0.));
#3114=DIRECTION('ref_axis',(-0.866025403784439,-0.5,0.));
#3115=DIRECTION('',(0.,0.,1.));
#3116=DIRECTION('',(-0.866025403784439,-0.5,0.));
#3117=DIRECTION('center_axis',(-0.353553390593274,-0.612372435695795,0.707106781186547));
#3118=DIRECTION('ref_axis',(0.894427190999916,0.,0.447213595499959));
#3119=DIRECTION('',(0.353553390593274,0.612372435695794,0.707106781186548));
#3120=DIRECTION('',(-0.866025403784438,0.5,0.));
#3121=DIRECTION('',(-0.353553390593273,-0.612372435695793,-0.707106781186549));
#3122=DIRECTION('',(0.866025403784438,-0.5,0.));
#3123=DIRECTION('center_axis',(0.,0.,-1.));
#3124=DIRECTION('ref_axis',(-0.960768922830523,-0.277350098112613,0.));
#3125=DIRECTION('center_axis',(0.,0.,-1.));
#3126=DIRECTION('ref_axis',(-0.960768922830523,-0.277350098112613,0.));
#3127=DIRECTION('',(-0.625517537203483,0.329739003836196,-0.707106781186549));
#3128=DIRECTION('center_axis',(0.,0.,1.));
#3129=DIRECTION('ref_axis',(-0.960768922830523,-0.277350098112613,0.));
#3130=DIRECTION('center_axis',(0.,0.,1.));
#3131=DIRECTION('ref_axis',(1.,0.,0.));
#3132=DIRECTION('',(-0.625517537203483,-0.329739003836196,-0.707106781186549));
#3133=DIRECTION('center_axis',(0.,0.,-1.));
#3134=DIRECTION('ref_axis',(1.,0.,0.));
#3135=DIRECTION('center_axis',(0.,0.,1.));
#3136=DIRECTION('ref_axis',(1.,0.,0.));
#3137=DIRECTION('center_axis',(0.,0.,-1.));
#3138=DIRECTION('ref_axis',(-0.960768922830523,0.277350098112614,0.));
#3139=DIRECTION('center_axis',(0.,0.,-1.));
#3140=DIRECTION('ref_axis',(-0.960768922830523,0.277350098112614,0.));
#3141=DIRECTION('',(-0.353553390593272,0.612372435695797,-0.707106781186547));
#3142=DIRECTION('center_axis',(0.,0.,1.));
#3143=DIRECTION('ref_axis',(-0.960768922830523,0.277350098112614,0.));
#3144=DIRECTION('center_axis',(0.,0.,1.));
#3145=DIRECTION('ref_axis',(-0.960768922830523,0.277350098112614,0.));
#3146=DIRECTION('',(0.,0.,1.));
#3147=DIRECTION('center_axis',(0.,0.,1.));
#3148=DIRECTION('ref_axis',(-0.960768922830523,0.277350098112614,0.));
#3149=DIRECTION('',(0.,0.,-1.));
#3150=DIRECTION('center_axis',(0.,0.,1.));
#3151=DIRECTION('ref_axis',(1.,0.,0.));
#3152=DIRECTION('',(0.,0.,-1.));
#3153=DIRECTION('center_axis',(0.,0.,-1.));
#3154=DIRECTION('ref_axis',(1.,0.,0.));
#3155=DIRECTION('center_axis',(0.,0.,1.));
#3156=DIRECTION('ref_axis',(-0.960768922830523,-0.277350098112613,0.));
#3157=DIRECTION('',(0.,0.,1.));
#3158=DIRECTION('center_axis',(0.,0.,1.));
#3159=DIRECTION('ref_axis',(-0.960768922830523,-0.277350098112613,0.));
#3160=DIRECTION('center_axis',(-0.5,-0.866025403784438,0.));
#3161=DIRECTION('ref_axis',(0.866025403784438,-0.5,0.));
#3162=DIRECTION('',(0.,0.,1.));
#3163=DIRECTION('',(0.866025403784438,-0.5,0.));
#3164=DIRECTION('center_axis',(0.707106781186547,-2.50182265685557E-16,
0.707106781186548));
#3165=DIRECTION('ref_axis',(0.707106781186548,0.,-0.707106781186547));
#3166=DIRECTION('',(-0.707106781186548,5.03607390929821E-16,0.707106781186547));
#3167=DIRECTION('',(-3.53811153197744E-16,-1.,0.));
#3168=DIRECTION('',(0.707106781186548,0.,-0.707106781186547));
#3169=DIRECTION('',(3.53811153197744E-16,1.,0.));
#3170=DIRECTION('center_axis',(0.,0.,-1.));
#3171=DIRECTION('ref_axis',(0.720576692122895,-0.693375245281534,0.));
#3172=DIRECTION('center_axis',(0.,0.,-1.));
#3173=DIRECTION('ref_axis',(0.720576692122895,-0.693375245281534,0.));
#3174=DIRECTION('',(0.0271964146610205,-0.706583579648994,-0.707106781186547));
#3175=DIRECTION('center_axis',(0.,0.,1.));
#3176=DIRECTION('ref_axis',(0.720576692122895,-0.693375245281534,0.));
#3177=DIRECTION('center_axis',(0.,0.,1.));
#3178=DIRECTION('ref_axis',(-1.,0.,0.));
#3179=DIRECTION('',(0.598321122542462,-0.376844575812797,-0.707106781186548));
#3180=DIRECTION('center_axis',(0.,0.,-1.));
#3181=DIRECTION('ref_axis',(-1.,0.,0.));
#3182=DIRECTION('center_axis',(0.,0.,1.));
#3183=DIRECTION('ref_axis',(-1.,0.,0.));
#3184=DIRECTION('center_axis',(0.,0.,-1.));
#3185=DIRECTION('ref_axis',(0.240192230707624,-0.970725343394153,0.));
#3186=DIRECTION('center_axis',(0.,0.,-1.));
#3187=DIRECTION('ref_axis',(0.240192230707624,-0.970725343394153,0.));
#3188=DIRECTION('',(-0.353553390593279,-0.612372435695791,-0.707106781186548));
#3189=DIRECTION('center_axis',(0.,0.,1.));
#3190=DIRECTION('ref_axis',(0.240192230707624,-0.970725343394153,0.));
#3191=DIRECTION('center_axis',(-0.353553390593274,-0.612372435695793,0.707106781186549));
#3192=DIRECTION('ref_axis',(0.894427190999916,0.,0.447213595499957));
#3193=DIRECTION('',(-0.353553390593275,-0.612372435695795,-0.707106781186546));
#3194=DIRECTION('',(0.866025403784438,-0.5,0.));
#3195=DIRECTION('',(-0.866025403784438,0.5,0.));
#3196=DIRECTION('center_axis',(-0.5,-0.866025403784438,0.));
#3197=DIRECTION('ref_axis',(0.866025403784438,-0.5,0.));
#3198=DIRECTION('',(0.,0.,-1.));
#3199=DIRECTION('',(0.866025403784438,-0.5,0.));
#3200=DIRECTION('',(0.,0.,1.));
#3201=DIRECTION('center_axis',(0.,0.,1.));
#3202=DIRECTION('ref_axis',(0.240192230707624,-0.970725343394153,0.));
#3203=DIRECTION('',(0.,0.,1.));
#3204=DIRECTION('center_axis',(0.,0.,1.));
#3205=DIRECTION('ref_axis',(0.240192230707624,-0.970725343394153,0.));
#3206=DIRECTION('center_axis',(0.,0.,1.));
#3207=DIRECTION('ref_axis',(1.,0.,0.));
#3208=DIRECTION('',(0.,0.,-1.));
#3209=DIRECTION('center_axis',(0.,0.,-1.));
#3210=DIRECTION('ref_axis',(-1.,0.,0.));
#3211=DIRECTION('center_axis',(0.,0.,1.));
#3212=DIRECTION('ref_axis',(0.720576692122895,-0.693375245281534,0.));
#3213=DIRECTION('',(0.,0.,1.));
#3214=DIRECTION('center_axis',(0.,0.,1.));
#3215=DIRECTION('ref_axis',(0.720576692122895,-0.693375245281534,0.));
#3216=DIRECTION('center_axis',(1.,-3.53811153197744E-16,0.));
#3217=DIRECTION('ref_axis',(3.53811153197744E-16,1.,0.));
#3218=DIRECTION('',(0.,0.,1.));
#3219=DIRECTION('',(3.53811153197744E-16,1.,0.));
#3220=DIRECTION('center_axis',(-0.353553390593274,-0.612372435695795,0.707106781186547));
#3221=DIRECTION('ref_axis',(0.894427190999915,0.,0.447213595499959));
#3222=DIRECTION('',(-0.353553390593274,-0.612372435695794,-0.707106781186548));
#3223=DIRECTION('',(0.353553390593273,0.612372435695794,0.707106781186548));
#3224=DIRECTION('',(-0.866025403784438,0.5,0.));
#3225=DIRECTION('center_axis',(0.,0.,-1.));
#3226=DIRECTION('ref_axis',(0.240192230707624,-0.970725343394153,0.));
#3227=DIRECTION('',(-0.598321122542462,0.376844575812797,0.707106781186549));
#3228=DIRECTION('center_axis',(0.,0.,-1.));
#3229=DIRECTION('ref_axis',(0.240192230707624,-0.970725343394153,0.));
#3230=DIRECTION('center_axis',(0.,0.,1.));
#3231=DIRECTION('ref_axis',(-1.,0.,0.));
#3232=DIRECTION('',(-0.0271964146610172,0.706583579648994,0.707106781186547));
#3233=DIRECTION('center_axis',(0.,0.,1.));
#3234=DIRECTION('ref_axis',(-1.,0.,0.));
#3235=DIRECTION('center_axis',(0.,0.,-1.));
#3236=DIRECTION('ref_axis',(0.720576692122895,-0.693375245281534,0.));
#3237=DIRECTION('',(-0.707106781186547,0.,0.707106781186549));
#3238=DIRECTION('center_axis',(0.,0.,-1.));
#3239=DIRECTION('ref_axis',(0.720576692122895,-0.693375245281534,0.));
#3240=DIRECTION('center_axis',(0.707106781186548,-2.50182265685557E-16,
0.707106781186547));
#3241=DIRECTION('ref_axis',(0.707106781186547,0.,-0.707106781186548));
#3242=DIRECTION('',(-0.707106781186547,5.03607390929821E-16,0.707106781186548));
#3243=DIRECTION('',(-3.53811153197744E-16,-1.,0.));
#3244=DIRECTION('center_axis',(7.12208402364283E-16,1.,0.));
#3245=DIRECTION('ref_axis',(1.,-7.12208402364283E-16,0.));
#3246=DIRECTION('',(-1.,7.12208402364283E-16,0.));
#3247=DIRECTION('',(0.,0.,-1.));
#3248=DIRECTION('',(1.,-7.12208402364283E-16,0.));
#3249=DIRECTION('',(0.,0.,1.));
#3250=DIRECTION('',(-1.,7.12208402364283E-16,0.));
#3251=DIRECTION('center_axis',(0.707106781186548,-2.50182265685557E-16,
0.707106781186547));
#3252=DIRECTION('ref_axis',(0.707106781186547,0.,-0.707106781186548));
#3253=DIRECTION('',(0.707106781186547,-4.02885912743857E-16,-0.707106781186548));
#3254=DIRECTION('',(-0.707106781186547,0.,0.707106781186548));
#3255=DIRECTION('',(-3.53811153197744E-16,-1.,0.));
#3256=DIRECTION('center_axis',(0.,0.,-1.));
#3257=DIRECTION('ref_axis',(0.720576692122894,0.693375245281534,0.));
#3258=DIRECTION('',(-0.027196414661021,-0.706583579648991,0.70710678118655));
#3259=DIRECTION('center_axis',(0.,0.,-1.));
#3260=DIRECTION('ref_axis',(0.720576692122895,0.693375245281534,0.));
#3261=DIRECTION('center_axis',(0.,0.,1.));
#3262=DIRECTION('ref_axis',(-1.,0.,0.));
#3263=DIRECTION('',(-0.598321122542464,-0.376844575812801,0.707106781186544));
#3264=DIRECTION('center_axis',(0.,0.,1.));
#3265=DIRECTION('ref_axis',(-1.,0.,0.));
#3266=DIRECTION('center_axis',(0.,0.,-1.));
#3267=DIRECTION('ref_axis',(0.240192230707629,0.970725343394151,0.));
#3268=DIRECTION('',(0.353553390593271,-0.612372435695798,0.707106781186546));
#3269=DIRECTION('center_axis',(0.,0.,-1.));
#3270=DIRECTION('ref_axis',(0.240192230707629,0.970725343394151,0.));
#3271=DIRECTION('center_axis',(-0.353553390593274,0.612372435695795,0.707106781186547));
#3272=DIRECTION('ref_axis',(0.894427190999916,0.,0.447213595499958));
#3273=DIRECTION('',(0.353553390593273,-0.612372435695794,0.707106781186548));
#3274=DIRECTION('',(0.866025403784439,0.5,0.));
#3275=DIRECTION('center_axis',(-5.69766721891426E-16,-1.,0.));
#3276=DIRECTION('ref_axis',(-1.,5.69766721891426E-16,0.));
#3277=DIRECTION('',(1.,-5.69766721891426E-16,0.));
#3278=DIRECTION('',(0.,0.,1.));
#3279=DIRECTION('',(-1.,5.69766721891426E-16,0.));
#3280=DIRECTION('',(0.,0.,-1.));
#3281=DIRECTION('',(1.,-5.69766721891426E-16,0.));
#3282=DIRECTION('center_axis',(0.,0.,-1.));
#3283=DIRECTION('ref_axis',(-0.960768922830523,0.277350098112614,0.));
#3284=DIRECTION('',(0.353553390593274,-0.61237243569579,0.707106781186551));
#3285=DIRECTION('',(0.625517537203483,0.329739003836196,0.707106781186549));
#3286=DIRECTION('center_axis',(0.,0.,-1.));
#3287=DIRECTION('ref_axis',(-0.960768922830523,0.277350098112614,0.));
#3288=DIRECTION('center_axis',(0.,0.,1.));
#3289=DIRECTION('ref_axis',(1.,0.,0.));
#3290=DIRECTION('',(0.625517537203482,-0.329739003836198,0.707106781186549));
#3291=DIRECTION('center_axis',(0.,0.,1.));
#3292=DIRECTION('ref_axis',(1.,0.,0.));
#3293=DIRECTION('center_axis',(0.,0.,-1.));
#3294=DIRECTION('ref_axis',(-0.960768922830523,-0.277350098112613,0.));
#3295=DIRECTION('',(0.353553390593277,0.612372435695795,0.707106781186545));
#3296=DIRECTION('center_axis',(0.,0.,-1.));
#3297=DIRECTION('ref_axis',(-0.960768922830523,-0.277350098112613,0.));
#3298=DIRECTION('center_axis',(-0.353553390593275,-0.612372435695796,0.707106781186545));
#3299=DIRECTION('ref_axis',(0.894427190999915,0.,0.44721359549996));
#3300=DIRECTION('',(0.353553390593273,0.612372435695793,0.70710678118655));
#3301=DIRECTION('',(-0.866025403784438,0.5,0.));
#3302=DIRECTION('center_axis',(0.866025403784439,-0.5,0.));
#3303=DIRECTION('ref_axis',(-0.5,-0.866025403784439,0.));
#3304=DIRECTION('',(0.5,0.866025403784439,0.));
#3305=DIRECTION('',(-0.5,-0.866025403784439,0.));
#3306=DIRECTION('',(0.,0.,1.));
#3307=DIRECTION('',(0.5,0.866025403784439,0.));
#3308=DIRECTION('center_axis',(0.,0.,-1.));
#3309=DIRECTION('ref_axis',(0.959151237970402,0.2828938010983,0.));
#3310=DIRECTION('center_axis',(0.,0.,1.));
#3311=DIRECTION('ref_axis',(0.959151237970402,0.2828938010983,0.));
#3312=DIRECTION('',(0.,0.,-1.));
#3313=DIRECTION('center_axis',(0.,0.,-1.));
#3314=DIRECTION('ref_axis',(0.959151237970402,0.2828938010983,0.));
#3315=DIRECTION('',(0.,0.,1.));
#3316=DIRECTION('center_axis',(-0.5,-0.866025403784438,0.));
#3317=DIRECTION('ref_axis',(-0.866025403784438,0.5,0.));
#3318=DIRECTION('',(-0.866025403784438,0.5,0.));
#3319=DIRECTION('',(0.,0.,1.));
#3320=DIRECTION('',(-0.866025403784438,0.5,0.));
#3321=DIRECTION('center_axis',(0.,0.,-1.));
#3322=DIRECTION('ref_axis',(-0.93467238661337,-0.355510238533952,0.));
#3323=DIRECTION('center_axis',(0.,0.,1.));
#3324=DIRECTION('ref_axis',(-0.93467238661337,-0.355510238533952,0.));
#3325=DIRECTION('center_axis',(0.,0.,-1.));
#3326=DIRECTION('ref_axis',(-0.93467238661337,-0.355510238533952,0.));
#3327=DIRECTION('',(0.,0.,-1.));
#3328=DIRECTION('center_axis',(0.,0.,-1.));
#3329=DIRECTION('ref_axis',(1.,0.,0.));
#3330=DIRECTION('center_axis',(0.,0.,1.));
#3331=DIRECTION('ref_axis',(1.,0.,0.));
#3332=DIRECTION('',(0.,0.,1.));
#3333=DIRECTION('center_axis',(0.,0.,1.));
#3334=DIRECTION('ref_axis',(1.,0.,0.));
#3335=DIRECTION('center_axis',(0.,0.,-1.));
#3336=DIRECTION('ref_axis',(-0.934672386613369,0.355510238533953,0.));
#3337=DIRECTION('center_axis',(0.,0.,1.));
#3338=DIRECTION('ref_axis',(-0.934672386613369,0.355510238533953,0.));
#3339=DIRECTION('center_axis',(0.,0.,-1.));
#3340=DIRECTION('ref_axis',(-0.934672386613369,0.355510238533953,0.));
#3341=DIRECTION('',(0.,0.,-1.));
#3342=DIRECTION('center_axis',(-0.5,0.866025403784439,0.));
#3343=DIRECTION('ref_axis',(0.866025403784439,0.5,0.));
#3344=DIRECTION('',(0.866025403784439,0.5,0.));
#3345=DIRECTION('',(0.,0.,1.));
#3346=DIRECTION('',(0.866025403784439,0.5,0.));
#3347=DIRECTION('center_axis',(0.,0.,-1.));
#3348=DIRECTION('ref_axis',(0.959151237970402,-0.282893801098303,0.));
#3349=DIRECTION('center_axis',(0.,0.,1.));
#3350=DIRECTION('ref_axis',(0.959151237970402,-0.282893801098303,0.));
#3351=DIRECTION('',(0.,0.,-1.));
#3352=DIRECTION('center_axis',(0.,0.,-1.));
#3353=DIRECTION('ref_axis',(0.959151237970402,-0.282893801098303,0.));
#3354=DIRECTION('center_axis',(0.,0.,-1.));
#3355=DIRECTION('ref_axis',(1.,0.,0.));
#3356=DIRECTION('center_axis',(0.,0.,1.));
#3357=DIRECTION('ref_axis',(1.,0.,0.));
#3358=DIRECTION('',(0.,0.,1.));
#3359=DIRECTION('center_axis',(0.,0.,1.));
#3360=DIRECTION('ref_axis',(1.,0.,0.));
#3361=DIRECTION('center_axis',(0.,0.,-1.));
#3362=DIRECTION('ref_axis',(-0.724568837309473,0.68920243760451,0.));
#3363=DIRECTION('center_axis',(0.,0.,1.));
#3364=DIRECTION('ref_axis',(-0.724568837309473,0.68920243760451,0.));
#3365=DIRECTION('',(0.,0.,-1.));
#3366=DIRECTION('center_axis',(0.,0.,-1.));
#3367=DIRECTION('ref_axis',(-0.724568837309473,0.68920243760451,0.));
#3368=DIRECTION('center_axis',(1.,-3.53811153197744E-16,0.));
#3369=DIRECTION('ref_axis',(-3.53811153197744E-16,-1.,0.));
#3370=DIRECTION('',(-3.53811153197744E-16,-1.,0.));
#3371=DIRECTION('',(0.,0.,1.));
#3372=DIRECTION('',(-3.53811153197744E-16,-1.,0.));
#3373=DIRECTION('center_axis',(0.,0.,-1.));
#3374=DIRECTION('ref_axis',(0.775217091182553,-0.631694911756032,0.));
#3375=DIRECTION('center_axis',(0.,0.,1.));
#3376=DIRECTION('ref_axis',(0.775217091182553,-0.631694911756032,0.));
#3377=DIRECTION('center_axis',(0.,0.,-1.));
#3378=DIRECTION('ref_axis',(0.775217091182553,-0.631694911756032,0.));
#3379=DIRECTION('',(0.,0.,-1.));
#3380=DIRECTION('center_axis',(0.,0.,-1.));
#3381=DIRECTION('ref_axis',(1.,0.,0.));
#3382=DIRECTION('center_axis',(0.,0.,1.));
#3383=DIRECTION('ref_axis',(1.,0.,0.));
#3384=DIRECTION('',(0.,0.,1.));
#3385=DIRECTION('center_axis',(0.,0.,1.));
#3386=DIRECTION('ref_axis',(1.,0.,0.));
#3387=DIRECTION('center_axis',(0.,0.,-1.));
#3388=DIRECTION('ref_axis',(0.159455295430816,-0.987205150289985,0.));
#3389=DIRECTION('center_axis',(0.,0.,1.));
#3390=DIRECTION('ref_axis',(0.159455295430816,-0.987205150289985,0.));
#3391=DIRECTION('center_axis',(0.,0.,-1.));
#3392=DIRECTION('ref_axis',(0.159455295430816,-0.987205150289985,0.));
#3393=DIRECTION('',(0.,0.,-1.));
#3394=DIRECTION('center_axis',(-0.5,-0.866025403784438,0.));
#3395=DIRECTION('ref_axis',(-0.866025403784438,0.5,0.));
#3396=DIRECTION('',(-0.866025403784438,0.5,0.));
#3397=DIRECTION('',(0.,0.,1.));
#3398=DIRECTION('',(-0.866025403784438,0.5,0.));
#3399=DIRECTION('center_axis',(0.,0.,-1.));
#3400=DIRECTION('ref_axis',(-0.234582400660927,0.972096238702813,0.));
#3401=DIRECTION('center_axis',(0.,0.,1.));
#3402=DIRECTION('ref_axis',(-0.234582400660927,0.972096238702813,0.));
#3403=DIRECTION('',(0.,0.,-1.));
#3404=DIRECTION('center_axis',(0.,0.,-1.));
#3405=DIRECTION('ref_axis',(-0.234582400660927,0.972096238702813,0.));
#3406=DIRECTION('center_axis',(0.,0.,-1.));
#3407=DIRECTION('ref_axis',(-1.,1.22464679914735E-16,0.));
#3408=DIRECTION('center_axis',(0.,0.,1.));
#3409=DIRECTION('ref_axis',(1.,0.,0.));
#3410=DIRECTION('',(0.,0.,1.));
#3411=DIRECTION('center_axis',(0.,0.,1.));
#3412=DIRECTION('ref_axis',(1.,0.,0.));
#3413=DIRECTION('center_axis',(0.,0.,-1.));
#3414=DIRECTION('ref_axis',(-0.234582400660932,-0.972096238702812,0.));
#3415=DIRECTION('center_axis',(0.,0.,1.));
#3416=DIRECTION('ref_axis',(-0.234582400660932,-0.972096238702812,0.));
#3417=DIRECTION('',(0.,0.,-1.));
#3418=DIRECTION('center_axis',(0.,0.,-1.));
#3419=DIRECTION('ref_axis',(-0.234582400660932,-0.972096238702812,0.));
#3420=DIRECTION('center_axis',(-0.5,0.866025403784439,0.));
#3421=DIRECTION('ref_axis',(0.866025403784439,0.5,0.));
#3422=DIRECTION('',(0.866025403784439,0.5,0.));
#3423=DIRECTION('',(0.,0.,1.));
#3424=DIRECTION('',(0.866025403784439,0.5,0.));
#3425=DIRECTION('center_axis',(0.,0.,-1.));
#3426=DIRECTION('ref_axis',(0.159455295430816,0.987205150289985,0.));
#3427=DIRECTION('center_axis',(0.,0.,1.));
#3428=DIRECTION('ref_axis',(0.159455295430816,0.987205150289985,0.));
#3429=DIRECTION('center_axis',(0.,0.,-1.));
#3430=DIRECTION('ref_axis',(0.159455295430816,0.987205150289985,0.));
#3431=DIRECTION('',(0.,0.,-1.));
#3432=DIRECTION('center_axis',(0.,0.,-1.));
#3433=DIRECTION('ref_axis',(1.,0.,0.));
#3434=DIRECTION('center_axis',(0.,0.,1.));
#3435=DIRECTION('ref_axis',(1.,0.,0.));
#3436=DIRECTION('',(0.,0.,1.));
#3437=DIRECTION('center_axis',(0.,0.,1.));
#3438=DIRECTION('ref_axis',(1.,0.,0.));
#3439=DIRECTION('center_axis',(0.,0.,-1.));
#3440=DIRECTION('ref_axis',(-0.724568837309472,-0.689202437604511,0.));
#3441=DIRECTION('center_axis',(0.,0.,1.));
#3442=DIRECTION('ref_axis',(-0.724568837309472,-0.689202437604511,0.));
#3443=DIRECTION('',(0.,0.,-1.));
#3444=DIRECTION('center_axis',(0.,0.,-1.));
#3445=DIRECTION('ref_axis',(-0.724568837309472,-0.689202437604511,0.));
#3446=DIRECTION('',(0.,0.,1.));
#3447=DIRECTION('center_axis',(0.,0.,-1.));
#3448=DIRECTION('ref_axis',(1.,0.,0.));
#3449=DIRECTION('center_axis',(0.,0.,1.));
#3450=DIRECTION('ref_axis',(1.,0.,0.));
#3451=DIRECTION('center_axis',(0.,0.,1.));
#3452=DIRECTION('ref_axis',(1.,0.,0.));
#3453=DIRECTION('center_axis',(0.,0.,-1.));
#3454=DIRECTION('ref_axis',(0.775217091182554,0.631694911756031,0.));
#3455=DIRECTION('center_axis',(0.,0.,1.));
#3456=DIRECTION('ref_axis',(0.775217091182554,0.631694911756031,0.));
#3457=DIRECTION('center_axis',(0.,0.,-1.));
#3458=DIRECTION('ref_axis',(0.775217091182554,0.631694911756031,0.));
#3459=DIRECTION('',(0.,0.,-1.));
#3460=DIRECTION('center_axis',(0.,0.,1.));
#3461=DIRECTION('ref_axis',(1.,0.,0.));
#3462=DIRECTION('',(0.5,-0.866025403784439,0.));
#3463=DIRECTION('center_axis',(0.,0.,1.));
#3464=DIRECTION('ref_axis',(1.,0.,0.));
#3465=DIRECTION('',(-0.5,-0.866025403784438,0.));
#3466=DIRECTION('center_axis',(1.,-3.53811153197744E-16,0.));
#3467=DIRECTION('ref_axis',(-3.53811153197744E-16,-1.,0.));
#3468=DIRECTION('',(-3.53811153197744E-16,-1.,0.));
#3469=DIRECTION('',(-3.53811153197744E-16,-1.,0.));
#3470=DIRECTION('center_axis',(-0.866025403784438,0.5,0.));
#3471=DIRECTION('ref_axis',(0.5,0.866025403784438,0.));
#3472=DIRECTION('',(0.5,0.866025403784438,0.));
#3473=DIRECTION('',(0.,0.,-1.));
#3474=DIRECTION('',(-0.5,-0.866025403784438,0.));
#3475=DIRECTION('center_axis',(-0.866025403784439,-0.5,0.));
#3476=DIRECTION('ref_axis',(-0.5,0.866025403784439,0.));
#3477=DIRECTION('',(0.5,-0.866025403784439,0.));
#3478=DIRECTION('',(-0.5,0.866025403784439,0.));
#3479=DIRECTION('center_axis',(-0.353553390593274,0.612372435695795,0.707106781186547));
#3480=DIRECTION('ref_axis',(0.894427190999916,0.,0.447213595499958));
#3481=DIRECTION('',(0.866025403784439,0.5,0.));
#3482=DIRECTION('',(-0.353553390593273,0.612372435695793,-0.707106781186549));
#3483=DIRECTION('',(-0.866025403784439,-0.5,0.));
#3484=DIRECTION('center_axis',(0.,0.,-1.));
#3485=DIRECTION('ref_axis',(0.240192230707629,0.970725343394151,0.));
#3486=DIRECTION('center_axis',(0.,0.,-1.));
#3487=DIRECTION('ref_axis',(0.240192230707629,0.970725343394151,0.));
#3488=DIRECTION('',(0.598321122542462,0.376844575812797,-0.707106781186548));
#3489=DIRECTION('center_axis',(0.,0.,1.));
#3490=DIRECTION('ref_axis',(0.240192230707629,0.970725343394151,0.));
#3491=DIRECTION('center_axis',(0.,0.,1.));
#3492=DIRECTION('ref_axis',(-1.,0.,0.));
#3493=DIRECTION('',(0.0271964146610247,0.706583579648997,-0.707106781186544));
#3494=DIRECTION('center_axis',(0.,0.,-1.));
#3495=DIRECTION('ref_axis',(-1.,0.,0.));
#3496=DIRECTION('center_axis',(0.,0.,1.));
#3497=DIRECTION('ref_axis',(-1.,0.,0.));
#3498=DIRECTION('center_axis',(0.,0.,-1.));
#3499=DIRECTION('ref_axis',(0.720576692122895,0.693375245281534,0.));
#3500=DIRECTION('center_axis',(0.,0.,-1.));
#3501=DIRECTION('ref_axis',(0.720576692122895,0.693375245281534,0.));
#3502=DIRECTION('',(0.707106781186547,0.,-0.707106781186548));
#3503=DIRECTION('center_axis',(0.,0.,1.));
#3504=DIRECTION('ref_axis',(0.720576692122894,0.693375245281534,0.));
#3505=DIRECTION('center_axis',(0.707106781186548,-2.50182265685557E-16,
0.707106781186548));
#3506=DIRECTION('ref_axis',(0.707106781186548,0.,-0.707106781186548));
#3507=DIRECTION('',(0.707106781186548,-4.02885912743857E-16,-0.707106781186548));
#3508=DIRECTION('',(3.53811153197744E-16,1.,0.));
#3509=DIRECTION('',(-3.53811153197744E-16,-1.,0.));
#3510=DIRECTION('center_axis',(1.,-3.53811153197744E-16,0.));
#3511=DIRECTION('ref_axis',(3.53811153197744E-16,1.,0.));
#3512=DIRECTION('',(0.,0.,-1.));
#3513=DIRECTION('',(3.53811153197744E-16,1.,0.));
#3514=DIRECTION('',(0.,0.,1.));
#3515=DIRECTION('center_axis',(0.,0.,1.));
#3516=DIRECTION('ref_axis',(0.720576692122895,0.693375245281534,0.));
#3517=DIRECTION('',(0.,0.,1.));
#3518=DIRECTION('center_axis',(0.,0.,1.));
#3519=DIRECTION('ref_axis',(0.720576692122895,0.693375245281534,0.));
#3520=DIRECTION('center_axis',(0.,0.,1.));
#3521=DIRECTION('ref_axis',(1.,0.,0.));
#3522=DIRECTION('',(0.,0.,-1.));
#3523=DIRECTION('center_axis',(0.,0.,-1.));
#3524=DIRECTION('ref_axis',(-1.,0.,0.));
#3525=DIRECTION('center_axis',(0.,0.,1.));
#3526=DIRECTION('ref_axis',(0.240192230707629,0.970725343394151,0.));
#3527=DIRECTION('',(0.,0.,1.));
#3528=DIRECTION('center_axis',(0.,0.,1.));
#3529=DIRECTION('ref_axis',(0.240192230707629,0.970725343394151,0.));
#3530=DIRECTION('center_axis',(-0.5,0.866025403784439,0.));
#3531=DIRECTION('ref_axis',(-0.866025403784439,-0.5,0.));
#3532=DIRECTION('',(-0.866025403784439,-0.5,0.));
#3533=DIRECTION('center_axis',(-0.353553390593274,-0.612372435695795,0.707106781186547));
#3534=DIRECTION('ref_axis',(0.894427190999916,0.,0.447213595499959));
#3535=DIRECTION('',(0.353553390593274,0.612372435695794,0.707106781186548));
#3536=DIRECTION('',(-0.866025403784438,0.5,0.));
#3537=DIRECTION('',(-0.353553390593273,-0.612372435695793,-0.707106781186549));
#3538=DIRECTION('',(0.866025403784438,-0.5,0.));
#3539=DIRECTION('center_axis',(0.,0.,-1.));
#3540=DIRECTION('ref_axis',(-0.960768922830523,-0.277350098112613,0.));
#3541=DIRECTION('center_axis',(0.,0.,-1.));
#3542=DIRECTION('ref_axis',(-0.960768922830523,-0.277350098112613,0.));
#3543=DIRECTION('',(-0.625517537203483,0.329739003836196,-0.707106781186549));
#3544=DIRECTION('center_axis',(0.,0.,1.));
#3545=DIRECTION('ref_axis',(-0.960768922830523,-0.277350098112613,0.));
#3546=DIRECTION('center_axis',(0.,0.,1.));
#3547=DIRECTION('ref_axis',(1.,0.,0.));
#3548=DIRECTION('',(-0.625517537203483,-0.329739003836196,-0.707106781186549));
#3549=DIRECTION('center_axis',(0.,0.,-1.));
#3550=DIRECTION('ref_axis',(1.,0.,0.));
#3551=DIRECTION('center_axis',(0.,0.,1.));
#3552=DIRECTION('ref_axis',(1.,0.,0.));
#3553=DIRECTION('center_axis',(0.,0.,-1.));
#3554=DIRECTION('ref_axis',(-0.960768922830523,0.277350098112614,0.));
#3555=DIRECTION('center_axis',(0.,0.,-1.));
#3556=DIRECTION('ref_axis',(-0.960768922830523,0.277350098112614,0.));
#3557=DIRECTION('',(-0.353553390593272,0.612372435695797,-0.707106781186547));
#3558=DIRECTION('center_axis',(0.,0.,1.));
#3559=DIRECTION('ref_axis',(-0.960768922830523,0.277350098112614,0.));
#3560=DIRECTION('center_axis',(-0.353553390593274,0.612372435695795,0.707106781186547));
#3561=DIRECTION('ref_axis',(0.894427190999916,0.,0.447213595499958));
#3562=DIRECTION('',(-0.353553390593273,0.612372435695794,-0.707106781186548));
#3563=DIRECTION('',(-0.866025403784439,-0.5,0.));
#3564=DIRECTION('',(0.866025403784439,0.5,0.));
#3565=DIRECTION('center_axis',(-0.5,0.866025403784439,0.));
#3566=DIRECTION('ref_axis',(-0.866025403784439,-0.5,0.));
#3567=DIRECTION('',(0.,0.,-1.));
#3568=DIRECTION('',(-0.866025403784439,-0.5,0.));
#3569=DIRECTION('',(0.,0.,1.));
#3570=DIRECTION('center_axis',(0.,0.,1.));
#3571=DIRECTION('ref_axis',(-0.960768922830523,0.277350098112614,0.));
#3572=DIRECTION('',(0.,0.,1.));
#3573=DIRECTION('center_axis',(0.,0.,1.));
#3574=DIRECTION('ref_axis',(-0.960768922830523,0.277350098112614,0.));
#3575=DIRECTION('center_axis',(0.,0.,1.));
#3576=DIRECTION('ref_axis',(1.,0.,0.));
#3577=DIRECTION('',(0.,0.,-1.));
#3578=DIRECTION('center_axis',(0.,0.,-1.));
#3579=DIRECTION('ref_axis',(1.,0.,0.));
#3580=DIRECTION('center_axis',(0.,0.,1.));
#3581=DIRECTION('ref_axis',(-0.960768922830523,-0.277350098112613,0.));
#3582=DIRECTION('',(0.,0.,1.));
#3583=DIRECTION('center_axis',(0.,0.,1.));
#3584=DIRECTION('ref_axis',(-0.960768922830523,-0.277350098112613,0.));
#3585=DIRECTION('center_axis',(-0.5,-0.866025403784438,0.));
#3586=DIRECTION('ref_axis',(0.866025403784438,-0.5,0.));
#3587=DIRECTION('',(0.,0.,1.));
#3588=DIRECTION('',(0.866025403784438,-0.5,0.));
#3589=DIRECTION('center_axis',(0.707106781186547,-2.50182265685557E-16,
0.707106781186548));
#3590=DIRECTION('ref_axis',(0.707106781186548,0.,-0.707106781186547));
#3591=DIRECTION('',(-0.707106781186548,5.03607390929821E-16,0.707106781186547));
#3592=DIRECTION('',(-3.53811153197744E-16,-1.,0.));
#3593=DIRECTION('',(0.707106781186548,0.,-0.707106781186547));
#3594=DIRECTION('',(3.53811153197744E-16,1.,0.));
#3595=DIRECTION('center_axis',(0.,0.,-1.));
#3596=DIRECTION('ref_axis',(0.720576692122895,-0.693375245281534,0.));
#3597=DIRECTION('center_axis',(0.,0.,-1.));
#3598=DIRECTION('ref_axis',(0.720576692122895,-0.693375245281534,0.));
#3599=DIRECTION('',(0.0271964146610205,-0.706583579648994,-0.707106781186547));
#3600=DIRECTION('center_axis',(0.,0.,1.));
#3601=DIRECTION('ref_axis',(0.720576692122895,-0.693375245281534,0.));
#3602=DIRECTION('center_axis',(0.,0.,1.));
#3603=DIRECTION('ref_axis',(-1.,0.,0.));
#3604=DIRECTION('',(0.598321122542462,-0.376844575812797,-0.707106781186548));
#3605=DIRECTION('center_axis',(0.,0.,-1.));
#3606=DIRECTION('ref_axis',(-1.,0.,0.));
#3607=DIRECTION('center_axis',(0.,0.,1.));
#3608=DIRECTION('ref_axis',(-1.,0.,0.));
#3609=DIRECTION('center_axis',(0.,0.,-1.));
#3610=DIRECTION('ref_axis',(0.240192230707624,-0.970725343394153,0.));
#3611=DIRECTION('center_axis',(0.,0.,-1.));
#3612=DIRECTION('ref_axis',(0.240192230707624,-0.970725343394153,0.));
#3613=DIRECTION('',(-0.353553390593279,-0.612372435695791,-0.707106781186548));
#3614=DIRECTION('center_axis',(0.,0.,1.));
#3615=DIRECTION('ref_axis',(0.240192230707624,-0.970725343394153,0.));
#3616=DIRECTION('center_axis',(-0.353553390593274,-0.612372435695793,0.707106781186549));
#3617=DIRECTION('ref_axis',(0.894427190999916,0.,0.447213595499957));
#3618=DIRECTION('',(-0.353553390593275,-0.612372435695795,-0.707106781186546));
#3619=DIRECTION('',(0.866025403784438,-0.5,0.));
#3620=DIRECTION('',(-0.866025403784438,0.5,0.));
#3621=DIRECTION('center_axis',(-0.5,-0.866025403784438,0.));
#3622=DIRECTION('ref_axis',(0.866025403784438,-0.5,0.));
#3623=DIRECTION('',(0.,0.,-1.));
#3624=DIRECTION('',(0.866025403784438,-0.5,0.));
#3625=DIRECTION('',(0.,0.,1.));
#3626=DIRECTION('center_axis',(0.,0.,1.));
#3627=DIRECTION('ref_axis',(0.240192230707624,-0.970725343394153,0.));
#3628=DIRECTION('',(0.,0.,1.));
#3629=DIRECTION('center_axis',(0.,0.,1.));
#3630=DIRECTION('ref_axis',(0.240192230707624,-0.970725343394153,0.));
#3631=DIRECTION('center_axis',(0.,0.,1.));
#3632=DIRECTION('ref_axis',(1.,0.,0.));
#3633=DIRECTION('',(0.,0.,-1.));
#3634=DIRECTION('center_axis',(0.,0.,-1.));
#3635=DIRECTION('ref_axis',(-1.,0.,0.));
#3636=DIRECTION('center_axis',(0.,0.,1.));
#3637=DIRECTION('ref_axis',(0.720576692122895,-0.693375245281534,0.));
#3638=DIRECTION('',(0.,0.,1.));
#3639=DIRECTION('center_axis',(0.,0.,1.));
#3640=DIRECTION('ref_axis',(0.720576692122895,-0.693375245281534,0.));
#3641=DIRECTION('center_axis',(1.,-3.53811153197744E-16,0.));
#3642=DIRECTION('ref_axis',(3.53811153197744E-16,1.,0.));
#3643=DIRECTION('',(0.,0.,1.));
#3644=DIRECTION('',(3.53811153197744E-16,1.,0.));
#3645=DIRECTION('center_axis',(-0.353553390593274,-0.612372435695795,0.707106781186547));
#3646=DIRECTION('ref_axis',(0.894427190999915,0.,0.447213595499959));
#3647=DIRECTION('',(-0.353553390593274,-0.612372435695794,-0.707106781186548));
#3648=DIRECTION('',(0.353553390593273,0.612372435695794,0.707106781186548));
#3649=DIRECTION('',(-0.866025403784438,0.5,0.));
#3650=DIRECTION('center_axis',(0.,0.,-1.));
#3651=DIRECTION('ref_axis',(0.240192230707624,-0.970725343394153,0.));
#3652=DIRECTION('',(-0.598321122542462,0.376844575812797,0.707106781186549));
#3653=DIRECTION('center_axis',(0.,0.,-1.));
#3654=DIRECTION('ref_axis',(0.240192230707624,-0.970725343394153,0.));
#3655=DIRECTION('center_axis',(0.,0.,1.));
#3656=DIRECTION('ref_axis',(-1.,0.,0.));
#3657=DIRECTION('',(-0.0271964146610172,0.706583579648994,0.707106781186547));
#3658=DIRECTION('center_axis',(0.,0.,1.));
#3659=DIRECTION('ref_axis',(-1.,0.,0.));
#3660=DIRECTION('center_axis',(0.,0.,-1.));
#3661=DIRECTION('ref_axis',(0.720576692122895,-0.693375245281534,0.));
#3662=DIRECTION('',(-0.707106781186547,0.,0.707106781186549));
#3663=DIRECTION('center_axis',(0.,0.,-1.));
#3664=DIRECTION('ref_axis',(0.720576692122895,-0.693375245281534,0.));
#3665=DIRECTION('center_axis',(0.707106781186548,-2.50182265685557E-16,
0.707106781186547));
#3666=DIRECTION('ref_axis',(0.707106781186547,0.,-0.707106781186548));
#3667=DIRECTION('',(-0.707106781186547,5.03607390929821E-16,0.707106781186548));
#3668=DIRECTION('',(-3.53811153197744E-16,-1.,0.));
#3669=DIRECTION('center_axis',(7.12208402364283E-16,1.,0.));
#3670=DIRECTION('ref_axis',(1.,-7.12208402364283E-16,0.));
#3671=DIRECTION('',(-1.,7.12208402364283E-16,0.));
#3672=DIRECTION('',(0.,0.,-1.));
#3673=DIRECTION('',(1.,-7.12208402364283E-16,0.));
#3674=DIRECTION('',(0.,0.,1.));
#3675=DIRECTION('',(-1.,7.12208402364283E-16,0.));
#3676=DIRECTION('center_axis',(0.707106781186548,-2.50182265685557E-16,
0.707106781186547));
#3677=DIRECTION('ref_axis',(0.707106781186547,0.,-0.707106781186548));
#3678=DIRECTION('',(0.707106781186547,-4.02885912743857E-16,-0.707106781186548));
#3679=DIRECTION('',(-0.707106781186547,0.,0.707106781186548));
#3680=DIRECTION('',(-3.53811153197744E-16,-1.,0.));
#3681=DIRECTION('center_axis',(0.,0.,-1.));
#3682=DIRECTION('ref_axis',(0.720576692122894,0.693375245281534,0.));
#3683=DIRECTION('',(-0.027196414661021,-0.706583579648991,0.70710678118655));
#3684=DIRECTION('center_axis',(0.,0.,-1.));
#3685=DIRECTION('ref_axis',(0.720576692122895,0.693375245281534,0.));
#3686=DIRECTION('center_axis',(0.,0.,1.));
#3687=DIRECTION('ref_axis',(-1.,0.,0.));
#3688=DIRECTION('',(-0.598321122542464,-0.376844575812801,0.707106781186544));
#3689=DIRECTION('center_axis',(0.,0.,1.));
#3690=DIRECTION('ref_axis',(-1.,0.,0.));
#3691=DIRECTION('center_axis',(0.,0.,-1.));
#3692=DIRECTION('ref_axis',(0.240192230707629,0.970725343394151,0.));
#3693=DIRECTION('',(0.353553390593271,-0.612372435695798,0.707106781186546));
#3694=DIRECTION('center_axis',(0.,0.,-1.));
#3695=DIRECTION('ref_axis',(0.240192230707629,0.970725343394151,0.));
#3696=DIRECTION('center_axis',(-0.353553390593274,0.612372435695795,0.707106781186547));
#3697=DIRECTION('ref_axis',(0.894427190999916,0.,0.447213595499958));
#3698=DIRECTION('',(0.866025403784439,0.5,0.));
#3699=DIRECTION('center_axis',(-5.69766721891426E-16,-1.,0.));
#3700=DIRECTION('ref_axis',(-1.,5.69766721891426E-16,0.));
#3701=DIRECTION('',(1.,-5.69766721891426E-16,0.));
#3702=DIRECTION('',(-1.,5.69766721891426E-16,0.));
#3703=DIRECTION('',(0.,0.,-1.));
#3704=DIRECTION('',(1.,-5.69766721891426E-16,0.));
#3705=DIRECTION('center_axis',(-0.353553390593274,0.612372435695796,0.707106781186545));
#3706=DIRECTION('ref_axis',(0.894427190999915,0.,0.44721359549996));
#3707=DIRECTION('',(-0.353553390593272,0.612372435695793,-0.70710678118655));
#3708=DIRECTION('',(0.353553390593274,-0.61237243569579,0.707106781186551));
#3709=DIRECTION('',(0.866025403784439,0.5,0.));
#3710=DIRECTION('center_axis',(0.,0.,-1.));
#3711=DIRECTION('ref_axis',(-0.960768922830523,0.277350098112614,0.));
#3712=DIRECTION('',(0.625517537203483,0.329739003836196,0.707106781186549));
#3713=DIRECTION('center_axis',(0.,0.,-1.));
#3714=DIRECTION('ref_axis',(-0.960768922830523,0.277350098112614,0.));
#3715=DIRECTION('center_axis',(0.,0.,1.));
#3716=DIRECTION('ref_axis',(1.,0.,0.));
#3717=DIRECTION('',(0.625517537203482,-0.329739003836198,0.707106781186549));
#3718=DIRECTION('center_axis',(0.,0.,1.));
#3719=DIRECTION('ref_axis',(1.,0.,0.));
#3720=DIRECTION('center_axis',(0.,0.,-1.));
#3721=DIRECTION('ref_axis',(-0.960768922830523,-0.277350098112613,0.));
#3722=DIRECTION('',(0.353553390593277,0.612372435695795,0.707106781186545));
#3723=DIRECTION('center_axis',(0.,0.,-1.));
#3724=DIRECTION('ref_axis',(-0.960768922830523,-0.277350098112613,0.));
#3725=DIRECTION('center_axis',(-0.353553390593275,-0.612372435695796,0.707106781186545));
#3726=DIRECTION('ref_axis',(0.894427190999915,0.,0.44721359549996));
#3727=DIRECTION('',(0.353553390593273,0.612372435695793,0.70710678118655));
#3728=DIRECTION('',(-0.866025403784438,0.5,0.));
#3729=DIRECTION('center_axis',(0.866025403784439,-0.5,0.));
#3730=DIRECTION('ref_axis',(-0.5,-0.866025403784439,0.));
#3731=DIRECTION('',(0.5,0.866025403784439,0.));
#3732=DIRECTION('',(-0.5,-0.866025403784439,0.));
#3733=DIRECTION('',(0.,0.,1.));
#3734=DIRECTION('',(0.5,0.866025403784439,0.));
#3735=DIRECTION('center_axis',(0.,0.,-1.));
#3736=DIRECTION('ref_axis',(0.959151237970402,0.2828938010983,0.));
#3737=DIRECTION('center_axis',(0.,0.,1.));
#3738=DIRECTION('ref_axis',(0.959151237970402,0.2828938010983,0.));
#3739=DIRECTION('',(0.,0.,-1.));
#3740=DIRECTION('center_axis',(0.,0.,-1.));
#3741=DIRECTION('ref_axis',(0.959151237970402,0.2828938010983,0.));
#3742=DIRECTION('',(0.,0.,1.));
#3743=DIRECTION('center_axis',(-0.5,-0.866025403784438,0.));
#3744=DIRECTION('ref_axis',(-0.866025403784438,0.5,0.));
#3745=DIRECTION('',(-0.866025403784438,0.5,0.));
#3746=DIRECTION('',(0.,0.,1.));
#3747=DIRECTION('',(-0.866025403784438,0.5,0.));
#3748=DIRECTION('center_axis',(0.,0.,-1.));
#3749=DIRECTION('ref_axis',(-0.93467238661337,-0.355510238533952,0.));
#3750=DIRECTION('center_axis',(0.,0.,1.));
#3751=DIRECTION('ref_axis',(-0.93467238661337,-0.355510238533952,0.));
#3752=DIRECTION('center_axis',(0.,0.,-1.));
#3753=DIRECTION('ref_axis',(-0.93467238661337,-0.355510238533952,0.));
#3754=DIRECTION('',(0.,0.,-1.));
#3755=DIRECTION('center_axis',(0.,0.,-1.));
#3756=DIRECTION('ref_axis',(1.,0.,0.));
#3757=DIRECTION('center_axis',(0.,0.,1.));
#3758=DIRECTION('ref_axis',(1.,0.,0.));
#3759=DIRECTION('',(0.,0.,1.));
#3760=DIRECTION('center_axis',(0.,0.,1.));
#3761=DIRECTION('ref_axis',(1.,0.,0.));
#3762=DIRECTION('center_axis',(0.,0.,1.));
#3763=DIRECTION('ref_axis',(1.,0.,0.));
#3764=DIRECTION('',(-0.499999999999999,0.866025403784439,0.));
#3765=DIRECTION('',(-0.5,-0.866025403784438,0.));
#3766=DIRECTION('center_axis',(0.,0.,1.));
#3767=DIRECTION('ref_axis',(1.,0.,0.));
#3768=DIRECTION('center_axis',(0.,0.,1.));
#3769=DIRECTION('ref_axis',(-0.724568837309472,-0.689202437604511,0.));
#3770=DIRECTION('',(-3.53811153197744E-16,-1.,0.));
#3771=DIRECTION('center_axis',(0.,0.,-1.));
#3772=DIRECTION('ref_axis',(0.775217091182554,0.631694911756031,0.));
#3773=DIRECTION('center_axis',(0.,0.,1.));
#3774=DIRECTION('ref_axis',(1.,0.,0.));
#3775=DIRECTION('center_axis',(0.,0.,-1.));
#3776=DIRECTION('ref_axis',(0.159455295430816,0.987205150289985,0.));
#3777=DIRECTION('',(0.866025403784439,0.5,0.));
#3778=DIRECTION('center_axis',(0.,0.,1.));
#3779=DIRECTION('ref_axis',(-0.234582400660932,-0.972096238702812,0.));
#3780=DIRECTION('center_axis',(0.,0.,1.));
#3781=DIRECTION('ref_axis',(1.,0.,0.));
#3782=DIRECTION('center_axis',(0.,0.,1.));
#3783=DIRECTION('ref_axis',(-0.234582400660927,0.972096238702813,0.));
#3784=DIRECTION('',(-0.866025403784438,0.5,0.));
#3785=DIRECTION('center_axis',(0.,0.,-1.));
#3786=DIRECTION('ref_axis',(0.159455295430816,-0.987205150289985,0.));
#3787=DIRECTION('center_axis',(0.,0.,1.));
#3788=DIRECTION('ref_axis',(1.,0.,0.));
#3789=DIRECTION('center_axis',(0.,0.,-1.));
#3790=DIRECTION('ref_axis',(0.775217091182553,-0.631694911756032,0.));
#3791=DIRECTION('',(-3.53811153197744E-16,-1.,0.));
#3792=DIRECTION('center_axis',(0.,0.,1.));
#3793=DIRECTION('ref_axis',(-0.724568837309473,0.68920243760451,0.));
#3794=DIRECTION('center_axis',(0.,0.,1.));
#3795=DIRECTION('ref_axis',(1.,0.,0.));
#3796=DIRECTION('center_axis',(0.,0.,1.));
#3797=DIRECTION('ref_axis',(0.959151237970402,-0.282893801098303,0.));
#3798=DIRECTION('',(0.866025403784439,0.5,0.));
#3799=DIRECTION('center_axis',(0.,0.,-1.));
#3800=DIRECTION('ref_axis',(-0.934672386613369,0.355510238533953,0.));
#3801=DIRECTION('center_axis',(0.,0.,-1.));
#3802=DIRECTION('ref_axis',(-0.934672386613369,0.355510238533953,0.));
#3803=DIRECTION('center_axis',(0.,0.,1.));
#3804=DIRECTION('ref_axis',(-0.934672386613369,0.355510238533953,0.));
#3805=DIRECTION('',(0.,0.,-1.));
#3806=DIRECTION('center_axis',(-0.5,0.866025403784439,0.));
#3807=DIRECTION('ref_axis',(0.866025403784439,0.5,0.));
#3808=DIRECTION('',(0.,0.,1.));
#3809=DIRECTION('',(0.866025403784439,0.5,0.));
#3810=DIRECTION('center_axis',(0.,0.,-1.));
#3811=DIRECTION('ref_axis',(0.959151237970402,-0.282893801098303,0.));
#3812=DIRECTION('',(0.,0.,-1.));
#3813=DIRECTION('center_axis',(0.,0.,-1.));
#3814=DIRECTION('ref_axis',(0.959151237970402,-0.282893801098303,0.));
#3815=DIRECTION('center_axis',(0.,0.,-1.));
#3816=DIRECTION('ref_axis',(1.,0.,0.));
#3817=DIRECTION('',(0.,0.,1.));
#3818=DIRECTION('center_axis',(0.,0.,1.));
#3819=DIRECTION('ref_axis',(1.,0.,0.));
#3820=DIRECTION('center_axis',(0.,0.,-1.));
#3821=DIRECTION('ref_axis',(-0.724568837309473,0.68920243760451,0.));
#3822=DIRECTION('',(0.,0.,-1.));
#3823=DIRECTION('center_axis',(0.,0.,-1.));
#3824=DIRECTION('ref_axis',(-0.724568837309473,0.68920243760451,0.));
#3825=DIRECTION('center_axis',(1.,-3.53811153197744E-16,0.));
#3826=DIRECTION('ref_axis',(-3.53811153197744E-16,-1.,0.));
#3827=DIRECTION('',(0.,0.,1.));
#3828=DIRECTION('',(-3.53811153197744E-16,-1.,0.));
#3829=DIRECTION('center_axis',(0.,0.,-1.));
#3830=DIRECTION('ref_axis',(0.775217091182553,-0.631694911756032,0.));
#3831=DIRECTION('center_axis',(0.,0.,1.));
#3832=DIRECTION('ref_axis',(0.775217091182553,-0.631694911756032,0.));
#3833=DIRECTION('',(0.,0.,-1.));
#3834=DIRECTION('center_axis',(0.,0.,-1.));
#3835=DIRECTION('ref_axis',(1.,0.,0.));
#3836=DIRECTION('',(0.,0.,1.));
#3837=DIRECTION('center_axis',(0.,0.,1.));
#3838=DIRECTION('ref_axis',(1.,0.,0.));
#3839=DIRECTION('center_axis',(0.,0.,-1.));
#3840=DIRECTION('ref_axis',(0.159455295430816,-0.987205150289985,0.));
#3841=DIRECTION('center_axis',(0.,0.,1.));
#3842=DIRECTION('ref_axis',(0.159455295430816,-0.987205150289985,0.));
#3843=DIRECTION('',(0.,0.,-1.));
#3844=DIRECTION('center_axis',(-0.5,-0.866025403784438,0.));
#3845=DIRECTION('ref_axis',(-0.866025403784438,0.5,0.));
#3846=DIRECTION('',(0.,0.,1.));
#3847=DIRECTION('',(-0.866025403784438,0.5,0.));
#3848=DIRECTION('center_axis',(0.,0.,-1.));
#3849=DIRECTION('ref_axis',(-0.234582400660927,0.972096238702813,0.));
#3850=DIRECTION('',(0.,0.,-1.));
#3851=DIRECTION('center_axis',(0.,0.,-1.));
#3852=DIRECTION('ref_axis',(-0.234582400660927,0.972096238702813,0.));
#3853=DIRECTION('center_axis',(0.,0.,-1.));
#3854=DIRECTION('ref_axis',(-1.,1.22464679914735E-16,0.));
#3855=DIRECTION('',(0.,0.,1.));
#3856=DIRECTION('center_axis',(0.,0.,1.));
#3857=DIRECTION('ref_axis',(1.,0.,0.));
#3858=DIRECTION('center_axis',(0.,0.,-1.));
#3859=DIRECTION('ref_axis',(-0.234582400660932,-0.972096238702812,0.));
#3860=DIRECTION('',(0.,0.,-1.));
#3861=DIRECTION('center_axis',(0.,0.,-1.));
#3862=DIRECTION('ref_axis',(-0.234582400660932,-0.972096238702812,0.));
#3863=DIRECTION('center_axis',(-0.5,0.866025403784439,0.));
#3864=DIRECTION('ref_axis',(0.866025403784439,0.5,0.));
#3865=DIRECTION('',(0.,0.,1.));
#3866=DIRECTION('',(0.866025403784439,0.5,0.));
#3867=DIRECTION('center_axis',(0.,0.,-1.));
#3868=DIRECTION('ref_axis',(0.159455295430816,0.987205150289985,0.));
#3869=DIRECTION('center_axis',(0.,0.,1.));
#3870=DIRECTION('ref_axis',(0.159455295430816,0.987205150289985,0.));
#3871=DIRECTION('',(0.,0.,-1.));
#3872=DIRECTION('center_axis',(0.,0.,-1.));
#3873=DIRECTION('ref_axis',(1.,0.,0.));
#3874=DIRECTION('',(0.,0.,1.));
#3875=DIRECTION('center_axis',(0.,0.,1.));
#3876=DIRECTION('ref_axis',(1.,0.,0.));
#3877=DIRECTION('center_axis',(0.,0.,-1.));
#3878=DIRECTION('ref_axis',(-0.724568837309472,-0.689202437604511,0.));
#3879=DIRECTION('',(0.,0.,-1.));
#3880=DIRECTION('center_axis',(0.,0.,-1.));
#3881=DIRECTION('ref_axis',(-0.724568837309472,-0.689202437604511,0.));
#3882=DIRECTION('',(0.,0.,1.));
#3883=DIRECTION('center_axis',(0.,0.,-1.));
#3884=DIRECTION('ref_axis',(1.,0.,0.));
#3885=DIRECTION('center_axis',(0.,0.,1.));
#3886=DIRECTION('ref_axis',(1.,0.,0.));
#3887=DIRECTION('center_axis',(0.,0.,-1.));
#3888=DIRECTION('ref_axis',(0.775217091182554,0.631694911756031,0.));
#3889=DIRECTION('center_axis',(0.,0.,1.));
#3890=DIRECTION('ref_axis',(0.775217091182554,0.631694911756031,0.));
#3891=DIRECTION('',(0.,0.,-1.));
#3892=DIRECTION('center_axis',(0.,0.,1.));
#3893=DIRECTION('ref_axis',(1.,0.,0.));
#3894=DIRECTION('',(-0.499999999999999,0.866025403784439,0.));
#3895=DIRECTION('center_axis',(0.,0.,1.));
#3896=DIRECTION('ref_axis',(1.,0.,0.));
#3897=DIRECTION('center_axis',(0.,0.,1.));
#3898=DIRECTION('ref_axis',(1.,0.,0.));
#3899=DIRECTION('',(-0.5,-0.866025403784438,0.));
#3900=DIRECTION('center_axis',(1.,-3.53811153197744E-16,0.));
#3901=DIRECTION('ref_axis',(-3.53811153197744E-16,-1.,0.));
#3902=DIRECTION('',(-3.53811153197744E-16,-1.,0.));
#3903=DIRECTION('center_axis',(-0.866025403784438,0.5,0.));
#3904=DIRECTION('ref_axis',(0.5,0.866025403784438,0.));
#3905=DIRECTION('',(0.5,0.866025403784438,0.));
#3906=DIRECTION('center_axis',(0.866025403784439,0.499999999999999,0.));
#3907=DIRECTION('ref_axis',(0.499999999999999,-0.866025403784439,0.));
#3908=DIRECTION('',(0.499999999999999,-0.866025403784439,0.));
#3909=DIRECTION('center_axis',(0.,0.,1.));
#3910=DIRECTION('ref_axis',(1.,0.,0.));
#3911=CARTESIAN_POINT('',(0.,0.,0.));
#3912=CARTESIAN_POINT('Origin',(-10.9503175473055,-6.03349364905389,0.25));
#3913=CARTESIAN_POINT('',(-23.6326859021799,-13.0669872981078,0.));
#3914=CARTESIAN_POINT('',(-23.3826859021799,-13.5,0.5));
#3915=CARTESIAN_POINT('',(-21.5591287436649,-16.6584936490539,4.14711431702997));
#3916=CARTESIAN_POINT('',(-22.5,-12.9903810567666,0.5));
#3917=CARTESIAN_POINT('',(-10.8253175473055,-6.25,0.5));
#3918=CARTESIAN_POINT('',(-22.75,-12.5573683548744,0.));
#3919=CARTESIAN_POINT('',(-22.5,-12.9903810567666,0.5));
#3920=CARTESIAN_POINT('',(-11.0753175473055,-5.81698729810778,0.));
#3921=CARTESIAN_POINT('Origin',(-22.,-13.856406460551,0.25));
#3922=CARTESIAN_POINT('',(-21.1538461538462,-13.3234677505298,0.5));
#3923=CARTESIAN_POINT('Origin',(-22.,-13.856406460551,0.5));
#3924=CARTESIAN_POINT('',(-20.7307692307692,-13.0569983955192,0.));
#3925=CARTESIAN_POINT('',(-21.1538461538462,-13.3234677505298,0.5));
#3926=CARTESIAN_POINT('Origin',(-22.,-13.856406460551,0.));
#3927=CARTESIAN_POINT('Origin',(0.,0.,0.25));
#3928=CARTESIAN_POINT('',(-0.961538461538466,-24.9815020322434,0.5));
#3929=CARTESIAN_POINT('',(-0.942307692307694,-24.4818719915986,0.));
#3930=CARTESIAN_POINT('',(-0.961538461538466,-24.9815020322434,0.5));
#3931=CARTESIAN_POINT('Origin',(0.,0.,0.));
#3932=CARTESIAN_POINT('Origin',(0.,0.,0.5));
#3933=CARTESIAN_POINT('Origin',(-1.,-25.9807621135332,0.25));
#3934=CARTESIAN_POINT('',(-4.44089209850063E-15,-25.9807621135332,0.5));
#3935=CARTESIAN_POINT('Origin',(-1.,-25.9807621135332,0.5));
#3936=CARTESIAN_POINT('',(0.499999999999995,-25.9807621135332,0.));
#3937=CARTESIAN_POINT('',(-4.44089209850063E-15,-25.9807621135332,0.5));
#3938=CARTESIAN_POINT('Origin',(-1.,-25.9807621135332,0.));
#3939=CARTESIAN_POINT('Origin',(0.25,-13.5,0.25));
#3940=CARTESIAN_POINT('',(-4.87691488314713E-15,-27.,0.5));
#3941=CARTESIAN_POINT('',(0.499999999999996,-27.,0.));
#3942=CARTESIAN_POINT('',(4.14711431702997,-27.,-3.64711431702997));
#3943=CARTESIAN_POINT('',(0.5,-13.5,0.));
#3944=CARTESIAN_POINT('',(-6.93889390390723E-17,-13.5,0.5));
#3945=CARTESIAN_POINT('Origin',(-4.87691488314713E-15,-27.,0.));
#3946=CARTESIAN_POINT('',(-4.44089209850063E-15,-25.9807621135332,14.5));
#3947=CARTESIAN_POINT('',(-4.44089209850063E-15,-25.9807621135332,0.));
#3948=CARTESIAN_POINT('',(-4.87691488314713E-15,-27.,14.5));
#3949=CARTESIAN_POINT('',(-3.60822483003176E-15,-23.375,14.5));
#3950=CARTESIAN_POINT('',(-4.87691488314713E-15,-27.,0.));
#3951=CARTESIAN_POINT('Origin',(-1.,-25.9807621135332,0.));
#3952=CARTESIAN_POINT('',(-0.961538461538466,-24.9815020322434,14.5));
#3953=CARTESIAN_POINT('',(-0.961538461538466,-24.9815020322434,0.));
#3954=CARTESIAN_POINT('Origin',(-1.,-25.9807621135332,14.5));
#3955=CARTESIAN_POINT('Origin',(0.,0.,0.));
#3956=CARTESIAN_POINT('',(-21.1538461538462,-13.3234677505298,14.5));
#3957=CARTESIAN_POINT('',(-21.1538461538462,-13.3234677505298,0.));
#3958=CARTESIAN_POINT('Origin',(0.,0.,14.5));
#3959=CARTESIAN_POINT('Origin',(-22.,-13.856406460551,0.));
#3960=CARTESIAN_POINT('',(-22.5,-12.9903810567666,14.5));
#3961=CARTESIAN_POINT('',(-22.5,-12.9903810567666,0.));
#3962=CARTESIAN_POINT('Origin',(-22.,-13.856406460551,14.5));
#3963=CARTESIAN_POINT('Origin',(-21.650635094611,-12.5,0.));
#3964=CARTESIAN_POINT('',(-23.3826859021799,-13.5,14.5));
#3965=CARTESIAN_POINT('',(-23.3826859021799,-13.5,0.));
#3966=CARTESIAN_POINT('',(-19.4855715851499,-11.25,14.5));
#3967=CARTESIAN_POINT('Origin',(10.7003175473055,-6.46650635094612,0.25));
#3968=CARTESIAN_POINT('',(23.1326859021799,-13.9330127018922,0.));
#3969=CARTESIAN_POINT('',(23.3826859021798,-13.5,0.5));
#3970=CARTESIAN_POINT('',(25.2062430606948,-10.3415063509461,4.14711431702998));
#3971=CARTESIAN_POINT('',(22.5,-12.9903810567666,0.5));
#3972=CARTESIAN_POINT('',(10.8253175473055,-6.25000000000001,0.5));
#3973=CARTESIAN_POINT('',(22.25,-13.4233937586588,0.));
#3974=CARTESIAN_POINT('',(22.5,-12.9903810567666,0.5));
#3975=CARTESIAN_POINT('',(10.5753175473055,-6.68301270189223,0.));
#3976=CARTESIAN_POINT('Origin',(23.,-12.1243556529822,0.25));
#3977=CARTESIAN_POINT('',(22.1153846153846,-11.6580342817136,0.5));
#3978=CARTESIAN_POINT('Origin',(23.,-12.1243556529822,0.5));
#3979=CARTESIAN_POINT('',(21.6730769230769,-11.4248735960793,0.));
#3980=CARTESIAN_POINT('',(22.1153846153846,-11.6580342817136,0.5));
#3981=CARTESIAN_POINT('Origin',(23.,-12.1243556529822,0.));
#3982=CARTESIAN_POINT('Origin',(0.,0.,0.25));
#3983=CARTESIAN_POINT('',(22.1153846153846,11.6580342817136,0.5));
#3984=CARTESIAN_POINT('',(21.6730769230769,11.4248735960793,0.));
#3985=CARTESIAN_POINT('',(22.1153846153846,11.6580342817136,0.5));
#3986=CARTESIAN_POINT('Origin',(0.,0.,0.));
#3987=CARTESIAN_POINT('Origin',(0.,0.,0.5));
#3988=CARTESIAN_POINT('Origin',(23.,12.1243556529821,0.25));
#3989=CARTESIAN_POINT('',(22.5,12.9903810567666,0.5));
#3990=CARTESIAN_POINT('Origin',(23.,12.1243556529821,0.5));
#3991=CARTESIAN_POINT('',(22.25,13.4233937586588,0.));
#3992=CARTESIAN_POINT('',(22.5,12.9903810567666,0.5));
#3993=CARTESIAN_POINT('Origin',(23.,12.1243556529821,0.));
#3994=CARTESIAN_POINT('Origin',(23.,12.1243556529821,0.));
#3995=CARTESIAN_POINT('',(22.1153846153846,11.6580342817136,14.5));
#3996=CARTESIAN_POINT('',(22.1153846153846,11.6580342817136,0.));
#3997=CARTESIAN_POINT('',(22.5,12.9903810567666,14.5));
#3998=CARTESIAN_POINT('Origin',(23.,12.1243556529821,14.5));
#3999=CARTESIAN_POINT('',(22.5,12.9903810567666,0.));
#4000=CARTESIAN_POINT('Origin',(0.,0.,0.));
#4001=CARTESIAN_POINT('',(22.1153846153846,-11.6580342817136,14.5));
#4002=CARTESIAN_POINT('',(22.1153846153846,-11.6580342817136,0.));
#4003=CARTESIAN_POINT('Origin',(0.,0.,14.5));
#4004=CARTESIAN_POINT('Origin',(23.,-12.1243556529822,0.));
#4005=CARTESIAN_POINT('',(22.5,-12.9903810567666,14.5));
#4006=CARTESIAN_POINT('',(22.5,-12.9903810567666,0.));
#4007=CARTESIAN_POINT('Origin',(23.,-12.1243556529822,14.5));
#4008=CARTESIAN_POINT('Origin',(21.650635094611,-12.5,0.));
#4009=CARTESIAN_POINT('',(23.3826859021798,-13.5,14.5));
#4010=CARTESIAN_POINT('',(23.3826859021798,-13.5,0.));
#4011=CARTESIAN_POINT('',(20.73048310309,-11.96875,14.5));
#4012=CARTESIAN_POINT('Origin',(0.250000000000009,12.5,0.25));
#4013=CARTESIAN_POINT('',(0.500000000000014,27.,0.));
#4014=CARTESIAN_POINT('',(1.4228887389531E-14,27.,0.5));
#4015=CARTESIAN_POINT('',(-3.64711431702996,27.,4.14711431702998));
#4016=CARTESIAN_POINT('',(1.38777878078145E-14,25.9807621135332,0.5));
#4017=CARTESIAN_POINT('',(9.08995101411847E-15,12.5,0.5));
#4018=CARTESIAN_POINT('',(0.500000000000014,25.9807621135332,0.));
#4019=CARTESIAN_POINT('',(1.38777878078145E-14,25.9807621135332,0.5));
#4020=CARTESIAN_POINT('',(0.500000000000009,12.5,0.));
#4021=CARTESIAN_POINT('Origin',(-0.999999999999987,25.9807621135332,0.25));
#4022=CARTESIAN_POINT('',(-0.961538461538449,24.9815020322434,0.5));
#4023=CARTESIAN_POINT('Origin',(-0.999999999999987,25.9807621135332,0.5));
#4024=CARTESIAN_POINT('',(-0.94230769230768,24.4818719915986,0.));
#4025=CARTESIAN_POINT('',(-0.961538461538449,24.9815020322434,0.5));
#4026=CARTESIAN_POINT('Origin',(-0.999999999999987,25.9807621135332,0.));
#4027=CARTESIAN_POINT('Origin',(0.,0.,0.25));
#4028=CARTESIAN_POINT('',(-21.1538461538461,13.3234677505298,0.5));
#4029=CARTESIAN_POINT('',(-20.7307692307692,13.0569983955192,0.));
#4030=CARTESIAN_POINT('',(-21.1538461538461,13.3234677505298,0.5));
#4031=CARTESIAN_POINT('Origin',(0.,0.,0.));
#4032=CARTESIAN_POINT('Origin',(0.,0.,0.5));
#4033=CARTESIAN_POINT('Origin',(-22.,13.856406460551,0.25));
#4034=CARTESIAN_POINT('',(-22.5,12.9903810567666,0.5));
#4035=CARTESIAN_POINT('Origin',(-22.,13.856406460551,0.5));
#4036=CARTESIAN_POINT('',(-22.75,12.5573683548744,0.));
#4037=CARTESIAN_POINT('',(-22.5,12.9903810567666,0.5));
#4038=CARTESIAN_POINT('Origin',(-22.,13.856406460551,0.));
#4039=CARTESIAN_POINT('Origin',(-11.8163429510899,6.5334936490539,0.25));
#4040=CARTESIAN_POINT('',(-23.3826859021799,13.5,0.5));
#4041=CARTESIAN_POINT('',(-23.6326859021798,13.0669872981078,0.));
#4042=CARTESIAN_POINT('',(-25.4562430606948,9.90849364905389,-3.64711431702998));
#4043=CARTESIAN_POINT('',(-11.9413429510899,6.31698729810779,0.));
#4044=CARTESIAN_POINT('',(-11.6913429510899,6.75000000000001,0.5));
#4045=CARTESIAN_POINT('Origin',(-23.3826859021799,13.5,0.));
#4046=CARTESIAN_POINT('',(-22.5,12.9903810567666,14.5));
#4047=CARTESIAN_POINT('',(-22.5,12.9903810567666,0.));
#4048=CARTESIAN_POINT('',(-23.3826859021799,13.5,14.5));
#4049=CARTESIAN_POINT('',(-20.3515969889343,11.75,14.5));
#4050=CARTESIAN_POINT('',(-23.3826859021799,13.5,0.));
#4051=CARTESIAN_POINT('Origin',(-22.,13.856406460551,0.));
#4052=CARTESIAN_POINT('',(-21.1538461538461,13.3234677505298,14.5));
#4053=CARTESIAN_POINT('',(-21.1538461538461,13.3234677505298,0.));
#4054=CARTESIAN_POINT('Origin',(-22.,13.856406460551,14.5));
#4055=CARTESIAN_POINT('Origin',(0.,0.,0.));
#4056=CARTESIAN_POINT('',(-0.961538461538449,24.9815020322434,14.5));
#4057=CARTESIAN_POINT('',(-0.961538461538449,24.9815020322434,0.));
#4058=CARTESIAN_POINT('Origin',(0.,0.,14.5));
#4059=CARTESIAN_POINT('Origin',(-0.999999999999987,25.9807621135332,0.));
#4060=CARTESIAN_POINT('',(1.38777878078145E-14,25.9807621135332,14.5));
#4061=CARTESIAN_POINT('',(1.38777878078145E-14,25.9807621135332,0.));
#4062=CARTESIAN_POINT('Origin',(-0.999999999999987,25.9807621135332,14.5));
#4063=CARTESIAN_POINT('Origin',(1.35212650831356E-14,25.,0.));
#4064=CARTESIAN_POINT('',(1.4228887389531E-14,27.,14.5));
#4065=CARTESIAN_POINT('',(1.4228887389531E-14,27.,0.));
#4066=CARTESIAN_POINT('',(1.26287869051112E-14,22.375,14.5));
#4067=CARTESIAN_POINT('Origin',(-20.2265969889343,11.9665063509461,14.75));
#4068=CARTESIAN_POINT('',(-23.1326859021798,13.9330127018922,15.));
#4069=CARTESIAN_POINT('',(-27.0812430606948,7.09391108675448,7.10288568297002));
#4070=CARTESIAN_POINT('',(-22.25,13.4233937586588,15.));
#4071=CARTESIAN_POINT('',(-22.5,12.9903810567666,14.5));
#4072=CARTESIAN_POINT('',(-20.1015969889343,12.1830127018922,15.));
#4073=CARTESIAN_POINT('Origin',(-22.,13.856406460551,14.75));
#4074=CARTESIAN_POINT('',(-21.5769230769231,13.5899371055404,15.));
#4075=CARTESIAN_POINT('',(-21.1538461538461,13.3234677505298,14.5));
#4076=CARTESIAN_POINT('Origin',(-22.,13.856406460551,15.));
#4077=CARTESIAN_POINT('Origin',(0.,0.,14.75));
#4078=CARTESIAN_POINT('',(-0.980769230769216,25.4811320728883,15.));
#4079=CARTESIAN_POINT('',(-0.961538461538449,24.9815020322434,14.5));
#4080=CARTESIAN_POINT('Origin',(0.,0.,15.));
#4081=CARTESIAN_POINT('Origin',(-0.999999999999987,25.9807621135332,14.75));
#4082=CARTESIAN_POINT('',(-0.499999999999985,25.9807621135332,15.));
#4083=CARTESIAN_POINT('',(1.38777878078145E-14,25.9807621135332,14.5));
#4084=CARTESIAN_POINT('Origin',(-0.999999999999987,25.9807621135332,15.));
#4085=CARTESIAN_POINT('Origin',(-0.249999999999987,22.375,14.75));
#4086=CARTESIAN_POINT('',(-0.499999999999985,27.,15.));
#4087=CARTESIAN_POINT('',(-0.397114317029955,27.,14.89711431703));
#4088=CARTESIAN_POINT('',(-0.499999999999987,22.375,15.));
#4089=CARTESIAN_POINT('Origin',(-15.5884572681199,27.,0.));
#4090=CARTESIAN_POINT('',(15.5884572681199,27.,0.));
#4091=CARTESIAN_POINT('',(15.5884572681199,27.,0.));
#4092=CARTESIAN_POINT('',(15.5884572681199,27.,-1.2));
#4093=CARTESIAN_POINT('',(15.5884572681199,27.,0.));
#4094=CARTESIAN_POINT('',(-15.5884572681199,27.,-1.2));
#4095=CARTESIAN_POINT('',(15.5884572681199,27.,-1.2));
#4096=CARTESIAN_POINT('',(-15.5884572681199,27.,15.));
#4097=CARTESIAN_POINT('',(-15.5884572681199,27.,0.));
#4098=CARTESIAN_POINT('',(15.5884572681199,27.,15.));
#4099=CARTESIAN_POINT('Origin',(-0.250000000000004,-23.375,14.75));
#4100=CARTESIAN_POINT('',(-0.500000000000007,-27.,15.));
#4101=CARTESIAN_POINT('',(7.39711431702997,-27.,7.10288568297002));
#4102=CARTESIAN_POINT('',(-0.500000000000005,-25.9807621135332,15.));
#4103=CARTESIAN_POINT('',(-4.44089209850063E-15,-25.9807621135332,14.5));
#4104=CARTESIAN_POINT('',(-0.500000000000004,-23.375,15.));
#4105=CARTESIAN_POINT('Origin',(-1.,-25.9807621135332,14.75));
#4106=CARTESIAN_POINT('',(-0.980769230769235,-25.4811320728883,15.));
#4107=CARTESIAN_POINT('',(-0.961538461538466,-24.9815020322434,14.5));
#4108=CARTESIAN_POINT('Origin',(-1.,-25.9807621135332,15.));
#4109=CARTESIAN_POINT('Origin',(0.,0.,14.75));
#4110=CARTESIAN_POINT('',(-21.5769230769231,-13.5899371055404,15.));
#4111=CARTESIAN_POINT('',(-21.1538461538462,-13.3234677505298,14.5));
#4112=CARTESIAN_POINT('Origin',(0.,0.,15.));
#4113=CARTESIAN_POINT('Origin',(-22.,-13.856406460551,14.75));
#4114=CARTESIAN_POINT('',(-22.25,-13.4233937586588,15.));
#4115=CARTESIAN_POINT('',(-22.5,-12.9903810567666,14.5));
#4116=CARTESIAN_POINT('Origin',(-22.,-13.856406460551,15.));
#4117=CARTESIAN_POINT('Origin',(-19.3605715851499,-11.4665063509461,14.75));
#4118=CARTESIAN_POINT('',(-23.1326859021799,-13.9330127018922,15.));
#4119=CARTESIAN_POINT('',(-23.1841287436649,-13.8439110867545,14.89711431703));
#4120=CARTESIAN_POINT('',(-19.2355715851499,-11.6830127018922,15.));
#4121=CARTESIAN_POINT('Origin',(15.5884572681199,-27.,0.));
#4122=CARTESIAN_POINT('',(-15.5884572681199,-27.,15.));
#4123=CARTESIAN_POINT('',(-15.5884572681199,-27.,15.));
#4124=CARTESIAN_POINT('',(-15.5884572681199,-27.,-1.2));
#4125=CARTESIAN_POINT('',(-15.5884572681199,-27.,0.));
#4126=CARTESIAN_POINT('',(15.5884572681199,-27.,-1.2));
#4127=CARTESIAN_POINT('',(-15.5884572681199,-27.,-1.2));
#4128=CARTESIAN_POINT('',(15.5884572681199,-27.,0.));
#4129=CARTESIAN_POINT('',(15.5884572681199,-27.,0.));
#4130=CARTESIAN_POINT('',(-15.5884572681199,-27.,0.));
#4131=CARTESIAN_POINT('Origin',(23.,12.1243556529821,14.75));
#4132=CARTESIAN_POINT('',(22.75,12.5573683548743,15.));
#4133=CARTESIAN_POINT('',(22.5,12.9903810567666,14.5));
#4134=CARTESIAN_POINT('',(22.5576923076923,11.8911949673479,15.));
#4135=CARTESIAN_POINT('',(22.1153846153846,11.6580342817136,14.5));
#4136=CARTESIAN_POINT('Origin',(23.,12.1243556529821,15.));
#4137=CARTESIAN_POINT('Origin',(0.,0.,14.75));
#4138=CARTESIAN_POINT('',(22.5576923076923,-11.8911949673479,15.));
#4139=CARTESIAN_POINT('',(22.1153846153846,-11.6580342817136,14.5));
#4140=CARTESIAN_POINT('Origin',(0.,0.,15.));
#4141=CARTESIAN_POINT('Origin',(23.,-12.1243556529822,14.75));
#4142=CARTESIAN_POINT('',(22.75,-12.5573683548744,15.));
#4143=CARTESIAN_POINT('',(22.5,-12.9903810567666,14.5));
#4144=CARTESIAN_POINT('Origin',(23.,-12.1243556529822,15.));
#4145=CARTESIAN_POINT('Origin',(20.85548310309,-11.7522436490539,14.75));
#4146=CARTESIAN_POINT('',(23.6326859021798,-13.0669872981078,15.));
#4147=CARTESIAN_POINT('',(23.5812430606948,-13.1560889132456,14.89711431703));
#4148=CARTESIAN_POINT('',(20.98048310309,-11.5357372981078,15.));
#4149=CARTESIAN_POINT('Origin',(31.1769145362398,-1.77635683940025E-14,
0.));
#4150=CARTESIAN_POINT('',(15.5884572681199,-27.,0.));
#4151=CARTESIAN_POINT('',(31.1769145362398,-2.66453525910038E-14,-1.2));
#4152=CARTESIAN_POINT('',(15.5884572681199,-27.,-1.2));
#4153=CARTESIAN_POINT('',(31.1769145362398,-2.66453525910038E-14,15.));
#4154=CARTESIAN_POINT('',(31.1769145362398,-2.66453525910038E-14,0.));
#4155=CARTESIAN_POINT('',(15.5884572681199,-27.,15.));
#4156=CARTESIAN_POINT('Origin',(17.7988438920062,-9.12146677393466,0.));
#4157=CARTESIAN_POINT('',(18.6887860866065,-9.57754011263139,0.));
#4158=CARTESIAN_POINT('',(18.2988438920062,-8.25544137015022,0.));
#4159=CARTESIAN_POINT('Origin',(17.7988438920062,-9.12146677393466,0.));
#4160=CARTESIAN_POINT('',(18.2988438920062,-8.25544137015022,-1.2));
#4161=CARTESIAN_POINT('',(18.2988438920062,-8.25544137015023,0.));
#4162=CARTESIAN_POINT('',(18.6887860866065,-9.57754011263139,-1.2));
#4163=CARTESIAN_POINT('Origin',(17.7988438920062,-9.12146677393466,-1.2));
#4164=CARTESIAN_POINT('',(18.6887860866065,-9.5775401126314,0.));
#4165=CARTESIAN_POINT('Origin',(17.4544826719043,-7.76794919243113,0.));
#4166=CARTESIAN_POINT('',(13.601627688841,-5.54350233081091,0.));
#4167=CARTESIAN_POINT('',(9.22724133595216,-3.01794919243113,0.));
#4168=CARTESIAN_POINT('',(13.601627688841,-5.54350233081091,-1.2));
#4169=CARTESIAN_POINT('',(13.601627688841,-5.54350233081091,0.));
#4170=CARTESIAN_POINT('',(9.22724133595216,-3.01794919243113,-1.2));
#4171=CARTESIAN_POINT('Origin',(14.101627688841,-4.67747692702647,0.));
#4172=CARTESIAN_POINT('',(13.1524796713228,-4.36264674924584,-1.2));
#4173=CARTESIAN_POINT('Origin',(14.101627688841,-4.67747692702647,-1.2));
#4174=CARTESIAN_POINT('',(13.1524796713228,-4.36264674924584,0.));
#4175=CARTESIAN_POINT('Origin',(14.101627688841,-4.67747692702647,0.));
#4176=CARTESIAN_POINT('',(13.1524796713228,-4.36264674924584,0.));
#4177=CARTESIAN_POINT('Origin',(0.,0.,0.));
#4178=CARTESIAN_POINT('',(13.1524796713228,4.36264674924581,0.));
#4179=CARTESIAN_POINT('Origin',(0.,0.,0.));
#4180=CARTESIAN_POINT('',(13.1524796713228,4.36264674924581,-1.2));
#4181=CARTESIAN_POINT('',(13.1524796713228,4.36264674924581,0.));
#4182=CARTESIAN_POINT('Origin',(0.,0.,-1.2));
#4183=CARTESIAN_POINT('Origin',(14.101627688841,4.67747692702644,0.));
#4184=CARTESIAN_POINT('',(13.601627688841,5.54350233081088,-1.2));
#4185=CARTESIAN_POINT('Origin',(14.101627688841,4.67747692702644,-1.2));
#4186=CARTESIAN_POINT('',(13.601627688841,5.54350233081088,0.));
#4187=CARTESIAN_POINT('Origin',(14.101627688841,4.67747692702644,0.));
#4188=CARTESIAN_POINT('',(13.601627688841,5.54350233081088,0.));
#4189=CARTESIAN_POINT('Origin',(11.2685869305869,4.19652062100254,0.));
#4190=CARTESIAN_POINT('',(18.2988438920062,8.2554413701502,0.));
#4191=CARTESIAN_POINT('',(6.13429346529346,1.23223490671682,0.));
#4192=CARTESIAN_POINT('',(18.2988438920062,8.2554413701502,-1.2));
#4193=CARTESIAN_POINT('',(18.2988438920062,8.25544137015019,0.));
#4194=CARTESIAN_POINT('',(6.13429346529346,1.23223490671682,-1.2));
#4195=CARTESIAN_POINT('Origin',(17.7988438920062,9.12146677393464,0.));
#4196=CARTESIAN_POINT('',(18.6887860866065,9.57754011263137,0.));
#4197=CARTESIAN_POINT('Origin',(17.7988438920062,9.12146677393464,0.));
#4198=CARTESIAN_POINT('',(18.6887860866065,9.57754011263137,-1.2));
#4199=CARTESIAN_POINT('',(18.6887860866065,9.57754011263137,0.));
#4200=CARTESIAN_POINT('Origin',(17.7988438920062,9.12146677393464,-1.2));
#4201=CARTESIAN_POINT('Origin',(0.,0.,0.));
#4202=CARTESIAN_POINT('',(-1.04999999999999,20.9737335732101,0.));
#4203=CARTESIAN_POINT('Origin',(0.,0.,0.));
#4204=CARTESIAN_POINT('',(-1.04999999999999,20.9737335732101,-1.2));
#4205=CARTESIAN_POINT('',(-1.04999999999999,20.9737335732101,0.));
#4206=CARTESIAN_POINT('Origin',(0.,0.,-1.2));
#4207=CARTESIAN_POINT('Origin',(-0.999999999999986,19.9749843554382,0.));
#4208=CARTESIAN_POINT('',(-1.99999999999999,19.9749843554382,0.));
#4209=CARTESIAN_POINT('Origin',(-0.999999999999986,19.9749843554382,0.));
#4210=CARTESIAN_POINT('',(-1.99999999999999,19.9749843554382,-1.2));
#4211=CARTESIAN_POINT('',(-1.99999999999999,19.9749843554382,0.));
#4212=CARTESIAN_POINT('Origin',(-0.999999999999986,19.9749843554382,-1.2));
#4213=CARTESIAN_POINT('Origin',(-1.99999999999999,19.,0.));
#4214=CARTESIAN_POINT('',(-1.99999999999999,14.5511062767595,0.));
#4215=CARTESIAN_POINT('',(-1.99999999999999,9.5,0.));
#4216=CARTESIAN_POINT('',(-1.99999999999999,14.5511062767595,-1.2));
#4217=CARTESIAN_POINT('',(-1.99999999999999,14.5511062767595,0.));
#4218=CARTESIAN_POINT('',(-1.99999999999999,9.5,-1.2));
#4219=CARTESIAN_POINT('Origin',(-2.99999999999999,14.5511062767595,0.));
#4220=CARTESIAN_POINT('',(-2.79807692307691,13.5717048927469,-1.2));
#4221=CARTESIAN_POINT('Origin',(-2.99999999999999,14.5511062767595,-1.2));
#4222=CARTESIAN_POINT('',(-2.79807692307691,13.5717048927469,0.));
#4223=CARTESIAN_POINT('Origin',(-2.99999999999999,14.5511062767595,0.));
#4224=CARTESIAN_POINT('',(-2.79807692307691,13.5717048927469,0.));
#4225=CARTESIAN_POINT('Origin',(0.,0.,0.));
#4226=CARTESIAN_POINT('',(-10.3544027482459,9.20905814350106,0.));
#4227=CARTESIAN_POINT('Origin',(0.,0.,0.));
#4228=CARTESIAN_POINT('',(-10.3544027482459,9.20905814350106,-1.2));
#4229=CARTESIAN_POINT('',(-10.3544027482459,9.20905814350106,0.));
#4230=CARTESIAN_POINT('Origin',(0.,0.,-1.2));
#4231=CARTESIAN_POINT('Origin',(-11.101627688841,9.87362934973309,0.));
#4232=CARTESIAN_POINT('',(-11.601627688841,9.00760394594865,-1.2));
#4233=CARTESIAN_POINT('Origin',(-11.101627688841,9.87362934973309,-1.2));
#4234=CARTESIAN_POINT('',(-11.601627688841,9.00760394594865,0.));
#4235=CARTESIAN_POINT('Origin',(-11.101627688841,9.87362934973309,0.));
#4236=CARTESIAN_POINT('',(-11.601627688841,9.00760394594865,0.));
#4237=CARTESIAN_POINT('Origin',(-9.26858693058691,7.66062223614031,0.));
#4238=CARTESIAN_POINT('',(-16.2988438920062,11.719542985288,0.));
#4239=CARTESIAN_POINT('',(-4.13429346529346,4.69633652185459,0.));
#4240=CARTESIAN_POINT('',(-16.2988438920062,11.719542985288,-1.2));
#4241=CARTESIAN_POINT('',(-16.2988438920062,11.719542985288,0.));
#4242=CARTESIAN_POINT('',(-4.13429346529346,4.69633652185459,-1.2));
#4243=CARTESIAN_POINT('Origin',(-16.7988438920062,10.8535175815035,0.));
#4244=CARTESIAN_POINT('',(-17.6387860866065,11.3961934605787,0.));
#4245=CARTESIAN_POINT('Origin',(-16.7988438920062,10.8535175815035,0.));
#4246=CARTESIAN_POINT('',(-17.6387860866065,11.3961934605787,-1.2));
#4247=CARTESIAN_POINT('',(-17.6387860866065,11.3961934605787,0.));
#4248=CARTESIAN_POINT('Origin',(-16.7988438920062,10.8535175815035,-1.2));
#4249=CARTESIAN_POINT('Origin',(0.,0.,0.));
#4250=CARTESIAN_POINT('',(-17.6387860866065,-11.3961934605787,0.));
#4251=CARTESIAN_POINT('Origin',(0.,0.,0.));
#4252=CARTESIAN_POINT('',(-17.6387860866065,-11.3961934605787,-1.2));
#4253=CARTESIAN_POINT('',(-17.6387860866065,-11.3961934605787,0.));
#4254=CARTESIAN_POINT('Origin',(0.,0.,-1.2));
#4255=CARTESIAN_POINT('Origin',(-16.7988438920062,-10.8535175815035,0.));
#4256=CARTESIAN_POINT('',(-16.2988438920062,-11.719542985288,0.));
#4257=CARTESIAN_POINT('Origin',(-16.7988438920062,-10.8535175815035,0.));
#4258=CARTESIAN_POINT('',(-16.2988438920062,-11.719542985288,-1.2));
#4259=CARTESIAN_POINT('',(-16.2988438920062,-11.719542985288,0.));
#4260=CARTESIAN_POINT('Origin',(-16.7988438920062,-10.8535175815035,-1.2));
#4261=CARTESIAN_POINT('Origin',(-15.4544826719043,-11.2320508075689,0.));
#4262=CARTESIAN_POINT('',(-11.601627688841,-9.00760394594865,0.));
#4263=CARTESIAN_POINT('',(-7.22724133595217,-6.48205080756888,0.));
#4264=CARTESIAN_POINT('',(-11.601627688841,-9.00760394594865,-1.2));
#4265=CARTESIAN_POINT('',(-11.601627688841,-9.00760394594865,0.));
#4266=CARTESIAN_POINT('',(-7.22724133595217,-6.48205080756888,-1.2));
#4267=CARTESIAN_POINT('Origin',(-11.101627688841,-9.87362934973309,0.));
#4268=CARTESIAN_POINT('',(-10.3544027482459,-9.20905814350105,-1.2));
#4269=CARTESIAN_POINT('Origin',(-11.101627688841,-9.87362934973309,-1.2));
#4270=CARTESIAN_POINT('',(-10.3544027482459,-9.20905814350105,0.));
#4271=CARTESIAN_POINT('Origin',(-11.101627688841,-9.87362934973309,0.));
#4272=CARTESIAN_POINT('',(-10.3544027482459,-9.20905814350105,0.));
#4273=CARTESIAN_POINT('Origin',(0.,0.,0.));
#4274=CARTESIAN_POINT('',(-2.79807692307692,-13.5717048927469,0.));
#4275=CARTESIAN_POINT('Origin',(0.,0.,0.));
#4276=CARTESIAN_POINT('',(-2.79807692307692,-13.5717048927469,-1.2));
#4277=CARTESIAN_POINT('',(-2.79807692307692,-13.5717048927469,0.));
#4278=CARTESIAN_POINT('Origin',(0.,0.,-1.2));
#4279=CARTESIAN_POINT('Origin',(-1.,-19.9749843554382,0.));
#4280=CARTESIAN_POINT('',(-2.,-19.9749843554382,0.));
#4281=CARTESIAN_POINT('',(-1.05,-20.9737335732101,0.));
#4282=CARTESIAN_POINT('Origin',(-1.,-19.9749843554382,0.));
#4283=CARTESIAN_POINT('',(-1.05,-20.9737335732101,-1.2));
#4284=CARTESIAN_POINT('',(-1.05,-20.9737335732101,0.));
#4285=CARTESIAN_POINT('',(-2.,-19.9749843554382,-1.2));
#4286=CARTESIAN_POINT('Origin',(-1.,-19.9749843554382,-1.2));
#4287=CARTESIAN_POINT('',(-2.,-19.9749843554382,0.));
#4288=CARTESIAN_POINT('Origin',(0.,0.,0.));
#4289=CARTESIAN_POINT('Origin',(0.,0.,-1.2));
#4290=CARTESIAN_POINT('Origin',(0.,0.,0.));
#4291=CARTESIAN_POINT('Origin',(-3.,-14.5511062767595,0.));
#4292=CARTESIAN_POINT('',(-2.,-14.5511062767595,-1.2));
#4293=CARTESIAN_POINT('Origin',(-3.,-14.5511062767595,-1.2));
#4294=CARTESIAN_POINT('',(-2.,-14.5511062767595,0.));
#4295=CARTESIAN_POINT('Origin',(-3.,-14.5511062767595,0.));
#4296=CARTESIAN_POINT('',(-2.,-14.5511062767595,0.));
#4297=CARTESIAN_POINT('Origin',(-11.6913429510899,-19.75,15.));
#4298=CARTESIAN_POINT('',(-31.1769145362398,6.92266567098084E-15,15.));
#4299=CARTESIAN_POINT('Origin',(-11.6913429510899,19.75,15.));
#4300=CARTESIAN_POINT('',(-15.5884572681199,27.,15.));
#4301=CARTESIAN_POINT('Origin',(-2.,-11.8571428571429,0.));
#4302=CARTESIAN_POINT('',(-2.,-5.92857142857143,-1.2));
#4303=CARTESIAN_POINT('',(-2.,-5.92857142857143,0.));
#4304=CARTESIAN_POINT('Origin',(-31.1769145362398,8.88178419700125E-15,
0.));
#4305=CARTESIAN_POINT('',(-31.1769145362398,6.66133814775094E-15,-1.2));
#4306=CARTESIAN_POINT('',(-15.5884572681199,27.,-1.2));
#4307=CARTESIAN_POINT('',(-31.1769145362398,6.92266567098084E-15,0.));
#4308=CARTESIAN_POINT('',(-31.1769145362398,6.92266567098084E-15,0.));
#4309=CARTESIAN_POINT('',(-15.5884572681199,27.,0.));
#4310=CARTESIAN_POINT('Origin',(-15.5884572681199,-27.,0.));
#4311=CARTESIAN_POINT('',(-31.1769145362398,6.92266567098084E-15,0.));
#4312=CARTESIAN_POINT('',(-31.1769145362398,6.92266567098084E-15,-1.2));
#4313=CARTESIAN_POINT('Origin',(35.8150542570542,20.9665063509461,0.25));
#4314=CARTESIAN_POINT('',(24.2653718043597,14.0096189432334,0.5));
#4315=CARTESIAN_POINT('',(11.6913429510899,6.74999999999999,0.5));
#4316=CARTESIAN_POINT('',(24.0153718043597,14.4426316451256,0.));
#4317=CARTESIAN_POINT('',(24.2653718043597,14.0096189432334,0.5));
#4318=CARTESIAN_POINT('',(35.6900542570542,21.1830127018922,0.));
#4319=CARTESIAN_POINT('Origin',(24.7653718043597,13.143593539449,0.25));
#4320=CARTESIAN_POINT('',(25.6115256505136,13.6765322494701,0.5));
#4321=CARTESIAN_POINT('Origin',(24.7653718043597,13.143593539449,0.5));
#4322=CARTESIAN_POINT('',(26.0346025735905,13.9430016044807,0.));
#4323=CARTESIAN_POINT('',(25.6115256505136,13.6765322494701,0.5));
#4324=CARTESIAN_POINT('Origin',(24.7653718043597,13.143593539449,0.));
#4325=CARTESIAN_POINT('Origin',(46.7653718043597,27.,0.25));
#4326=CARTESIAN_POINT('',(45.8038333428212,2.01849796775655,0.5));
#4327=CARTESIAN_POINT('',(45.823064112052,2.51812800840142,0.));
#4328=CARTESIAN_POINT('',(45.8038333428212,2.01849796775655,0.5));
#4329=CARTESIAN_POINT('Origin',(46.7653718043597,27.,0.));
#4330=CARTESIAN_POINT('Origin',(46.7653718043597,27.,0.5));
#4331=CARTESIAN_POINT('Origin',(45.7653718043597,1.01923788646682,0.25));
#4332=CARTESIAN_POINT('',(46.7653718043597,1.01923788646682,0.5));
#4333=CARTESIAN_POINT('Origin',(45.7653718043597,1.01923788646682,0.5));
#4334=CARTESIAN_POINT('',(47.2653718043597,1.01923788646682,0.));
#4335=CARTESIAN_POINT('',(46.7653718043597,1.01923788646682,0.5));
#4336=CARTESIAN_POINT('Origin',(45.7653718043597,1.01923788646682,0.));
#4337=CARTESIAN_POINT('Origin',(47.0153718043597,13.5,0.25));
#4338=CARTESIAN_POINT('',(46.7653718043597,-3.5527136788005E-14,0.5));
#4339=CARTESIAN_POINT('',(47.2653718043597,-3.5527136788005E-14,0.));
#4340=CARTESIAN_POINT('',(50.9124861213897,-3.5527136788005E-14,-3.64711431702997));
#4341=CARTESIAN_POINT('',(47.2653718043597,13.5,0.));
#4342=CARTESIAN_POINT('',(46.7653718043597,13.5,0.5));
#4343=CARTESIAN_POINT('Origin',(46.7653718043597,-3.5527136788005E-14,0.));
#4344=CARTESIAN_POINT('',(46.7653718043597,1.01923788646682,14.5));
#4345=CARTESIAN_POINT('',(46.7653718043597,1.01923788646682,0.));
#4346=CARTESIAN_POINT('',(46.7653718043597,-3.5527136788005E-14,14.5));
#4347=CARTESIAN_POINT('',(46.7653718043597,3.62499999999997,14.5));
#4348=CARTESIAN_POINT('',(46.7653718043597,-3.5527136788005E-14,0.));
#4349=CARTESIAN_POINT('Origin',(45.7653718043597,1.01923788646682,0.));
#4350=CARTESIAN_POINT('',(45.8038333428212,2.01849796775655,14.5));
#4351=CARTESIAN_POINT('',(45.8038333428212,2.01849796775655,0.));
#4352=CARTESIAN_POINT('Origin',(45.7653718043597,1.01923788646682,14.5));
#4353=CARTESIAN_POINT('Origin',(46.7653718043597,27.,0.));
#4354=CARTESIAN_POINT('',(25.6115256505136,13.6765322494701,14.5));
#4355=CARTESIAN_POINT('',(25.6115256505136,13.6765322494701,0.));
#4356=CARTESIAN_POINT('Origin',(46.7653718043597,27.,14.5));
#4357=CARTESIAN_POINT('Origin',(24.7653718043597,13.143593539449,0.));
#4358=CARTESIAN_POINT('',(24.2653718043597,14.0096189432334,14.5));
#4359=CARTESIAN_POINT('',(24.2653718043597,14.0096189432334,0.));
#4360=CARTESIAN_POINT('Origin',(24.7653718043597,13.143593539449,14.5));
#4361=CARTESIAN_POINT('Origin',(25.1147367097487,14.5,0.));
#4362=CARTESIAN_POINT('',(21.5965085068745,12.46875,14.5));
#4363=CARTESIAN_POINT('Origin',(57.4656893516652,20.5334936490539,0.25));
#4364=CARTESIAN_POINT('',(69.8980577065396,13.0669872981077,0.));
#4365=CARTESIAN_POINT('',(70.1480577065396,13.5,0.5));
#4366=CARTESIAN_POINT('',(71.9716148650545,16.6584936490538,4.14711431702998));
#4367=CARTESIAN_POINT('',(69.2653718043597,14.0096189432334,0.5));
#4368=CARTESIAN_POINT('',(57.5906893516652,20.75,0.5));
#4369=CARTESIAN_POINT('',(69.0153718043597,13.5766062413412,0.));
#4370=CARTESIAN_POINT('',(69.2653718043597,14.0096189432334,0.5));
#4371=CARTESIAN_POINT('',(57.3406893516652,20.3169872981077,0.));
#4372=CARTESIAN_POINT('Origin',(69.7653718043597,14.8756443470178,0.25));
#4373=CARTESIAN_POINT('',(68.8807564197443,15.3419657182864,0.5));
#4374=CARTESIAN_POINT('Origin',(69.7653718043597,14.8756443470178,0.5));
#4375=CARTESIAN_POINT('',(68.4384487274366,15.5751264039206,0.));
#4376=CARTESIAN_POINT('',(68.8807564197443,15.3419657182864,0.5));
#4377=CARTESIAN_POINT('Origin',(69.7653718043597,14.8756443470178,0.));
#4378=CARTESIAN_POINT('Origin',(46.7653718043597,27.,0.25));
#4379=CARTESIAN_POINT('',(68.8807564197443,38.6580342817136,0.5));
#4380=CARTESIAN_POINT('',(68.4384487274366,38.4248735960793,0.));
#4381=CARTESIAN_POINT('',(68.8807564197443,38.6580342817136,0.5));
#4382=CARTESIAN_POINT('Origin',(46.7653718043597,27.,0.));
#4383=CARTESIAN_POINT('Origin',(46.7653718043597,27.,0.5));
#4384=CARTESIAN_POINT('Origin',(69.7653718043597,39.1243556529821,0.25));
#4385=CARTESIAN_POINT('',(69.2653718043597,39.9903810567665,0.5));
#4386=CARTESIAN_POINT('Origin',(69.7653718043597,39.1243556529821,0.5));
#4387=CARTESIAN_POINT('',(69.0153718043597,40.4233937586588,0.));
#4388=CARTESIAN_POINT('',(69.2653718043597,39.9903810567665,0.5));
#4389=CARTESIAN_POINT('Origin',(69.7653718043597,39.1243556529821,0.));
#4390=CARTESIAN_POINT('Origin',(58.3317147554496,33.9665063509461,0.25));
#4391=CARTESIAN_POINT('',(70.1480577065396,40.5,0.5));
#4392=CARTESIAN_POINT('',(69.8980577065396,40.9330127018922,0.));
#4393=CARTESIAN_POINT('',(68.0745005480246,44.0915063509461,-3.64711431702997));
#4394=CARTESIAN_POINT('',(58.2067147554496,34.1830127018922,0.));
#4395=CARTESIAN_POINT('',(58.4567147554496,33.75,0.5));
#4396=CARTESIAN_POINT('Origin',(70.1480577065396,40.5,0.));
#4397=CARTESIAN_POINT('',(69.2653718043597,39.9903810567665,14.5));
#4398=CARTESIAN_POINT('',(69.2653718043597,39.9903810567665,0.));
#4399=CARTESIAN_POINT('',(70.1480577065396,40.5,14.5));
#4400=CARTESIAN_POINT('',(68.3618803112342,39.46875,14.5));
#4401=CARTESIAN_POINT('',(70.1480577065396,40.5,0.));
#4402=CARTESIAN_POINT('Origin',(69.7653718043597,39.1243556529821,0.));
#4403=CARTESIAN_POINT('',(68.8807564197443,38.6580342817136,14.5));
#4404=CARTESIAN_POINT('',(68.8807564197443,38.6580342817136,0.));
#4405=CARTESIAN_POINT('Origin',(69.7653718043597,39.1243556529821,14.5));
#4406=CARTESIAN_POINT('Origin',(46.7653718043597,27.,0.));
#4407=CARTESIAN_POINT('',(68.8807564197443,15.3419657182864,14.5));
#4408=CARTESIAN_POINT('',(68.8807564197443,15.3419657182864,0.));
#4409=CARTESIAN_POINT('Origin',(46.7653718043597,27.,14.5));
#4410=CARTESIAN_POINT('Origin',(69.7653718043597,14.8756443470178,0.));
#4411=CARTESIAN_POINT('',(69.2653718043597,14.0096189432334,14.5));
#4412=CARTESIAN_POINT('',(69.2653718043597,14.0096189432334,0.));
#4413=CARTESIAN_POINT('Origin',(69.7653718043597,14.8756443470178,14.5));
#4414=CARTESIAN_POINT('Origin',(68.4160068989707,14.5,0.));
#4415=CARTESIAN_POINT('',(70.1480577065396,13.5,14.5));
#4416=CARTESIAN_POINT('',(70.1480577065396,13.5,0.));
#4417=CARTESIAN_POINT('',(67.4958549074497,15.03125,14.5));
#4418=CARTESIAN_POINT('Origin',(47.0153718043597,39.5,0.25));
#4419=CARTESIAN_POINT('',(47.2653718043597,54.,0.));
#4420=CARTESIAN_POINT('',(46.7653718043597,54.,0.5));
#4421=CARTESIAN_POINT('',(43.1182574873297,54.,4.14711431702998));
#4422=CARTESIAN_POINT('',(46.7653718043597,52.9807621135331,0.5));
#4423=CARTESIAN_POINT('',(46.7653718043597,39.5,0.5));
#4424=CARTESIAN_POINT('',(47.2653718043597,52.9807621135331,0.));
#4425=CARTESIAN_POINT('',(46.7653718043597,52.9807621135331,0.5));
#4426=CARTESIAN_POINT('',(47.2653718043597,39.5,0.));
#4427=CARTESIAN_POINT('Origin',(45.7653718043597,52.9807621135331,0.25));
#4428=CARTESIAN_POINT('',(45.8038333428213,51.9815020322434,0.5));
#4429=CARTESIAN_POINT('Origin',(45.7653718043597,52.9807621135331,0.5));
#4430=CARTESIAN_POINT('',(45.823064112052,51.4818719915985,0.));
#4431=CARTESIAN_POINT('',(45.8038333428213,51.9815020322434,0.5));
#4432=CARTESIAN_POINT('Origin',(45.7653718043597,52.9807621135331,0.));
#4433=CARTESIAN_POINT('Origin',(46.7653718043597,27.,0.25));
#4434=CARTESIAN_POINT('',(25.6115256505136,40.3234677505298,0.5));
#4435=CARTESIAN_POINT('',(26.0346025735905,40.0569983955192,0.));
#4436=CARTESIAN_POINT('',(25.6115256505136,40.3234677505298,0.5));
#4437=CARTESIAN_POINT('Origin',(46.7653718043597,27.,0.));
#4438=CARTESIAN_POINT('Origin',(46.7653718043597,27.,0.5));
#4439=CARTESIAN_POINT('Origin',(24.7653718043597,40.856406460551,0.25));
#4440=CARTESIAN_POINT('',(24.2653718043597,39.9903810567666,0.5));
#4441=CARTESIAN_POINT('Origin',(24.7653718043597,40.856406460551,0.5));
#4442=CARTESIAN_POINT('',(24.0153718043597,39.5573683548743,0.));
#4443=CARTESIAN_POINT('',(24.2653718043597,39.9903810567666,0.5));
#4444=CARTESIAN_POINT('Origin',(24.7653718043597,40.856406460551,0.));
#4445=CARTESIAN_POINT('Origin',(34.9490288532698,33.5334936490539,0.25));
#4446=CARTESIAN_POINT('',(23.3826859021799,40.5,0.5));
#4447=CARTESIAN_POINT('',(23.1326859021799,40.0669872981078,0.));
#4448=CARTESIAN_POINT('',(21.3091287436649,36.9084936490539,-3.64711431702998));
#4449=CARTESIAN_POINT('',(34.8240288532698,33.3169872981078,0.));
#4450=CARTESIAN_POINT('',(35.0740288532698,33.75,0.5));
#4451=CARTESIAN_POINT('Origin',(23.3826859021799,40.5,0.));
#4452=CARTESIAN_POINT('',(24.2653718043597,39.9903810567666,14.5));
#4453=CARTESIAN_POINT('',(24.2653718043597,39.9903810567666,0.));
#4454=CARTESIAN_POINT('',(23.3826859021799,40.5,14.5));
#4455=CARTESIAN_POINT('',(26.4137748154254,38.75,14.5));
#4456=CARTESIAN_POINT('',(23.3826859021799,40.5,0.));
#4457=CARTESIAN_POINT('Origin',(24.7653718043597,40.856406460551,0.));
#4458=CARTESIAN_POINT('',(25.6115256505136,40.3234677505298,14.5));
#4459=CARTESIAN_POINT('',(25.6115256505136,40.3234677505298,0.));
#4460=CARTESIAN_POINT('Origin',(24.7653718043597,40.856406460551,14.5));
#4461=CARTESIAN_POINT('Origin',(46.7653718043597,27.,0.));
#4462=CARTESIAN_POINT('',(45.8038333428213,51.9815020322434,14.5));
#4463=CARTESIAN_POINT('',(45.8038333428213,51.9815020322434,0.));
#4464=CARTESIAN_POINT('Origin',(46.7653718043597,27.,14.5));
#4465=CARTESIAN_POINT('Origin',(45.7653718043597,52.9807621135331,0.));
#4466=CARTESIAN_POINT('',(46.7653718043597,52.9807621135331,14.5));
#4467=CARTESIAN_POINT('',(46.7653718043597,52.9807621135331,0.));
#4468=CARTESIAN_POINT('Origin',(45.7653718043597,52.9807621135331,14.5));
#4469=CARTESIAN_POINT('Origin',(46.7653718043597,52.,0.));
#4470=CARTESIAN_POINT('',(46.7653718043597,54.,14.5));
#4471=CARTESIAN_POINT('',(46.7653718043597,54.,0.));
#4472=CARTESIAN_POINT('',(46.7653718043597,49.375,14.5));
#4473=CARTESIAN_POINT('Origin',(26.5387748154254,38.9665063509461,14.75));
#4474=CARTESIAN_POINT('',(23.6326859021799,40.9330127018922,15.));
#4475=CARTESIAN_POINT('',(19.6841287436649,34.0939110867545,7.10288568297002));
#4476=CARTESIAN_POINT('',(24.5153718043597,40.4233937586588,15.));
#4477=CARTESIAN_POINT('',(24.2653718043597,39.9903810567666,14.5));
#4478=CARTESIAN_POINT('',(26.6637748154254,39.1830127018922,15.));
#4479=CARTESIAN_POINT('Origin',(24.7653718043597,40.856406460551,14.75));
#4480=CARTESIAN_POINT('',(25.1884487274366,40.5899371055404,15.));
#4481=CARTESIAN_POINT('',(25.6115256505136,40.3234677505298,14.5));
#4482=CARTESIAN_POINT('Origin',(24.7653718043597,40.856406460551,15.));
#4483=CARTESIAN_POINT('Origin',(46.7653718043597,27.,14.75));
#4484=CARTESIAN_POINT('',(45.7846025735905,52.4811320728883,15.));
#4485=CARTESIAN_POINT('',(45.8038333428213,51.9815020322434,14.5));
#4486=CARTESIAN_POINT('Origin',(46.7653718043597,27.,15.));
#4487=CARTESIAN_POINT('Origin',(45.7653718043597,52.9807621135331,14.75));
#4488=CARTESIAN_POINT('',(46.2653718043597,52.9807621135331,15.));
#4489=CARTESIAN_POINT('',(46.7653718043597,52.9807621135331,14.5));
#4490=CARTESIAN_POINT('Origin',(45.7653718043597,52.9807621135331,15.));
#4491=CARTESIAN_POINT('Origin',(46.5153718043597,49.375,14.75));
#4492=CARTESIAN_POINT('',(46.2653718043597,54.,15.));
#4493=CARTESIAN_POINT('',(46.3682574873297,54.,14.89711431703));
#4494=CARTESIAN_POINT('',(46.2653718043597,49.375,15.));
#4495=CARTESIAN_POINT('Origin',(31.1769145362398,54.,0.));
#4496=CARTESIAN_POINT('',(62.3538290724796,54.,0.));
#4497=CARTESIAN_POINT('',(62.3538290724796,54.,0.));
#4498=CARTESIAN_POINT('',(62.3538290724796,54.,-1.2));
#4499=CARTESIAN_POINT('',(62.3538290724796,54.,0.));
#4500=CARTESIAN_POINT('',(31.1769145362398,54.,-1.2));
#4501=CARTESIAN_POINT('',(62.3538290724796,54.,-1.2));
#4502=CARTESIAN_POINT('',(31.1769145362398,54.,15.));
#4503=CARTESIAN_POINT('',(31.1769145362398,54.,0.));
#4504=CARTESIAN_POINT('',(62.3538290724796,54.,15.));
#4505=CARTESIAN_POINT('Origin',(46.5153718043597,3.62499999999997,14.75));
#4506=CARTESIAN_POINT('',(46.2653718043597,-3.5527136788005E-14,15.));
#4507=CARTESIAN_POINT('',(54.1624861213897,-3.99680288865056E-14,7.10288568297002));
#4508=CARTESIAN_POINT('',(46.2653718043597,1.01923788646682,15.));
#4509=CARTESIAN_POINT('',(46.7653718043597,1.01923788646682,14.5));
#4510=CARTESIAN_POINT('',(46.2653718043597,3.62499999999997,15.));
#4511=CARTESIAN_POINT('Origin',(45.7653718043597,1.01923788646682,14.75));
#4512=CARTESIAN_POINT('',(45.7846025735905,1.51886792711168,15.));
#4513=CARTESIAN_POINT('',(45.8038333428212,2.01849796775655,14.5));
#4514=CARTESIAN_POINT('Origin',(45.7653718043597,1.01923788646682,15.));
#4515=CARTESIAN_POINT('Origin',(46.7653718043597,27.,14.75));
#4516=CARTESIAN_POINT('',(25.1884487274366,13.4100628944595,15.));
#4517=CARTESIAN_POINT('',(25.6115256505136,13.6765322494701,14.5));
#4518=CARTESIAN_POINT('Origin',(46.7653718043597,27.,15.));
#4519=CARTESIAN_POINT('Origin',(24.7653718043597,13.143593539449,14.75));
#4520=CARTESIAN_POINT('',(24.5153718043597,13.5766062413412,15.));
#4521=CARTESIAN_POINT('',(24.2653718043597,14.0096189432334,14.5));
#4522=CARTESIAN_POINT('Origin',(24.7653718043597,13.143593539449,15.));
#4523=CARTESIAN_POINT('Origin',(27.4048002192098,15.5334936490539,14.75));
#4524=CARTESIAN_POINT('',(27.5298002192098,15.3169872981078,15.));
#4525=CARTESIAN_POINT('Origin',(62.3538290724796,-4.44089209850063E-14,
0.));
#4526=CARTESIAN_POINT('',(31.1769145362398,-2.66453525910038E-14,15.));
#4527=CARTESIAN_POINT('',(62.3538290724796,-4.44089209850063E-14,-1.2));
#4528=CARTESIAN_POINT('',(31.1769145362398,-2.66453525910038E-14,-1.2));
#4529=CARTESIAN_POINT('',(62.3538290724796,-4.44089209850063E-14,0.));
#4530=CARTESIAN_POINT('',(62.3538290724796,-4.44089209850063E-14,0.));
#4531=CARTESIAN_POINT('',(31.1769145362398,-2.66453525910038E-14,0.));
#4532=CARTESIAN_POINT('Origin',(68.4868803112342,39.2522436490539,14.75));
#4533=CARTESIAN_POINT('',(70.3980577065396,40.0669872981077,15.));
#4534=CARTESIAN_POINT('',(66.4495005480246,46.9060889132455,7.10288568297));
#4535=CARTESIAN_POINT('',(69.5153718043597,39.5573683548743,15.));
#4536=CARTESIAN_POINT('',(69.2653718043597,39.9903810567665,14.5));
#4537=CARTESIAN_POINT('',(68.6118803112342,39.0357372981077,15.));
#4538=CARTESIAN_POINT('Origin',(69.7653718043597,39.1243556529821,14.75));
#4539=CARTESIAN_POINT('',(69.323064112052,38.8911949673478,15.));
#4540=CARTESIAN_POINT('',(68.8807564197443,38.6580342817136,14.5));
#4541=CARTESIAN_POINT('Origin',(69.7653718043597,39.1243556529821,15.));
#4542=CARTESIAN_POINT('Origin',(46.7653718043597,27.,14.75));
#4543=CARTESIAN_POINT('',(69.323064112052,15.1088050326521,15.));
#4544=CARTESIAN_POINT('',(68.8807564197443,15.3419657182864,14.5));
#4545=CARTESIAN_POINT('Origin',(46.7653718043597,27.,15.));
#4546=CARTESIAN_POINT('Origin',(69.7653718043597,14.8756443470178,14.75));
#4547=CARTESIAN_POINT('',(69.5153718043597,14.4426316451256,15.));
#4548=CARTESIAN_POINT('',(69.2653718043597,14.0096189432334,14.5));
#4549=CARTESIAN_POINT('Origin',(69.7653718043597,14.8756443470178,15.));
#4550=CARTESIAN_POINT('Origin',(67.6208549074497,15.2477563509461,14.75));
#4551=CARTESIAN_POINT('',(70.3980577065396,13.9330127018922,15.));
#4552=CARTESIAN_POINT('',(70.3466148650545,13.8439110867544,14.89711431703));
#4553=CARTESIAN_POINT('',(67.7458549074497,15.4642627018922,15.));
#4554=CARTESIAN_POINT('Origin',(77.9422863405995,27.,0.));
#4555=CARTESIAN_POINT('',(62.3538290724796,-4.44089209850063E-14,0.));
#4556=CARTESIAN_POINT('',(77.9422863405995,27.,-1.2));
#4557=CARTESIAN_POINT('',(62.3538290724796,-4.44089209850063E-14,-1.2));
#4558=CARTESIAN_POINT('',(77.9422863405995,27.,15.));
#4559=CARTESIAN_POINT('',(77.9422863405995,27.,0.));
#4560=CARTESIAN_POINT('',(62.3538290724796,-4.44089209850063E-14,15.));
#4561=CARTESIAN_POINT('Origin',(64.5642156963659,17.8785332260653,0.));
#4562=CARTESIAN_POINT('',(65.4541578909662,17.4224598873686,0.));
#4563=CARTESIAN_POINT('',(65.0642156963659,18.7445586298497,0.));
#4564=CARTESIAN_POINT('Origin',(64.5642156963659,17.8785332260653,0.));
#4565=CARTESIAN_POINT('',(65.0642156963659,18.7445586298497,-1.2));
#4566=CARTESIAN_POINT('',(65.0642156963659,18.7445586298497,0.));
#4567=CARTESIAN_POINT('',(65.4541578909662,17.4224598873686,-1.2));
#4568=CARTESIAN_POINT('Origin',(64.5642156963659,17.8785332260653,-1.2));
#4569=CARTESIAN_POINT('',(65.4541578909662,17.4224598873686,0.));
#4570=CARTESIAN_POINT('Origin',(64.219854476264,19.2320508075688,0.));
#4571=CARTESIAN_POINT('',(60.3669994932007,21.4564976691891,0.));
#4572=CARTESIAN_POINT('',(55.9926131403119,23.9820508075688,0.));
#4573=CARTESIAN_POINT('',(60.3669994932007,21.4564976691891,-1.2));
#4574=CARTESIAN_POINT('',(60.3669994932007,21.4564976691891,0.));
#4575=CARTESIAN_POINT('',(55.9926131403119,23.9820508075688,-1.2));
#4576=CARTESIAN_POINT('Origin',(60.8669994932007,22.3225230729735,0.));
#4577=CARTESIAN_POINT('',(59.9178514756825,22.6373532507541,-1.2));
#4578=CARTESIAN_POINT('Origin',(60.8669994932007,22.3225230729735,-1.2));
#4579=CARTESIAN_POINT('',(59.9178514756825,22.6373532507541,0.));
#4580=CARTESIAN_POINT('Origin',(60.8669994932007,22.3225230729735,0.));
#4581=CARTESIAN_POINT('',(59.9178514756825,22.6373532507541,0.));
#4582=CARTESIAN_POINT('Origin',(46.7653718043597,27.,0.));
#4583=CARTESIAN_POINT('',(59.9178514756825,31.3626467492458,0.));
#4584=CARTESIAN_POINT('Origin',(46.7653718043597,27.,0.));
#4585=CARTESIAN_POINT('',(59.9178514756825,31.3626467492458,-1.2));
#4586=CARTESIAN_POINT('',(59.9178514756825,31.3626467492458,0.));
#4587=CARTESIAN_POINT('Origin',(46.7653718043597,27.,-1.2));
#4588=CARTESIAN_POINT('Origin',(46.7653718043597,27.,0.));
#4589=CARTESIAN_POINT('',(77.9422863405995,27.,0.));
#4590=CARTESIAN_POINT('',(31.1769145362398,54.,0.));
#4591=CARTESIAN_POINT('',(45.7153718043597,6.02626642678989,0.));
#4592=CARTESIAN_POINT('Origin',(46.7653718043597,27.,0.));
#4593=CARTESIAN_POINT('',(44.7653718043597,7.0250156445618,0.));
#4594=CARTESIAN_POINT('Origin',(45.7653718043597,7.0250156445618,0.));
#4595=CARTESIAN_POINT('',(44.7653718043597,12.4488937232404,0.));
#4596=CARTESIAN_POINT('',(44.7653718043597,21.0714285714285,0.));
#4597=CARTESIAN_POINT('',(43.9672948812828,13.4282951072531,0.));
#4598=CARTESIAN_POINT('Origin',(43.7653718043597,12.4488937232404,0.));
#4599=CARTESIAN_POINT('',(36.4109690561138,17.7909418564989,0.));
#4600=CARTESIAN_POINT('Origin',(46.7653718043597,27.,0.));
#4601=CARTESIAN_POINT('',(35.1637441155187,17.9923960540513,0.));
#4602=CARTESIAN_POINT('Origin',(35.6637441155187,17.1263706502669,0.));
#4603=CARTESIAN_POINT('',(30.4665279123535,15.280457014712,0.));
#4604=CARTESIAN_POINT('',(39.5381304684075,20.5179491924311,0.));
#4605=CARTESIAN_POINT('',(29.1265857177532,15.6038065394213,0.));
#4606=CARTESIAN_POINT('Origin',(29.9665279123535,16.1464824184965,0.));
#4607=CARTESIAN_POINT('',(29.1265857177532,38.3961934605787,0.));
#4608=CARTESIAN_POINT('Origin',(46.7653718043597,27.,0.));
#4609=CARTESIAN_POINT('',(30.4665279123535,38.7195429852879,0.));
#4610=CARTESIAN_POINT('Origin',(29.9665279123535,37.8535175815035,0.));
#4611=CARTESIAN_POINT('',(35.1637441155188,36.0076039459486,0.));
#4612=CARTESIAN_POINT('',(42.6310783390662,31.6963365218546,0.));
#4613=CARTESIAN_POINT('',(36.4109690561138,36.209058143501,0.));
#4614=CARTESIAN_POINT('Origin',(35.6637441155188,36.8736293497331,0.));
#4615=CARTESIAN_POINT('',(43.9672948812828,40.5717048927469,0.));
#4616=CARTESIAN_POINT('Origin',(46.7653718043597,27.,0.));
#4617=CARTESIAN_POINT('',(44.7653718043597,41.5511062767595,0.));
#4618=CARTESIAN_POINT('Origin',(43.7653718043597,41.5511062767595,0.));
#4619=CARTESIAN_POINT('',(44.7653718043597,46.9749843554382,0.));
#4620=CARTESIAN_POINT('',(44.7653718043597,36.5,0.));
#4621=CARTESIAN_POINT('',(45.7153718043597,47.9737335732101,0.));
#4622=CARTESIAN_POINT('Origin',(45.7653718043597,46.9749843554382,0.));
#4623=CARTESIAN_POINT('',(65.4541578909662,36.5775401126313,0.));
#4624=CARTESIAN_POINT('Origin',(46.7653718043597,27.,0.));
#4625=CARTESIAN_POINT('',(65.0642156963659,35.2554413701502,0.));
#4626=CARTESIAN_POINT('Origin',(64.5642156963659,36.1214667739346,0.));
#4627=CARTESIAN_POINT('',(60.3669994932007,32.5435023308109,0.));
#4628=CARTESIAN_POINT('',(52.8996652696532,28.2322349067168,0.));
#4629=CARTESIAN_POINT('Origin',(60.8669994932007,31.6774769270264,0.));
#4630=CARTESIAN_POINT('Origin',(60.8669994932007,31.6774769270264,0.));
#4631=CARTESIAN_POINT('',(60.3669994932007,32.5435023308109,-1.2));
#4632=CARTESIAN_POINT('Origin',(60.8669994932007,31.6774769270264,-1.2));
#4633=CARTESIAN_POINT('',(60.3669994932007,32.5435023308109,0.));
#4634=CARTESIAN_POINT('Origin',(58.0339587349466,31.1965206210025,0.));
#4635=CARTESIAN_POINT('',(65.0642156963659,35.2554413701502,-1.2));
#4636=CARTESIAN_POINT('',(65.0642156963659,35.2554413701502,0.));
#4637=CARTESIAN_POINT('',(52.8996652696532,28.2322349067168,-1.2));
#4638=CARTESIAN_POINT('Origin',(64.5642156963659,36.1214667739346,0.));
#4639=CARTESIAN_POINT('',(65.4541578909662,36.5775401126313,-1.2));
#4640=CARTESIAN_POINT('',(65.4541578909662,36.5775401126313,0.));
#4641=CARTESIAN_POINT('Origin',(64.5642156963659,36.1214667739346,-1.2));
#4642=CARTESIAN_POINT('Origin',(46.7653718043597,27.,0.));
#4643=CARTESIAN_POINT('',(45.7153718043597,47.9737335732101,-1.2));
#4644=CARTESIAN_POINT('',(45.7153718043597,47.9737335732101,0.));
#4645=CARTESIAN_POINT('Origin',(46.7653718043597,27.,-1.2));
#4646=CARTESIAN_POINT('Origin',(45.7653718043597,46.9749843554382,0.));
#4647=CARTESIAN_POINT('',(44.7653718043597,46.9749843554382,-1.2));
#4648=CARTESIAN_POINT('',(44.7653718043597,46.9749843554382,0.));
#4649=CARTESIAN_POINT('Origin',(45.7653718043597,46.9749843554382,-1.2));
#4650=CARTESIAN_POINT('Origin',(44.7653718043597,46.,0.));
#4651=CARTESIAN_POINT('',(44.7653718043597,41.5511062767595,-1.2));
#4652=CARTESIAN_POINT('',(44.7653718043597,41.5511062767595,0.));
#4653=CARTESIAN_POINT('',(44.7653718043597,36.5,-1.2));
#4654=CARTESIAN_POINT('Origin',(43.7653718043597,41.5511062767595,0.));
#4655=CARTESIAN_POINT('',(43.9672948812828,40.5717048927469,-1.2));
#4656=CARTESIAN_POINT('Origin',(43.7653718043597,41.5511062767595,-1.2));
#4657=CARTESIAN_POINT('',(43.9672948812828,40.5717048927469,0.));
#4658=CARTESIAN_POINT('Origin',(46.7653718043597,27.,0.));
#4659=CARTESIAN_POINT('',(36.4109690561138,36.209058143501,-1.2));
#4660=CARTESIAN_POINT('',(36.4109690561138,36.209058143501,0.));
#4661=CARTESIAN_POINT('Origin',(46.7653718043597,27.,-1.2));
#4662=CARTESIAN_POINT('Origin',(35.6637441155188,36.8736293497331,0.));
#4663=CARTESIAN_POINT('',(35.1637441155188,36.0076039459486,-1.2));
#4664=CARTESIAN_POINT('Origin',(35.6637441155188,36.8736293497331,-1.2));
#4665=CARTESIAN_POINT('',(35.1637441155188,36.0076039459486,0.));
#4666=CARTESIAN_POINT('Origin',(37.4967848737728,34.6606222361403,0.));
#4667=CARTESIAN_POINT('',(30.4665279123535,38.7195429852879,-1.2));
#4668=CARTESIAN_POINT('',(30.4665279123535,38.7195429852879,0.));
#4669=CARTESIAN_POINT('',(42.6310783390662,31.6963365218546,-1.2));
#4670=CARTESIAN_POINT('Origin',(29.9665279123535,37.8535175815035,0.));
#4671=CARTESIAN_POINT('',(29.1265857177532,38.3961934605787,-1.2));
#4672=CARTESIAN_POINT('',(29.1265857177532,38.3961934605787,0.));
#4673=CARTESIAN_POINT('Origin',(29.9665279123535,37.8535175815035,-1.2));
#4674=CARTESIAN_POINT('Origin',(46.7653718043597,27.,0.));
#4675=CARTESIAN_POINT('',(29.1265857177532,15.6038065394213,-1.2));
#4676=CARTESIAN_POINT('',(29.1265857177532,15.6038065394213,0.));
#4677=CARTESIAN_POINT('Origin',(46.7653718043597,27.,-1.2));
#4678=CARTESIAN_POINT('Origin',(29.9665279123535,16.1464824184965,0.));
#4679=CARTESIAN_POINT('',(30.4665279123535,15.280457014712,-1.2));
#4680=CARTESIAN_POINT('',(30.4665279123535,15.280457014712,0.));
#4681=CARTESIAN_POINT('Origin',(29.9665279123535,16.1464824184965,-1.2));
#4682=CARTESIAN_POINT('Origin',(31.3108891324554,15.7679491924311,0.));
#4683=CARTESIAN_POINT('',(35.1637441155187,17.9923960540513,-1.2));
#4684=CARTESIAN_POINT('',(35.1637441155187,17.9923960540513,0.));
#4685=CARTESIAN_POINT('',(39.5381304684075,20.5179491924311,-1.2));
#4686=CARTESIAN_POINT('Origin',(35.6637441155187,17.1263706502669,0.));
#4687=CARTESIAN_POINT('',(36.4109690561138,17.7909418564989,-1.2));
#4688=CARTESIAN_POINT('Origin',(35.6637441155187,17.1263706502669,-1.2));
#4689=CARTESIAN_POINT('',(36.4109690561138,17.7909418564989,0.));
#4690=CARTESIAN_POINT('Origin',(46.7653718043597,27.,0.));
#4691=CARTESIAN_POINT('',(43.9672948812828,13.4282951072531,-1.2));
#4692=CARTESIAN_POINT('',(43.9672948812828,13.4282951072531,0.));
#4693=CARTESIAN_POINT('Origin',(46.7653718043597,27.,-1.2));
#4694=CARTESIAN_POINT('Origin',(45.7653718043597,7.0250156445618,0.));
#4695=CARTESIAN_POINT('',(45.7153718043597,6.02626642678989,-1.2));
#4696=CARTESIAN_POINT('',(45.7153718043597,6.02626642678989,0.));
#4697=CARTESIAN_POINT('',(44.7653718043597,7.0250156445618,-1.2));
#4698=CARTESIAN_POINT('Origin',(45.7653718043597,7.0250156445618,-1.2));
#4699=CARTESIAN_POINT('',(44.7653718043597,7.0250156445618,0.));
#4700=CARTESIAN_POINT('Origin',(46.7653718043597,27.,0.));
#4701=CARTESIAN_POINT('Origin',(46.7653718043597,27.,-1.2));
#4702=CARTESIAN_POINT('Origin',(43.7653718043597,12.4488937232404,0.));
#4703=CARTESIAN_POINT('',(44.7653718043597,12.4488937232404,-1.2));
#4704=CARTESIAN_POINT('Origin',(43.7653718043597,12.4488937232404,-1.2));
#4705=CARTESIAN_POINT('',(44.7653718043597,12.4488937232404,0.));
#4706=CARTESIAN_POINT('Origin',(73.1791466197851,27.,15.));
#4707=CARTESIAN_POINT('',(77.9422863405995,27.,15.));
#4708=CARTESIAN_POINT('Origin',(35.0740288532698,7.24999999999997,15.));
#4709=CARTESIAN_POINT('Origin',(35.0740288532698,46.75,15.));
#4710=CARTESIAN_POINT('',(31.1769145362398,54.,15.));
#4711=CARTESIAN_POINT('Origin',(44.7653718043597,15.1428571428571,0.));
#4712=CARTESIAN_POINT('',(44.7653718043597,21.0714285714285,-1.2));
#4713=CARTESIAN_POINT('Origin',(15.5884572681199,27.,0.));
#4714=CARTESIAN_POINT('',(31.1769145362398,54.,-1.2));
#4715=CARTESIAN_POINT('Origin',(62.3538290724796,54.,0.));
#4716=CARTESIAN_POINT('',(77.9422863405995,27.,-1.2));
#4717=CARTESIAN_POINT('Origin',(46.7653718043597,27.,-1.2));
#4718=UNCERTAINTY_MEASURE_WITH_UNIT(LENGTH_MEASURE(0.01),#4722,
'DISTANCE_ACCURACY_VALUE',
'Maximum model space distance between geometric entities at asserted c
onnectivities');
#4719=UNCERTAINTY_MEASURE_WITH_UNIT(LENGTH_MEASURE(0.01),#4722,
'DISTANCE_ACCURACY_VALUE',
'Maximum model space distance between geometric entities at asserted c
onnectivities');
#4720=(
GEOMETRIC_REPRESENTATION_CONTEXT(3)
GLOBAL_UNCERTAINTY_ASSIGNED_CONTEXT((#4718))
GLOBAL_UNIT_ASSIGNED_CONTEXT((#4722,#4724,#4725))
REPRESENTATION_CONTEXT('','3D')
);
#4721=(
GEOMETRIC_REPRESENTATION_CONTEXT(3)
GLOBAL_UNCERTAINTY_ASSIGNED_CONTEXT((#4719))
GLOBAL_UNIT_ASSIGNED_CONTEXT((#4722,#4724,#4725))
REPRESENTATION_CONTEXT('','3D')
);
#4722=(
LENGTH_UNIT()
NAMED_UNIT(*)
SI_UNIT(.MILLI.,.METRE.)
);
#4723=(
LENGTH_UNIT()
NAMED_UNIT(*)
SI_UNIT($,.METRE.)
);
#4724=(
NAMED_UNIT(*)
PLANE_ANGLE_UNIT()
SI_UNIT($,.RADIAN.)
);
#4725=(
NAMED_UNIT(*)
SI_UNIT($,.STERADIAN.)
SOLID_ANGLE_UNIT()
);
#4726=SHAPE_DEFINITION_REPRESENTATION(#4727,#4728);
#4727=PRODUCT_DEFINITION_SHAPE('',$,#4730);
#4728=SHAPE_REPRESENTATION('',(#2762),#4720);
#4729=PRODUCT_DEFINITION_CONTEXT('part definition',#4734,'design');
#4730=PRODUCT_DEFINITION('hexStand','hexStand v1',#4731,#4729);
#4731=PRODUCT_DEFINITION_FORMATION('',$,#4736);
#4732=PRODUCT_RELATED_PRODUCT_CATEGORY('hexStand v1','hexStand v1',(#4736));
#4733=APPLICATION_PROTOCOL_DEFINITION('international standard',
'automotive_design',2009,#4734);
#4734=APPLICATION_CONTEXT(
'Core Data for Automotive Mechanical Design Process');
#4735=PRODUCT_CONTEXT('part definition',#4734,'mechanical');
#4736=PRODUCT('hexStand','hexStand v1',$,(#4735));
#4737=PRESENTATION_STYLE_ASSIGNMENT((#4738));
#4738=SURFACE_STYLE_USAGE(.BOTH.,#4739);
#4739=SURFACE_SIDE_STYLE('',(#4740));
#4740=SURFACE_STYLE_FILL_AREA(#4741);
#4741=FILL_AREA_STYLE('Steel - Satin',(#4742));
#4742=FILL_AREA_STYLE_COLOUR('Steel - Satin',#4743);
#4743=COLOUR_RGB('Steel - Satin',0.627450980392157,0.627450980392157,0.627450980392157);
ENDSEC;
END-ISO-10303-21;
