ISO-10303-21;
HEADER;
/* Generated by software containing ST-Developer
 * from STEP Tools, Inc. (www.steptools.com) 
 */

FILE_DESCRIPTION(
/* description */ (''),
/* implementation_level */ '2;1');

FILE_NAME(
/* name */ 'ta2-1.step',
/* time_stamp */ '2026-09-08T14:57:50+07:00',
/* author */ (''),
/* organization */ (''),
/* preprocessor_version */ 'ST-DEVELOPER v20.1',
/* originating_system */ 'Autodesk Translation Framework v15.8.0.0',
/* authorisation */ '');

FILE_SCHEMA (('AUTOMOTIVE_DESIGN { 1 0 10303 214 3 1 1 }'));
ENDSEC;

DATA;
#10=MECHANICAL_DESIGN_GEOMETRIC_PRESENTATION_REPRESENTATION('',(#13),#3483);
#11=SHAPE_REPRESENTATION_RELATIONSHIP('SRR','None',#3490,#12);
#12=ADVANCED_BREP_SHAPE_REPRESENTATION('',(#14),#3482);
#13=STYLED_ITEM('',(#3499),#14);
#14=MANIFOLD_SOLID_BREP('Body4',#2083);
#15=CYLINDRICAL_SURFACE('',#2187,1.);
#16=CYLINDRICAL_SURFACE('',#2189,0.5);
#17=CYLINDRICAL_SURFACE('',#2191,1.);
#18=CYLINDRICAL_SURFACE('',#2207,1.);
#19=CYLINDRICAL_SURFACE('',#2209,0.5);
#20=CYLINDRICAL_SURFACE('',#2211,1.);
#21=CYLINDRICAL_SURFACE('',#2227,1.);
#22=CYLINDRICAL_SURFACE('',#2229,0.5);
#23=CYLINDRICAL_SURFACE('',#2231,1.);
#24=CYLINDRICAL_SURFACE('',#2233,1.);
#25=CYLINDRICAL_SURFACE('',#2236,1.);
#26=CYLINDRICAL_SURFACE('',#2239,1.);
#27=CYLINDRICAL_SURFACE('',#2242,1.);
#28=CYLINDRICAL_SURFACE('',#2245,1.);
#29=CYLINDRICAL_SURFACE('',#2248,1.);
#30=CYLINDRICAL_SURFACE('',#2251,1.);
#31=CYLINDRICAL_SURFACE('',#2254,1.);
#32=CYLINDRICAL_SURFACE('',#2257,1.);
#33=CYLINDRICAL_SURFACE('',#2259,1.);
#34=CYLINDRICAL_SURFACE('',#2261,1.);
#35=CYLINDRICAL_SURFACE('',#2263,1.);
#36=CYLINDRICAL_SURFACE('',#2265,0.5);
#37=CYLINDRICAL_SURFACE('',#2270,1.);
#38=CYLINDRICAL_SURFACE('',#2272,1.);
#39=FACE_BOUND('',#259,.T.);
#40=FACE_BOUND('',#370,.T.);
#41=CIRCLE('',#2099,1.);
#42=CIRCLE('',#2100,1.5);
#43=CIRCLE('',#2104,1.);
#44=CIRCLE('',#2105,1.5);
#45=CIRCLE('',#2108,0.5);
#46=CIRCLE('',#2110,1.5);
#47=CIRCLE('',#2111,1.5);
#48=CIRCLE('',#2112,1.5);
#49=CIRCLE('',#2113,1.5);
#50=CIRCLE('',#2114,1.5);
#51=CIRCLE('',#2115,1.5);
#52=CIRCLE('',#2116,1.);
#53=CIRCLE('',#2117,1.);
#54=CIRCLE('',#2118,1.);
#55=CIRCLE('',#2119,1.);
#56=CIRCLE('',#2120,1.);
#57=CIRCLE('',#2121,1.);
#58=CIRCLE('',#2122,1.);
#59=CIRCLE('',#2123,1.);
#60=CIRCLE('',#2124,1.);
#61=CIRCLE('',#2125,1.);
#62=CIRCLE('',#2126,1.);
#63=CIRCLE('',#2127,1.);
#64=CIRCLE('',#2130,1.);
#65=CIRCLE('',#2134,1.);
#66=CIRCLE('',#2137,0.500000000000001);
#67=CIRCLE('',#2140,1.);
#68=CIRCLE('',#2144,1.);
#69=CIRCLE('',#2147,0.5);
#70=CIRCLE('',#2150,1.);
#71=CIRCLE('',#2154,1.);
#72=CIRCLE('',#2157,0.5);
#73=CIRCLE('',#2160,1.);
#74=CIRCLE('',#2161,0.5);
#75=CIRCLE('',#2164,0.5);
#76=CIRCLE('',#2165,0.999999999999999);
#77=CIRCLE('',#2168,1.);
#78=CIRCLE('',#2169,0.5);
#79=CIRCLE('',#2175,1.);
#80=CIRCLE('',#2176,0.499999999999999);
#81=CIRCLE('',#2179,0.5);
#82=CIRCLE('',#2180,0.999999999999999);
#83=CIRCLE('',#2183,1.);
#84=CIRCLE('',#2184,0.500000000000001);
#85=CIRCLE('',#2196,1.);
#86=CIRCLE('',#2197,0.5);
#87=CIRCLE('',#2200,0.5);
#88=CIRCLE('',#2201,1.);
#89=CIRCLE('',#2204,1.);
#90=CIRCLE('',#2205,0.5);
#91=CIRCLE('',#2215,1.);
#92=CIRCLE('',#2216,0.500000000000001);
#93=CIRCLE('',#2219,0.5);
#94=CIRCLE('',#2220,0.999999999999999);
#95=CIRCLE('',#2223,1.);
#96=CIRCLE('',#2224,0.5);
#97=CIRCLE('',#2234,1.);
#98=CIRCLE('',#2237,1.);
#99=CIRCLE('',#2240,1.);
#100=CIRCLE('',#2243,1.);
#101=CIRCLE('',#2246,1.);
#102=CIRCLE('',#2249,1.);
#103=CIRCLE('',#2252,1.);
#104=CIRCLE('',#2255,1.);
#105=CIRCLE('',#2258,1.);
#106=CIRCLE('',#2260,1.);
#107=CIRCLE('',#2262,1.);
#108=CIRCLE('',#2264,1.);
#109=CONICAL_SURFACE('',#2098,1.25,0.785398163397448);
#110=CONICAL_SURFACE('',#2103,1.25,0.785398163397448);
#111=CONICAL_SURFACE('',#2107,0.5,0.785398163397449);
#112=CONICAL_SURFACE('',#2129,1.25,0.785398163397449);
#113=CONICAL_SURFACE('',#2133,1.25,0.785398163397449);
#114=CONICAL_SURFACE('',#2136,0.500000000000001,0.785398163397449);
#115=CONICAL_SURFACE('',#2139,1.25,0.785398163397448);
#116=CONICAL_SURFACE('',#2143,1.25,0.785398163397447);
#117=CONICAL_SURFACE('',#2146,0.5,0.785398163397449);
#118=CONICAL_SURFACE('',#2149,1.25,0.785398163397448);
#119=CONICAL_SURFACE('',#2153,1.25,0.785398163397449);
#120=CONICAL_SURFACE('',#2156,0.5,0.785398163397448);
#121=CONICAL_SURFACE('',#2159,0.75,0.785398163397448);
#122=CONICAL_SURFACE('',#2163,0.75,0.785398163397447);
#123=CONICAL_SURFACE('',#2167,0.75,0.785398163397448);
#124=CONICAL_SURFACE('',#2174,0.75,0.785398163397448);
#125=CONICAL_SURFACE('',#2178,0.749999999999999,0.785398163397447);
#126=CONICAL_SURFACE('',#2182,0.750000000000001,0.785398163397447);
#127=CONICAL_SURFACE('',#2195,0.75,0.785398163397448);
#128=CONICAL_SURFACE('',#2199,0.75,0.785398163397448);
#129=CONICAL_SURFACE('',#2203,0.75,0.785398163397448);
#130=CONICAL_SURFACE('',#2214,0.750000000000001,0.785398163397447);
#131=CONICAL_SURFACE('',#2218,0.75,0.785398163397447);
#132=CONICAL_SURFACE('',#2222,0.75,0.785398163397448);
#133=FACE_OUTER_BOUND('',#251,.T.);
#134=FACE_OUTER_BOUND('',#252,.T.);
#135=FACE_OUTER_BOUND('',#253,.T.);
#136=FACE_OUTER_BOUND('',#254,.T.);
#137=FACE_OUTER_BOUND('',#255,.T.);
#138=FACE_OUTER_BOUND('',#256,.T.);
#139=FACE_OUTER_BOUND('',#257,.T.);
#140=FACE_OUTER_BOUND('',#258,.T.);
#141=FACE_OUTER_BOUND('',#260,.T.);
#142=FACE_OUTER_BOUND('',#261,.T.);
#143=FACE_OUTER_BOUND('',#262,.T.);
#144=FACE_OUTER_BOUND('',#263,.T.);
#145=FACE_OUTER_BOUND('',#264,.T.);
#146=FACE_OUTER_BOUND('',#265,.T.);
#147=FACE_OUTER_BOUND('',#266,.T.);
#148=FACE_OUTER_BOUND('',#267,.T.);
#149=FACE_OUTER_BOUND('',#268,.T.);
#150=FACE_OUTER_BOUND('',#269,.T.);
#151=FACE_OUTER_BOUND('',#270,.T.);
#152=FACE_OUTER_BOUND('',#271,.T.);
#153=FACE_OUTER_BOUND('',#272,.T.);
#154=FACE_OUTER_BOUND('',#273,.T.);
#155=FACE_OUTER_BOUND('',#274,.T.);
#156=FACE_OUTER_BOUND('',#275,.T.);
#157=FACE_OUTER_BOUND('',#276,.T.);
#158=FACE_OUTER_BOUND('',#277,.T.);
#159=FACE_OUTER_BOUND('',#278,.T.);
#160=FACE_OUTER_BOUND('',#279,.T.);
#161=FACE_OUTER_BOUND('',#280,.T.);
#162=FACE_OUTER_BOUND('',#281,.T.);
#163=FACE_OUTER_BOUND('',#282,.T.);
#164=FACE_OUTER_BOUND('',#283,.T.);
#165=FACE_OUTER_BOUND('',#284,.T.);
#166=FACE_OUTER_BOUND('',#285,.T.);
#167=FACE_OUTER_BOUND('',#286,.T.);
#168=FACE_OUTER_BOUND('',#287,.T.);
#169=FACE_OUTER_BOUND('',#288,.T.);
#170=FACE_OUTER_BOUND('',#289,.T.);
#171=FACE_OUTER_BOUND('',#290,.T.);
#172=FACE_OUTER_BOUND('',#291,.T.);
#173=FACE_OUTER_BOUND('',#292,.T.);
#174=FACE_OUTER_BOUND('',#293,.T.);
#175=FACE_OUTER_BOUND('',#294,.T.);
#176=FACE_OUTER_BOUND('',#295,.T.);
#177=FACE_OUTER_BOUND('',#296,.T.);
#178=FACE_OUTER_BOUND('',#297,.T.);
#179=FACE_OUTER_BOUND('',#298,.T.);
#180=FACE_OUTER_BOUND('',#299,.T.);
#181=FACE_OUTER_BOUND('',#300,.T.);
#182=FACE_OUTER_BOUND('',#301,.T.);
#183=FACE_OUTER_BOUND('',#302,.T.);
#184=FACE_OUTER_BOUND('',#303,.T.);
#185=FACE_OUTER_BOUND('',#304,.T.);
#186=FACE_OUTER_BOUND('',#305,.T.);
#187=FACE_OUTER_BOUND('',#306,.T.);
#188=FACE_OUTER_BOUND('',#307,.T.);
#189=FACE_OUTER_BOUND('',#308,.T.);
#190=FACE_OUTER_BOUND('',#309,.T.);
#191=FACE_OUTER_BOUND('',#310,.T.);
#192=FACE_OUTER_BOUND('',#311,.T.);
#193=FACE_OUTER_BOUND('',#312,.T.);
#194=FACE_OUTER_BOUND('',#313,.T.);
#195=FACE_OUTER_BOUND('',#314,.T.);
#196=FACE_OUTER_BOUND('',#315,.T.);
#197=FACE_OUTER_BOUND('',#316,.T.);
#198=FACE_OUTER_BOUND('',#317,.T.);
#199=FACE_OUTER_BOUND('',#318,.T.);
#200=FACE_OUTER_BOUND('',#319,.T.);
#201=FACE_OUTER_BOUND('',#320,.T.);
#202=FACE_OUTER_BOUND('',#321,.T.);
#203=FACE_OUTER_BOUND('',#322,.T.);
#204=FACE_OUTER_BOUND('',#323,.T.);
#205=FACE_OUTER_BOUND('',#324,.T.);
#206=FACE_OUTER_BOUND('',#325,.T.);
#207=FACE_OUTER_BOUND('',#326,.T.);
#208=FACE_OUTER_BOUND('',#327,.T.);
#209=FACE_OUTER_BOUND('',#328,.T.);
#210=FACE_OUTER_BOUND('',#329,.T.);
#211=FACE_OUTER_BOUND('',#330,.T.);
#212=FACE_OUTER_BOUND('',#331,.T.);
#213=FACE_OUTER_BOUND('',#332,.T.);
#214=FACE_OUTER_BOUND('',#333,.T.);
#215=FACE_OUTER_BOUND('',#334,.T.);
#216=FACE_OUTER_BOUND('',#335,.T.);
#217=FACE_OUTER_BOUND('',#336,.T.);
#218=FACE_OUTER_BOUND('',#337,.T.);
#219=FACE_OUTER_BOUND('',#338,.T.);
#220=FACE_OUTER_BOUND('',#339,.T.);
#221=FACE_OUTER_BOUND('',#340,.T.);
#222=FACE_OUTER_BOUND('',#341,.T.);
#223=FACE_OUTER_BOUND('',#342,.T.);
#224=FACE_OUTER_BOUND('',#343,.T.);
#225=FACE_OUTER_BOUND('',#344,.T.);
#226=FACE_OUTER_BOUND('',#345,.T.);
#227=FACE_OUTER_BOUND('',#346,.T.);
#228=FACE_OUTER_BOUND('',#347,.T.);
#229=FACE_OUTER_BOUND('',#348,.T.);
#230=FACE_OUTER_BOUND('',#349,.T.);
#231=FACE_OUTER_BOUND('',#350,.T.);
#232=FACE_OUTER_BOUND('',#351,.T.);
#233=FACE_OUTER_BOUND('',#352,.T.);
#234=FACE_OUTER_BOUND('',#353,.T.);
#235=FACE_OUTER_BOUND('',#354,.T.);
#236=FACE_OUTER_BOUND('',#355,.T.);
#237=FACE_OUTER_BOUND('',#356,.T.);
#238=FACE_OUTER_BOUND('',#357,.T.);
#239=FACE_OUTER_BOUND('',#358,.T.);
#240=FACE_OUTER_BOUND('',#359,.T.);
#241=FACE_OUTER_BOUND('',#360,.T.);
#242=FACE_OUTER_BOUND('',#361,.T.);
#243=FACE_OUTER_BOUND('',#362,.T.);
#244=FACE_OUTER_BOUND('',#363,.T.);
#245=FACE_OUTER_BOUND('',#364,.T.);
#246=FACE_OUTER_BOUND('',#365,.T.);
#247=FACE_OUTER_BOUND('',#366,.T.);
#248=FACE_OUTER_BOUND('',#367,.T.);
#249=FACE_OUTER_BOUND('',#368,.T.);
#250=FACE_OUTER_BOUND('',#369,.T.);
#251=EDGE_LOOP('',(#1303,#1304,#1305,#1306));
#252=EDGE_LOOP('',(#1307,#1308,#1309,#1310));
#253=EDGE_LOOP('',(#1311,#1312,#1313,#1314));
#254=EDGE_LOOP('',(#1315,#1316,#1317,#1318));
#255=EDGE_LOOP('',(#1319,#1320,#1321,#1322));
#256=EDGE_LOOP('',(#1323,#1324,#1325,#1326));
#257=EDGE_LOOP('',(#1327,#1328,#1329));
#258=EDGE_LOOP('',(#1330,#1331,#1332,#1333,#1334,#1335,#1336,#1337,#1338,
#1339,#1340,#1341,#1342,#1343,#1344,#1345,#1346,#1347,#1348,#1349,#1350,
#1351,#1352,#1353,#1354,#1355,#1356,#1357));
#259=EDGE_LOOP('',(#1358,#1359,#1360,#1361,#1362,#1363,#1364,#1365,#1366,
#1367,#1368,#1369,#1370,#1371,#1372,#1373,#1374,#1375,#1376,#1377,#1378,
#1379,#1380,#1381));
#260=EDGE_LOOP('',(#1382,#1383,#1384,#1385));
#261=EDGE_LOOP('',(#1386,#1387,#1388,#1389));
#262=EDGE_LOOP('',(#1390,#1391,#1392,#1393));
#263=EDGE_LOOP('',(#1394,#1395,#1396,#1397));
#264=EDGE_LOOP('',(#1398,#1399,#1400,#1401));
#265=EDGE_LOOP('',(#1402,#1403,#1404,#1405));
#266=EDGE_LOOP('',(#1406,#1407,#1408));
#267=EDGE_LOOP('',(#1409,#1410,#1411,#1412));
#268=EDGE_LOOP('',(#1413,#1414,#1415,#1416));
#269=EDGE_LOOP('',(#1417,#1418,#1419,#1420));
#270=EDGE_LOOP('',(#1421,#1422,#1423,#1424));
#271=EDGE_LOOP('',(#1425,#1426,#1427,#1428));
#272=EDGE_LOOP('',(#1429,#1430,#1431,#1432));
#273=EDGE_LOOP('',(#1433,#1434,#1435));
#274=EDGE_LOOP('',(#1436,#1437,#1438,#1439));
#275=EDGE_LOOP('',(#1440,#1441,#1442,#1443));
#276=EDGE_LOOP('',(#1444,#1445,#1446,#1447));
#277=EDGE_LOOP('',(#1448,#1449,#1450,#1451));
#278=EDGE_LOOP('',(#1452,#1453,#1454,#1455));
#279=EDGE_LOOP('',(#1456,#1457,#1458,#1459));
#280=EDGE_LOOP('',(#1460,#1461,#1462));
#281=EDGE_LOOP('',(#1463,#1464,#1465,#1466));
#282=EDGE_LOOP('',(#1467,#1468,#1469,#1470));
#283=EDGE_LOOP('',(#1471,#1472,#1473,#1474));
#284=EDGE_LOOP('',(#1475,#1476,#1477,#1478));
#285=EDGE_LOOP('',(#1479,#1480,#1481,#1482));
#286=EDGE_LOOP('',(#1483,#1484,#1485,#1486));
#287=EDGE_LOOP('',(#1487,#1488,#1489,#1490));
#288=EDGE_LOOP('',(#1491,#1492,#1493,#1494,#1495,#1496,#1497,#1498,#1499));
#289=EDGE_LOOP('',(#1500,#1501,#1502,#1503,#1504,#1505,#1506,#1507,#1508,
#1509,#1510,#1511));
#290=EDGE_LOOP('',(#1512,#1513,#1514,#1515));
#291=EDGE_LOOP('',(#1516,#1517,#1518,#1519));
#292=EDGE_LOOP('',(#1520,#1521,#1522,#1523));
#293=EDGE_LOOP('',(#1524,#1525,#1526,#1527));
#294=EDGE_LOOP('',(#1528,#1529,#1530,#1531));
#295=EDGE_LOOP('',(#1532,#1533,#1534,#1535));
#296=EDGE_LOOP('',(#1536,#1537,#1538,#1539));
#297=EDGE_LOOP('',(#1540,#1541,#1542,#1543));
#298=EDGE_LOOP('',(#1544,#1545,#1546,#1547));
#299=EDGE_LOOP('',(#1548,#1549,#1550,#1551));
#300=EDGE_LOOP('',(#1552,#1553,#1554,#1555));
#301=EDGE_LOOP('',(#1556,#1557,#1558,#1559));
#302=EDGE_LOOP('',(#1560,#1561,#1562,#1563));
#303=EDGE_LOOP('',(#1564,#1565,#1566,#1567));
#304=EDGE_LOOP('',(#1568,#1569,#1570,#1571,#1572,#1573,#1574,#1575,#1576,
#1577,#1578,#1579));
#305=EDGE_LOOP('',(#1580,#1581,#1582,#1583));
#306=EDGE_LOOP('',(#1584,#1585,#1586,#1587));
#307=EDGE_LOOP('',(#1588,#1589,#1590,#1591));
#308=EDGE_LOOP('',(#1592,#1593,#1594,#1595));
#309=EDGE_LOOP('',(#1596,#1597,#1598,#1599));
#310=EDGE_LOOP('',(#1600,#1601,#1602,#1603));
#311=EDGE_LOOP('',(#1604,#1605,#1606,#1607));
#312=EDGE_LOOP('',(#1608,#1609,#1610,#1611));
#313=EDGE_LOOP('',(#1612,#1613,#1614,#1615));
#314=EDGE_LOOP('',(#1616,#1617,#1618,#1619));
#315=EDGE_LOOP('',(#1620,#1621,#1622,#1623));
#316=EDGE_LOOP('',(#1624,#1625,#1626,#1627));
#317=EDGE_LOOP('',(#1628,#1629,#1630,#1631));
#318=EDGE_LOOP('',(#1632,#1633,#1634,#1635));
#319=EDGE_LOOP('',(#1636,#1637,#1638,#1639));
#320=EDGE_LOOP('',(#1640,#1641,#1642,#1643));
#321=EDGE_LOOP('',(#1644,#1645,#1646,#1647));
#322=EDGE_LOOP('',(#1648,#1649,#1650,#1651));
#323=EDGE_LOOP('',(#1652,#1653,#1654,#1655));
#324=EDGE_LOOP('',(#1656,#1657,#1658,#1659));
#325=EDGE_LOOP('',(#1660,#1661,#1662,#1663));
#326=EDGE_LOOP('',(#1664,#1665,#1666,#1667));
#327=EDGE_LOOP('',(#1668,#1669,#1670,#1671));
#328=EDGE_LOOP('',(#1672,#1673,#1674,#1675));
#329=EDGE_LOOP('',(#1676,#1677,#1678,#1679));
#330=EDGE_LOOP('',(#1680,#1681,#1682,#1683));
#331=EDGE_LOOP('',(#1684,#1685,#1686,#1687));
#332=EDGE_LOOP('',(#1688,#1689,#1690,#1691));
#333=EDGE_LOOP('',(#1692,#1693,#1694,#1695));
#334=EDGE_LOOP('',(#1696,#1697,#1698,#1699));
#335=EDGE_LOOP('',(#1700,#1701,#1702,#1703));
#336=EDGE_LOOP('',(#1704,#1705,#1706,#1707));
#337=EDGE_LOOP('',(#1708,#1709,#1710,#1711));
#338=EDGE_LOOP('',(#1712,#1713,#1714,#1715));
#339=EDGE_LOOP('',(#1716,#1717,#1718,#1719));
#340=EDGE_LOOP('',(#1720,#1721,#1722,#1723));
#341=EDGE_LOOP('',(#1724,#1725,#1726,#1727));
#342=EDGE_LOOP('',(#1728,#1729,#1730,#1731));
#343=EDGE_LOOP('',(#1732,#1733,#1734,#1735));
#344=EDGE_LOOP('',(#1736,#1737,#1738,#1739));
#345=EDGE_LOOP('',(#1740,#1741,#1742,#1743));
#346=EDGE_LOOP('',(#1744,#1745,#1746,#1747));
#347=EDGE_LOOP('',(#1748,#1749,#1750,#1751));
#348=EDGE_LOOP('',(#1752,#1753,#1754,#1755));
#349=EDGE_LOOP('',(#1756,#1757,#1758,#1759));
#350=EDGE_LOOP('',(#1760,#1761,#1762,#1763));
#351=EDGE_LOOP('',(#1764,#1765,#1766,#1767));
#352=EDGE_LOOP('',(#1768,#1769,#1770,#1771));
#353=EDGE_LOOP('',(#1772,#1773,#1774,#1775));
#354=EDGE_LOOP('',(#1776,#1777,#1778,#1779,#1780,#1781,#1782,#1783,#1784));
#355=EDGE_LOOP('',(#1785,#1786,#1787,#1788));
#356=EDGE_LOOP('',(#1789,#1790,#1791,#1792,#1793,#1794,#1795,#1796,#1797));
#357=EDGE_LOOP('',(#1798,#1799,#1800,#1801));
#358=EDGE_LOOP('',(#1802,#1803,#1804,#1805));
#359=EDGE_LOOP('',(#1806,#1807,#1808,#1809));
#360=EDGE_LOOP('',(#1810,#1811,#1812,#1813));
#361=EDGE_LOOP('',(#1814,#1815,#1816,#1817,#1818,#1819,#1820,#1821,#1822));
#362=EDGE_LOOP('',(#1823,#1824,#1825,#1826));
#363=EDGE_LOOP('',(#1827,#1828,#1829,#1830));
#364=EDGE_LOOP('',(#1831,#1832,#1833,#1834));
#365=EDGE_LOOP('',(#1835,#1836,#1837,#1838));
#366=EDGE_LOOP('',(#1839,#1840,#1841,#1842,#1843,#1844,#1845,#1846,#1847,
#1848,#1849,#1850));
#367=EDGE_LOOP('',(#1851,#1852,#1853,#1854));
#368=EDGE_LOOP('',(#1855,#1856,#1857,#1858,#1859,#1860,#1861,#1862,#1863,
#1864,#1865,#1866));
#369=EDGE_LOOP('',(#1867,#1868,#1869,#1870));
#370=EDGE_LOOP('',(#1871,#1872,#1873,#1874,#1875,#1876,#1877,#1878,#1879,
#1880,#1881,#1882,#1883,#1884,#1885,#1886,#1887,#1888,#1889,#1890,#1891,
#1892,#1893,#1894));
#371=LINE('',#2889,#599);
#372=LINE('',#2891,#600);
#373=LINE('',#2893,#601);
#374=LINE('',#2894,#602);
#375=LINE('',#2898,#603);
#376=LINE('',#2904,#604);
#377=LINE('',#2905,#605);
#378=LINE('',#2906,#606);
#379=LINE('',#2910,#607);
#380=LINE('',#2912,#608);
#381=LINE('',#2914,#609);
#382=LINE('',#2915,#610);
#383=LINE('',#2919,#611);
#384=LINE('',#2924,#612);
#385=LINE('',#2925,#613);
#386=LINE('',#2926,#614);
#387=LINE('',#2931,#615);
#388=LINE('',#2933,#616);
#389=LINE('',#2937,#617);
#390=LINE('',#2939,#618);
#391=LINE('',#2943,#619);
#392=LINE('',#2945,#620);
#393=LINE('',#2947,#621);
#394=LINE('',#2951,#622);
#395=LINE('',#2953,#623);
#396=LINE('',#2957,#624);
#397=LINE('',#2959,#625);
#398=LINE('',#2961,#626);
#399=LINE('',#2965,#627);
#400=LINE('',#2967,#628);
#401=LINE('',#2971,#629);
#402=LINE('',#2972,#630);
#403=LINE('',#2977,#631);
#404=LINE('',#2981,#632);
#405=LINE('',#2985,#633);
#406=LINE('',#2989,#634);
#407=LINE('',#2993,#635);
#408=LINE('',#2997,#636);
#409=LINE('',#3001,#637);
#410=LINE('',#3005,#638);
#411=LINE('',#3009,#639);
#412=LINE('',#3013,#640);
#413=LINE('',#3017,#641);
#414=LINE('',#3020,#642);
#415=LINE('',#3023,#643);
#416=LINE('',#3025,#644);
#417=LINE('',#3026,#645);
#418=LINE('',#3029,#646);
#419=LINE('',#3033,#647);
#420=LINE('',#3034,#648);
#421=LINE('',#3037,#649);
#422=LINE('',#3039,#650);
#423=LINE('',#3040,#651);
#424=LINE('',#3043,#652);
#425=LINE('',#3047,#653);
#426=LINE('',#3048,#654);
#427=LINE('',#3053,#655);
#428=LINE('',#3055,#656);
#429=LINE('',#3056,#657);
#430=LINE('',#3059,#658);
#431=LINE('',#3063,#659);
#432=LINE('',#3064,#660);
#433=LINE('',#3067,#661);
#434=LINE('',#3069,#662);
#435=LINE('',#3070,#663);
#436=LINE('',#3073,#664);
#437=LINE('',#3077,#665);
#438=LINE('',#3078,#666);
#439=LINE('',#3083,#667);
#440=LINE('',#3085,#668);
#441=LINE('',#3086,#669);
#442=LINE('',#3089,#670);
#443=LINE('',#3093,#671);
#444=LINE('',#3094,#672);
#445=LINE('',#3097,#673);
#446=LINE('',#3099,#674);
#447=LINE('',#3100,#675);
#448=LINE('',#3103,#676);
#449=LINE('',#3107,#677);
#450=LINE('',#3108,#678);
#451=LINE('',#3114,#679);
#452=LINE('',#3116,#680);
#453=LINE('',#3118,#681);
#454=LINE('',#3119,#682);
#455=LINE('',#3124,#683);
#456=LINE('',#3129,#684);
#457=LINE('',#3130,#685);
#458=LINE('',#3131,#686);
#459=LINE('',#3136,#687);
#460=LINE('',#3141,#688);
#461=LINE('',#3142,#689);
#462=LINE('',#3143,#690);
#463=LINE('',#3148,#691);
#464=LINE('',#3153,#692);
#465=LINE('',#3154,#693);
#466=LINE('',#3155,#694);
#467=LINE('',#3158,#695);
#468=LINE('',#3159,#696);
#469=LINE('',#3161,#697);
#470=LINE('',#3163,#698);
#471=LINE('',#3165,#699);
#472=LINE('',#3167,#700);
#473=LINE('',#3169,#701);
#474=LINE('',#3171,#702);
#475=LINE('',#3172,#703);
#476=LINE('',#3176,#704);
#477=LINE('',#3178,#705);
#478=LINE('',#3180,#706);
#479=LINE('',#3181,#707);
#480=LINE('',#3186,#708);
#481=LINE('',#3191,#709);
#482=LINE('',#3192,#710);
#483=LINE('',#3193,#711);
#484=LINE('',#3198,#712);
#485=LINE('',#3203,#713);
#486=LINE('',#3204,#714);
#487=LINE('',#3205,#715);
#488=LINE('',#3210,#716);
#489=LINE('',#3215,#717);
#490=LINE('',#3216,#718);
#491=LINE('',#3217,#719);
#492=LINE('',#3219,#720);
#493=LINE('',#3220,#721);
#494=LINE('',#3222,#722);
#495=LINE('',#3224,#723);
#496=LINE('',#3226,#724);
#497=LINE('',#3228,#725);
#498=LINE('',#3230,#726);
#499=LINE('',#3232,#727);
#500=LINE('',#3235,#728);
#501=LINE('',#3237,#729);
#502=LINE('',#3239,#730);
#503=LINE('',#3241,#731);
#504=LINE('',#3243,#732);
#505=LINE('',#3245,#733);
#506=LINE('',#3246,#734);
#507=LINE('',#3249,#735);
#508=LINE('',#3251,#736);
#509=LINE('',#3252,#737);
#510=LINE('',#3257,#738);
#511=LINE('',#3262,#739);
#512=LINE('',#3263,#740);
#513=LINE('',#3264,#741);
#514=LINE('',#3269,#742);
#515=LINE('',#3274,#743);
#516=LINE('',#3275,#744);
#517=LINE('',#3276,#745);
#518=LINE('',#3281,#746);
#519=LINE('',#3286,#747);
#520=LINE('',#3287,#748);
#521=LINE('',#3288,#749);
#522=LINE('',#3290,#750);
#523=LINE('',#3291,#751);
#524=LINE('',#3293,#752);
#525=LINE('',#3295,#753);
#526=LINE('',#3297,#754);
#527=LINE('',#3299,#755);
#528=LINE('',#3304,#756);
#529=LINE('',#3306,#757);
#530=LINE('',#3308,#758);
#531=LINE('',#3309,#759);
#532=LINE('',#3314,#760);
#533=LINE('',#3319,#761);
#534=LINE('',#3320,#762);
#535=LINE('',#3321,#763);
#536=LINE('',#3326,#764);
#537=LINE('',#3331,#765);
#538=LINE('',#3332,#766);
#539=LINE('',#3333,#767);
#540=LINE('',#3338,#768);
#541=LINE('',#3341,#769);
#542=LINE('',#3342,#770);
#543=LINE('',#3344,#771);
#544=LINE('',#3346,#772);
#545=LINE('',#3348,#773);
#546=LINE('',#3350,#774);
#547=LINE('',#3352,#775);
#548=LINE('',#3354,#776);
#549=LINE('',#3356,#777);
#550=LINE('',#3361,#778);
#551=LINE('',#3362,#779);
#552=LINE('',#3365,#780);
#553=LINE('',#3366,#781);
#554=LINE('',#3371,#782);
#555=LINE('',#3372,#783);
#556=LINE('',#3375,#784);
#557=LINE('',#3376,#785);
#558=LINE('',#3381,#786);
#559=LINE('',#3382,#787);
#560=LINE('',#3384,#788);
#561=LINE('',#3389,#789);
#562=LINE('',#3390,#790);
#563=LINE('',#3393,#791);
#564=LINE('',#3394,#792);
#565=LINE('',#3399,#793);
#566=LINE('',#3400,#794);
#567=LINE('',#3402,#795);
#568=LINE('',#3407,#796);
#569=LINE('',#3408,#797);
#570=LINE('',#3411,#798);
#571=LINE('',#3412,#799);
#572=LINE('',#3417,#800);
#573=LINE('',#3418,#801);
#574=LINE('',#3420,#802);
#575=LINE('',#3424,#803);
#576=LINE('',#3427,#804);
#577=LINE('',#3428,#805);
#578=LINE('',#3432,#806);
#579=LINE('',#3436,#807);
#580=LINE('',#3440,#808);
#581=LINE('',#3444,#809);
#582=LINE('',#3446,#810);
#583=LINE('',#3447,#811);
#584=LINE('',#3449,#812);
#585=LINE('',#3451,#813);
#586=LINE('',#3453,#814);
#587=LINE('',#3455,#815);
#588=LINE('',#3457,#816);
#589=LINE('',#3458,#817);
#590=LINE('',#3461,#818);
#591=LINE('',#3464,#819);
#592=LINE('',#3466,#820);
#593=LINE('',#3468,#821);
#594=LINE('',#3470,#822);
#595=LINE('',#3472,#823);
#596=LINE('',#3474,#824);
#597=LINE('',#3476,#825);
#598=LINE('',#3478,#826);
#599=VECTOR('',#2287,10.);
#600=VECTOR('',#2288,10.);
#601=VECTOR('',#2289,10.);
#602=VECTOR('',#2290,10.);
#603=VECTOR('',#2293,10.);
#604=VECTOR('',#2300,10.);
#605=VECTOR('',#2301,10.);
#606=VECTOR('',#2302,10.);
#607=VECTOR('',#2305,10.);
#608=VECTOR('',#2306,10.);
#609=VECTOR('',#2307,10.);
#610=VECTOR('',#2308,10.);
#611=VECTOR('',#2311,10.);
#612=VECTOR('',#2318,10.);
#613=VECTOR('',#2319,10.);
#614=VECTOR('',#2320,10.);
#615=VECTOR('',#2327,10.);
#616=VECTOR('',#2328,10.);
#617=VECTOR('',#2331,10.);
#618=VECTOR('',#2332,10.);
#619=VECTOR('',#2335,10.);
#620=VECTOR('',#2336,10.);
#621=VECTOR('',#2337,10.);
#622=VECTOR('',#2340,10.);
#623=VECTOR('',#2341,10.);
#624=VECTOR('',#2344,10.);
#625=VECTOR('',#2345,10.);
#626=VECTOR('',#2346,10.);
#627=VECTOR('',#2349,10.);
#628=VECTOR('',#2350,10.);
#629=VECTOR('',#2353,10.);
#630=VECTOR('',#2354,10.);
#631=VECTOR('',#2357,10.);
#632=VECTOR('',#2360,10.);
#633=VECTOR('',#2363,10.);
#634=VECTOR('',#2366,10.);
#635=VECTOR('',#2369,10.);
#636=VECTOR('',#2372,10.);
#637=VECTOR('',#2375,10.);
#638=VECTOR('',#2378,10.);
#639=VECTOR('',#2381,10.);
#640=VECTOR('',#2384,10.);
#641=VECTOR('',#2387,10.);
#642=VECTOR('',#2390,10.);
#643=VECTOR('',#2393,10.);
#644=VECTOR('',#2394,10.);
#645=VECTOR('',#2395,10.);
#646=VECTOR('',#2398,10.);
#647=VECTOR('',#2403,10.);
#648=VECTOR('',#2404,10.);
#649=VECTOR('',#2407,10.);
#650=VECTOR('',#2408,10.);
#651=VECTOR('',#2409,10.);
#652=VECTOR('',#2412,10.);
#653=VECTOR('',#2417,10.);
#654=VECTOR('',#2418,10.);
#655=VECTOR('',#2425,10.);
#656=VECTOR('',#2426,10.);
#657=VECTOR('',#2427,10.);
#658=VECTOR('',#2430,10.);
#659=VECTOR('',#2435,10.);
#660=VECTOR('',#2436,10.);
#661=VECTOR('',#2439,10.);
#662=VECTOR('',#2440,10.);
#663=VECTOR('',#2441,10.);
#664=VECTOR('',#2444,10.);
#665=VECTOR('',#2449,10.);
#666=VECTOR('',#2450,10.);
#667=VECTOR('',#2457,10.);
#668=VECTOR('',#2458,10.);
#669=VECTOR('',#2459,10.);
#670=VECTOR('',#2462,10.);
#671=VECTOR('',#2467,10.);
#672=VECTOR('',#2468,10.);
#673=VECTOR('',#2471,10.);
#674=VECTOR('',#2472,10.);
#675=VECTOR('',#2473,10.);
#676=VECTOR('',#2476,10.);
#677=VECTOR('',#2481,10.);
#678=VECTOR('',#2482,10.);
#679=VECTOR('',#2489,10.);
#680=VECTOR('',#2490,10.);
#681=VECTOR('',#2491,10.);
#682=VECTOR('',#2492,10.);
#683=VECTOR('',#2497,10.);
#684=VECTOR('',#2502,10.);
#685=VECTOR('',#2503,10.);
#686=VECTOR('',#2504,10.);
#687=VECTOR('',#2509,10.);
#688=VECTOR('',#2514,10.);
#689=VECTOR('',#2515,10.);
#690=VECTOR('',#2516,10.);
#691=VECTOR('',#2521,10.);
#692=VECTOR('',#2526,10.);
#693=VECTOR('',#2527,10.);
#694=VECTOR('',#2528,10.);
#695=VECTOR('',#2531,10.);
#696=VECTOR('',#2532,10.);
#697=VECTOR('',#2535,10.);
#698=VECTOR('',#2536,10.);
#699=VECTOR('',#2537,10.);
#700=VECTOR('',#2538,10.);
#701=VECTOR('',#2539,10.);
#702=VECTOR('',#2540,10.);
#703=VECTOR('',#2541,10.);
#704=VECTOR('',#2544,10.);
#705=VECTOR('',#2545,10.);
#706=VECTOR('',#2546,10.);
#707=VECTOR('',#2547,10.);
#708=VECTOR('',#2552,10.);
#709=VECTOR('',#2557,10.);
#710=VECTOR('',#2558,10.);
#711=VECTOR('',#2559,10.);
#712=VECTOR('',#2564,10.);
#713=VECTOR('',#2569,10.);
#714=VECTOR('',#2570,10.);
#715=VECTOR('',#2571,10.);
#716=VECTOR('',#2576,10.);
#717=VECTOR('',#2581,10.);
#718=VECTOR('',#2582,10.);
#719=VECTOR('',#2583,10.);
#720=VECTOR('',#2586,10.);
#721=VECTOR('',#2587,10.);
#722=VECTOR('',#2590,10.);
#723=VECTOR('',#2593,10.);
#724=VECTOR('',#2596,10.);
#725=VECTOR('',#2599,10.);
#726=VECTOR('',#2602,10.);
#727=VECTOR('',#2605,10.);
#728=VECTOR('',#2608,10.);
#729=VECTOR('',#2609,10.);
#730=VECTOR('',#2610,10.);
#731=VECTOR('',#2611,10.);
#732=VECTOR('',#2612,10.);
#733=VECTOR('',#2613,10.);
#734=VECTOR('',#2614,10.);
#735=VECTOR('',#2617,10.);
#736=VECTOR('',#2618,10.);
#737=VECTOR('',#2619,10.);
#738=VECTOR('',#2624,10.);
#739=VECTOR('',#2629,10.);
#740=VECTOR('',#2630,10.);
#741=VECTOR('',#2631,10.);
#742=VECTOR('',#2636,10.);
#743=VECTOR('',#2641,10.);
#744=VECTOR('',#2642,10.);
#745=VECTOR('',#2643,10.);
#746=VECTOR('',#2648,10.);
#747=VECTOR('',#2653,10.);
#748=VECTOR('',#2654,10.);
#749=VECTOR('',#2655,10.);
#750=VECTOR('',#2658,10.);
#751=VECTOR('',#2659,10.);
#752=VECTOR('',#2662,10.);
#753=VECTOR('',#2665,10.);
#754=VECTOR('',#2668,10.);
#755=VECTOR('',#2671,10.);
#756=VECTOR('',#2676,10.);
#757=VECTOR('',#2677,10.);
#758=VECTOR('',#2678,10.);
#759=VECTOR('',#2679,10.);
#760=VECTOR('',#2684,10.);
#761=VECTOR('',#2689,10.);
#762=VECTOR('',#2690,10.);
#763=VECTOR('',#2691,10.);
#764=VECTOR('',#2696,10.);
#765=VECTOR('',#2701,10.);
#766=VECTOR('',#2702,10.);
#767=VECTOR('',#2703,10.);
#768=VECTOR('',#2708,10.);
#769=VECTOR('',#2713,10.);
#770=VECTOR('',#2714,10.);
#771=VECTOR('',#2717,10.);
#772=VECTOR('',#2720,10.);
#773=VECTOR('',#2723,10.);
#774=VECTOR('',#2726,10.);
#775=VECTOR('',#2729,10.);
#776=VECTOR('',#2732,10.);
#777=VECTOR('',#2735,10.);
#778=VECTOR('',#2740,10.);
#779=VECTOR('',#2741,10.);
#780=VECTOR('',#2744,10.);
#781=VECTOR('',#2745,10.);
#782=VECTOR('',#2750,10.);
#783=VECTOR('',#2751,10.);
#784=VECTOR('',#2754,10.);
#785=VECTOR('',#2755,10.);
#786=VECTOR('',#2760,10.);
#787=VECTOR('',#2761,10.);
#788=VECTOR('',#2764,10.);
#789=VECTOR('',#2769,10.);
#790=VECTOR('',#2770,10.);
#791=VECTOR('',#2773,10.);
#792=VECTOR('',#2774,10.);
#793=VECTOR('',#2779,10.);
#794=VECTOR('',#2780,10.);
#795=VECTOR('',#2783,10.);
#796=VECTOR('',#2788,10.);
#797=VECTOR('',#2789,10.);
#798=VECTOR('',#2792,10.);
#799=VECTOR('',#2793,10.);
#800=VECTOR('',#2798,10.);
#801=VECTOR('',#2799,10.);
#802=VECTOR('',#2802,10.);
#803=VECTOR('',#2807,10.);
#804=VECTOR('',#2810,10.);
#805=VECTOR('',#2811,10.);
#806=VECTOR('',#2816,10.);
#807=VECTOR('',#2821,10.);
#808=VECTOR('',#2826,10.);
#809=VECTOR('',#2831,10.);
#810=VECTOR('',#2834,10.);
#811=VECTOR('',#2835,10.);
#812=VECTOR('',#2838,10.);
#813=VECTOR('',#2841,10.);
#814=VECTOR('',#2844,10.);
#815=VECTOR('',#2847,10.);
#816=VECTOR('',#2850,10.);
#817=VECTOR('',#2851,10.);
#818=VECTOR('',#2856,10.);
#819=VECTOR('',#2861,10.);
#820=VECTOR('',#2864,10.);
#821=VECTOR('',#2867,10.);
#822=VECTOR('',#2870,10.);
#823=VECTOR('',#2873,10.);
#824=VECTOR('',#2876,10.);
#825=VECTOR('',#2879,10.);
#826=VECTOR('',#2882,10.);
#827=VERTEX_POINT('',#2887);
#828=VERTEX_POINT('',#2888);
#829=VERTEX_POINT('',#2890);
#830=VERTEX_POINT('',#2892);
#831=VERTEX_POINT('',#2896);
#832=VERTEX_POINT('',#2897);
#833=VERTEX_POINT('',#2902);
#834=VERTEX_POINT('',#2903);
#835=VERTEX_POINT('',#2908);
#836=VERTEX_POINT('',#2909);
#837=VERTEX_POINT('',#2911);
#838=VERTEX_POINT('',#2913);
#839=VERTEX_POINT('',#2917);
#840=VERTEX_POINT('',#2918);
#841=VERTEX_POINT('',#2923);
#842=VERTEX_POINT('',#2930);
#843=VERTEX_POINT('',#2932);
#844=VERTEX_POINT('',#2934);
#845=VERTEX_POINT('',#2936);
#846=VERTEX_POINT('',#2938);
#847=VERTEX_POINT('',#2940);
#848=VERTEX_POINT('',#2942);
#849=VERTEX_POINT('',#2944);
#850=VERTEX_POINT('',#2946);
#851=VERTEX_POINT('',#2948);
#852=VERTEX_POINT('',#2950);
#853=VERTEX_POINT('',#2952);
#854=VERTEX_POINT('',#2954);
#855=VERTEX_POINT('',#2956);
#856=VERTEX_POINT('',#2958);
#857=VERTEX_POINT('',#2960);
#858=VERTEX_POINT('',#2962);
#859=VERTEX_POINT('',#2964);
#860=VERTEX_POINT('',#2966);
#861=VERTEX_POINT('',#2968);
#862=VERTEX_POINT('',#2970);
#863=VERTEX_POINT('',#2973);
#864=VERTEX_POINT('',#2974);
#865=VERTEX_POINT('',#2976);
#866=VERTEX_POINT('',#2978);
#867=VERTEX_POINT('',#2980);
#868=VERTEX_POINT('',#2982);
#869=VERTEX_POINT('',#2984);
#870=VERTEX_POINT('',#2986);
#871=VERTEX_POINT('',#2988);
#872=VERTEX_POINT('',#2990);
#873=VERTEX_POINT('',#2992);
#874=VERTEX_POINT('',#2994);
#875=VERTEX_POINT('',#2996);
#876=VERTEX_POINT('',#2998);
#877=VERTEX_POINT('',#3000);
#878=VERTEX_POINT('',#3002);
#879=VERTEX_POINT('',#3004);
#880=VERTEX_POINT('',#3006);
#881=VERTEX_POINT('',#3008);
#882=VERTEX_POINT('',#3010);
#883=VERTEX_POINT('',#3012);
#884=VERTEX_POINT('',#3014);
#885=VERTEX_POINT('',#3016);
#886=VERTEX_POINT('',#3018);
#887=VERTEX_POINT('',#3022);
#888=VERTEX_POINT('',#3024);
#889=VERTEX_POINT('',#3028);
#890=VERTEX_POINT('',#3032);
#891=VERTEX_POINT('',#3036);
#892=VERTEX_POINT('',#3038);
#893=VERTEX_POINT('',#3042);
#894=VERTEX_POINT('',#3046);
#895=VERTEX_POINT('',#3052);
#896=VERTEX_POINT('',#3054);
#897=VERTEX_POINT('',#3058);
#898=VERTEX_POINT('',#3062);
#899=VERTEX_POINT('',#3066);
#900=VERTEX_POINT('',#3068);
#901=VERTEX_POINT('',#3072);
#902=VERTEX_POINT('',#3076);
#903=VERTEX_POINT('',#3082);
#904=VERTEX_POINT('',#3084);
#905=VERTEX_POINT('',#3088);
#906=VERTEX_POINT('',#3092);
#907=VERTEX_POINT('',#3096);
#908=VERTEX_POINT('',#3098);
#909=VERTEX_POINT('',#3102);
#910=VERTEX_POINT('',#3106);
#911=VERTEX_POINT('',#3112);
#912=VERTEX_POINT('',#3113);
#913=VERTEX_POINT('',#3115);
#914=VERTEX_POINT('',#3117);
#915=VERTEX_POINT('',#3121);
#916=VERTEX_POINT('',#3123);
#917=VERTEX_POINT('',#3127);
#918=VERTEX_POINT('',#3128);
#919=VERTEX_POINT('',#3133);
#920=VERTEX_POINT('',#3135);
#921=VERTEX_POINT('',#3139);
#922=VERTEX_POINT('',#3140);
#923=VERTEX_POINT('',#3145);
#924=VERTEX_POINT('',#3147);
#925=VERTEX_POINT('',#3151);
#926=VERTEX_POINT('',#3152);
#927=VERTEX_POINT('',#3157);
#928=VERTEX_POINT('',#3162);
#929=VERTEX_POINT('',#3164);
#930=VERTEX_POINT('',#3166);
#931=VERTEX_POINT('',#3168);
#932=VERTEX_POINT('',#3170);
#933=VERTEX_POINT('',#3174);
#934=VERTEX_POINT('',#3175);
#935=VERTEX_POINT('',#3177);
#936=VERTEX_POINT('',#3179);
#937=VERTEX_POINT('',#3183);
#938=VERTEX_POINT('',#3185);
#939=VERTEX_POINT('',#3189);
#940=VERTEX_POINT('',#3190);
#941=VERTEX_POINT('',#3195);
#942=VERTEX_POINT('',#3197);
#943=VERTEX_POINT('',#3201);
#944=VERTEX_POINT('',#3202);
#945=VERTEX_POINT('',#3207);
#946=VERTEX_POINT('',#3209);
#947=VERTEX_POINT('',#3213);
#948=VERTEX_POINT('',#3214);
#949=VERTEX_POINT('',#3234);
#950=VERTEX_POINT('',#3236);
#951=VERTEX_POINT('',#3238);
#952=VERTEX_POINT('',#3240);
#953=VERTEX_POINT('',#3242);
#954=VERTEX_POINT('',#3244);
#955=VERTEX_POINT('',#3248);
#956=VERTEX_POINT('',#3250);
#957=VERTEX_POINT('',#3254);
#958=VERTEX_POINT('',#3256);
#959=VERTEX_POINT('',#3260);
#960=VERTEX_POINT('',#3261);
#961=VERTEX_POINT('',#3266);
#962=VERTEX_POINT('',#3268);
#963=VERTEX_POINT('',#3272);
#964=VERTEX_POINT('',#3273);
#965=VERTEX_POINT('',#3278);
#966=VERTEX_POINT('',#3280);
#967=VERTEX_POINT('',#3284);
#968=VERTEX_POINT('',#3285);
#969=VERTEX_POINT('',#3302);
#970=VERTEX_POINT('',#3303);
#971=VERTEX_POINT('',#3305);
#972=VERTEX_POINT('',#3307);
#973=VERTEX_POINT('',#3311);
#974=VERTEX_POINT('',#3313);
#975=VERTEX_POINT('',#3317);
#976=VERTEX_POINT('',#3318);
#977=VERTEX_POINT('',#3323);
#978=VERTEX_POINT('',#3325);
#979=VERTEX_POINT('',#3329);
#980=VERTEX_POINT('',#3330);
#981=VERTEX_POINT('',#3335);
#982=VERTEX_POINT('',#3337);
#983=VERTEX_POINT('',#3358);
#984=VERTEX_POINT('',#3359);
#985=VERTEX_POINT('',#3364);
#986=VERTEX_POINT('',#3368);
#987=VERTEX_POINT('',#3369);
#988=VERTEX_POINT('',#3374);
#989=VERTEX_POINT('',#3378);
#990=VERTEX_POINT('',#3379);
#991=VERTEX_POINT('',#3386);
#992=VERTEX_POINT('',#3387);
#993=VERTEX_POINT('',#3392);
#994=VERTEX_POINT('',#3396);
#995=VERTEX_POINT('',#3397);
#996=VERTEX_POINT('',#3404);
#997=VERTEX_POINT('',#3405);
#998=VERTEX_POINT('',#3410);
#999=VERTEX_POINT('',#3414);
#1000=VERTEX_POINT('',#3415);
#1001=VERTEX_POINT('',#3422);
#1002=VERTEX_POINT('',#3426);
#1003=VERTEX_POINT('',#3430);
#1004=VERTEX_POINT('',#3434);
#1005=VERTEX_POINT('',#3438);
#1006=VERTEX_POINT('',#3442);
#1007=EDGE_CURVE('',#827,#828,#371,.T.);
#1008=EDGE_CURVE('',#828,#829,#372,.T.);
#1009=EDGE_CURVE('',#829,#830,#373,.T.);
#1010=EDGE_CURVE('',#830,#827,#374,.T.);
#1011=EDGE_CURVE('',#831,#832,#375,.T.);
#1012=EDGE_CURVE('',#832,#828,#41,.T.);
#1013=EDGE_CURVE('',#827,#831,#42,.T.);
#1014=EDGE_CURVE('',#833,#834,#376,.T.);
#1015=EDGE_CURVE('',#834,#832,#377,.T.);
#1016=EDGE_CURVE('',#831,#833,#378,.T.);
#1017=EDGE_CURVE('',#835,#836,#379,.T.);
#1018=EDGE_CURVE('',#836,#837,#380,.T.);
#1019=EDGE_CURVE('',#837,#838,#381,.T.);
#1020=EDGE_CURVE('',#838,#835,#382,.T.);
#1021=EDGE_CURVE('',#839,#840,#383,.T.);
#1022=EDGE_CURVE('',#840,#838,#43,.T.);
#1023=EDGE_CURVE('',#837,#839,#44,.T.);
#1024=EDGE_CURVE('',#830,#841,#384,.T.);
#1025=EDGE_CURVE('',#841,#840,#385,.T.);
#1026=EDGE_CURVE('',#839,#830,#386,.T.);
#1027=EDGE_CURVE('',#829,#841,#45,.T.);
#1028=EDGE_CURVE('',#836,#842,#387,.T.);
#1029=EDGE_CURVE('',#843,#842,#388,.T.);
#1030=EDGE_CURVE('',#844,#843,#46,.T.);
#1031=EDGE_CURVE('',#845,#844,#389,.T.);
#1032=EDGE_CURVE('',#846,#845,#390,.T.);
#1033=EDGE_CURVE('',#847,#846,#47,.T.);
#1034=EDGE_CURVE('',#848,#847,#391,.T.);
#1035=EDGE_CURVE('',#848,#849,#392,.T.);
#1036=EDGE_CURVE('',#850,#849,#393,.T.);
#1037=EDGE_CURVE('',#851,#850,#48,.T.);
#1038=EDGE_CURVE('',#852,#851,#394,.T.);
#1039=EDGE_CURVE('',#853,#852,#395,.T.);
#1040=EDGE_CURVE('',#854,#853,#49,.T.);
#1041=EDGE_CURVE('',#855,#854,#396,.T.);
#1042=EDGE_CURVE('',#855,#856,#397,.T.);
#1043=EDGE_CURVE('',#857,#856,#398,.T.);
#1044=EDGE_CURVE('',#858,#857,#50,.T.);
#1045=EDGE_CURVE('',#859,#858,#399,.T.);
#1046=EDGE_CURVE('',#860,#859,#400,.T.);
#1047=EDGE_CURVE('',#861,#860,#51,.T.);
#1048=EDGE_CURVE('',#862,#861,#401,.T.);
#1049=EDGE_CURVE('',#862,#833,#402,.T.);
#1050=EDGE_CURVE('',#863,#864,#52,.T.);
#1051=EDGE_CURVE('',#863,#865,#403,.T.);
#1052=EDGE_CURVE('',#866,#865,#53,.T.);
#1053=EDGE_CURVE('',#866,#867,#404,.T.);
#1054=EDGE_CURVE('',#868,#867,#54,.T.);
#1055=EDGE_CURVE('',#868,#869,#405,.T.);
#1056=EDGE_CURVE('',#870,#869,#55,.T.);
#1057=EDGE_CURVE('',#870,#871,#406,.T.);
#1058=EDGE_CURVE('',#872,#871,#56,.T.);
#1059=EDGE_CURVE('',#872,#873,#407,.T.);
#1060=EDGE_CURVE('',#874,#873,#57,.T.);
#1061=EDGE_CURVE('',#874,#875,#408,.T.);
#1062=EDGE_CURVE('',#876,#875,#58,.T.);
#1063=EDGE_CURVE('',#876,#877,#409,.T.);
#1064=EDGE_CURVE('',#878,#877,#59,.T.);
#1065=EDGE_CURVE('',#878,#879,#410,.T.);
#1066=EDGE_CURVE('',#880,#879,#60,.T.);
#1067=EDGE_CURVE('',#880,#881,#411,.T.);
#1068=EDGE_CURVE('',#882,#881,#61,.T.);
#1069=EDGE_CURVE('',#882,#883,#412,.T.);
#1070=EDGE_CURVE('',#884,#883,#62,.T.);
#1071=EDGE_CURVE('',#884,#885,#413,.T.);
#1072=EDGE_CURVE('',#886,#885,#63,.T.);
#1073=EDGE_CURVE('',#886,#864,#414,.T.);
#1074=EDGE_CURVE('',#844,#887,#415,.T.);
#1075=EDGE_CURVE('',#887,#888,#416,.T.);
#1076=EDGE_CURVE('',#888,#845,#417,.T.);
#1077=EDGE_CURVE('',#843,#889,#418,.T.);
#1078=EDGE_CURVE('',#889,#887,#64,.T.);
#1079=EDGE_CURVE('',#842,#890,#419,.T.);
#1080=EDGE_CURVE('',#890,#889,#420,.T.);
#1081=EDGE_CURVE('',#891,#848,#421,.T.);
#1082=EDGE_CURVE('',#847,#892,#422,.T.);
#1083=EDGE_CURVE('',#892,#891,#423,.T.);
#1084=EDGE_CURVE('',#846,#893,#424,.T.);
#1085=EDGE_CURVE('',#893,#892,#65,.T.);
#1086=EDGE_CURVE('',#845,#894,#425,.T.);
#1087=EDGE_CURVE('',#894,#893,#426,.T.);
#1088=EDGE_CURVE('',#888,#894,#66,.T.);
#1089=EDGE_CURVE('',#851,#895,#427,.T.);
#1090=EDGE_CURVE('',#895,#896,#428,.T.);
#1091=EDGE_CURVE('',#896,#852,#429,.T.);
#1092=EDGE_CURVE('',#850,#897,#430,.T.);
#1093=EDGE_CURVE('',#897,#895,#67,.T.);
#1094=EDGE_CURVE('',#849,#898,#431,.T.);
#1095=EDGE_CURVE('',#898,#897,#432,.T.);
#1096=EDGE_CURVE('',#899,#855,#433,.T.);
#1097=EDGE_CURVE('',#854,#900,#434,.T.);
#1098=EDGE_CURVE('',#900,#899,#435,.T.);
#1099=EDGE_CURVE('',#853,#901,#436,.T.);
#1100=EDGE_CURVE('',#901,#900,#68,.T.);
#1101=EDGE_CURVE('',#852,#902,#437,.T.);
#1102=EDGE_CURVE('',#902,#901,#438,.T.);
#1103=EDGE_CURVE('',#896,#902,#69,.T.);
#1104=EDGE_CURVE('',#858,#903,#439,.T.);
#1105=EDGE_CURVE('',#903,#904,#440,.T.);
#1106=EDGE_CURVE('',#904,#859,#441,.T.);
#1107=EDGE_CURVE('',#857,#905,#442,.T.);
#1108=EDGE_CURVE('',#905,#903,#70,.T.);
#1109=EDGE_CURVE('',#856,#906,#443,.T.);
#1110=EDGE_CURVE('',#906,#905,#444,.T.);
#1111=EDGE_CURVE('',#907,#862,#445,.T.);
#1112=EDGE_CURVE('',#861,#908,#446,.T.);
#1113=EDGE_CURVE('',#908,#907,#447,.T.);
#1114=EDGE_CURVE('',#860,#909,#448,.T.);
#1115=EDGE_CURVE('',#909,#908,#71,.T.);
#1116=EDGE_CURVE('',#859,#910,#449,.T.);
#1117=EDGE_CURVE('',#910,#909,#450,.T.);
#1118=EDGE_CURVE('',#904,#910,#72,.T.);
#1119=EDGE_CURVE('',#911,#912,#451,.T.);
#1120=EDGE_CURVE('',#912,#913,#452,.T.);
#1121=EDGE_CURVE('',#913,#914,#453,.T.);
#1122=EDGE_CURVE('',#914,#911,#454,.T.);
#1123=EDGE_CURVE('',#913,#915,#73,.T.);
#1124=EDGE_CURVE('',#915,#916,#455,.T.);
#1125=EDGE_CURVE('',#916,#914,#74,.T.);
#1126=EDGE_CURVE('',#917,#918,#456,.T.);
#1127=EDGE_CURVE('',#918,#916,#457,.T.);
#1128=EDGE_CURVE('',#915,#917,#458,.T.);
#1129=EDGE_CURVE('',#917,#919,#75,.T.);
#1130=EDGE_CURVE('',#919,#920,#459,.T.);
#1131=EDGE_CURVE('',#920,#918,#76,.T.);
#1132=EDGE_CURVE('',#921,#922,#460,.T.);
#1133=EDGE_CURVE('',#922,#920,#461,.T.);
#1134=EDGE_CURVE('',#919,#921,#462,.T.);
#1135=EDGE_CURVE('',#921,#923,#77,.T.);
#1136=EDGE_CURVE('',#923,#924,#463,.T.);
#1137=EDGE_CURVE('',#924,#922,#78,.T.);
#1138=EDGE_CURVE('',#925,#926,#464,.T.);
#1139=EDGE_CURVE('',#926,#924,#465,.T.);
#1140=EDGE_CURVE('',#923,#925,#466,.T.);
#1141=EDGE_CURVE('',#926,#927,#467,.T.);
#1142=EDGE_CURVE('',#927,#911,#468,.T.);
#1143=EDGE_CURVE('',#834,#925,#469,.T.);
#1144=EDGE_CURVE('',#907,#928,#470,.T.);
#1145=EDGE_CURVE('',#929,#928,#471,.T.);
#1146=EDGE_CURVE('',#930,#929,#472,.T.);
#1147=EDGE_CURVE('',#931,#930,#473,.T.);
#1148=EDGE_CURVE('',#931,#932,#474,.T.);
#1149=EDGE_CURVE('',#932,#927,#475,.T.);
#1150=EDGE_CURVE('',#933,#934,#476,.T.);
#1151=EDGE_CURVE('',#934,#935,#477,.T.);
#1152=EDGE_CURVE('',#935,#936,#478,.T.);
#1153=EDGE_CURVE('',#936,#933,#479,.T.);
#1154=EDGE_CURVE('',#935,#937,#79,.T.);
#1155=EDGE_CURVE('',#937,#938,#480,.T.);
#1156=EDGE_CURVE('',#938,#936,#80,.T.);
#1157=EDGE_CURVE('',#939,#940,#481,.T.);
#1158=EDGE_CURVE('',#940,#938,#482,.T.);
#1159=EDGE_CURVE('',#937,#939,#483,.T.);
#1160=EDGE_CURVE('',#939,#941,#81,.T.);
#1161=EDGE_CURVE('',#941,#942,#484,.T.);
#1162=EDGE_CURVE('',#942,#940,#82,.T.);
#1163=EDGE_CURVE('',#943,#944,#485,.T.);
#1164=EDGE_CURVE('',#944,#942,#486,.T.);
#1165=EDGE_CURVE('',#941,#943,#487,.T.);
#1166=EDGE_CURVE('',#943,#945,#83,.T.);
#1167=EDGE_CURVE('',#945,#946,#488,.T.);
#1168=EDGE_CURVE('',#946,#944,#84,.T.);
#1169=EDGE_CURVE('',#947,#948,#489,.T.);
#1170=EDGE_CURVE('',#948,#946,#490,.T.);
#1171=EDGE_CURVE('',#945,#947,#491,.T.);
#1172=EDGE_CURVE('',#890,#947,#492,.T.);
#1173=EDGE_CURVE('',#889,#945,#493,.T.);
#1174=EDGE_CURVE('',#943,#887,#494,.T.);
#1175=EDGE_CURVE('',#888,#941,#495,.T.);
#1176=EDGE_CURVE('',#939,#894,#496,.T.);
#1177=EDGE_CURVE('',#893,#937,#497,.T.);
#1178=EDGE_CURVE('',#935,#892,#498,.T.);
#1179=EDGE_CURVE('',#891,#934,#499,.T.);
#1180=EDGE_CURVE('',#949,#933,#500,.T.);
#1181=EDGE_CURVE('',#950,#949,#501,.T.);
#1182=EDGE_CURVE('',#950,#951,#502,.T.);
#1183=EDGE_CURVE('',#951,#952,#503,.T.);
#1184=EDGE_CURVE('',#953,#952,#504,.T.);
#1185=EDGE_CURVE('',#954,#953,#505,.T.);
#1186=EDGE_CURVE('',#898,#954,#506,.T.);
#1187=EDGE_CURVE('',#928,#955,#507,.T.);
#1188=EDGE_CURVE('',#955,#956,#508,.T.);
#1189=EDGE_CURVE('',#956,#929,#509,.T.);
#1190=EDGE_CURVE('',#955,#957,#85,.T.);
#1191=EDGE_CURVE('',#957,#958,#510,.T.);
#1192=EDGE_CURVE('',#958,#956,#86,.T.);
#1193=EDGE_CURVE('',#959,#960,#511,.T.);
#1194=EDGE_CURVE('',#960,#958,#512,.T.);
#1195=EDGE_CURVE('',#957,#959,#513,.T.);
#1196=EDGE_CURVE('',#959,#961,#87,.T.);
#1197=EDGE_CURVE('',#961,#962,#514,.T.);
#1198=EDGE_CURVE('',#962,#960,#88,.T.);
#1199=EDGE_CURVE('',#963,#964,#515,.T.);
#1200=EDGE_CURVE('',#964,#962,#516,.T.);
#1201=EDGE_CURVE('',#961,#963,#517,.T.);
#1202=EDGE_CURVE('',#963,#965,#89,.T.);
#1203=EDGE_CURVE('',#965,#966,#518,.T.);
#1204=EDGE_CURVE('',#966,#964,#90,.T.);
#1205=EDGE_CURVE('',#967,#968,#519,.T.);
#1206=EDGE_CURVE('',#968,#966,#520,.T.);
#1207=EDGE_CURVE('',#965,#967,#521,.T.);
#1208=EDGE_CURVE('',#905,#965,#522,.T.);
#1209=EDGE_CURVE('',#963,#903,#523,.T.);
#1210=EDGE_CURVE('',#904,#961,#524,.T.);
#1211=EDGE_CURVE('',#959,#910,#525,.T.);
#1212=EDGE_CURVE('',#909,#957,#526,.T.);
#1213=EDGE_CURVE('',#955,#908,#527,.T.);
#1214=EDGE_CURVE('',#969,#970,#528,.T.);
#1215=EDGE_CURVE('',#970,#971,#529,.T.);
#1216=EDGE_CURVE('',#971,#972,#530,.T.);
#1217=EDGE_CURVE('',#972,#969,#531,.T.);
#1218=EDGE_CURVE('',#971,#973,#91,.T.);
#1219=EDGE_CURVE('',#973,#974,#532,.T.);
#1220=EDGE_CURVE('',#974,#972,#92,.T.);
#1221=EDGE_CURVE('',#975,#976,#533,.T.);
#1222=EDGE_CURVE('',#976,#974,#534,.T.);
#1223=EDGE_CURVE('',#973,#975,#535,.T.);
#1224=EDGE_CURVE('',#975,#977,#93,.T.);
#1225=EDGE_CURVE('',#977,#978,#536,.T.);
#1226=EDGE_CURVE('',#978,#976,#94,.T.);
#1227=EDGE_CURVE('',#979,#980,#537,.T.);
#1228=EDGE_CURVE('',#980,#978,#538,.T.);
#1229=EDGE_CURVE('',#977,#979,#539,.T.);
#1230=EDGE_CURVE('',#979,#981,#95,.T.);
#1231=EDGE_CURVE('',#981,#982,#540,.T.);
#1232=EDGE_CURVE('',#982,#980,#96,.T.);
#1233=EDGE_CURVE('',#953,#982,#541,.T.);
#1234=EDGE_CURVE('',#981,#954,#542,.T.);
#1235=EDGE_CURVE('',#897,#981,#543,.T.);
#1236=EDGE_CURVE('',#979,#895,#544,.T.);
#1237=EDGE_CURVE('',#896,#977,#545,.T.);
#1238=EDGE_CURVE('',#975,#902,#546,.T.);
#1239=EDGE_CURVE('',#901,#973,#547,.T.);
#1240=EDGE_CURVE('',#971,#900,#548,.T.);
#1241=EDGE_CURVE('',#899,#970,#549,.T.);
#1242=EDGE_CURVE('',#983,#984,#97,.T.);
#1243=EDGE_CURVE('',#984,#880,#550,.T.);
#1244=EDGE_CURVE('',#879,#983,#551,.T.);
#1245=EDGE_CURVE('',#984,#985,#552,.T.);
#1246=EDGE_CURVE('',#881,#985,#553,.T.);
#1247=EDGE_CURVE('',#986,#987,#98,.T.);
#1248=EDGE_CURVE('',#987,#884,#554,.T.);
#1249=EDGE_CURVE('',#883,#986,#555,.T.);
#1250=EDGE_CURVE('',#987,#988,#556,.T.);
#1251=EDGE_CURVE('',#885,#988,#557,.T.);
#1252=EDGE_CURVE('',#989,#990,#99,.T.);
#1253=EDGE_CURVE('',#990,#878,#558,.T.);
#1254=EDGE_CURVE('',#877,#989,#559,.T.);
#1255=EDGE_CURVE('',#990,#983,#560,.T.);
#1256=EDGE_CURVE('',#991,#992,#100,.T.);
#1257=EDGE_CURVE('',#992,#874,#561,.T.);
#1258=EDGE_CURVE('',#873,#991,#562,.T.);
#1259=EDGE_CURVE('',#992,#993,#563,.T.);
#1260=EDGE_CURVE('',#875,#993,#564,.T.);
#1261=EDGE_CURVE('',#994,#995,#101,.T.);
#1262=EDGE_CURVE('',#995,#872,#565,.T.);
#1263=EDGE_CURVE('',#871,#994,#566,.T.);
#1264=EDGE_CURVE('',#995,#991,#567,.T.);
#1265=EDGE_CURVE('',#996,#997,#102,.T.);
#1266=EDGE_CURVE('',#997,#868,#568,.T.);
#1267=EDGE_CURVE('',#867,#996,#569,.T.);
#1268=EDGE_CURVE('',#997,#998,#570,.T.);
#1269=EDGE_CURVE('',#869,#998,#571,.T.);
#1270=EDGE_CURVE('',#999,#1000,#103,.T.);
#1271=EDGE_CURVE('',#1000,#866,#572,.T.);
#1272=EDGE_CURVE('',#865,#999,#573,.T.);
#1273=EDGE_CURVE('',#1000,#996,#574,.T.);
#1274=EDGE_CURVE('',#988,#1001,#104,.T.);
#1275=EDGE_CURVE('',#1001,#886,#575,.T.);
#1276=EDGE_CURVE('',#1001,#1002,#576,.T.);
#1277=EDGE_CURVE('',#864,#1002,#577,.T.);
#1278=EDGE_CURVE('',#1002,#1003,#105,.T.);
#1279=EDGE_CURVE('',#1003,#863,#578,.T.);
#1280=EDGE_CURVE('',#985,#1004,#106,.T.);
#1281=EDGE_CURVE('',#1004,#882,#579,.T.);
#1282=EDGE_CURVE('',#993,#1005,#107,.T.);
#1283=EDGE_CURVE('',#1005,#876,#580,.T.);
#1284=EDGE_CURVE('',#998,#1006,#108,.T.);
#1285=EDGE_CURVE('',#1006,#870,#581,.T.);
#1286=EDGE_CURVE('',#829,#919,#582,.T.);
#1287=EDGE_CURVE('',#917,#841,#583,.T.);
#1288=EDGE_CURVE('',#921,#828,#584,.T.);
#1289=EDGE_CURVE('',#968,#930,#585,.T.);
#1290=EDGE_CURVE('',#906,#967,#586,.T.);
#1291=EDGE_CURVE('',#952,#969,#587,.T.);
#1292=EDGE_CURVE('',#840,#915,#588,.T.);
#1293=EDGE_CURVE('',#913,#838,#589,.T.);
#1294=EDGE_CURVE('',#832,#923,#590,.T.);
#1295=EDGE_CURVE('',#948,#949,#591,.T.);
#1296=EDGE_CURVE('',#1004,#986,#592,.T.);
#1297=EDGE_CURVE('',#1005,#989,#593,.T.);
#1298=EDGE_CURVE('',#1006,#994,#594,.T.);
#1299=EDGE_CURVE('',#1003,#999,#595,.T.);
#1300=EDGE_CURVE('',#951,#931,#596,.T.);
#1301=EDGE_CURVE('',#835,#912,#597,.T.);
#1302=EDGE_CURVE('',#932,#950,#598,.T.);
#1303=ORIENTED_EDGE('',*,*,#1007,.T.);
#1304=ORIENTED_EDGE('',*,*,#1008,.T.);
#1305=ORIENTED_EDGE('',*,*,#1009,.T.);
#1306=ORIENTED_EDGE('',*,*,#1010,.T.);
#1307=ORIENTED_EDGE('',*,*,#1011,.T.);
#1308=ORIENTED_EDGE('',*,*,#1012,.T.);
#1309=ORIENTED_EDGE('',*,*,#1007,.F.);
#1310=ORIENTED_EDGE('',*,*,#1013,.T.);
#1311=ORIENTED_EDGE('',*,*,#1014,.T.);
#1312=ORIENTED_EDGE('',*,*,#1015,.T.);
#1313=ORIENTED_EDGE('',*,*,#1011,.F.);
#1314=ORIENTED_EDGE('',*,*,#1016,.T.);
#1315=ORIENTED_EDGE('',*,*,#1017,.T.);
#1316=ORIENTED_EDGE('',*,*,#1018,.T.);
#1317=ORIENTED_EDGE('',*,*,#1019,.T.);
#1318=ORIENTED_EDGE('',*,*,#1020,.T.);
#1319=ORIENTED_EDGE('',*,*,#1021,.T.);
#1320=ORIENTED_EDGE('',*,*,#1022,.T.);
#1321=ORIENTED_EDGE('',*,*,#1019,.F.);
#1322=ORIENTED_EDGE('',*,*,#1023,.T.);
#1323=ORIENTED_EDGE('',*,*,#1024,.T.);
#1324=ORIENTED_EDGE('',*,*,#1025,.T.);
#1325=ORIENTED_EDGE('',*,*,#1021,.F.);
#1326=ORIENTED_EDGE('',*,*,#1026,.T.);
#1327=ORIENTED_EDGE('',*,*,#1024,.F.);
#1328=ORIENTED_EDGE('',*,*,#1009,.F.);
#1329=ORIENTED_EDGE('',*,*,#1027,.T.);
#1330=ORIENTED_EDGE('',*,*,#1016,.F.);
#1331=ORIENTED_EDGE('',*,*,#1013,.F.);
#1332=ORIENTED_EDGE('',*,*,#1010,.F.);
#1333=ORIENTED_EDGE('',*,*,#1026,.F.);
#1334=ORIENTED_EDGE('',*,*,#1023,.F.);
#1335=ORIENTED_EDGE('',*,*,#1018,.F.);
#1336=ORIENTED_EDGE('',*,*,#1028,.T.);
#1337=ORIENTED_EDGE('',*,*,#1029,.F.);
#1338=ORIENTED_EDGE('',*,*,#1030,.F.);
#1339=ORIENTED_EDGE('',*,*,#1031,.F.);
#1340=ORIENTED_EDGE('',*,*,#1032,.F.);
#1341=ORIENTED_EDGE('',*,*,#1033,.F.);
#1342=ORIENTED_EDGE('',*,*,#1034,.F.);
#1343=ORIENTED_EDGE('',*,*,#1035,.T.);
#1344=ORIENTED_EDGE('',*,*,#1036,.F.);
#1345=ORIENTED_EDGE('',*,*,#1037,.F.);
#1346=ORIENTED_EDGE('',*,*,#1038,.F.);
#1347=ORIENTED_EDGE('',*,*,#1039,.F.);
#1348=ORIENTED_EDGE('',*,*,#1040,.F.);
#1349=ORIENTED_EDGE('',*,*,#1041,.F.);
#1350=ORIENTED_EDGE('',*,*,#1042,.T.);
#1351=ORIENTED_EDGE('',*,*,#1043,.F.);
#1352=ORIENTED_EDGE('',*,*,#1044,.F.);
#1353=ORIENTED_EDGE('',*,*,#1045,.F.);
#1354=ORIENTED_EDGE('',*,*,#1046,.F.);
#1355=ORIENTED_EDGE('',*,*,#1047,.F.);
#1356=ORIENTED_EDGE('',*,*,#1048,.F.);
#1357=ORIENTED_EDGE('',*,*,#1049,.T.);
#1358=ORIENTED_EDGE('',*,*,#1050,.F.);
#1359=ORIENTED_EDGE('',*,*,#1051,.T.);
#1360=ORIENTED_EDGE('',*,*,#1052,.F.);
#1361=ORIENTED_EDGE('',*,*,#1053,.T.);
#1362=ORIENTED_EDGE('',*,*,#1054,.F.);
#1363=ORIENTED_EDGE('',*,*,#1055,.T.);
#1364=ORIENTED_EDGE('',*,*,#1056,.F.);
#1365=ORIENTED_EDGE('',*,*,#1057,.T.);
#1366=ORIENTED_EDGE('',*,*,#1058,.F.);
#1367=ORIENTED_EDGE('',*,*,#1059,.T.);
#1368=ORIENTED_EDGE('',*,*,#1060,.F.);
#1369=ORIENTED_EDGE('',*,*,#1061,.T.);
#1370=ORIENTED_EDGE('',*,*,#1062,.F.);
#1371=ORIENTED_EDGE('',*,*,#1063,.T.);
#1372=ORIENTED_EDGE('',*,*,#1064,.F.);
#1373=ORIENTED_EDGE('',*,*,#1065,.T.);
#1374=ORIENTED_EDGE('',*,*,#1066,.F.);
#1375=ORIENTED_EDGE('',*,*,#1067,.T.);
#1376=ORIENTED_EDGE('',*,*,#1068,.F.);
#1377=ORIENTED_EDGE('',*,*,#1069,.T.);
#1378=ORIENTED_EDGE('',*,*,#1070,.F.);
#1379=ORIENTED_EDGE('',*,*,#1071,.T.);
#1380=ORIENTED_EDGE('',*,*,#1072,.F.);
#1381=ORIENTED_EDGE('',*,*,#1073,.T.);
#1382=ORIENTED_EDGE('',*,*,#1074,.T.);
#1383=ORIENTED_EDGE('',*,*,#1075,.T.);
#1384=ORIENTED_EDGE('',*,*,#1076,.T.);
#1385=ORIENTED_EDGE('',*,*,#1031,.T.);
#1386=ORIENTED_EDGE('',*,*,#1077,.T.);
#1387=ORIENTED_EDGE('',*,*,#1078,.T.);
#1388=ORIENTED_EDGE('',*,*,#1074,.F.);
#1389=ORIENTED_EDGE('',*,*,#1030,.T.);
#1390=ORIENTED_EDGE('',*,*,#1079,.T.);
#1391=ORIENTED_EDGE('',*,*,#1080,.T.);
#1392=ORIENTED_EDGE('',*,*,#1077,.F.);
#1393=ORIENTED_EDGE('',*,*,#1029,.T.);
#1394=ORIENTED_EDGE('',*,*,#1081,.T.);
#1395=ORIENTED_EDGE('',*,*,#1034,.T.);
#1396=ORIENTED_EDGE('',*,*,#1082,.T.);
#1397=ORIENTED_EDGE('',*,*,#1083,.T.);
#1398=ORIENTED_EDGE('',*,*,#1084,.T.);
#1399=ORIENTED_EDGE('',*,*,#1085,.T.);
#1400=ORIENTED_EDGE('',*,*,#1082,.F.);
#1401=ORIENTED_EDGE('',*,*,#1033,.T.);
#1402=ORIENTED_EDGE('',*,*,#1086,.T.);
#1403=ORIENTED_EDGE('',*,*,#1087,.T.);
#1404=ORIENTED_EDGE('',*,*,#1084,.F.);
#1405=ORIENTED_EDGE('',*,*,#1032,.T.);
#1406=ORIENTED_EDGE('',*,*,#1086,.F.);
#1407=ORIENTED_EDGE('',*,*,#1076,.F.);
#1408=ORIENTED_EDGE('',*,*,#1088,.T.);
#1409=ORIENTED_EDGE('',*,*,#1089,.T.);
#1410=ORIENTED_EDGE('',*,*,#1090,.T.);
#1411=ORIENTED_EDGE('',*,*,#1091,.T.);
#1412=ORIENTED_EDGE('',*,*,#1038,.T.);
#1413=ORIENTED_EDGE('',*,*,#1092,.T.);
#1414=ORIENTED_EDGE('',*,*,#1093,.T.);
#1415=ORIENTED_EDGE('',*,*,#1089,.F.);
#1416=ORIENTED_EDGE('',*,*,#1037,.T.);
#1417=ORIENTED_EDGE('',*,*,#1094,.T.);
#1418=ORIENTED_EDGE('',*,*,#1095,.T.);
#1419=ORIENTED_EDGE('',*,*,#1092,.F.);
#1420=ORIENTED_EDGE('',*,*,#1036,.T.);
#1421=ORIENTED_EDGE('',*,*,#1096,.T.);
#1422=ORIENTED_EDGE('',*,*,#1041,.T.);
#1423=ORIENTED_EDGE('',*,*,#1097,.T.);
#1424=ORIENTED_EDGE('',*,*,#1098,.T.);
#1425=ORIENTED_EDGE('',*,*,#1099,.T.);
#1426=ORIENTED_EDGE('',*,*,#1100,.T.);
#1427=ORIENTED_EDGE('',*,*,#1097,.F.);
#1428=ORIENTED_EDGE('',*,*,#1040,.T.);
#1429=ORIENTED_EDGE('',*,*,#1101,.T.);
#1430=ORIENTED_EDGE('',*,*,#1102,.T.);
#1431=ORIENTED_EDGE('',*,*,#1099,.F.);
#1432=ORIENTED_EDGE('',*,*,#1039,.T.);
#1433=ORIENTED_EDGE('',*,*,#1101,.F.);
#1434=ORIENTED_EDGE('',*,*,#1091,.F.);
#1435=ORIENTED_EDGE('',*,*,#1103,.T.);
#1436=ORIENTED_EDGE('',*,*,#1104,.T.);
#1437=ORIENTED_EDGE('',*,*,#1105,.T.);
#1438=ORIENTED_EDGE('',*,*,#1106,.T.);
#1439=ORIENTED_EDGE('',*,*,#1045,.T.);
#1440=ORIENTED_EDGE('',*,*,#1107,.T.);
#1441=ORIENTED_EDGE('',*,*,#1108,.T.);
#1442=ORIENTED_EDGE('',*,*,#1104,.F.);
#1443=ORIENTED_EDGE('',*,*,#1044,.T.);
#1444=ORIENTED_EDGE('',*,*,#1109,.T.);
#1445=ORIENTED_EDGE('',*,*,#1110,.T.);
#1446=ORIENTED_EDGE('',*,*,#1107,.F.);
#1447=ORIENTED_EDGE('',*,*,#1043,.T.);
#1448=ORIENTED_EDGE('',*,*,#1111,.T.);
#1449=ORIENTED_EDGE('',*,*,#1048,.T.);
#1450=ORIENTED_EDGE('',*,*,#1112,.T.);
#1451=ORIENTED_EDGE('',*,*,#1113,.T.);
#1452=ORIENTED_EDGE('',*,*,#1114,.T.);
#1453=ORIENTED_EDGE('',*,*,#1115,.T.);
#1454=ORIENTED_EDGE('',*,*,#1112,.F.);
#1455=ORIENTED_EDGE('',*,*,#1047,.T.);
#1456=ORIENTED_EDGE('',*,*,#1116,.T.);
#1457=ORIENTED_EDGE('',*,*,#1117,.T.);
#1458=ORIENTED_EDGE('',*,*,#1114,.F.);
#1459=ORIENTED_EDGE('',*,*,#1046,.T.);
#1460=ORIENTED_EDGE('',*,*,#1116,.F.);
#1461=ORIENTED_EDGE('',*,*,#1106,.F.);
#1462=ORIENTED_EDGE('',*,*,#1118,.T.);
#1463=ORIENTED_EDGE('',*,*,#1119,.T.);
#1464=ORIENTED_EDGE('',*,*,#1120,.T.);
#1465=ORIENTED_EDGE('',*,*,#1121,.T.);
#1466=ORIENTED_EDGE('',*,*,#1122,.T.);
#1467=ORIENTED_EDGE('',*,*,#1121,.F.);
#1468=ORIENTED_EDGE('',*,*,#1123,.T.);
#1469=ORIENTED_EDGE('',*,*,#1124,.T.);
#1470=ORIENTED_EDGE('',*,*,#1125,.T.);
#1471=ORIENTED_EDGE('',*,*,#1126,.T.);
#1472=ORIENTED_EDGE('',*,*,#1127,.T.);
#1473=ORIENTED_EDGE('',*,*,#1124,.F.);
#1474=ORIENTED_EDGE('',*,*,#1128,.T.);
#1475=ORIENTED_EDGE('',*,*,#1126,.F.);
#1476=ORIENTED_EDGE('',*,*,#1129,.T.);
#1477=ORIENTED_EDGE('',*,*,#1130,.T.);
#1478=ORIENTED_EDGE('',*,*,#1131,.T.);
#1479=ORIENTED_EDGE('',*,*,#1132,.T.);
#1480=ORIENTED_EDGE('',*,*,#1133,.T.);
#1481=ORIENTED_EDGE('',*,*,#1130,.F.);
#1482=ORIENTED_EDGE('',*,*,#1134,.T.);
#1483=ORIENTED_EDGE('',*,*,#1132,.F.);
#1484=ORIENTED_EDGE('',*,*,#1135,.T.);
#1485=ORIENTED_EDGE('',*,*,#1136,.T.);
#1486=ORIENTED_EDGE('',*,*,#1137,.T.);
#1487=ORIENTED_EDGE('',*,*,#1138,.T.);
#1488=ORIENTED_EDGE('',*,*,#1139,.T.);
#1489=ORIENTED_EDGE('',*,*,#1136,.F.);
#1490=ORIENTED_EDGE('',*,*,#1140,.T.);
#1491=ORIENTED_EDGE('',*,*,#1122,.F.);
#1492=ORIENTED_EDGE('',*,*,#1125,.F.);
#1493=ORIENTED_EDGE('',*,*,#1127,.F.);
#1494=ORIENTED_EDGE('',*,*,#1131,.F.);
#1495=ORIENTED_EDGE('',*,*,#1133,.F.);
#1496=ORIENTED_EDGE('',*,*,#1137,.F.);
#1497=ORIENTED_EDGE('',*,*,#1139,.F.);
#1498=ORIENTED_EDGE('',*,*,#1141,.T.);
#1499=ORIENTED_EDGE('',*,*,#1142,.T.);
#1500=ORIENTED_EDGE('',*,*,#1138,.F.);
#1501=ORIENTED_EDGE('',*,*,#1143,.F.);
#1502=ORIENTED_EDGE('',*,*,#1014,.F.);
#1503=ORIENTED_EDGE('',*,*,#1049,.F.);
#1504=ORIENTED_EDGE('',*,*,#1111,.F.);
#1505=ORIENTED_EDGE('',*,*,#1144,.T.);
#1506=ORIENTED_EDGE('',*,*,#1145,.F.);
#1507=ORIENTED_EDGE('',*,*,#1146,.F.);
#1508=ORIENTED_EDGE('',*,*,#1147,.F.);
#1509=ORIENTED_EDGE('',*,*,#1148,.T.);
#1510=ORIENTED_EDGE('',*,*,#1149,.T.);
#1511=ORIENTED_EDGE('',*,*,#1141,.F.);
#1512=ORIENTED_EDGE('',*,*,#1150,.T.);
#1513=ORIENTED_EDGE('',*,*,#1151,.T.);
#1514=ORIENTED_EDGE('',*,*,#1152,.T.);
#1515=ORIENTED_EDGE('',*,*,#1153,.T.);
#1516=ORIENTED_EDGE('',*,*,#1152,.F.);
#1517=ORIENTED_EDGE('',*,*,#1154,.T.);
#1518=ORIENTED_EDGE('',*,*,#1155,.T.);
#1519=ORIENTED_EDGE('',*,*,#1156,.T.);
#1520=ORIENTED_EDGE('',*,*,#1157,.T.);
#1521=ORIENTED_EDGE('',*,*,#1158,.T.);
#1522=ORIENTED_EDGE('',*,*,#1155,.F.);
#1523=ORIENTED_EDGE('',*,*,#1159,.T.);
#1524=ORIENTED_EDGE('',*,*,#1157,.F.);
#1525=ORIENTED_EDGE('',*,*,#1160,.T.);
#1526=ORIENTED_EDGE('',*,*,#1161,.T.);
#1527=ORIENTED_EDGE('',*,*,#1162,.T.);
#1528=ORIENTED_EDGE('',*,*,#1163,.T.);
#1529=ORIENTED_EDGE('',*,*,#1164,.T.);
#1530=ORIENTED_EDGE('',*,*,#1161,.F.);
#1531=ORIENTED_EDGE('',*,*,#1165,.T.);
#1532=ORIENTED_EDGE('',*,*,#1163,.F.);
#1533=ORIENTED_EDGE('',*,*,#1166,.T.);
#1534=ORIENTED_EDGE('',*,*,#1167,.T.);
#1535=ORIENTED_EDGE('',*,*,#1168,.T.);
#1536=ORIENTED_EDGE('',*,*,#1169,.T.);
#1537=ORIENTED_EDGE('',*,*,#1170,.T.);
#1538=ORIENTED_EDGE('',*,*,#1167,.F.);
#1539=ORIENTED_EDGE('',*,*,#1171,.T.);
#1540=ORIENTED_EDGE('',*,*,#1080,.F.);
#1541=ORIENTED_EDGE('',*,*,#1172,.T.);
#1542=ORIENTED_EDGE('',*,*,#1171,.F.);
#1543=ORIENTED_EDGE('',*,*,#1173,.F.);
#1544=ORIENTED_EDGE('',*,*,#1078,.F.);
#1545=ORIENTED_EDGE('',*,*,#1173,.T.);
#1546=ORIENTED_EDGE('',*,*,#1166,.F.);
#1547=ORIENTED_EDGE('',*,*,#1174,.T.);
#1548=ORIENTED_EDGE('',*,*,#1075,.F.);
#1549=ORIENTED_EDGE('',*,*,#1174,.F.);
#1550=ORIENTED_EDGE('',*,*,#1165,.F.);
#1551=ORIENTED_EDGE('',*,*,#1175,.F.);
#1552=ORIENTED_EDGE('',*,*,#1088,.F.);
#1553=ORIENTED_EDGE('',*,*,#1175,.T.);
#1554=ORIENTED_EDGE('',*,*,#1160,.F.);
#1555=ORIENTED_EDGE('',*,*,#1176,.T.);
#1556=ORIENTED_EDGE('',*,*,#1087,.F.);
#1557=ORIENTED_EDGE('',*,*,#1176,.F.);
#1558=ORIENTED_EDGE('',*,*,#1159,.F.);
#1559=ORIENTED_EDGE('',*,*,#1177,.F.);
#1560=ORIENTED_EDGE('',*,*,#1085,.F.);
#1561=ORIENTED_EDGE('',*,*,#1177,.T.);
#1562=ORIENTED_EDGE('',*,*,#1154,.F.);
#1563=ORIENTED_EDGE('',*,*,#1178,.T.);
#1564=ORIENTED_EDGE('',*,*,#1083,.F.);
#1565=ORIENTED_EDGE('',*,*,#1178,.F.);
#1566=ORIENTED_EDGE('',*,*,#1151,.F.);
#1567=ORIENTED_EDGE('',*,*,#1179,.F.);
#1568=ORIENTED_EDGE('',*,*,#1150,.F.);
#1569=ORIENTED_EDGE('',*,*,#1180,.F.);
#1570=ORIENTED_EDGE('',*,*,#1181,.F.);
#1571=ORIENTED_EDGE('',*,*,#1182,.T.);
#1572=ORIENTED_EDGE('',*,*,#1183,.T.);
#1573=ORIENTED_EDGE('',*,*,#1184,.F.);
#1574=ORIENTED_EDGE('',*,*,#1185,.F.);
#1575=ORIENTED_EDGE('',*,*,#1186,.F.);
#1576=ORIENTED_EDGE('',*,*,#1094,.F.);
#1577=ORIENTED_EDGE('',*,*,#1035,.F.);
#1578=ORIENTED_EDGE('',*,*,#1081,.F.);
#1579=ORIENTED_EDGE('',*,*,#1179,.T.);
#1580=ORIENTED_EDGE('',*,*,#1145,.T.);
#1581=ORIENTED_EDGE('',*,*,#1187,.T.);
#1582=ORIENTED_EDGE('',*,*,#1188,.T.);
#1583=ORIENTED_EDGE('',*,*,#1189,.T.);
#1584=ORIENTED_EDGE('',*,*,#1188,.F.);
#1585=ORIENTED_EDGE('',*,*,#1190,.T.);
#1586=ORIENTED_EDGE('',*,*,#1191,.T.);
#1587=ORIENTED_EDGE('',*,*,#1192,.T.);
#1588=ORIENTED_EDGE('',*,*,#1193,.T.);
#1589=ORIENTED_EDGE('',*,*,#1194,.T.);
#1590=ORIENTED_EDGE('',*,*,#1191,.F.);
#1591=ORIENTED_EDGE('',*,*,#1195,.T.);
#1592=ORIENTED_EDGE('',*,*,#1193,.F.);
#1593=ORIENTED_EDGE('',*,*,#1196,.T.);
#1594=ORIENTED_EDGE('',*,*,#1197,.T.);
#1595=ORIENTED_EDGE('',*,*,#1198,.T.);
#1596=ORIENTED_EDGE('',*,*,#1199,.T.);
#1597=ORIENTED_EDGE('',*,*,#1200,.T.);
#1598=ORIENTED_EDGE('',*,*,#1197,.F.);
#1599=ORIENTED_EDGE('',*,*,#1201,.T.);
#1600=ORIENTED_EDGE('',*,*,#1199,.F.);
#1601=ORIENTED_EDGE('',*,*,#1202,.T.);
#1602=ORIENTED_EDGE('',*,*,#1203,.T.);
#1603=ORIENTED_EDGE('',*,*,#1204,.T.);
#1604=ORIENTED_EDGE('',*,*,#1205,.T.);
#1605=ORIENTED_EDGE('',*,*,#1206,.T.);
#1606=ORIENTED_EDGE('',*,*,#1203,.F.);
#1607=ORIENTED_EDGE('',*,*,#1207,.T.);
#1608=ORIENTED_EDGE('',*,*,#1108,.F.);
#1609=ORIENTED_EDGE('',*,*,#1208,.T.);
#1610=ORIENTED_EDGE('',*,*,#1202,.F.);
#1611=ORIENTED_EDGE('',*,*,#1209,.T.);
#1612=ORIENTED_EDGE('',*,*,#1105,.F.);
#1613=ORIENTED_EDGE('',*,*,#1209,.F.);
#1614=ORIENTED_EDGE('',*,*,#1201,.F.);
#1615=ORIENTED_EDGE('',*,*,#1210,.F.);
#1616=ORIENTED_EDGE('',*,*,#1118,.F.);
#1617=ORIENTED_EDGE('',*,*,#1210,.T.);
#1618=ORIENTED_EDGE('',*,*,#1196,.F.);
#1619=ORIENTED_EDGE('',*,*,#1211,.T.);
#1620=ORIENTED_EDGE('',*,*,#1117,.F.);
#1621=ORIENTED_EDGE('',*,*,#1211,.F.);
#1622=ORIENTED_EDGE('',*,*,#1195,.F.);
#1623=ORIENTED_EDGE('',*,*,#1212,.F.);
#1624=ORIENTED_EDGE('',*,*,#1115,.F.);
#1625=ORIENTED_EDGE('',*,*,#1212,.T.);
#1626=ORIENTED_EDGE('',*,*,#1190,.F.);
#1627=ORIENTED_EDGE('',*,*,#1213,.T.);
#1628=ORIENTED_EDGE('',*,*,#1113,.F.);
#1629=ORIENTED_EDGE('',*,*,#1213,.F.);
#1630=ORIENTED_EDGE('',*,*,#1187,.F.);
#1631=ORIENTED_EDGE('',*,*,#1144,.F.);
#1632=ORIENTED_EDGE('',*,*,#1214,.T.);
#1633=ORIENTED_EDGE('',*,*,#1215,.T.);
#1634=ORIENTED_EDGE('',*,*,#1216,.T.);
#1635=ORIENTED_EDGE('',*,*,#1217,.T.);
#1636=ORIENTED_EDGE('',*,*,#1216,.F.);
#1637=ORIENTED_EDGE('',*,*,#1218,.T.);
#1638=ORIENTED_EDGE('',*,*,#1219,.T.);
#1639=ORIENTED_EDGE('',*,*,#1220,.T.);
#1640=ORIENTED_EDGE('',*,*,#1221,.T.);
#1641=ORIENTED_EDGE('',*,*,#1222,.T.);
#1642=ORIENTED_EDGE('',*,*,#1219,.F.);
#1643=ORIENTED_EDGE('',*,*,#1223,.T.);
#1644=ORIENTED_EDGE('',*,*,#1221,.F.);
#1645=ORIENTED_EDGE('',*,*,#1224,.T.);
#1646=ORIENTED_EDGE('',*,*,#1225,.T.);
#1647=ORIENTED_EDGE('',*,*,#1226,.T.);
#1648=ORIENTED_EDGE('',*,*,#1227,.T.);
#1649=ORIENTED_EDGE('',*,*,#1228,.T.);
#1650=ORIENTED_EDGE('',*,*,#1225,.F.);
#1651=ORIENTED_EDGE('',*,*,#1229,.T.);
#1652=ORIENTED_EDGE('',*,*,#1227,.F.);
#1653=ORIENTED_EDGE('',*,*,#1230,.T.);
#1654=ORIENTED_EDGE('',*,*,#1231,.T.);
#1655=ORIENTED_EDGE('',*,*,#1232,.T.);
#1656=ORIENTED_EDGE('',*,*,#1185,.T.);
#1657=ORIENTED_EDGE('',*,*,#1233,.T.);
#1658=ORIENTED_EDGE('',*,*,#1231,.F.);
#1659=ORIENTED_EDGE('',*,*,#1234,.T.);
#1660=ORIENTED_EDGE('',*,*,#1095,.F.);
#1661=ORIENTED_EDGE('',*,*,#1186,.T.);
#1662=ORIENTED_EDGE('',*,*,#1234,.F.);
#1663=ORIENTED_EDGE('',*,*,#1235,.F.);
#1664=ORIENTED_EDGE('',*,*,#1093,.F.);
#1665=ORIENTED_EDGE('',*,*,#1235,.T.);
#1666=ORIENTED_EDGE('',*,*,#1230,.F.);
#1667=ORIENTED_EDGE('',*,*,#1236,.T.);
#1668=ORIENTED_EDGE('',*,*,#1090,.F.);
#1669=ORIENTED_EDGE('',*,*,#1236,.F.);
#1670=ORIENTED_EDGE('',*,*,#1229,.F.);
#1671=ORIENTED_EDGE('',*,*,#1237,.F.);
#1672=ORIENTED_EDGE('',*,*,#1103,.F.);
#1673=ORIENTED_EDGE('',*,*,#1237,.T.);
#1674=ORIENTED_EDGE('',*,*,#1224,.F.);
#1675=ORIENTED_EDGE('',*,*,#1238,.T.);
#1676=ORIENTED_EDGE('',*,*,#1102,.F.);
#1677=ORIENTED_EDGE('',*,*,#1238,.F.);
#1678=ORIENTED_EDGE('',*,*,#1223,.F.);
#1679=ORIENTED_EDGE('',*,*,#1239,.F.);
#1680=ORIENTED_EDGE('',*,*,#1100,.F.);
#1681=ORIENTED_EDGE('',*,*,#1239,.T.);
#1682=ORIENTED_EDGE('',*,*,#1218,.F.);
#1683=ORIENTED_EDGE('',*,*,#1240,.T.);
#1684=ORIENTED_EDGE('',*,*,#1098,.F.);
#1685=ORIENTED_EDGE('',*,*,#1240,.F.);
#1686=ORIENTED_EDGE('',*,*,#1215,.F.);
#1687=ORIENTED_EDGE('',*,*,#1241,.F.);
#1688=ORIENTED_EDGE('',*,*,#1242,.T.);
#1689=ORIENTED_EDGE('',*,*,#1243,.T.);
#1690=ORIENTED_EDGE('',*,*,#1066,.T.);
#1691=ORIENTED_EDGE('',*,*,#1244,.T.);
#1692=ORIENTED_EDGE('',*,*,#1243,.F.);
#1693=ORIENTED_EDGE('',*,*,#1245,.T.);
#1694=ORIENTED_EDGE('',*,*,#1246,.F.);
#1695=ORIENTED_EDGE('',*,*,#1067,.F.);
#1696=ORIENTED_EDGE('',*,*,#1247,.T.);
#1697=ORIENTED_EDGE('',*,*,#1248,.T.);
#1698=ORIENTED_EDGE('',*,*,#1070,.T.);
#1699=ORIENTED_EDGE('',*,*,#1249,.T.);
#1700=ORIENTED_EDGE('',*,*,#1248,.F.);
#1701=ORIENTED_EDGE('',*,*,#1250,.T.);
#1702=ORIENTED_EDGE('',*,*,#1251,.F.);
#1703=ORIENTED_EDGE('',*,*,#1071,.F.);
#1704=ORIENTED_EDGE('',*,*,#1252,.T.);
#1705=ORIENTED_EDGE('',*,*,#1253,.T.);
#1706=ORIENTED_EDGE('',*,*,#1064,.T.);
#1707=ORIENTED_EDGE('',*,*,#1254,.T.);
#1708=ORIENTED_EDGE('',*,*,#1244,.F.);
#1709=ORIENTED_EDGE('',*,*,#1065,.F.);
#1710=ORIENTED_EDGE('',*,*,#1253,.F.);
#1711=ORIENTED_EDGE('',*,*,#1255,.T.);
#1712=ORIENTED_EDGE('',*,*,#1256,.T.);
#1713=ORIENTED_EDGE('',*,*,#1257,.T.);
#1714=ORIENTED_EDGE('',*,*,#1060,.T.);
#1715=ORIENTED_EDGE('',*,*,#1258,.T.);
#1716=ORIENTED_EDGE('',*,*,#1257,.F.);
#1717=ORIENTED_EDGE('',*,*,#1259,.T.);
#1718=ORIENTED_EDGE('',*,*,#1260,.F.);
#1719=ORIENTED_EDGE('',*,*,#1061,.F.);
#1720=ORIENTED_EDGE('',*,*,#1261,.T.);
#1721=ORIENTED_EDGE('',*,*,#1262,.T.);
#1722=ORIENTED_EDGE('',*,*,#1058,.T.);
#1723=ORIENTED_EDGE('',*,*,#1263,.T.);
#1724=ORIENTED_EDGE('',*,*,#1258,.F.);
#1725=ORIENTED_EDGE('',*,*,#1059,.F.);
#1726=ORIENTED_EDGE('',*,*,#1262,.F.);
#1727=ORIENTED_EDGE('',*,*,#1264,.T.);
#1728=ORIENTED_EDGE('',*,*,#1265,.T.);
#1729=ORIENTED_EDGE('',*,*,#1266,.T.);
#1730=ORIENTED_EDGE('',*,*,#1054,.T.);
#1731=ORIENTED_EDGE('',*,*,#1267,.T.);
#1732=ORIENTED_EDGE('',*,*,#1266,.F.);
#1733=ORIENTED_EDGE('',*,*,#1268,.T.);
#1734=ORIENTED_EDGE('',*,*,#1269,.F.);
#1735=ORIENTED_EDGE('',*,*,#1055,.F.);
#1736=ORIENTED_EDGE('',*,*,#1270,.T.);
#1737=ORIENTED_EDGE('',*,*,#1271,.T.);
#1738=ORIENTED_EDGE('',*,*,#1052,.T.);
#1739=ORIENTED_EDGE('',*,*,#1272,.T.);
#1740=ORIENTED_EDGE('',*,*,#1267,.F.);
#1741=ORIENTED_EDGE('',*,*,#1053,.F.);
#1742=ORIENTED_EDGE('',*,*,#1271,.F.);
#1743=ORIENTED_EDGE('',*,*,#1273,.T.);
#1744=ORIENTED_EDGE('',*,*,#1274,.T.);
#1745=ORIENTED_EDGE('',*,*,#1275,.T.);
#1746=ORIENTED_EDGE('',*,*,#1072,.T.);
#1747=ORIENTED_EDGE('',*,*,#1251,.T.);
#1748=ORIENTED_EDGE('',*,*,#1275,.F.);
#1749=ORIENTED_EDGE('',*,*,#1276,.T.);
#1750=ORIENTED_EDGE('',*,*,#1277,.F.);
#1751=ORIENTED_EDGE('',*,*,#1073,.F.);
#1752=ORIENTED_EDGE('',*,*,#1050,.T.);
#1753=ORIENTED_EDGE('',*,*,#1277,.T.);
#1754=ORIENTED_EDGE('',*,*,#1278,.T.);
#1755=ORIENTED_EDGE('',*,*,#1279,.T.);
#1756=ORIENTED_EDGE('',*,*,#1068,.T.);
#1757=ORIENTED_EDGE('',*,*,#1246,.T.);
#1758=ORIENTED_EDGE('',*,*,#1280,.T.);
#1759=ORIENTED_EDGE('',*,*,#1281,.T.);
#1760=ORIENTED_EDGE('',*,*,#1062,.T.);
#1761=ORIENTED_EDGE('',*,*,#1260,.T.);
#1762=ORIENTED_EDGE('',*,*,#1282,.T.);
#1763=ORIENTED_EDGE('',*,*,#1283,.T.);
#1764=ORIENTED_EDGE('',*,*,#1056,.T.);
#1765=ORIENTED_EDGE('',*,*,#1269,.T.);
#1766=ORIENTED_EDGE('',*,*,#1284,.T.);
#1767=ORIENTED_EDGE('',*,*,#1285,.T.);
#1768=ORIENTED_EDGE('',*,*,#1027,.F.);
#1769=ORIENTED_EDGE('',*,*,#1286,.T.);
#1770=ORIENTED_EDGE('',*,*,#1129,.F.);
#1771=ORIENTED_EDGE('',*,*,#1287,.T.);
#1772=ORIENTED_EDGE('',*,*,#1008,.F.);
#1773=ORIENTED_EDGE('',*,*,#1288,.F.);
#1774=ORIENTED_EDGE('',*,*,#1134,.F.);
#1775=ORIENTED_EDGE('',*,*,#1286,.F.);
#1776=ORIENTED_EDGE('',*,*,#1206,.F.);
#1777=ORIENTED_EDGE('',*,*,#1289,.T.);
#1778=ORIENTED_EDGE('',*,*,#1146,.T.);
#1779=ORIENTED_EDGE('',*,*,#1189,.F.);
#1780=ORIENTED_EDGE('',*,*,#1192,.F.);
#1781=ORIENTED_EDGE('',*,*,#1194,.F.);
#1782=ORIENTED_EDGE('',*,*,#1198,.F.);
#1783=ORIENTED_EDGE('',*,*,#1200,.F.);
#1784=ORIENTED_EDGE('',*,*,#1204,.F.);
#1785=ORIENTED_EDGE('',*,*,#1110,.F.);
#1786=ORIENTED_EDGE('',*,*,#1290,.T.);
#1787=ORIENTED_EDGE('',*,*,#1207,.F.);
#1788=ORIENTED_EDGE('',*,*,#1208,.F.);
#1789=ORIENTED_EDGE('',*,*,#1233,.F.);
#1790=ORIENTED_EDGE('',*,*,#1184,.T.);
#1791=ORIENTED_EDGE('',*,*,#1291,.T.);
#1792=ORIENTED_EDGE('',*,*,#1217,.F.);
#1793=ORIENTED_EDGE('',*,*,#1220,.F.);
#1794=ORIENTED_EDGE('',*,*,#1222,.F.);
#1795=ORIENTED_EDGE('',*,*,#1226,.F.);
#1796=ORIENTED_EDGE('',*,*,#1228,.F.);
#1797=ORIENTED_EDGE('',*,*,#1232,.F.);
#1798=ORIENTED_EDGE('',*,*,#1022,.F.);
#1799=ORIENTED_EDGE('',*,*,#1292,.T.);
#1800=ORIENTED_EDGE('',*,*,#1123,.F.);
#1801=ORIENTED_EDGE('',*,*,#1293,.T.);
#1802=ORIENTED_EDGE('',*,*,#1025,.F.);
#1803=ORIENTED_EDGE('',*,*,#1287,.F.);
#1804=ORIENTED_EDGE('',*,*,#1128,.F.);
#1805=ORIENTED_EDGE('',*,*,#1292,.F.);
#1806=ORIENTED_EDGE('',*,*,#1012,.F.);
#1807=ORIENTED_EDGE('',*,*,#1294,.T.);
#1808=ORIENTED_EDGE('',*,*,#1135,.F.);
#1809=ORIENTED_EDGE('',*,*,#1288,.T.);
#1810=ORIENTED_EDGE('',*,*,#1015,.F.);
#1811=ORIENTED_EDGE('',*,*,#1143,.T.);
#1812=ORIENTED_EDGE('',*,*,#1140,.F.);
#1813=ORIENTED_EDGE('',*,*,#1294,.F.);
#1814=ORIENTED_EDGE('',*,*,#1170,.F.);
#1815=ORIENTED_EDGE('',*,*,#1295,.T.);
#1816=ORIENTED_EDGE('',*,*,#1180,.T.);
#1817=ORIENTED_EDGE('',*,*,#1153,.F.);
#1818=ORIENTED_EDGE('',*,*,#1156,.F.);
#1819=ORIENTED_EDGE('',*,*,#1158,.F.);
#1820=ORIENTED_EDGE('',*,*,#1162,.F.);
#1821=ORIENTED_EDGE('',*,*,#1164,.F.);
#1822=ORIENTED_EDGE('',*,*,#1168,.F.);
#1823=ORIENTED_EDGE('',*,*,#1249,.F.);
#1824=ORIENTED_EDGE('',*,*,#1069,.F.);
#1825=ORIENTED_EDGE('',*,*,#1281,.F.);
#1826=ORIENTED_EDGE('',*,*,#1296,.T.);
#1827=ORIENTED_EDGE('',*,*,#1254,.F.);
#1828=ORIENTED_EDGE('',*,*,#1063,.F.);
#1829=ORIENTED_EDGE('',*,*,#1283,.F.);
#1830=ORIENTED_EDGE('',*,*,#1297,.T.);
#1831=ORIENTED_EDGE('',*,*,#1263,.F.);
#1832=ORIENTED_EDGE('',*,*,#1057,.F.);
#1833=ORIENTED_EDGE('',*,*,#1285,.F.);
#1834=ORIENTED_EDGE('',*,*,#1298,.T.);
#1835=ORIENTED_EDGE('',*,*,#1272,.F.);
#1836=ORIENTED_EDGE('',*,*,#1051,.F.);
#1837=ORIENTED_EDGE('',*,*,#1279,.F.);
#1838=ORIENTED_EDGE('',*,*,#1299,.T.);
#1839=ORIENTED_EDGE('',*,*,#1205,.F.);
#1840=ORIENTED_EDGE('',*,*,#1290,.F.);
#1841=ORIENTED_EDGE('',*,*,#1109,.F.);
#1842=ORIENTED_EDGE('',*,*,#1042,.F.);
#1843=ORIENTED_EDGE('',*,*,#1096,.F.);
#1844=ORIENTED_EDGE('',*,*,#1241,.T.);
#1845=ORIENTED_EDGE('',*,*,#1214,.F.);
#1846=ORIENTED_EDGE('',*,*,#1291,.F.);
#1847=ORIENTED_EDGE('',*,*,#1183,.F.);
#1848=ORIENTED_EDGE('',*,*,#1300,.T.);
#1849=ORIENTED_EDGE('',*,*,#1147,.T.);
#1850=ORIENTED_EDGE('',*,*,#1289,.F.);
#1851=ORIENTED_EDGE('',*,*,#1020,.F.);
#1852=ORIENTED_EDGE('',*,*,#1293,.F.);
#1853=ORIENTED_EDGE('',*,*,#1120,.F.);
#1854=ORIENTED_EDGE('',*,*,#1301,.F.);
#1855=ORIENTED_EDGE('',*,*,#1119,.F.);
#1856=ORIENTED_EDGE('',*,*,#1142,.F.);
#1857=ORIENTED_EDGE('',*,*,#1149,.F.);
#1858=ORIENTED_EDGE('',*,*,#1302,.T.);
#1859=ORIENTED_EDGE('',*,*,#1181,.T.);
#1860=ORIENTED_EDGE('',*,*,#1295,.F.);
#1861=ORIENTED_EDGE('',*,*,#1169,.F.);
#1862=ORIENTED_EDGE('',*,*,#1172,.F.);
#1863=ORIENTED_EDGE('',*,*,#1079,.F.);
#1864=ORIENTED_EDGE('',*,*,#1028,.F.);
#1865=ORIENTED_EDGE('',*,*,#1017,.F.);
#1866=ORIENTED_EDGE('',*,*,#1301,.T.);
#1867=ORIENTED_EDGE('',*,*,#1182,.F.);
#1868=ORIENTED_EDGE('',*,*,#1302,.F.);
#1869=ORIENTED_EDGE('',*,*,#1148,.F.);
#1870=ORIENTED_EDGE('',*,*,#1300,.F.);
#1871=ORIENTED_EDGE('',*,*,#1278,.F.);
#1872=ORIENTED_EDGE('',*,*,#1276,.F.);
#1873=ORIENTED_EDGE('',*,*,#1274,.F.);
#1874=ORIENTED_EDGE('',*,*,#1250,.F.);
#1875=ORIENTED_EDGE('',*,*,#1247,.F.);
#1876=ORIENTED_EDGE('',*,*,#1296,.F.);
#1877=ORIENTED_EDGE('',*,*,#1280,.F.);
#1878=ORIENTED_EDGE('',*,*,#1245,.F.);
#1879=ORIENTED_EDGE('',*,*,#1242,.F.);
#1880=ORIENTED_EDGE('',*,*,#1255,.F.);
#1881=ORIENTED_EDGE('',*,*,#1252,.F.);
#1882=ORIENTED_EDGE('',*,*,#1297,.F.);
#1883=ORIENTED_EDGE('',*,*,#1282,.F.);
#1884=ORIENTED_EDGE('',*,*,#1259,.F.);
#1885=ORIENTED_EDGE('',*,*,#1256,.F.);
#1886=ORIENTED_EDGE('',*,*,#1264,.F.);
#1887=ORIENTED_EDGE('',*,*,#1261,.F.);
#1888=ORIENTED_EDGE('',*,*,#1298,.F.);
#1889=ORIENTED_EDGE('',*,*,#1284,.F.);
#1890=ORIENTED_EDGE('',*,*,#1268,.F.);
#1891=ORIENTED_EDGE('',*,*,#1265,.F.);
#1892=ORIENTED_EDGE('',*,*,#1273,.F.);
#1893=ORIENTED_EDGE('',*,*,#1270,.F.);
#1894=ORIENTED_EDGE('',*,*,#1299,.F.);
#1895=PLANE('',#2097);
#1896=PLANE('',#2101);
#1897=PLANE('',#2102);
#1898=PLANE('',#2106);
#1899=PLANE('',#2109);
#1900=PLANE('',#2128);
#1901=PLANE('',#2131);
#1902=PLANE('',#2132);
#1903=PLANE('',#2135);
#1904=PLANE('',#2138);
#1905=PLANE('',#2141);
#1906=PLANE('',#2142);
#1907=PLANE('',#2145);
#1908=PLANE('',#2148);
#1909=PLANE('',#2151);
#1910=PLANE('',#2152);
#1911=PLANE('',#2155);
#1912=PLANE('',#2158);
#1913=PLANE('',#2162);
#1914=PLANE('',#2166);
#1915=PLANE('',#2170);
#1916=PLANE('',#2171);
#1917=PLANE('',#2172);
#1918=PLANE('',#2173);
#1919=PLANE('',#2177);
#1920=PLANE('',#2181);
#1921=PLANE('',#2185);
#1922=PLANE('',#2186);
#1923=PLANE('',#2188);
#1924=PLANE('',#2190);
#1925=PLANE('',#2192);
#1926=PLANE('',#2193);
#1927=PLANE('',#2194);
#1928=PLANE('',#2198);
#1929=PLANE('',#2202);
#1930=PLANE('',#2206);
#1931=PLANE('',#2208);
#1932=PLANE('',#2210);
#1933=PLANE('',#2212);
#1934=PLANE('',#2213);
#1935=PLANE('',#2217);
#1936=PLANE('',#2221);
#1937=PLANE('',#2225);
#1938=PLANE('',#2226);
#1939=PLANE('',#2228);
#1940=PLANE('',#2230);
#1941=PLANE('',#2232);
#1942=PLANE('',#2235);
#1943=PLANE('',#2238);
#1944=PLANE('',#2241);
#1945=PLANE('',#2244);
#1946=PLANE('',#2247);
#1947=PLANE('',#2250);
#1948=PLANE('',#2253);
#1949=PLANE('',#2256);
#1950=PLANE('',#2266);
#1951=PLANE('',#2267);
#1952=PLANE('',#2268);
#1953=PLANE('',#2269);
#1954=PLANE('',#2271);
#1955=PLANE('',#2273);
#1956=PLANE('',#2274);
#1957=PLANE('',#2275);
#1958=PLANE('',#2276);
#1959=PLANE('',#2277);
#1960=PLANE('',#2278);
#1961=PLANE('',#2279);
#1962=PLANE('',#2280);
#1963=PLANE('',#2281);
#1964=PLANE('',#2282);
#1965=ADVANCED_FACE('',(#133),#1895,.T.);
#1966=ADVANCED_FACE('',(#134),#109,.T.);
#1967=ADVANCED_FACE('',(#135),#1896,.T.);
#1968=ADVANCED_FACE('',(#136),#1897,.T.);
#1969=ADVANCED_FACE('',(#137),#110,.T.);
#1970=ADVANCED_FACE('',(#138),#1898,.T.);
#1971=ADVANCED_FACE('',(#139),#111,.F.);
#1972=ADVANCED_FACE('',(#140,#39),#1899,.T.);
#1973=ADVANCED_FACE('',(#141),#1900,.T.);
#1974=ADVANCED_FACE('',(#142),#112,.T.);
#1975=ADVANCED_FACE('',(#143),#1901,.T.);
#1976=ADVANCED_FACE('',(#144),#1902,.T.);
#1977=ADVANCED_FACE('',(#145),#113,.T.);
#1978=ADVANCED_FACE('',(#146),#1903,.T.);
#1979=ADVANCED_FACE('',(#147),#114,.F.);
#1980=ADVANCED_FACE('',(#148),#1904,.T.);
#1981=ADVANCED_FACE('',(#149),#115,.T.);
#1982=ADVANCED_FACE('',(#150),#1905,.T.);
#1983=ADVANCED_FACE('',(#151),#1906,.T.);
#1984=ADVANCED_FACE('',(#152),#116,.T.);
#1985=ADVANCED_FACE('',(#153),#1907,.T.);
#1986=ADVANCED_FACE('',(#154),#117,.F.);
#1987=ADVANCED_FACE('',(#155),#1908,.T.);
#1988=ADVANCED_FACE('',(#156),#118,.T.);
#1989=ADVANCED_FACE('',(#157),#1909,.T.);
#1990=ADVANCED_FACE('',(#158),#1910,.T.);
#1991=ADVANCED_FACE('',(#159),#119,.T.);
#1992=ADVANCED_FACE('',(#160),#1911,.T.);
#1993=ADVANCED_FACE('',(#161),#120,.F.);
#1994=ADVANCED_FACE('',(#162),#1912,.T.);
#1995=ADVANCED_FACE('',(#163),#121,.T.);
#1996=ADVANCED_FACE('',(#164),#1913,.T.);
#1997=ADVANCED_FACE('',(#165),#122,.F.);
#1998=ADVANCED_FACE('',(#166),#1914,.T.);
#1999=ADVANCED_FACE('',(#167),#123,.T.);
#2000=ADVANCED_FACE('',(#168),#1915,.T.);
#2001=ADVANCED_FACE('',(#169),#1916,.T.);
#2002=ADVANCED_FACE('',(#170),#1917,.T.);
#2003=ADVANCED_FACE('',(#171),#1918,.T.);
#2004=ADVANCED_FACE('',(#172),#124,.T.);
#2005=ADVANCED_FACE('',(#173),#1919,.T.);
#2006=ADVANCED_FACE('',(#174),#125,.F.);
#2007=ADVANCED_FACE('',(#175),#1920,.T.);
#2008=ADVANCED_FACE('',(#176),#126,.T.);
#2009=ADVANCED_FACE('',(#177),#1921,.T.);
#2010=ADVANCED_FACE('',(#178),#1922,.T.);
#2011=ADVANCED_FACE('',(#179),#15,.T.);
#2012=ADVANCED_FACE('',(#180),#1923,.T.);
#2013=ADVANCED_FACE('',(#181),#16,.F.);
#2014=ADVANCED_FACE('',(#182),#1924,.T.);
#2015=ADVANCED_FACE('',(#183),#17,.T.);
#2016=ADVANCED_FACE('',(#184),#1925,.T.);
#2017=ADVANCED_FACE('',(#185),#1926,.T.);
#2018=ADVANCED_FACE('',(#186),#1927,.T.);
#2019=ADVANCED_FACE('',(#187),#127,.T.);
#2020=ADVANCED_FACE('',(#188),#1928,.T.);
#2021=ADVANCED_FACE('',(#189),#128,.F.);
#2022=ADVANCED_FACE('',(#190),#1929,.T.);
#2023=ADVANCED_FACE('',(#191),#129,.T.);
#2024=ADVANCED_FACE('',(#192),#1930,.T.);
#2025=ADVANCED_FACE('',(#193),#18,.T.);
#2026=ADVANCED_FACE('',(#194),#1931,.T.);
#2027=ADVANCED_FACE('',(#195),#19,.F.);
#2028=ADVANCED_FACE('',(#196),#1932,.T.);
#2029=ADVANCED_FACE('',(#197),#20,.T.);
#2030=ADVANCED_FACE('',(#198),#1933,.T.);
#2031=ADVANCED_FACE('',(#199),#1934,.T.);
#2032=ADVANCED_FACE('',(#200),#130,.T.);
#2033=ADVANCED_FACE('',(#201),#1935,.T.);
#2034=ADVANCED_FACE('',(#202),#131,.F.);
#2035=ADVANCED_FACE('',(#203),#1936,.T.);
#2036=ADVANCED_FACE('',(#204),#132,.T.);
#2037=ADVANCED_FACE('',(#205),#1937,.T.);
#2038=ADVANCED_FACE('',(#206),#1938,.T.);
#2039=ADVANCED_FACE('',(#207),#21,.T.);
#2040=ADVANCED_FACE('',(#208),#1939,.T.);
#2041=ADVANCED_FACE('',(#209),#22,.F.);
#2042=ADVANCED_FACE('',(#210),#1940,.T.);
#2043=ADVANCED_FACE('',(#211),#23,.T.);
#2044=ADVANCED_FACE('',(#212),#1941,.T.);
#2045=ADVANCED_FACE('',(#213),#24,.F.);
#2046=ADVANCED_FACE('',(#214),#1942,.T.);
#2047=ADVANCED_FACE('',(#215),#25,.F.);
#2048=ADVANCED_FACE('',(#216),#1943,.T.);
#2049=ADVANCED_FACE('',(#217),#26,.F.);
#2050=ADVANCED_FACE('',(#218),#1944,.T.);
#2051=ADVANCED_FACE('',(#219),#27,.F.);
#2052=ADVANCED_FACE('',(#220),#1945,.T.);
#2053=ADVANCED_FACE('',(#221),#28,.F.);
#2054=ADVANCED_FACE('',(#222),#1946,.T.);
#2055=ADVANCED_FACE('',(#223),#29,.F.);
#2056=ADVANCED_FACE('',(#224),#1947,.T.);
#2057=ADVANCED_FACE('',(#225),#30,.F.);
#2058=ADVANCED_FACE('',(#226),#1948,.T.);
#2059=ADVANCED_FACE('',(#227),#31,.F.);
#2060=ADVANCED_FACE('',(#228),#1949,.T.);
#2061=ADVANCED_FACE('',(#229),#32,.T.);
#2062=ADVANCED_FACE('',(#230),#33,.T.);
#2063=ADVANCED_FACE('',(#231),#34,.T.);
#2064=ADVANCED_FACE('',(#232),#35,.T.);
#2065=ADVANCED_FACE('',(#233),#36,.F.);
#2066=ADVANCED_FACE('',(#234),#1950,.T.);
#2067=ADVANCED_FACE('',(#235),#1951,.T.);
#2068=ADVANCED_FACE('',(#236),#1952,.T.);
#2069=ADVANCED_FACE('',(#237),#1953,.T.);
#2070=ADVANCED_FACE('',(#238),#37,.T.);
#2071=ADVANCED_FACE('',(#239),#1954,.T.);
#2072=ADVANCED_FACE('',(#240),#38,.T.);
#2073=ADVANCED_FACE('',(#241),#1955,.T.);
#2074=ADVANCED_FACE('',(#242),#1956,.T.);
#2075=ADVANCED_FACE('',(#243),#1957,.T.);
#2076=ADVANCED_FACE('',(#244),#1958,.T.);
#2077=ADVANCED_FACE('',(#245),#1959,.T.);
#2078=ADVANCED_FACE('',(#246),#1960,.T.);
#2079=ADVANCED_FACE('',(#247),#1961,.T.);
#2080=ADVANCED_FACE('',(#248),#1962,.T.);
#2081=ADVANCED_FACE('',(#249),#1963,.T.);
#2082=ADVANCED_FACE('',(#250,#40),#1964,.F.);
#2083=CLOSED_SHELL('',(#1965,#1966,#1967,#1968,#1969,#1970,#1971,#1972,
#1973,#1974,#1975,#1976,#1977,#1978,#1979,#1980,#1981,#1982,#1983,#1984,
#1985,#1986,#1987,#1988,#1989,#1990,#1991,#1992,#1993,#1994,#1995,#1996,
#1997,#1998,#1999,#2000,#2001,#2002,#2003,#2004,#2005,#2006,#2007,#2008,
#2009,#2010,#2011,#2012,#2013,#2014,#2015,#2016,#2017,#2018,#2019,#2020,
#2021,#2022,#2023,#2024,#2025,#2026,#2027,#2028,#2029,#2030,#2031,#2032,
#2033,#2034,#2035,#2036,#2037,#2038,#2039,#2040,#2041,#2042,#2043,#2044,
#2045,#2046,#2047,#2048,#2049,#2050,#2051,#2052,#2053,#2054,#2055,#2056,
#2057,#2058,#2059,#2060,#2061,#2062,#2063,#2064,#2065,#2066,#2067,#2068,
#2069,#2070,#2071,#2072,#2073,#2074,#2075,#2076,#2077,#2078,#2079,#2080,
#2081,#2082));
#2084=DERIVED_UNIT_ELEMENT(#2086,1.);
#2085=DERIVED_UNIT_ELEMENT(#3485,-3.);
#2086=(
MASS_UNIT()
NAMED_UNIT(*)
SI_UNIT(.KILO.,.GRAM.)
);
#2087=DERIVED_UNIT((#2084,#2085));
#2088=MEASURE_REPRESENTATION_ITEM('density measure',
POSITIVE_RATIO_MEASURE(7850.),#2087);
#2089=PROPERTY_DEFINITION_REPRESENTATION(#2094,#2091);
#2090=PROPERTY_DEFINITION_REPRESENTATION(#2095,#2092);
#2091=REPRESENTATION('material name',(#2093),#3482);
#2092=REPRESENTATION('density',(#2088),#3482);
#2093=DESCRIPTIVE_REPRESENTATION_ITEM('Steel','Steel');
#2094=PROPERTY_DEFINITION('material property','material name',#3492);
#2095=PROPERTY_DEFINITION('material property','density of part',#3492);
#2096=AXIS2_PLACEMENT_3D('',#2885,#2283,#2284);
#2097=AXIS2_PLACEMENT_3D('',#2886,#2285,#2286);
#2098=AXIS2_PLACEMENT_3D('',#2895,#2291,#2292);
#2099=AXIS2_PLACEMENT_3D('',#2899,#2294,#2295);
#2100=AXIS2_PLACEMENT_3D('',#2900,#2296,#2297);
#2101=AXIS2_PLACEMENT_3D('',#2901,#2298,#2299);
#2102=AXIS2_PLACEMENT_3D('',#2907,#2303,#2304);
#2103=AXIS2_PLACEMENT_3D('',#2916,#2309,#2310);
#2104=AXIS2_PLACEMENT_3D('',#2920,#2312,#2313);
#2105=AXIS2_PLACEMENT_3D('',#2921,#2314,#2315);
#2106=AXIS2_PLACEMENT_3D('',#2922,#2316,#2317);
#2107=AXIS2_PLACEMENT_3D('',#2927,#2321,#2322);
#2108=AXIS2_PLACEMENT_3D('',#2928,#2323,#2324);
#2109=AXIS2_PLACEMENT_3D('',#2929,#2325,#2326);
#2110=AXIS2_PLACEMENT_3D('',#2935,#2329,#2330);
#2111=AXIS2_PLACEMENT_3D('',#2941,#2333,#2334);
#2112=AXIS2_PLACEMENT_3D('',#2949,#2338,#2339);
#2113=AXIS2_PLACEMENT_3D('',#2955,#2342,#2343);
#2114=AXIS2_PLACEMENT_3D('',#2963,#2347,#2348);
#2115=AXIS2_PLACEMENT_3D('',#2969,#2351,#2352);
#2116=AXIS2_PLACEMENT_3D('',#2975,#2355,#2356);
#2117=AXIS2_PLACEMENT_3D('',#2979,#2358,#2359);
#2118=AXIS2_PLACEMENT_3D('',#2983,#2361,#2362);
#2119=AXIS2_PLACEMENT_3D('',#2987,#2364,#2365);
#2120=AXIS2_PLACEMENT_3D('',#2991,#2367,#2368);
#2121=AXIS2_PLACEMENT_3D('',#2995,#2370,#2371);
#2122=AXIS2_PLACEMENT_3D('',#2999,#2373,#2374);
#2123=AXIS2_PLACEMENT_3D('',#3003,#2376,#2377);
#2124=AXIS2_PLACEMENT_3D('',#3007,#2379,#2380);
#2125=AXIS2_PLACEMENT_3D('',#3011,#2382,#2383);
#2126=AXIS2_PLACEMENT_3D('',#3015,#2385,#2386);
#2127=AXIS2_PLACEMENT_3D('',#3019,#2388,#2389);
#2128=AXIS2_PLACEMENT_3D('',#3021,#2391,#2392);
#2129=AXIS2_PLACEMENT_3D('',#3027,#2396,#2397);
#2130=AXIS2_PLACEMENT_3D('',#3030,#2399,#2400);
#2131=AXIS2_PLACEMENT_3D('',#3031,#2401,#2402);
#2132=AXIS2_PLACEMENT_3D('',#3035,#2405,#2406);
#2133=AXIS2_PLACEMENT_3D('',#3041,#2410,#2411);
#2134=AXIS2_PLACEMENT_3D('',#3044,#2413,#2414);
#2135=AXIS2_PLACEMENT_3D('',#3045,#2415,#2416);
#2136=AXIS2_PLACEMENT_3D('',#3049,#2419,#2420);
#2137=AXIS2_PLACEMENT_3D('',#3050,#2421,#2422);
#2138=AXIS2_PLACEMENT_3D('',#3051,#2423,#2424);
#2139=AXIS2_PLACEMENT_3D('',#3057,#2428,#2429);
#2140=AXIS2_PLACEMENT_3D('',#3060,#2431,#2432);
#2141=AXIS2_PLACEMENT_3D('',#3061,#2433,#2434);
#2142=AXIS2_PLACEMENT_3D('',#3065,#2437,#2438);
#2143=AXIS2_PLACEMENT_3D('',#3071,#2442,#2443);
#2144=AXIS2_PLACEMENT_3D('',#3074,#2445,#2446);
#2145=AXIS2_PLACEMENT_3D('',#3075,#2447,#2448);
#2146=AXIS2_PLACEMENT_3D('',#3079,#2451,#2452);
#2147=AXIS2_PLACEMENT_3D('',#3080,#2453,#2454);
#2148=AXIS2_PLACEMENT_3D('',#3081,#2455,#2456);
#2149=AXIS2_PLACEMENT_3D('',#3087,#2460,#2461);
#2150=AXIS2_PLACEMENT_3D('',#3090,#2463,#2464);
#2151=AXIS2_PLACEMENT_3D('',#3091,#2465,#2466);
#2152=AXIS2_PLACEMENT_3D('',#3095,#2469,#2470);
#2153=AXIS2_PLACEMENT_3D('',#3101,#2474,#2475);
#2154=AXIS2_PLACEMENT_3D('',#3104,#2477,#2478);
#2155=AXIS2_PLACEMENT_3D('',#3105,#2479,#2480);
#2156=AXIS2_PLACEMENT_3D('',#3109,#2483,#2484);
#2157=AXIS2_PLACEMENT_3D('',#3110,#2485,#2486);
#2158=AXIS2_PLACEMENT_3D('',#3111,#2487,#2488);
#2159=AXIS2_PLACEMENT_3D('',#3120,#2493,#2494);
#2160=AXIS2_PLACEMENT_3D('',#3122,#2495,#2496);
#2161=AXIS2_PLACEMENT_3D('',#3125,#2498,#2499);
#2162=AXIS2_PLACEMENT_3D('',#3126,#2500,#2501);
#2163=AXIS2_PLACEMENT_3D('',#3132,#2505,#2506);
#2164=AXIS2_PLACEMENT_3D('',#3134,#2507,#2508);
#2165=AXIS2_PLACEMENT_3D('',#3137,#2510,#2511);
#2166=AXIS2_PLACEMENT_3D('',#3138,#2512,#2513);
#2167=AXIS2_PLACEMENT_3D('',#3144,#2517,#2518);
#2168=AXIS2_PLACEMENT_3D('',#3146,#2519,#2520);
#2169=AXIS2_PLACEMENT_3D('',#3149,#2522,#2523);
#2170=AXIS2_PLACEMENT_3D('',#3150,#2524,#2525);
#2171=AXIS2_PLACEMENT_3D('',#3156,#2529,#2530);
#2172=AXIS2_PLACEMENT_3D('',#3160,#2533,#2534);
#2173=AXIS2_PLACEMENT_3D('',#3173,#2542,#2543);
#2174=AXIS2_PLACEMENT_3D('',#3182,#2548,#2549);
#2175=AXIS2_PLACEMENT_3D('',#3184,#2550,#2551);
#2176=AXIS2_PLACEMENT_3D('',#3187,#2553,#2554);
#2177=AXIS2_PLACEMENT_3D('',#3188,#2555,#2556);
#2178=AXIS2_PLACEMENT_3D('',#3194,#2560,#2561);
#2179=AXIS2_PLACEMENT_3D('',#3196,#2562,#2563);
#2180=AXIS2_PLACEMENT_3D('',#3199,#2565,#2566);
#2181=AXIS2_PLACEMENT_3D('',#3200,#2567,#2568);
#2182=AXIS2_PLACEMENT_3D('',#3206,#2572,#2573);
#2183=AXIS2_PLACEMENT_3D('',#3208,#2574,#2575);
#2184=AXIS2_PLACEMENT_3D('',#3211,#2577,#2578);
#2185=AXIS2_PLACEMENT_3D('',#3212,#2579,#2580);
#2186=AXIS2_PLACEMENT_3D('',#3218,#2584,#2585);
#2187=AXIS2_PLACEMENT_3D('',#3221,#2588,#2589);
#2188=AXIS2_PLACEMENT_3D('',#3223,#2591,#2592);
#2189=AXIS2_PLACEMENT_3D('',#3225,#2594,#2595);
#2190=AXIS2_PLACEMENT_3D('',#3227,#2597,#2598);
#2191=AXIS2_PLACEMENT_3D('',#3229,#2600,#2601);
#2192=AXIS2_PLACEMENT_3D('',#3231,#2603,#2604);
#2193=AXIS2_PLACEMENT_3D('',#3233,#2606,#2607);
#2194=AXIS2_PLACEMENT_3D('',#3247,#2615,#2616);
#2195=AXIS2_PLACEMENT_3D('',#3253,#2620,#2621);
#2196=AXIS2_PLACEMENT_3D('',#3255,#2622,#2623);
#2197=AXIS2_PLACEMENT_3D('',#3258,#2625,#2626);
#2198=AXIS2_PLACEMENT_3D('',#3259,#2627,#2628);
#2199=AXIS2_PLACEMENT_3D('',#3265,#2632,#2633);
#2200=AXIS2_PLACEMENT_3D('',#3267,#2634,#2635);
#2201=AXIS2_PLACEMENT_3D('',#3270,#2637,#2638);
#2202=AXIS2_PLACEMENT_3D('',#3271,#2639,#2640);
#2203=AXIS2_PLACEMENT_3D('',#3277,#2644,#2645);
#2204=AXIS2_PLACEMENT_3D('',#3279,#2646,#2647);
#2205=AXIS2_PLACEMENT_3D('',#3282,#2649,#2650);
#2206=AXIS2_PLACEMENT_3D('',#3283,#2651,#2652);
#2207=AXIS2_PLACEMENT_3D('',#3289,#2656,#2657);
#2208=AXIS2_PLACEMENT_3D('',#3292,#2660,#2661);
#2209=AXIS2_PLACEMENT_3D('',#3294,#2663,#2664);
#2210=AXIS2_PLACEMENT_3D('',#3296,#2666,#2667);
#2211=AXIS2_PLACEMENT_3D('',#3298,#2669,#2670);
#2212=AXIS2_PLACEMENT_3D('',#3300,#2672,#2673);
#2213=AXIS2_PLACEMENT_3D('',#3301,#2674,#2675);
#2214=AXIS2_PLACEMENT_3D('',#3310,#2680,#2681);
#2215=AXIS2_PLACEMENT_3D('',#3312,#2682,#2683);
#2216=AXIS2_PLACEMENT_3D('',#3315,#2685,#2686);
#2217=AXIS2_PLACEMENT_3D('',#3316,#2687,#2688);
#2218=AXIS2_PLACEMENT_3D('',#3322,#2692,#2693);
#2219=AXIS2_PLACEMENT_3D('',#3324,#2694,#2695);
#2220=AXIS2_PLACEMENT_3D('',#3327,#2697,#2698);
#2221=AXIS2_PLACEMENT_3D('',#3328,#2699,#2700);
#2222=AXIS2_PLACEMENT_3D('',#3334,#2704,#2705);
#2223=AXIS2_PLACEMENT_3D('',#3336,#2706,#2707);
#2224=AXIS2_PLACEMENT_3D('',#3339,#2709,#2710);
#2225=AXIS2_PLACEMENT_3D('',#3340,#2711,#2712);
#2226=AXIS2_PLACEMENT_3D('',#3343,#2715,#2716);
#2227=AXIS2_PLACEMENT_3D('',#3345,#2718,#2719);
#2228=AXIS2_PLACEMENT_3D('',#3347,#2721,#2722);
#2229=AXIS2_PLACEMENT_3D('',#3349,#2724,#2725);
#2230=AXIS2_PLACEMENT_3D('',#3351,#2727,#2728);
#2231=AXIS2_PLACEMENT_3D('',#3353,#2730,#2731);
#2232=AXIS2_PLACEMENT_3D('',#3355,#2733,#2734);
#2233=AXIS2_PLACEMENT_3D('',#3357,#2736,#2737);
#2234=AXIS2_PLACEMENT_3D('',#3360,#2738,#2739);
#2235=AXIS2_PLACEMENT_3D('',#3363,#2742,#2743);
#2236=AXIS2_PLACEMENT_3D('',#3367,#2746,#2747);
#2237=AXIS2_PLACEMENT_3D('',#3370,#2748,#2749);
#2238=AXIS2_PLACEMENT_3D('',#3373,#2752,#2753);
#2239=AXIS2_PLACEMENT_3D('',#3377,#2756,#2757);
#2240=AXIS2_PLACEMENT_3D('',#3380,#2758,#2759);
#2241=AXIS2_PLACEMENT_3D('',#3383,#2762,#2763);
#2242=AXIS2_PLACEMENT_3D('',#3385,#2765,#2766);
#2243=AXIS2_PLACEMENT_3D('',#3388,#2767,#2768);
#2244=AXIS2_PLACEMENT_3D('',#3391,#2771,#2772);
#2245=AXIS2_PLACEMENT_3D('',#3395,#2775,#2776);
#2246=AXIS2_PLACEMENT_3D('',#3398,#2777,#2778);
#2247=AXIS2_PLACEMENT_3D('',#3401,#2781,#2782);
#2248=AXIS2_PLACEMENT_3D('',#3403,#2784,#2785);
#2249=AXIS2_PLACEMENT_3D('',#3406,#2786,#2787);
#2250=AXIS2_PLACEMENT_3D('',#3409,#2790,#2791);
#2251=AXIS2_PLACEMENT_3D('',#3413,#2794,#2795);
#2252=AXIS2_PLACEMENT_3D('',#3416,#2796,#2797);
#2253=AXIS2_PLACEMENT_3D('',#3419,#2800,#2801);
#2254=AXIS2_PLACEMENT_3D('',#3421,#2803,#2804);
#2255=AXIS2_PLACEMENT_3D('',#3423,#2805,#2806);
#2256=AXIS2_PLACEMENT_3D('',#3425,#2808,#2809);
#2257=AXIS2_PLACEMENT_3D('',#3429,#2812,#2813);
#2258=AXIS2_PLACEMENT_3D('',#3431,#2814,#2815);
#2259=AXIS2_PLACEMENT_3D('',#3433,#2817,#2818);
#2260=AXIS2_PLACEMENT_3D('',#3435,#2819,#2820);
#2261=AXIS2_PLACEMENT_3D('',#3437,#2822,#2823);
#2262=AXIS2_PLACEMENT_3D('',#3439,#2824,#2825);
#2263=AXIS2_PLACEMENT_3D('',#3441,#2827,#2828);
#2264=AXIS2_PLACEMENT_3D('',#3443,#2829,#2830);
#2265=AXIS2_PLACEMENT_3D('',#3445,#2832,#2833);
#2266=AXIS2_PLACEMENT_3D('',#3448,#2836,#2837);
#2267=AXIS2_PLACEMENT_3D('',#3450,#2839,#2840);
#2268=AXIS2_PLACEMENT_3D('',#3452,#2842,#2843);
#2269=AXIS2_PLACEMENT_3D('',#3454,#2845,#2846);
#2270=AXIS2_PLACEMENT_3D('',#3456,#2848,#2849);
#2271=AXIS2_PLACEMENT_3D('',#3459,#2852,#2853);
#2272=AXIS2_PLACEMENT_3D('',#3460,#2854,#2855);
#2273=AXIS2_PLACEMENT_3D('',#3462,#2857,#2858);
#2274=AXIS2_PLACEMENT_3D('',#3463,#2859,#2860);
#2275=AXIS2_PLACEMENT_3D('',#3465,#2862,#2863);
#2276=AXIS2_PLACEMENT_3D('',#3467,#2865,#2866);
#2277=AXIS2_PLACEMENT_3D('',#3469,#2868,#2869);
#2278=AXIS2_PLACEMENT_3D('',#3471,#2871,#2872);
#2279=AXIS2_PLACEMENT_3D('',#3473,#2874,#2875);
#2280=AXIS2_PLACEMENT_3D('',#3475,#2877,#2878);
#2281=AXIS2_PLACEMENT_3D('',#3477,#2880,#2881);
#2282=AXIS2_PLACEMENT_3D('',#3479,#2883,#2884);
#2283=DIRECTION('axis',(0.,0.,1.));
#2284=DIRECTION('refdir',(1.,0.,0.));
#2285=DIRECTION('center_axis',(-1.41227657279483E-33,0.707106781186547,
0.707106781186548));
#2286=DIRECTION('ref_axis',(1.,0.,1.99726068306824E-33));
#2287=DIRECTION('',(0.,-0.707106781186548,0.707106781186547));
#2288=DIRECTION('',(1.,1.99726068306824E-33,0.));
#2289=DIRECTION('',(0.,0.707106781186548,-0.707106781186547));
#2290=DIRECTION('',(-1.,-1.99726068306824E-33,0.));
#2291=DIRECTION('center_axis',(0.,0.,-1.));
#2292=DIRECTION('ref_axis',(-0.707106781186546,0.707106781186549,0.));
#2293=DIRECTION('',(0.707106781186546,-2.74766180269661E-15,0.707106781186549));
#2294=DIRECTION('center_axis',(0.,0.,-1.));
#2295=DIRECTION('ref_axis',(-0.707106781186546,0.707106781186549,0.));
#2296=DIRECTION('center_axis',(0.,0.,1.));
#2297=DIRECTION('ref_axis',(-0.707106781186546,0.707106781186549,0.));
#2298=DIRECTION('center_axis',(-0.707106781186547,2.94392336003209E-15,
0.707106781186548));
#2299=DIRECTION('ref_axis',(0.707106781186548,0.,0.707106781186547));
#2300=DIRECTION('',(0.707106781186548,-6.94731176408751E-17,0.707106781186547));
#2301=DIRECTION('',(4.16333634234436E-15,1.,0.));
#2302=DIRECTION('',(-4.16333634234436E-15,-1.,0.));
#2303=DIRECTION('center_axis',(2.67471502917366E-15,0.707106781186548,0.707106781186547));
#2304=DIRECTION('ref_axis',(1.,0.,-3.78261826974054E-15));
#2305=DIRECTION('',(0.,0.707106781186547,-0.707106781186548));
#2306=DIRECTION('',(-1.,3.78261826974054E-15,0.));
#2307=DIRECTION('',(0.,-0.707106781186546,0.707106781186549));
#2308=DIRECTION('',(1.,-3.78261826974054E-15,0.));
#2309=DIRECTION('center_axis',(0.,0.,-1.));
#2310=DIRECTION('ref_axis',(-0.707106781186546,0.707106781186549,0.));
#2311=DIRECTION('',(0.707106781186546,-7.85046229341889E-16,0.707106781186549));
#2312=DIRECTION('center_axis',(0.,0.,-1.));
#2313=DIRECTION('ref_axis',(-0.707106781186546,0.707106781186549,0.));
#2314=DIRECTION('center_axis',(0.,0.,1.));
#2315=DIRECTION('ref_axis',(-0.707106781186546,0.707106781186549,0.));
#2316=DIRECTION('center_axis',(-0.707106781186547,0.,0.707106781186548));
#2317=DIRECTION('ref_axis',(0.707106781186548,0.,0.707106781186547));
#2318=DIRECTION('',(0.707106781186548,-7.85046229341887E-16,0.707106781186547));
#2319=DIRECTION('',(0.,1.,0.));
#2320=DIRECTION('',(0.,-1.,0.));
#2321=DIRECTION('center_axis',(0.,0.,1.));
#2322=DIRECTION('ref_axis',(0.707106781186546,-0.707106781186549,0.));
#2323=DIRECTION('center_axis',(0.,0.,1.));
#2324=DIRECTION('ref_axis',(0.707106781186546,-0.707106781186549,0.));
#2325=DIRECTION('center_axis',(0.,0.,1.));
#2326=DIRECTION('ref_axis',(1.,0.,0.));
#2327=DIRECTION('',(0.,1.,0.));
#2328=DIRECTION('',(1.,-1.7684968533852E-15,0.));
#2329=DIRECTION('center_axis',(0.,0.,1.));
#2330=DIRECTION('ref_axis',(-0.707106781186551,-0.707106781186544,0.));
#2331=DIRECTION('',(0.,-1.,0.));
#2332=DIRECTION('',(1.,0.,0.));
#2333=DIRECTION('center_axis',(0.,0.,1.));
#2334=DIRECTION('ref_axis',(-0.707106781186551,-0.707106781186544,0.));
#2335=DIRECTION('',(-4.16333634234436E-15,-1.,0.));
#2336=DIRECTION('',(-1.,0.,0.));
#2337=DIRECTION('',(-1.38777878078146E-15,1.,0.));
#2338=DIRECTION('center_axis',(0.,0.,1.));
#2339=DIRECTION('ref_axis',(0.707106781186549,-0.707106781186546,0.));
#2340=DIRECTION('',(1.,0.,0.));
#2341=DIRECTION('',(-5.39260384428426E-33,1.,0.));
#2342=DIRECTION('center_axis',(0.,0.,1.));
#2343=DIRECTION('ref_axis',(0.707106781186548,-0.707106781186547,0.));
#2344=DIRECTION('',(1.,-1.7684968533852E-15,0.));
#2345=DIRECTION('',(-2.08166817117217E-17,-1.,0.));
#2346=DIRECTION('',(-1.,3.78261826974054E-15,0.));
#2347=DIRECTION('center_axis',(0.,0.,1.));
#2348=DIRECTION('ref_axis',(0.707106781186549,0.707106781186546,0.));
#2349=DIRECTION('',(-5.39260384428426E-33,1.,0.));
#2350=DIRECTION('',(-1.,-1.99726068306824E-33,0.));
#2351=DIRECTION('center_axis',(0.,0.,1.));
#2352=DIRECTION('ref_axis',(0.707106781186547,0.707106781186548,0.));
#2353=DIRECTION('',(-1.38777878078146E-15,1.,0.));
#2354=DIRECTION('',(1.,-2.38565780886715E-14,0.));
#2355=DIRECTION('center_axis',(0.,0.,-1.));
#2356=DIRECTION('ref_axis',(0.70710678118656,0.707106781186535,0.));
#2357=DIRECTION('',(-1.,-1.1309104101772E-14,0.));
#2358=DIRECTION('center_axis',(0.,0.,1.));
#2359=DIRECTION('ref_axis',(-0.707106781186538,-0.707106781186557,0.));
#2360=DIRECTION('',(-1.54074284195202E-14,1.,0.));
#2361=DIRECTION('center_axis',(0.,0.,1.));
#2362=DIRECTION('ref_axis',(-0.707106781186554,0.707106781186541,0.));
#2363=DIRECTION('',(1.,5.24080433984546E-15,0.));
#2364=DIRECTION('center_axis',(0.,0.,-1.));
#2365=DIRECTION('ref_axis',(0.707106781186532,-0.707106781186563,0.));
#2366=DIRECTION('',(4.76235966085478E-14,1.,0.));
#2367=DIRECTION('center_axis',(0.,0.,1.));
#2368=DIRECTION('ref_axis',(-0.707106781186545,0.70710678118655,0.));
#2369=DIRECTION('',(1.,4.25670763358629E-14,0.));
#2370=DIRECTION('center_axis',(0.,0.,1.));
#2371=DIRECTION('ref_axis',(0.707106781186532,0.707106781186563,0.));
#2372=DIRECTION('',(4.63973801335879E-15,-1.,0.));
#2373=DIRECTION('center_axis',(0.,0.,-1.));
#2374=DIRECTION('ref_axis',(-0.707106781186544,-0.707106781186551,0.));
#2375=DIRECTION('',(1.,5.24080433984546E-15,0.));
#2376=DIRECTION('center_axis',(0.,0.,1.));
#2377=DIRECTION('ref_axis',(0.707106781186544,0.707106781186551,0.));
#2378=DIRECTION('',(4.34220560742285E-15,-1.,0.));
#2379=DIRECTION('center_axis',(0.,0.,1.));
#2380=DIRECTION('ref_axis',(0.707106781186552,-0.707106781186543,0.));
#2381=DIRECTION('',(-1.,-1.1309104101772E-14,0.));
#2382=DIRECTION('center_axis',(0.,0.,-1.));
#2383=DIRECTION('ref_axis',(-0.707106781186553,0.707106781186542,0.));
#2384=DIRECTION('',(4.63973801335879E-15,-1.,0.));
#2385=DIRECTION('center_axis',(0.,0.,1.));
#2386=DIRECTION('ref_axis',(0.707106781186543,-0.707106781186552,0.));
#2387=DIRECTION('',(-1.,1.47013048865199E-14,0.));
#2388=DIRECTION('center_axis',(0.,0.,1.));
#2389=DIRECTION('ref_axis',(-0.70710678118657,-0.707106781186526,0.));
#2390=DIRECTION('',(4.76235966085478E-14,1.,0.));
#2391=DIRECTION('center_axis',(-0.707106781186547,0.,0.707106781186548));
#2392=DIRECTION('ref_axis',(0.707106781186548,0.,0.707106781186547));
#2393=DIRECTION('',(0.707106781186548,0.,0.707106781186547));
#2394=DIRECTION('',(0.,1.,0.));
#2395=DIRECTION('',(-0.707106781186548,0.,-0.707106781186547));
#2396=DIRECTION('center_axis',(0.,0.,-1.));
#2397=DIRECTION('ref_axis',(-0.707106781186551,-0.707106781186544,0.));
#2398=DIRECTION('',(0.,0.707106781186546,0.707106781186549));
#2399=DIRECTION('center_axis',(0.,0.,-1.));
#2400=DIRECTION('ref_axis',(-0.707106781186551,-0.707106781186544,0.));
#2401=DIRECTION('center_axis',(-1.25051611753576E-15,-0.707106781186552,
0.707106781186543));
#2402=DIRECTION('ref_axis',(1.,0.,1.76849685338523E-15));
#2403=DIRECTION('',(0.,0.707106781186543,0.707106781186552));
#2404=DIRECTION('',(-1.,1.7684968533852E-15,0.));
#2405=DIRECTION('center_axis',(-0.707106781186547,2.94392336003209E-15,
0.707106781186548));
#2406=DIRECTION('ref_axis',(0.707106781186548,0.,0.707106781186547));
#2407=DIRECTION('',(-0.707106781186548,0.,-0.707106781186547));
#2408=DIRECTION('',(0.707106781186548,0.,0.707106781186547));
#2409=DIRECTION('',(4.16333634234436E-15,1.,0.));
#2410=DIRECTION('center_axis',(0.,0.,-1.));
#2411=DIRECTION('ref_axis',(-0.707106781186551,-0.707106781186544,0.));
#2412=DIRECTION('',(0.,0.707106781186546,0.707106781186549));
#2413=DIRECTION('center_axis',(0.,0.,-1.));
#2414=DIRECTION('ref_axis',(-0.707106781186551,-0.707106781186544,0.));
#2415=DIRECTION('center_axis',(0.,-0.707106781186549,0.707106781186546));
#2416=DIRECTION('ref_axis',(1.,0.,0.));
#2417=DIRECTION('',(0.,0.707106781186546,0.707106781186549));
#2418=DIRECTION('',(-1.,0.,0.));
#2419=DIRECTION('center_axis',(0.,0.,1.));
#2420=DIRECTION('ref_axis',(0.70710678118655,0.707106781186545,0.));
#2421=DIRECTION('center_axis',(0.,0.,1.));
#2422=DIRECTION('ref_axis',(0.70710678118655,0.707106781186545,0.));
#2423=DIRECTION('center_axis',(0.,-0.707106781186549,0.707106781186546));
#2424=DIRECTION('ref_axis',(1.,0.,0.));
#2425=DIRECTION('',(0.,0.707106781186546,0.707106781186549));
#2426=DIRECTION('',(-1.,0.,0.));
#2427=DIRECTION('',(-1.96261557335472E-16,-0.707106781186546,-0.707106781186549));
#2428=DIRECTION('center_axis',(0.,0.,-1.));
#2429=DIRECTION('ref_axis',(0.707106781186549,-0.707106781186546,0.));
#2430=DIRECTION('',(-0.707106781186547,0.,0.707106781186548));
#2431=DIRECTION('center_axis',(0.,0.,-1.));
#2432=DIRECTION('ref_axis',(0.707106781186549,-0.707106781186546,0.));
#2433=DIRECTION('center_axis',(0.707106781186547,9.81307786677371E-16,0.707106781186548));
#2434=DIRECTION('ref_axis',(0.707106781186548,0.,-0.707106781186547));
#2435=DIRECTION('',(-0.707106781186548,0.,0.707106781186547));
#2436=DIRECTION('',(1.38777878078146E-15,-1.,0.));
#2437=DIRECTION('center_axis',(-1.25051611753575E-15,-0.707106781186549,
0.707106781186546));
#2438=DIRECTION('ref_axis',(1.,0.,1.76849685338521E-15));
#2439=DIRECTION('',(-1.47196168001604E-17,-0.707106781186546,-0.707106781186549));
#2440=DIRECTION('',(9.81307786677361E-16,0.707106781186546,0.707106781186549));
#2441=DIRECTION('',(-1.,1.7684968533852E-15,0.));
#2442=DIRECTION('center_axis',(0.,0.,-1.));
#2443=DIRECTION('ref_axis',(0.707106781186548,-0.707106781186547,0.));
#2444=DIRECTION('',(-0.707106781186547,0.,0.707106781186548));
#2445=DIRECTION('center_axis',(0.,0.,-1.));
#2446=DIRECTION('ref_axis',(0.707106781186548,-0.707106781186547,0.));
#2447=DIRECTION('center_axis',(0.707106781186547,3.81314674654604E-33,0.707106781186548));
#2448=DIRECTION('ref_axis',(0.707106781186548,0.,-0.707106781186547));
#2449=DIRECTION('',(-0.707106781186548,0.,0.707106781186547));
#2450=DIRECTION('',(5.39260384428426E-33,-1.,0.));
#2451=DIRECTION('center_axis',(0.,0.,1.));
#2452=DIRECTION('ref_axis',(-0.707106781186549,0.707106781186546,0.));
#2453=DIRECTION('center_axis',(0.,0.,1.));
#2454=DIRECTION('ref_axis',(-0.707106781186549,0.707106781186546,0.));
#2455=DIRECTION('center_axis',(0.707106781186547,3.81314674654604E-33,0.707106781186548));
#2456=DIRECTION('ref_axis',(0.707106781186548,0.,-0.707106781186547));
#2457=DIRECTION('',(-0.707106781186548,0.,0.707106781186547));
#2458=DIRECTION('',(5.39260384428426E-33,-1.,0.));
#2459=DIRECTION('',(0.707106781186548,5.88784672006416E-16,-0.707106781186547));
#2460=DIRECTION('center_axis',(0.,0.,-1.));
#2461=DIRECTION('ref_axis',(0.707106781186549,0.707106781186546,0.));
#2462=DIRECTION('',(-2.7476618026966E-15,-0.707106781186549,0.707106781186546));
#2463=DIRECTION('center_axis',(0.,0.,-1.));
#2464=DIRECTION('ref_axis',(0.707106781186549,0.707106781186546,0.));
#2465=DIRECTION('center_axis',(2.67471502917366E-15,0.707106781186548,0.707106781186547));
#2466=DIRECTION('ref_axis',(1.,0.,-3.78261826974054E-15));
#2467=DIRECTION('',(-1.47196168001604E-17,-0.707106781186547,0.707106781186548));
#2468=DIRECTION('',(1.,-3.78261826974054E-15,0.));
#2469=DIRECTION('center_axis',(0.707106781186547,9.81307786677371E-16,0.707106781186548));
#2470=DIRECTION('ref_axis',(0.707106781186548,0.,-0.707106781186547));
#2471=DIRECTION('',(0.707106781186548,-6.94731176408751E-17,-0.707106781186547));
#2472=DIRECTION('',(-0.707106781186548,-1.57009245868377E-15,0.707106781186547));
#2473=DIRECTION('',(1.38777878078146E-15,-1.,0.));
#2474=DIRECTION('center_axis',(0.,0.,-1.));
#2475=DIRECTION('ref_axis',(0.707106781186547,0.707106781186548,0.));
#2476=DIRECTION('',(3.92523114670944E-16,-0.707106781186548,0.707106781186547));
#2477=DIRECTION('center_axis',(0.,0.,-1.));
#2478=DIRECTION('ref_axis',(0.707106781186547,0.707106781186548,0.));
#2479=DIRECTION('center_axis',(-1.41227657279483E-33,0.707106781186547,
0.707106781186548));
#2480=DIRECTION('ref_axis',(1.,0.,1.99726068306824E-33));
#2481=DIRECTION('',(-3.92523114670944E-16,-0.707106781186548,0.707106781186547));
#2482=DIRECTION('',(1.,1.99726068306824E-33,0.));
#2483=DIRECTION('center_axis',(0.,0.,1.));
#2484=DIRECTION('ref_axis',(-0.707106781186548,-0.707106781186547,0.));
#2485=DIRECTION('center_axis',(0.,0.,1.));
#2486=DIRECTION('ref_axis',(-0.707106781186548,-0.707106781186547,0.));
#2487=DIRECTION('center_axis',(2.67471502917366E-15,0.707106781186548,0.707106781186547));
#2488=DIRECTION('ref_axis',(1.,0.,-3.78261826974055E-15));
#2489=DIRECTION('',(0.,0.707106781186547,-0.707106781186548));
#2490=DIRECTION('',(-1.,3.78261826974054E-15,0.));
#2491=DIRECTION('',(0.,-0.707106781186547,0.707106781186548));
#2492=DIRECTION('',(1.,-3.78261826974054E-15,0.));
#2493=DIRECTION('center_axis',(0.,0.,-1.));
#2494=DIRECTION('ref_axis',(-0.707106781186546,0.707106781186549,0.));
#2495=DIRECTION('center_axis',(0.,0.,1.));
#2496=DIRECTION('ref_axis',(-0.707106781186546,0.707106781186549,0.));
#2497=DIRECTION('',(0.707106781186549,0.,0.707106781186546));
#2498=DIRECTION('center_axis',(0.,0.,-1.));
#2499=DIRECTION('ref_axis',(-0.707106781186546,0.707106781186549,0.));
#2500=DIRECTION('center_axis',(-0.707106781186549,0.,0.707106781186546));
#2501=DIRECTION('ref_axis',(0.707106781186546,0.,0.707106781186549));
#2502=DIRECTION('',(0.707106781186546,0.,0.707106781186549));
#2503=DIRECTION('',(0.,1.,0.));
#2504=DIRECTION('',(0.,-1.,0.));
#2505=DIRECTION('center_axis',(0.,0.,1.));
#2506=DIRECTION('ref_axis',(0.707106781186546,-0.707106781186549,0.));
#2507=DIRECTION('center_axis',(0.,0.,-1.));
#2508=DIRECTION('ref_axis',(0.707106781186546,-0.707106781186549,0.));
#2509=DIRECTION('',(0.,-0.707106781186547,0.707106781186548));
#2510=DIRECTION('center_axis',(0.,0.,1.));
#2511=DIRECTION('ref_axis',(0.707106781186546,-0.707106781186549,0.));
#2512=DIRECTION('center_axis',(-1.41227657279483E-33,0.707106781186548,
0.707106781186547));
#2513=DIRECTION('ref_axis',(1.,0.,1.99726068306825E-33));
#2514=DIRECTION('',(0.,-0.707106781186547,0.707106781186548));
#2515=DIRECTION('',(1.,1.99726068306824E-33,0.));
#2516=DIRECTION('',(-1.,-1.99726068306824E-33,0.));
#2517=DIRECTION('center_axis',(0.,0.,-1.));
#2518=DIRECTION('ref_axis',(-0.707106781186546,0.707106781186549,0.));
#2519=DIRECTION('center_axis',(0.,0.,1.));
#2520=DIRECTION('ref_axis',(-0.707106781186546,0.707106781186549,0.));
#2521=DIRECTION('',(0.707106781186549,-3.14018491736754E-15,0.707106781186546));
#2522=DIRECTION('center_axis',(0.,0.,-1.));
#2523=DIRECTION('ref_axis',(-0.707106781186546,0.707106781186549,0.));
#2524=DIRECTION('center_axis',(-0.707106781186549,2.9439233600321E-15,0.707106781186546));
#2525=DIRECTION('ref_axis',(0.707106781186546,0.,0.707106781186549));
#2526=DIRECTION('',(0.707106781186546,-6.94731176408749E-17,0.707106781186549));
#2527=DIRECTION('',(4.16333634234436E-15,1.,0.));
#2528=DIRECTION('',(-4.16333634234436E-15,-1.,0.));
#2529=DIRECTION('center_axis',(0.,0.,1.));
#2530=DIRECTION('ref_axis',(1.,0.,0.));
#2531=DIRECTION('',(1.,-9.8249825188067E-17,0.));
#2532=DIRECTION('',(0.,1.,0.));
#2533=DIRECTION('center_axis',(-9.8249825188067E-17,-1.,0.));
#2534=DIRECTION('ref_axis',(1.,-9.8249825188067E-17,0.));
#2535=DIRECTION('',(0.,0.,1.));
#2536=DIRECTION('',(0.,0.,1.));
#2537=DIRECTION('',(0.707106781186547,-6.9473117640875E-17,-0.707106781186548));
#2538=DIRECTION('',(1.,-9.8249825188067E-17,0.));
#2539=DIRECTION('',(0.,0.,1.));
#2540=DIRECTION('',(1.,-9.8249825188067E-17,0.));
#2541=DIRECTION('',(0.,0.,1.));
#2542=DIRECTION('center_axis',(-0.707106781186548,2.94392336003209E-15,
0.707106781186548));
#2543=DIRECTION('ref_axis',(0.707106781186548,0.,0.707106781186548));
#2544=DIRECTION('',(-0.707106781186548,0.,-0.707106781186548));
#2545=DIRECTION('',(-4.16333634234436E-15,-1.,0.));
#2546=DIRECTION('',(0.707106781186547,0.,0.707106781186547));
#2547=DIRECTION('',(4.16333634234436E-15,1.,0.));
#2548=DIRECTION('center_axis',(0.,0.,-1.));
#2549=DIRECTION('ref_axis',(-0.707106781186551,-0.707106781186544,0.));
#2550=DIRECTION('center_axis',(0.,0.,1.));
#2551=DIRECTION('ref_axis',(-0.707106781186551,-0.707106781186544,0.));
#2552=DIRECTION('',(0.,0.707106781186546,0.707106781186549));
#2553=DIRECTION('center_axis',(0.,0.,-1.));
#2554=DIRECTION('ref_axis',(-0.707106781186551,-0.707106781186544,0.));
#2555=DIRECTION('center_axis',(0.,-0.707106781186549,0.707106781186546));
#2556=DIRECTION('ref_axis',(1.,0.,0.));
#2557=DIRECTION('',(0.,0.707106781186546,0.707106781186549));
#2558=DIRECTION('',(-1.,0.,0.));
#2559=DIRECTION('',(1.,0.,0.));
#2560=DIRECTION('center_axis',(0.,0.,1.));
#2561=DIRECTION('ref_axis',(0.707106781186551,0.707106781186544,0.));
#2562=DIRECTION('center_axis',(0.,0.,-1.));
#2563=DIRECTION('ref_axis',(0.707106781186551,0.707106781186544,0.));
#2564=DIRECTION('',(0.707106781186546,0.,0.707106781186549));
#2565=DIRECTION('center_axis',(0.,0.,1.));
#2566=DIRECTION('ref_axis',(0.707106781186551,0.707106781186544,0.));
#2567=DIRECTION('center_axis',(-0.707106781186549,0.,0.707106781186546));
#2568=DIRECTION('ref_axis',(0.707106781186546,0.,0.707106781186549));
#2569=DIRECTION('',(0.707106781186546,0.,0.707106781186549));
#2570=DIRECTION('',(0.,1.,0.));
#2571=DIRECTION('',(0.,-1.,0.));
#2572=DIRECTION('center_axis',(0.,0.,-1.));
#2573=DIRECTION('ref_axis',(-0.707106781186551,-0.707106781186544,0.));
#2574=DIRECTION('center_axis',(0.,0.,1.));
#2575=DIRECTION('ref_axis',(-0.707106781186551,-0.707106781186544,0.));
#2576=DIRECTION('',(0.,0.707106781186546,0.707106781186549));
#2577=DIRECTION('center_axis',(0.,0.,-1.));
#2578=DIRECTION('ref_axis',(-0.707106781186551,-0.707106781186544,0.));
#2579=DIRECTION('center_axis',(-1.25051611753576E-15,-0.707106781186552,
0.707106781186543));
#2580=DIRECTION('ref_axis',(1.,0.,1.76849685338523E-15));
#2581=DIRECTION('',(0.,0.707106781186543,0.707106781186552));
#2582=DIRECTION('',(-1.,1.7684968533852E-15,0.));
#2583=DIRECTION('',(1.,-1.7684968533852E-15,0.));
#2584=DIRECTION('center_axis',(-1.7684968533852E-15,-1.,0.));
#2585=DIRECTION('ref_axis',(1.,-1.7684968533852E-15,0.));
#2586=DIRECTION('',(0.,0.,1.));
#2587=DIRECTION('',(0.,0.,1.));
#2588=DIRECTION('center_axis',(0.,0.,1.));
#2589=DIRECTION('ref_axis',(-0.707106781186551,-0.707106781186544,0.));
#2590=DIRECTION('',(0.,0.,-1.));
#2591=DIRECTION('center_axis',(-1.,0.,0.));
#2592=DIRECTION('ref_axis',(0.,-1.,0.));
#2593=DIRECTION('',(0.,0.,1.));
#2594=DIRECTION('center_axis',(0.,0.,1.));
#2595=DIRECTION('ref_axis',(0.707106781186551,0.707106781186544,0.));
#2596=DIRECTION('',(0.,0.,-1.));
#2597=DIRECTION('center_axis',(0.,-1.,0.));
#2598=DIRECTION('ref_axis',(1.,0.,0.));
#2599=DIRECTION('',(0.,0.,1.));
#2600=DIRECTION('center_axis',(0.,0.,1.));
#2601=DIRECTION('ref_axis',(-0.707106781186551,-0.707106781186544,0.));
#2602=DIRECTION('',(0.,0.,-1.));
#2603=DIRECTION('center_axis',(-1.,4.16333634234436E-15,0.));
#2604=DIRECTION('ref_axis',(-4.16333634234436E-15,-1.,0.));
#2605=DIRECTION('',(0.,0.,1.));
#2606=DIRECTION('center_axis',(0.,1.,0.));
#2607=DIRECTION('ref_axis',(-1.,0.,0.));
#2608=DIRECTION('',(-1.,0.,0.));
#2609=DIRECTION('',(0.,0.,1.));
#2610=DIRECTION('',(-1.,0.,0.));
#2611=DIRECTION('',(0.,0.,1.));
#2612=DIRECTION('',(-1.,0.,0.));
#2613=DIRECTION('',(-0.707106781186547,0.,0.707106781186548));
#2614=DIRECTION('',(0.,0.,1.));
#2615=DIRECTION('center_axis',(0.707106781186548,9.81307786677372E-16,0.707106781186547));
#2616=DIRECTION('ref_axis',(0.707106781186547,0.,-0.707106781186548));
#2617=DIRECTION('',(-1.38777878078146E-15,1.,0.));
#2618=DIRECTION('',(-0.707106781186547,-9.81307786677359E-16,0.707106781186548));
#2619=DIRECTION('',(1.38777878078146E-15,-1.,0.));
#2620=DIRECTION('center_axis',(0.,0.,-1.));
#2621=DIRECTION('ref_axis',(0.707106781186547,0.707106781186548,0.));
#2622=DIRECTION('center_axis',(0.,0.,1.));
#2623=DIRECTION('ref_axis',(0.707106781186547,0.707106781186548,0.));
#2624=DIRECTION('',(0.,-0.707106781186547,0.707106781186548));
#2625=DIRECTION('center_axis',(0.,0.,-1.));
#2626=DIRECTION('ref_axis',(0.707106781186547,0.707106781186548,0.));
#2627=DIRECTION('center_axis',(-1.41227657279483E-33,0.707106781186548,
0.707106781186547));
#2628=DIRECTION('ref_axis',(1.,0.,1.99726068306825E-33));
#2629=DIRECTION('',(0.,-0.707106781186547,0.707106781186548));
#2630=DIRECTION('',(1.,1.99726068306824E-33,0.));
#2631=DIRECTION('',(-1.,-1.99726068306824E-33,0.));
#2632=DIRECTION('center_axis',(0.,0.,1.));
#2633=DIRECTION('ref_axis',(-0.707106781186547,-0.707106781186547,0.));
#2634=DIRECTION('center_axis',(0.,0.,-1.));
#2635=DIRECTION('ref_axis',(-0.707106781186548,-0.707106781186547,0.));
#2636=DIRECTION('',(-0.707106781186547,0.,0.707106781186548));
#2637=DIRECTION('center_axis',(0.,0.,1.));
#2638=DIRECTION('ref_axis',(-0.707106781186548,-0.707106781186547,0.));
#2639=DIRECTION('center_axis',(0.707106781186548,3.81314674654605E-33,0.707106781186547));
#2640=DIRECTION('ref_axis',(0.707106781186547,0.,-0.707106781186548));
#2641=DIRECTION('',(-0.707106781186547,0.,0.707106781186548));
#2642=DIRECTION('',(5.39260384428426E-33,-1.,0.));
#2643=DIRECTION('',(-5.39260384428426E-33,1.,0.));
#2644=DIRECTION('center_axis',(0.,0.,-1.));
#2645=DIRECTION('ref_axis',(0.707106781186549,0.707106781186546,0.));
#2646=DIRECTION('center_axis',(0.,0.,1.));
#2647=DIRECTION('ref_axis',(0.707106781186549,0.707106781186546,0.));
#2648=DIRECTION('',(-2.55140024536113E-15,-0.707106781186547,0.707106781186548));
#2649=DIRECTION('center_axis',(0.,0.,-1.));
#2650=DIRECTION('ref_axis',(0.707106781186549,0.707106781186546,0.));
#2651=DIRECTION('center_axis',(2.67471502917366E-15,0.707106781186548,0.707106781186547));
#2652=DIRECTION('ref_axis',(1.,0.,-3.78261826974055E-15));
#2653=DIRECTION('',(-1.47196168001604E-17,-0.707106781186547,0.707106781186548));
#2654=DIRECTION('',(1.,-3.78261826974054E-15,0.));
#2655=DIRECTION('',(-1.,3.78261826974054E-15,0.));
#2656=DIRECTION('center_axis',(0.,0.,1.));
#2657=DIRECTION('ref_axis',(0.707106781186549,0.707106781186546,0.));
#2658=DIRECTION('',(0.,0.,1.));
#2659=DIRECTION('',(0.,0.,-1.));
#2660=DIRECTION('center_axis',(1.,5.39260384428426E-33,0.));
#2661=DIRECTION('ref_axis',(-5.39260384428426E-33,1.,0.));
#2662=DIRECTION('',(0.,0.,1.));
#2663=DIRECTION('center_axis',(0.,0.,1.));
#2664=DIRECTION('ref_axis',(-0.707106781186548,-0.707106781186547,0.));
#2665=DIRECTION('',(0.,0.,-1.));
#2666=DIRECTION('center_axis',(-1.99726068306824E-33,1.,0.));
#2667=DIRECTION('ref_axis',(-1.,-1.99726068306824E-33,0.));
#2668=DIRECTION('',(0.,0.,1.));
#2669=DIRECTION('center_axis',(0.,0.,1.));
#2670=DIRECTION('ref_axis',(0.707106781186547,0.707106781186548,0.));
#2671=DIRECTION('',(0.,0.,-1.));
#2672=DIRECTION('center_axis',(1.,1.38777878078146E-15,0.));
#2673=DIRECTION('ref_axis',(-1.38777878078146E-15,1.,0.));
#2674=DIRECTION('center_axis',(-1.25051611753575E-15,-0.707106781186549,
0.707106781186546));
#2675=DIRECTION('ref_axis',(1.,0.,1.76849685338521E-15));
#2676=DIRECTION('',(-1.47196168001604E-17,-0.707106781186546,-0.707106781186549));
#2677=DIRECTION('',(1.,-1.7684968533852E-15,0.));
#2678=DIRECTION('',(1.17756934401284E-15,0.707106781186543,0.707106781186552));
#2679=DIRECTION('',(-1.,1.7684968533852E-15,0.));
#2680=DIRECTION('center_axis',(0.,0.,-1.));
#2681=DIRECTION('ref_axis',(0.707106781186548,-0.707106781186547,0.));
#2682=DIRECTION('center_axis',(0.,0.,1.));
#2683=DIRECTION('ref_axis',(0.707106781186548,-0.707106781186547,0.));
#2684=DIRECTION('',(-0.707106781186547,0.,0.707106781186548));
#2685=DIRECTION('center_axis',(0.,0.,-1.));
#2686=DIRECTION('ref_axis',(0.707106781186548,-0.707106781186547,0.));
#2687=DIRECTION('center_axis',(0.707106781186548,3.81314674654605E-33,0.707106781186547));
#2688=DIRECTION('ref_axis',(0.707106781186547,0.,-0.707106781186548));
#2689=DIRECTION('',(-0.707106781186547,0.,0.707106781186548));
#2690=DIRECTION('',(5.39260384428426E-33,-1.,0.));
#2691=DIRECTION('',(-5.39260384428426E-33,1.,0.));
#2692=DIRECTION('center_axis',(0.,0.,1.));
#2693=DIRECTION('ref_axis',(-0.707106781186549,0.707106781186546,0.));
#2694=DIRECTION('center_axis',(0.,0.,-1.));
#2695=DIRECTION('ref_axis',(-0.707106781186549,0.707106781186546,0.));
#2696=DIRECTION('',(9.81307786677356E-17,0.707106781186549,0.707106781186546));
#2697=DIRECTION('center_axis',(0.,0.,1.));
#2698=DIRECTION('ref_axis',(-0.707106781186549,0.707106781186546,0.));
#2699=DIRECTION('center_axis',(0.,-0.707106781186549,0.707106781186546));
#2700=DIRECTION('ref_axis',(1.,0.,0.));
#2701=DIRECTION('',(0.,0.707106781186546,0.707106781186549));
#2702=DIRECTION('',(-1.,0.,0.));
#2703=DIRECTION('',(1.,0.,0.));
#2704=DIRECTION('center_axis',(0.,0.,-1.));
#2705=DIRECTION('ref_axis',(0.707106781186549,-0.707106781186546,0.));
#2706=DIRECTION('center_axis',(0.,0.,1.));
#2707=DIRECTION('ref_axis',(0.707106781186549,-0.707106781186546,0.));
#2708=DIRECTION('',(-0.707106781186547,0.,0.707106781186548));
#2709=DIRECTION('center_axis',(0.,0.,-1.));
#2710=DIRECTION('ref_axis',(0.707106781186549,-0.707106781186546,0.));
#2711=DIRECTION('center_axis',(0.707106781186548,9.81307786677372E-16,0.707106781186547));
#2712=DIRECTION('ref_axis',(0.707106781186547,0.,-0.707106781186548));
#2713=DIRECTION('',(1.38777878078146E-15,-1.,0.));
#2714=DIRECTION('',(-1.38777878078146E-15,1.,0.));
#2715=DIRECTION('center_axis',(1.,1.38777878078146E-15,0.));
#2716=DIRECTION('ref_axis',(-1.38777878078146E-15,1.,0.));
#2717=DIRECTION('',(0.,0.,1.));
#2718=DIRECTION('center_axis',(0.,0.,1.));
#2719=DIRECTION('ref_axis',(0.707106781186549,-0.707106781186546,0.));
#2720=DIRECTION('',(0.,0.,-1.));
#2721=DIRECTION('center_axis',(0.,-1.,0.));
#2722=DIRECTION('ref_axis',(1.,0.,0.));
#2723=DIRECTION('',(0.,0.,1.));
#2724=DIRECTION('center_axis',(0.,0.,1.));
#2725=DIRECTION('ref_axis',(-0.707106781186549,0.707106781186546,0.));
#2726=DIRECTION('',(0.,0.,-1.));
#2727=DIRECTION('center_axis',(1.,5.39260384428426E-33,0.));
#2728=DIRECTION('ref_axis',(-5.39260384428426E-33,1.,0.));
#2729=DIRECTION('',(0.,0.,1.));
#2730=DIRECTION('center_axis',(0.,0.,1.));
#2731=DIRECTION('ref_axis',(0.707106781186548,-0.707106781186547,0.));
#2732=DIRECTION('',(0.,0.,-1.));
#2733=DIRECTION('center_axis',(-1.7684968533852E-15,-1.,0.));
#2734=DIRECTION('ref_axis',(1.,-1.7684968533852E-15,0.));
#2735=DIRECTION('',(0.,0.,1.));
#2736=DIRECTION('center_axis',(0.,0.,1.));
#2737=DIRECTION('ref_axis',(0.707106781186552,-0.707106781186543,0.));
#2738=DIRECTION('center_axis',(0.,0.,-1.));
#2739=DIRECTION('ref_axis',(0.707106781186552,-0.707106781186543,0.));
#2740=DIRECTION('',(0.,0.,1.));
#2741=DIRECTION('',(0.,0.,-1.));
#2742=DIRECTION('center_axis',(-1.1309104101772E-14,1.,0.));
#2743=DIRECTION('ref_axis',(-1.,-1.1309104101772E-14,0.));
#2744=DIRECTION('',(-1.,-1.1309104101772E-14,0.));
#2745=DIRECTION('',(0.,0.,-1.));
#2746=DIRECTION('center_axis',(0.,0.,1.));
#2747=DIRECTION('ref_axis',(0.707106781186543,-0.707106781186552,0.));
#2748=DIRECTION('center_axis',(0.,0.,-1.));
#2749=DIRECTION('ref_axis',(0.707106781186543,-0.707106781186552,0.));
#2750=DIRECTION('',(0.,0.,1.));
#2751=DIRECTION('',(0.,0.,-1.));
#2752=DIRECTION('center_axis',(1.47013048865199E-14,1.,0.));
#2753=DIRECTION('ref_axis',(-1.,1.47013048865199E-14,0.));
#2754=DIRECTION('',(-1.,1.47013048865199E-14,0.));
#2755=DIRECTION('',(0.,0.,-1.));
#2756=DIRECTION('center_axis',(0.,0.,1.));
#2757=DIRECTION('ref_axis',(0.707106781186544,0.707106781186551,0.));
#2758=DIRECTION('center_axis',(0.,0.,-1.));
#2759=DIRECTION('ref_axis',(0.707106781186544,0.707106781186551,0.));
#2760=DIRECTION('',(0.,0.,1.));
#2761=DIRECTION('',(0.,0.,-1.));
#2762=DIRECTION('center_axis',(-1.,-4.34220560742285E-15,0.));
#2763=DIRECTION('ref_axis',(4.34220560742285E-15,-1.,0.));
#2764=DIRECTION('',(4.34220560742285E-15,-1.,0.));
#2765=DIRECTION('center_axis',(0.,0.,1.));
#2766=DIRECTION('ref_axis',(0.707106781186532,0.707106781186563,0.));
#2767=DIRECTION('center_axis',(0.,0.,-1.));
#2768=DIRECTION('ref_axis',(0.707106781186532,0.707106781186563,0.));
#2769=DIRECTION('',(0.,0.,1.));
#2770=DIRECTION('',(0.,0.,-1.));
#2771=DIRECTION('center_axis',(-1.,-4.63973801335879E-15,0.));
#2772=DIRECTION('ref_axis',(4.63973801335879E-15,-1.,0.));
#2773=DIRECTION('',(4.63973801335879E-15,-1.,0.));
#2774=DIRECTION('',(0.,0.,-1.));
#2775=DIRECTION('center_axis',(0.,0.,1.));
#2776=DIRECTION('ref_axis',(-0.707106781186545,0.70710678118655,0.));
#2777=DIRECTION('center_axis',(0.,0.,-1.));
#2778=DIRECTION('ref_axis',(-0.707106781186545,0.70710678118655,0.));
#2779=DIRECTION('',(0.,0.,1.));
#2780=DIRECTION('',(0.,0.,-1.));
#2781=DIRECTION('center_axis',(4.25670763358629E-14,-1.,0.));
#2782=DIRECTION('ref_axis',(1.,4.25670763358629E-14,0.));
#2783=DIRECTION('',(1.,4.25670763358629E-14,0.));
#2784=DIRECTION('center_axis',(0.,0.,1.));
#2785=DIRECTION('ref_axis',(-0.707106781186554,0.707106781186541,0.));
#2786=DIRECTION('center_axis',(0.,0.,-1.));
#2787=DIRECTION('ref_axis',(-0.707106781186554,0.707106781186541,0.));
#2788=DIRECTION('',(0.,0.,1.));
#2789=DIRECTION('',(0.,0.,-1.));
#2790=DIRECTION('center_axis',(5.24080433984546E-15,-1.,0.));
#2791=DIRECTION('ref_axis',(1.,5.24080433984546E-15,0.));
#2792=DIRECTION('',(1.,5.24080433984546E-15,0.));
#2793=DIRECTION('',(0.,0.,-1.));
#2794=DIRECTION('center_axis',(0.,0.,1.));
#2795=DIRECTION('ref_axis',(-0.707106781186538,-0.707106781186557,0.));
#2796=DIRECTION('center_axis',(0.,0.,-1.));
#2797=DIRECTION('ref_axis',(-0.707106781186538,-0.707106781186557,0.));
#2798=DIRECTION('',(0.,0.,1.));
#2799=DIRECTION('',(0.,0.,-1.));
#2800=DIRECTION('center_axis',(1.,1.54074284195202E-14,0.));
#2801=DIRECTION('ref_axis',(-1.54074284195202E-14,1.,0.));
#2802=DIRECTION('',(-1.54074284195202E-14,1.,0.));
#2803=DIRECTION('center_axis',(0.,0.,1.));
#2804=DIRECTION('ref_axis',(-0.70710678118657,-0.707106781186526,0.));
#2805=DIRECTION('center_axis',(0.,0.,-1.));
#2806=DIRECTION('ref_axis',(-0.70710678118657,-0.707106781186526,0.));
#2807=DIRECTION('',(0.,0.,1.));
#2808=DIRECTION('center_axis',(1.,-4.76235966085478E-14,0.));
#2809=DIRECTION('ref_axis',(4.76235966085478E-14,1.,0.));
#2810=DIRECTION('',(4.76235966085478E-14,1.,0.));
#2811=DIRECTION('',(0.,0.,-1.));
#2812=DIRECTION('center_axis',(0.,0.,1.));
#2813=DIRECTION('ref_axis',(0.70710678118656,0.707106781186535,0.));
#2814=DIRECTION('center_axis',(0.,0.,1.));
#2815=DIRECTION('ref_axis',(0.70710678118656,0.707106781186535,0.));
#2816=DIRECTION('',(0.,0.,1.));
#2817=DIRECTION('center_axis',(0.,0.,1.));
#2818=DIRECTION('ref_axis',(-0.707106781186553,0.707106781186542,0.));
#2819=DIRECTION('center_axis',(0.,0.,1.));
#2820=DIRECTION('ref_axis',(-0.707106781186553,0.707106781186542,0.));
#2821=DIRECTION('',(0.,0.,1.));
#2822=DIRECTION('center_axis',(0.,0.,1.));
#2823=DIRECTION('ref_axis',(-0.707106781186544,-0.707106781186551,0.));
#2824=DIRECTION('center_axis',(0.,0.,1.));
#2825=DIRECTION('ref_axis',(-0.707106781186544,-0.707106781186551,0.));
#2826=DIRECTION('',(0.,0.,1.));
#2827=DIRECTION('center_axis',(0.,0.,1.));
#2828=DIRECTION('ref_axis',(0.707106781186532,-0.707106781186563,0.));
#2829=DIRECTION('center_axis',(0.,0.,1.));
#2830=DIRECTION('ref_axis',(0.707106781186532,-0.707106781186563,0.));
#2831=DIRECTION('',(0.,0.,1.));
#2832=DIRECTION('center_axis',(0.,0.,1.));
#2833=DIRECTION('ref_axis',(0.707106781186546,-0.707106781186549,0.));
#2834=DIRECTION('',(0.,0.,1.));
#2835=DIRECTION('',(0.,0.,-1.));
#2836=DIRECTION('center_axis',(-1.99726068306824E-33,1.,0.));
#2837=DIRECTION('ref_axis',(-1.,-1.99726068306824E-33,0.));
#2838=DIRECTION('',(0.,0.,-1.));
#2839=DIRECTION('center_axis',(0.,0.,1.));
#2840=DIRECTION('ref_axis',(1.,0.,0.));
#2841=DIRECTION('',(-2.08166817117217E-17,-1.,0.));
#2842=DIRECTION('center_axis',(3.78261826974054E-15,1.,0.));
#2843=DIRECTION('ref_axis',(-1.,3.78261826974054E-15,0.));
#2844=DIRECTION('',(0.,0.,1.));
#2845=DIRECTION('center_axis',(0.,0.,1.));
#2846=DIRECTION('ref_axis',(1.,0.,0.));
#2847=DIRECTION('',(-2.08166817117217E-17,-1.,0.));
#2848=DIRECTION('center_axis',(0.,0.,1.));
#2849=DIRECTION('ref_axis',(-0.707106781186546,0.707106781186549,0.));
#2850=DIRECTION('',(0.,0.,1.));
#2851=DIRECTION('',(0.,0.,-1.));
#2852=DIRECTION('center_axis',(-1.,0.,0.));
#2853=DIRECTION('ref_axis',(0.,-1.,0.));
#2854=DIRECTION('center_axis',(0.,0.,1.));
#2855=DIRECTION('ref_axis',(-0.707106781186546,0.707106781186549,0.));
#2856=DIRECTION('',(0.,0.,1.));
#2857=DIRECTION('center_axis',(-1.,4.16333634234436E-15,0.));
#2858=DIRECTION('ref_axis',(-4.16333634234436E-15,-1.,0.));
#2859=DIRECTION('center_axis',(0.,0.,1.));
#2860=DIRECTION('ref_axis',(1.,0.,0.));
#2861=DIRECTION('',(0.,1.,0.));
#2862=DIRECTION('center_axis',(-1.,-4.63973801335879E-15,0.));
#2863=DIRECTION('ref_axis',(4.63973801335879E-15,-1.,0.));
#2864=DIRECTION('',(4.63973801335879E-15,-1.,0.));
#2865=DIRECTION('center_axis',(5.24080433984546E-15,-1.,0.));
#2866=DIRECTION('ref_axis',(1.,5.24080433984546E-15,0.));
#2867=DIRECTION('',(1.,5.24080433984546E-15,0.));
#2868=DIRECTION('center_axis',(1.,-4.76235966085478E-14,0.));
#2869=DIRECTION('ref_axis',(4.76235966085478E-14,1.,0.));
#2870=DIRECTION('',(4.76235966085478E-14,1.,0.));
#2871=DIRECTION('center_axis',(-1.1309104101772E-14,1.,0.));
#2872=DIRECTION('ref_axis',(-1.,-1.1309104101772E-14,0.));
#2873=DIRECTION('',(-1.,-1.1309104101772E-14,0.));
#2874=DIRECTION('center_axis',(-1.,2.08166817117217E-17,0.));
#2875=DIRECTION('ref_axis',(-2.08166817117217E-17,-1.,0.));
#2876=DIRECTION('',(-2.08166817117217E-17,-1.,0.));
#2877=DIRECTION('center_axis',(3.78261826974054E-15,1.,0.));
#2878=DIRECTION('ref_axis',(-1.,3.78261826974054E-15,0.));
#2879=DIRECTION('',(0.,0.,1.));
#2880=DIRECTION('center_axis',(1.,0.,0.));
#2881=DIRECTION('ref_axis',(0.,1.,0.));
#2882=DIRECTION('',(0.,1.,0.));
#2883=DIRECTION('center_axis',(0.,0.,1.));
#2884=DIRECTION('ref_axis',(1.,0.,0.));
#2885=CARTESIAN_POINT('',(0.,0.,0.));
#2886=CARTESIAN_POINT('Origin',(14.7,0.25,1.45));
#2887=CARTESIAN_POINT('',(17.1,0.5,1.2));
#2888=CARTESIAN_POINT('',(17.1,0.,1.7));
#2889=CARTESIAN_POINT('',(17.1,0.5,1.2));
#2890=CARTESIAN_POINT('',(19.1,0.,1.7));
#2891=CARTESIAN_POINT('',(14.7,0.,1.7));
#2892=CARTESIAN_POINT('',(19.1,0.5,1.2));
#2893=CARTESIAN_POINT('',(19.1,0.,1.7));
#2894=CARTESIAN_POINT('',(14.7,0.5,1.2));
#2895=CARTESIAN_POINT('Origin',(17.1,-1.,1.45));
#2896=CARTESIAN_POINT('',(15.6,-0.999999999999994,1.2));
#2897=CARTESIAN_POINT('',(16.1,-0.999999999999996,1.7));
#2898=CARTESIAN_POINT('',(15.6,-0.999999999999994,1.2));
#2899=CARTESIAN_POINT('Origin',(17.1,-1.,1.7));
#2900=CARTESIAN_POINT('Origin',(17.1,-1.,1.2));
#2901=CARTESIAN_POINT('Origin',(15.85,9.24999999999999,1.45));
#2902=CARTESIAN_POINT('',(15.6,-1.4999999999998,1.2));
#2903=CARTESIAN_POINT('',(16.1,-1.49999999999982,1.7));
#2904=CARTESIAN_POINT('',(15.55,-1.5,1.15000000000001));
#2905=CARTESIAN_POINT('',(16.1,9.24999999999999,1.7));
#2906=CARTESIAN_POINT('',(15.6,9.24999999999999,1.2));
#2907=CARTESIAN_POINT('Origin',(15.45,5.7499999999999,1.45));
#2908=CARTESIAN_POINT('',(21.1000000000001,5.49999999999988,1.7));
#2909=CARTESIAN_POINT('',(21.1,5.99999999999988,1.2));
#2910=CARTESIAN_POINT('',(21.1,12.5499999999999,-5.35000000000002));
#2911=CARTESIAN_POINT('',(20.6,5.99999999999988,1.2));
#2912=CARTESIAN_POINT('',(15.45,5.9999999999999,1.2));
#2913=CARTESIAN_POINT('',(20.6,5.49999999999988,1.7));
#2914=CARTESIAN_POINT('',(20.6,5.99999999999988,1.2));
#2915=CARTESIAN_POINT('',(15.45,5.4999999999999,1.7));
#2916=CARTESIAN_POINT('Origin',(20.6,4.49999999999989,1.45));
#2917=CARTESIAN_POINT('',(19.1,4.49999999999989,1.2));
#2918=CARTESIAN_POINT('',(19.6,4.49999999999989,1.7));
#2919=CARTESIAN_POINT('',(19.1,4.49999999999989,1.2));
#2920=CARTESIAN_POINT('Origin',(20.6,4.49999999999989,1.7));
#2921=CARTESIAN_POINT('Origin',(20.6,4.49999999999989,1.2));
#2922=CARTESIAN_POINT('Origin',(19.35,11.9999999999999,1.45));
#2923=CARTESIAN_POINT('',(19.6,0.5,1.7));
#2924=CARTESIAN_POINT('',(19.1,0.5,1.2));
#2925=CARTESIAN_POINT('',(19.6,11.9999999999999,1.7));
#2926=CARTESIAN_POINT('',(19.1,11.9999999999999,1.2));
#2927=CARTESIAN_POINT('Origin',(19.1,0.5,1.7));
#2928=CARTESIAN_POINT('Origin',(19.1,0.5,1.7));
#2929=CARTESIAN_POINT('Origin',(9.79999999999996,18.5,1.2));
#2930=CARTESIAN_POINT('',(21.1,30.9999999999999,1.2));
#2931=CARTESIAN_POINT('',(21.1,-1.5,1.2));
#2932=CARTESIAN_POINT('',(20.6,30.9999999999999,1.2));
#2933=CARTESIAN_POINT('',(14.7,31.,1.2));
#2934=CARTESIAN_POINT('',(19.1,32.4999999999999,1.2));
#2935=CARTESIAN_POINT('Origin',(20.6,32.4999999999999,1.2));
#2936=CARTESIAN_POINT('',(19.1,36.5,1.2));
#2937=CARTESIAN_POINT('',(19.1,27.75,1.2));
#2938=CARTESIAN_POINT('',(17.1000000000002,36.5,1.2));
#2939=CARTESIAN_POINT('',(12.9500000000001,36.5,1.2));
#2940=CARTESIAN_POINT('',(15.6000000000002,38.,1.2));
#2941=CARTESIAN_POINT('Origin',(17.1000000000002,38.,1.2));
#2942=CARTESIAN_POINT('',(15.6000000000002,38.5,1.2));
#2943=CARTESIAN_POINT('',(15.6000000000001,28.5,1.2));
#2944=CARTESIAN_POINT('',(3.99999999999994,38.5,1.2));
#2945=CARTESIAN_POINT('',(21.1,38.5,1.2));
#2946=CARTESIAN_POINT('',(3.99999999999994,38.,1.2));
#2947=CARTESIAN_POINT('',(3.99999999999996,27.75,1.2));
#2948=CARTESIAN_POINT('',(2.49999999999994,36.5,1.2));
#2949=CARTESIAN_POINT('Origin',(2.49999999999994,38.,1.2));
#2950=CARTESIAN_POINT('',(0.5,36.5,1.2));
#2951=CARTESIAN_POINT('',(4.89999999999998,36.5,1.2));
#2952=CARTESIAN_POINT('',(0.499999999999999,32.5,1.2));
#2953=CARTESIAN_POINT('',(0.5,25.,1.2));
#2954=CARTESIAN_POINT('',(-1.,31.,1.2));
#2955=CARTESIAN_POINT('Origin',(-1.,32.5,1.2));
#2956=CARTESIAN_POINT('',(-1.5,31.,1.2));
#2957=CARTESIAN_POINT('',(4.15000000000002,31.,1.2));
#2958=CARTESIAN_POINT('',(-1.5,5.99999999999997,1.2));
#2959=CARTESIAN_POINT('',(-1.5,38.5,1.2));
#2960=CARTESIAN_POINT('',(-0.999999999999994,5.99999999999997,1.2));
#2961=CARTESIAN_POINT('',(4.89999999999996,5.99999999999994,1.2));
#2962=CARTESIAN_POINT('',(0.5,4.49999999999997,1.2));
#2963=CARTESIAN_POINT('Origin',(-1.,4.49999999999997,1.2));
#2964=CARTESIAN_POINT('',(0.5,0.5,1.2));
#2965=CARTESIAN_POINT('',(0.5,9.25,1.2));
#2966=CARTESIAN_POINT('',(2.5,0.5,1.2));
#2967=CARTESIAN_POINT('',(6.64999999999998,0.5,1.2));
#2968=CARTESIAN_POINT('',(4.,-0.999999999999998,1.2));
#2969=CARTESIAN_POINT('Origin',(2.5,-1.,1.2));
#2970=CARTESIAN_POINT('',(4.,-1.49999999999953,1.2));
#2971=CARTESIAN_POINT('',(3.99999999999999,8.50000000000024,1.2));
#2972=CARTESIAN_POINT('',(3.5,-1.49999999999952,1.2));
#2973=CARTESIAN_POINT('',(4.24999999999988,7.25000000000005,1.2));
#2974=CARTESIAN_POINT('',(5.24999999999989,6.25,1.2));
#2975=CARTESIAN_POINT('Origin',(4.24999999999989,6.25000000000005,1.2));
#2976=CARTESIAN_POINT('',(2.75000000000021,7.25000000000003,1.2));
#2977=CARTESIAN_POINT('',(17.85,7.2500000000002,1.2));
#2978=CARTESIAN_POINT('',(1.7500000000002,8.25000000000002,1.2));
#2979=CARTESIAN_POINT('Origin',(2.7500000000002,8.25000000000003,1.2));
#2980=CARTESIAN_POINT('',(1.74999999999989,28.75,1.2));
#2981=CARTESIAN_POINT('',(1.75000000000022,7.25000000000002,1.2));
#2982=CARTESIAN_POINT('',(2.74999999999988,29.75,1.2));
#2983=CARTESIAN_POINT('Origin',(2.74999999999989,28.75,1.2));
#2984=CARTESIAN_POINT('',(4.25000000000106,29.75,1.2));
#2985=CARTESIAN_POINT('',(1.74999999999987,29.75,1.2));
#2986=CARTESIAN_POINT('',(5.25000000000106,30.75,1.2));
#2987=CARTESIAN_POINT('Origin',(4.25000000000106,30.75,1.2));
#2988=CARTESIAN_POINT('',(5.25000000000122,34.2499999999984,1.2));
#2989=CARTESIAN_POINT('',(5.25000000000127,35.2499999999983,1.2));
#2990=CARTESIAN_POINT('',(6.25000000000118,35.2499999999984,1.2));
#2991=CARTESIAN_POINT('Origin',(6.25000000000122,34.2499999999984,1.2));
#2992=CARTESIAN_POINT('',(13.3499999999995,35.2499999999987,1.2));
#2993=CARTESIAN_POINT('',(16.1000000000002,35.2499999999988,1.2));
#2994=CARTESIAN_POINT('',(14.3499999999995,34.2499999999987,1.2));
#2995=CARTESIAN_POINT('Origin',(13.3499999999995,34.2499999999987,1.2));
#2996=CARTESIAN_POINT('',(14.3499999999995,30.7500000000001,1.2));
#2997=CARTESIAN_POINT('',(14.3499999999997,1.7499999999982,1.2));
#2998=CARTESIAN_POINT('',(15.3499999999995,29.7500000000001,1.2));
#2999=CARTESIAN_POINT('Origin',(15.3499999999995,30.7500000000001,1.2));
#3000=CARTESIAN_POINT('',(16.8499999999999,29.7500000000001,1.2));
#3001=CARTESIAN_POINT('',(1.74999999999987,29.75,1.2));
#3002=CARTESIAN_POINT('',(17.8499999999999,28.7500000000001,1.2));
#3003=CARTESIAN_POINT('Origin',(16.8499999999999,28.7500000000001,1.2));
#3004=CARTESIAN_POINT('',(17.85,8.2500000000002,1.2));
#3005=CARTESIAN_POINT('',(17.8499999999999,29.7500000000001,1.2));
#3006=CARTESIAN_POINT('',(16.85,7.25000000000019,1.2));
#3007=CARTESIAN_POINT('Origin',(16.85,8.25000000000019,1.2));
#3008=CARTESIAN_POINT('',(15.3499999999996,7.25000000000017,1.2));
#3009=CARTESIAN_POINT('',(17.85,7.2500000000002,1.2));
#3010=CARTESIAN_POINT('',(14.3499999999997,6.25000000000017,1.2));
#3011=CARTESIAN_POINT('Origin',(15.3499999999997,6.25000000000017,1.2));
#3012=CARTESIAN_POINT('',(14.3499999999997,2.74999999999822,1.2));
#3013=CARTESIAN_POINT('',(14.3499999999997,1.7499999999982,1.2));
#3014=CARTESIAN_POINT('',(13.3499999999997,1.74999999999822,1.2));
#3015=CARTESIAN_POINT('Origin',(13.3499999999997,2.74999999999822,1.2));
#3016=CARTESIAN_POINT('',(6.24999999999971,1.74999999999832,1.2));
#3017=CARTESIAN_POINT('',(5.24999999999967,1.74999999999833,1.2));
#3018=CARTESIAN_POINT('',(5.24999999999972,2.74999999999837,1.2));
#3019=CARTESIAN_POINT('Origin',(6.24999999999972,2.74999999999832,1.2));
#3020=CARTESIAN_POINT('',(5.25000000000127,35.2499999999983,1.2));
#3021=CARTESIAN_POINT('Origin',(19.35,27.75,1.45));
#3022=CARTESIAN_POINT('',(19.6,32.4999999999999,1.7));
#3023=CARTESIAN_POINT('',(19.1,32.4999999999999,1.2));
#3024=CARTESIAN_POINT('',(19.6,36.5,1.7));
#3025=CARTESIAN_POINT('',(19.6,27.75,1.7));
#3026=CARTESIAN_POINT('',(19.6,36.5,1.7));
#3027=CARTESIAN_POINT('Origin',(20.6,32.4999999999999,1.45));
#3028=CARTESIAN_POINT('',(20.6,31.4999999999999,1.7));
#3029=CARTESIAN_POINT('',(20.6,30.9999999999999,1.2));
#3030=CARTESIAN_POINT('Origin',(20.6,32.4999999999999,1.7));
#3031=CARTESIAN_POINT('Origin',(14.7,31.2499999999999,1.45));
#3032=CARTESIAN_POINT('',(21.1000000000001,31.4999999999999,1.7));
#3033=CARTESIAN_POINT('',(21.1,30.9499999999999,1.15));
#3034=CARTESIAN_POINT('',(14.7,31.4999999999999,1.7));
#3035=CARTESIAN_POINT('Origin',(15.8500000000001,28.5,1.45));
#3036=CARTESIAN_POINT('',(16.1000000000002,38.5,1.7));
#3037=CARTESIAN_POINT('',(16.8000000000001,38.5,2.39999999999995));
#3038=CARTESIAN_POINT('',(16.1000000000002,38.,1.7));
#3039=CARTESIAN_POINT('',(15.6000000000002,38.,1.2));
#3040=CARTESIAN_POINT('',(16.1000000000001,28.5,1.7));
#3041=CARTESIAN_POINT('Origin',(17.1000000000002,38.,1.45));
#3042=CARTESIAN_POINT('',(17.1000000000002,37.,1.7));
#3043=CARTESIAN_POINT('',(17.1000000000002,36.5,1.2));
#3044=CARTESIAN_POINT('Origin',(17.1000000000002,38.,1.7));
#3045=CARTESIAN_POINT('Origin',(12.9500000000001,36.75,1.45));
#3046=CARTESIAN_POINT('',(19.1,37.,1.7));
#3047=CARTESIAN_POINT('',(19.1,36.5,1.2));
#3048=CARTESIAN_POINT('',(12.9500000000001,37.,1.7));
#3049=CARTESIAN_POINT('Origin',(19.1,36.5,1.7));
#3050=CARTESIAN_POINT('Origin',(19.1,36.5,1.7));
#3051=CARTESIAN_POINT('Origin',(4.89999999999998,36.75,1.45));
#3052=CARTESIAN_POINT('',(2.49999999999994,37.,1.7));
#3053=CARTESIAN_POINT('',(2.49999999999994,36.5,1.2));
#3054=CARTESIAN_POINT('',(0.5,37.,1.7));
#3055=CARTESIAN_POINT('',(4.89999999999998,37.,1.7));
#3056=CARTESIAN_POINT('',(0.5,37.,1.7));
#3057=CARTESIAN_POINT('Origin',(2.49999999999994,38.,1.45));
#3058=CARTESIAN_POINT('',(3.49999999999994,38.,1.7));
#3059=CARTESIAN_POINT('',(3.99999999999994,38.,1.2));
#3060=CARTESIAN_POINT('Origin',(2.49999999999994,38.,1.7));
#3061=CARTESIAN_POINT('Origin',(3.74999999999996,27.75,1.45));
#3062=CARTESIAN_POINT('',(3.49999999999994,38.5,1.7));
#3063=CARTESIAN_POINT('',(8.44999999999997,38.5,-3.25000000000002));
#3064=CARTESIAN_POINT('',(3.49999999999996,27.75,1.7));
#3065=CARTESIAN_POINT('Origin',(4.15000000000002,31.25,1.45));
#3066=CARTESIAN_POINT('',(-1.49999999999994,31.5,1.7));
#3067=CARTESIAN_POINT('',(-1.5,32.7,2.9));
#3068=CARTESIAN_POINT('',(-1.,31.5,1.7));
#3069=CARTESIAN_POINT('',(-1.,31.,1.2));
#3070=CARTESIAN_POINT('',(4.15000000000002,31.5,1.7));
#3071=CARTESIAN_POINT('Origin',(-1.,32.5,1.45));
#3072=CARTESIAN_POINT('',(0.,32.5,1.7));
#3073=CARTESIAN_POINT('',(0.499999999999999,32.5,1.2));
#3074=CARTESIAN_POINT('Origin',(-1.,32.5,1.7));
#3075=CARTESIAN_POINT('Origin',(0.25,25.,1.45));
#3076=CARTESIAN_POINT('',(0.,36.5,1.7));
#3077=CARTESIAN_POINT('',(0.5,36.5,1.2));
#3078=CARTESIAN_POINT('',(0.,25.,1.7));
#3079=CARTESIAN_POINT('Origin',(0.5,36.5,1.7));
#3080=CARTESIAN_POINT('Origin',(0.5,36.5,1.7));
#3081=CARTESIAN_POINT('Origin',(0.25,9.25,1.45));
#3082=CARTESIAN_POINT('',(0.,4.49999999999997,1.7));
#3083=CARTESIAN_POINT('',(0.5,4.49999999999997,1.2));
#3084=CARTESIAN_POINT('',(0.,0.5,1.7));
#3085=CARTESIAN_POINT('',(0.,9.25,1.7));
#3086=CARTESIAN_POINT('',(0.,0.5,1.7));
#3087=CARTESIAN_POINT('Origin',(-1.,4.49999999999997,1.45));
#3088=CARTESIAN_POINT('',(-0.999999999999996,5.49999999999997,1.7));
#3089=CARTESIAN_POINT('',(-0.999999999999994,5.99999999999997,1.2));
#3090=CARTESIAN_POINT('Origin',(-1.,4.49999999999997,1.7));
#3091=CARTESIAN_POINT('Origin',(4.89999999999996,5.74999999999994,1.45));
#3092=CARTESIAN_POINT('',(-1.50000000000015,5.49999999999997,1.7));
#3093=CARTESIAN_POINT('',(-1.5,14.3,-7.1));
#3094=CARTESIAN_POINT('',(4.89999999999995,5.49999999999994,1.7));
#3095=CARTESIAN_POINT('Origin',(3.74999999999998,8.50000000000024,1.45));
#3096=CARTESIAN_POINT('',(3.5,-1.49999999999952,1.7));
#3097=CARTESIAN_POINT('',(7.2,-1.5,-2.));
#3098=CARTESIAN_POINT('',(3.5,-0.999999999999999,1.7));
#3099=CARTESIAN_POINT('',(4.,-0.999999999999998,1.2));
#3100=CARTESIAN_POINT('',(3.49999999999998,8.50000000000023,1.7));
#3101=CARTESIAN_POINT('Origin',(2.5,-1.,1.45));
#3102=CARTESIAN_POINT('',(2.5,0.,1.7));
#3103=CARTESIAN_POINT('',(2.5,0.5,1.2));
#3104=CARTESIAN_POINT('Origin',(2.5,-1.,1.7));
#3105=CARTESIAN_POINT('Origin',(6.64999999999998,0.25,1.45));
#3106=CARTESIAN_POINT('',(0.5,0.,1.7));
#3107=CARTESIAN_POINT('',(0.5,0.5,1.2));
#3108=CARTESIAN_POINT('',(6.64999999999998,0.,1.7));
#3109=CARTESIAN_POINT('Origin',(0.5,0.5,1.7));
#3110=CARTESIAN_POINT('Origin',(0.5,0.5,1.7));
#3111=CARTESIAN_POINT('Origin',(19.8500000000001,5.24999999999989,14.75));
#3112=CARTESIAN_POINT('',(21.1,4.99999999999988,15.));
#3113=CARTESIAN_POINT('',(21.1000000000001,5.49999999999988,14.5));
#3114=CARTESIAN_POINT('',(21.1,15.4999999999999,4.49999999999998));
#3115=CARTESIAN_POINT('',(20.6,5.49999999999988,14.5));
#3116=CARTESIAN_POINT('',(19.8500000000001,5.49999999999989,14.5));
#3117=CARTESIAN_POINT('',(20.6,4.99999999999989,15.));
#3118=CARTESIAN_POINT('',(20.6,5.49999999999988,14.5));
#3119=CARTESIAN_POINT('',(19.8500000000001,4.99999999999989,15.));
#3120=CARTESIAN_POINT('Origin',(20.6,4.49999999999989,14.75));
#3121=CARTESIAN_POINT('',(19.6,4.49999999999989,14.5));
#3122=CARTESIAN_POINT('Origin',(20.6,4.49999999999989,14.5));
#3123=CARTESIAN_POINT('',(20.1,4.49999999999989,15.));
#3124=CARTESIAN_POINT('',(19.6,4.49999999999989,14.5));
#3125=CARTESIAN_POINT('Origin',(20.6,4.49999999999989,15.));
#3126=CARTESIAN_POINT('Origin',(19.85,3.74999999999992,14.75));
#3127=CARTESIAN_POINT('',(19.6,0.5,14.5));
#3128=CARTESIAN_POINT('',(20.1,0.5,15.));
#3129=CARTESIAN_POINT('',(19.6,0.5,14.5));
#3130=CARTESIAN_POINT('',(20.1,3.74999999999992,15.));
#3131=CARTESIAN_POINT('',(19.6,3.74999999999992,14.5));
#3132=CARTESIAN_POINT('Origin',(19.1,0.5,14.75));
#3133=CARTESIAN_POINT('',(19.1,0.,14.5));
#3134=CARTESIAN_POINT('Origin',(19.1,0.5,14.5));
#3135=CARTESIAN_POINT('',(19.1,-0.499999999999999,15.));
#3136=CARTESIAN_POINT('',(19.1,0.,14.5));
#3137=CARTESIAN_POINT('Origin',(19.1,0.5,15.));
#3138=CARTESIAN_POINT('Origin',(19.1,-0.25,14.75));
#3139=CARTESIAN_POINT('',(17.1,0.,14.5));
#3140=CARTESIAN_POINT('',(17.1,-0.5,15.));
#3141=CARTESIAN_POINT('',(17.1,0.,14.5));
#3142=CARTESIAN_POINT('',(19.1,-0.5,15.));
#3143=CARTESIAN_POINT('',(19.1,0.,14.5));
#3144=CARTESIAN_POINT('Origin',(17.1,-1.,14.75));
#3145=CARTESIAN_POINT('',(16.1,-0.999999999999996,14.5));
#3146=CARTESIAN_POINT('Origin',(17.1,-1.,14.5));
#3147=CARTESIAN_POINT('',(16.6,-0.999999999999998,15.));
#3148=CARTESIAN_POINT('',(16.1,-0.999999999999996,14.5));
#3149=CARTESIAN_POINT('Origin',(17.1,-1.,15.));
#3150=CARTESIAN_POINT('Origin',(16.35,0.999999999999976,14.75));
#3151=CARTESIAN_POINT('',(16.1,-1.49999999999982,14.5));
#3152=CARTESIAN_POINT('',(16.6,-1.5,15.));
#3153=CARTESIAN_POINT('',(12.6,-1.5,11.));
#3154=CARTESIAN_POINT('',(16.6,0.999999999999975,15.));
#3155=CARTESIAN_POINT('',(16.1,0.999999999999977,14.5));
#3156=CARTESIAN_POINT('Origin',(18.6,1.99999999999994,15.));
#3157=CARTESIAN_POINT('',(21.1,-1.5,15.));
#3158=CARTESIAN_POINT('',(-1.5,-1.5,15.));
#3159=CARTESIAN_POINT('',(21.1,-1.5,15.));
#3160=CARTESIAN_POINT('Origin',(16.1,-1.5,0.));
#3161=CARTESIAN_POINT('',(16.1,-1.49999999999982,0.));
#3162=CARTESIAN_POINT('',(3.5,-1.49999999999952,14.5));
#3163=CARTESIAN_POINT('',(3.5,-1.49999999999952,0.));
#3164=CARTESIAN_POINT('',(3.,-1.5,15.));
#3165=CARTESIAN_POINT('',(10.15,-1.5,7.85));
#3166=CARTESIAN_POINT('',(-1.5,-1.5,15.));
#3167=CARTESIAN_POINT('',(-1.5,-1.5,15.));
#3168=CARTESIAN_POINT('',(-1.5,-1.5,0.));
#3169=CARTESIAN_POINT('',(-1.5,-1.5,0.));
#3170=CARTESIAN_POINT('',(21.1,-1.5,0.));
#3171=CARTESIAN_POINT('',(-1.5,-1.5,0.));
#3172=CARTESIAN_POINT('',(21.1,-1.5,0.));
#3173=CARTESIAN_POINT('Origin',(16.3500000000002,36.75,14.75));
#3174=CARTESIAN_POINT('',(16.6000000000002,38.5,15.));
#3175=CARTESIAN_POINT('',(16.1000000000002,38.5,14.5));
#3176=CARTESIAN_POINT('',(13.8500000000001,38.5,12.25));
#3177=CARTESIAN_POINT('',(16.1000000000002,38.,14.5));
#3178=CARTESIAN_POINT('',(16.1000000000002,36.75,14.5));
#3179=CARTESIAN_POINT('',(16.6000000000002,38.,15.));
#3180=CARTESIAN_POINT('',(16.1000000000002,38.,14.5));
#3181=CARTESIAN_POINT('',(16.6000000000002,36.75,15.));
#3182=CARTESIAN_POINT('Origin',(17.1000000000002,38.,14.75));
#3183=CARTESIAN_POINT('',(17.1000000000002,37.,14.5));
#3184=CARTESIAN_POINT('Origin',(17.1000000000002,38.,14.5));
#3185=CARTESIAN_POINT('',(17.1000000000002,37.5,15.));
#3186=CARTESIAN_POINT('',(17.1000000000002,37.,14.5));
#3187=CARTESIAN_POINT('Origin',(17.1000000000002,38.,15.));
#3188=CARTESIAN_POINT('Origin',(17.3500000000001,37.25,14.75));
#3189=CARTESIAN_POINT('',(19.1,37.,14.5));
#3190=CARTESIAN_POINT('',(19.1,37.5,15.));
#3191=CARTESIAN_POINT('',(19.1,37.,14.5));
#3192=CARTESIAN_POINT('',(17.3500000000001,37.5,15.));
#3193=CARTESIAN_POINT('',(17.3500000000001,37.,14.5));
#3194=CARTESIAN_POINT('Origin',(19.1,36.5,14.75));
#3195=CARTESIAN_POINT('',(19.6,36.5,14.5));
#3196=CARTESIAN_POINT('Origin',(19.1,36.5,14.5));
#3197=CARTESIAN_POINT('',(20.1,36.5,15.));
#3198=CARTESIAN_POINT('',(19.6,36.5,14.5));
#3199=CARTESIAN_POINT('Origin',(19.1,36.5,15.));
#3200=CARTESIAN_POINT('Origin',(19.85,36.,14.75));
#3201=CARTESIAN_POINT('',(19.6,32.4999999999999,14.5));
#3202=CARTESIAN_POINT('',(20.1,32.4999999999999,15.));
#3203=CARTESIAN_POINT('',(19.6,32.4999999999999,14.5));
#3204=CARTESIAN_POINT('',(20.1,36.,15.));
#3205=CARTESIAN_POINT('',(19.6,36.,14.5));
#3206=CARTESIAN_POINT('Origin',(20.6,32.4999999999999,14.75));
#3207=CARTESIAN_POINT('',(20.6,31.4999999999999,14.5));
#3208=CARTESIAN_POINT('Origin',(20.6,32.4999999999999,14.5));
#3209=CARTESIAN_POINT('',(20.6,31.9999999999999,15.));
#3210=CARTESIAN_POINT('',(20.6,31.4999999999999,14.5));
#3211=CARTESIAN_POINT('Origin',(20.6,32.4999999999999,15.));
#3212=CARTESIAN_POINT('Origin',(19.1000000000001,31.7499999999999,14.75));
#3213=CARTESIAN_POINT('',(21.1000000000001,31.4999999999999,14.5));
#3214=CARTESIAN_POINT('',(21.1,31.9999999999999,15.));
#3215=CARTESIAN_POINT('',(21.1,27.9999999999999,11.));
#3216=CARTESIAN_POINT('',(19.1000000000001,31.9999999999999,15.));
#3217=CARTESIAN_POINT('',(19.1000000000001,31.4999999999999,14.5));
#3218=CARTESIAN_POINT('Origin',(19.6,31.4999999999999,0.));
#3219=CARTESIAN_POINT('',(21.1000000000001,31.4999999999999,0.));
#3220=CARTESIAN_POINT('',(20.6,31.4999999999999,0.));
#3221=CARTESIAN_POINT('Origin',(20.6,32.4999999999999,0.));
#3222=CARTESIAN_POINT('',(19.6,32.4999999999999,0.));
#3223=CARTESIAN_POINT('Origin',(19.6,37.,0.));
#3224=CARTESIAN_POINT('',(19.6,36.5,0.));
#3225=CARTESIAN_POINT('Origin',(19.1,36.5,0.));
#3226=CARTESIAN_POINT('',(19.1,37.,0.));
#3227=CARTESIAN_POINT('Origin',(16.1000000000002,37.,0.));
#3228=CARTESIAN_POINT('',(17.1000000000002,37.,0.));
#3229=CARTESIAN_POINT('Origin',(17.1000000000002,38.,0.));
#3230=CARTESIAN_POINT('',(16.1000000000002,38.,0.));
#3231=CARTESIAN_POINT('Origin',(16.1000000000002,38.5,0.));
#3232=CARTESIAN_POINT('',(16.1000000000002,38.5,0.));
#3233=CARTESIAN_POINT('Origin',(21.1,38.5,0.));
#3234=CARTESIAN_POINT('',(21.1,38.5,15.));
#3235=CARTESIAN_POINT('',(21.1,38.5,15.));
#3236=CARTESIAN_POINT('',(21.1,38.5,0.));
#3237=CARTESIAN_POINT('',(21.1,38.5,0.));
#3238=CARTESIAN_POINT('',(-1.5,38.5,0.));
#3239=CARTESIAN_POINT('',(21.1,38.5,0.));
#3240=CARTESIAN_POINT('',(-1.5,38.5,15.));
#3241=CARTESIAN_POINT('',(-1.5,38.5,0.));
#3242=CARTESIAN_POINT('',(2.99999999999994,38.5,15.));
#3243=CARTESIAN_POINT('',(21.1,38.5,15.));
#3244=CARTESIAN_POINT('',(3.49999999999994,38.5,14.5));
#3245=CARTESIAN_POINT('',(11.4,38.5,6.59999999999998));
#3246=CARTESIAN_POINT('',(3.49999999999994,38.5,0.));
#3247=CARTESIAN_POINT('Origin',(3.25,0.250000000000236,14.75));
#3248=CARTESIAN_POINT('',(3.5,-0.999999999999999,14.5));
#3249=CARTESIAN_POINT('',(3.5,0.250000000000236,14.5));
#3250=CARTESIAN_POINT('',(3.,-0.999999999999999,15.));
#3251=CARTESIAN_POINT('',(3.5,-0.999999999999999,14.5));
#3252=CARTESIAN_POINT('',(3.,0.250000000000235,15.));
#3253=CARTESIAN_POINT('Origin',(2.5,-1.,14.75));
#3254=CARTESIAN_POINT('',(2.5,0.,14.5));
#3255=CARTESIAN_POINT('Origin',(2.5,-1.,14.5));
#3256=CARTESIAN_POINT('',(2.5,-0.5,15.));
#3257=CARTESIAN_POINT('',(2.5,0.,14.5));
#3258=CARTESIAN_POINT('Origin',(2.5,-1.,15.));
#3259=CARTESIAN_POINT('Origin',(2.24999999999996,-0.25,14.75));
#3260=CARTESIAN_POINT('',(0.5,0.,14.5));
#3261=CARTESIAN_POINT('',(0.5,-0.5,15.));
#3262=CARTESIAN_POINT('',(0.5,0.,14.5));
#3263=CARTESIAN_POINT('',(2.24999999999996,-0.5,15.));
#3264=CARTESIAN_POINT('',(2.24999999999996,0.,14.5));
#3265=CARTESIAN_POINT('Origin',(0.5,0.5,14.75));
#3266=CARTESIAN_POINT('',(0.,0.5,14.5));
#3267=CARTESIAN_POINT('Origin',(0.5,0.5,14.5));
#3268=CARTESIAN_POINT('',(-0.5,0.5,15.));
#3269=CARTESIAN_POINT('',(0.,0.5,14.5));
#3270=CARTESIAN_POINT('Origin',(0.5,0.5,15.));
#3271=CARTESIAN_POINT('Origin',(-0.25,0.999999999999992,14.75));
#3272=CARTESIAN_POINT('',(0.,4.49999999999997,14.5));
#3273=CARTESIAN_POINT('',(-0.5,4.49999999999997,15.));
#3274=CARTESIAN_POINT('',(0.,4.49999999999997,14.5));
#3275=CARTESIAN_POINT('',(-0.5,0.999999999999992,15.));
#3276=CARTESIAN_POINT('',(0.,0.999999999999992,14.5));
#3277=CARTESIAN_POINT('Origin',(-1.,4.49999999999997,14.75));
#3278=CARTESIAN_POINT('',(-0.999999999999996,5.49999999999997,14.5));
#3279=CARTESIAN_POINT('Origin',(-1.,4.49999999999997,14.5));
#3280=CARTESIAN_POINT('',(-0.999999999999998,4.99999999999997,15.));
#3281=CARTESIAN_POINT('',(-0.999999999999996,5.49999999999997,14.5));
#3282=CARTESIAN_POINT('Origin',(-1.,4.49999999999997,15.));
#3283=CARTESIAN_POINT('Origin',(0.499999999999967,5.24999999999996,14.75));
#3284=CARTESIAN_POINT('',(-1.50000000000015,5.49999999999997,14.5));
#3285=CARTESIAN_POINT('',(-1.5,4.99999999999997,15.));
#3286=CARTESIAN_POINT('',(-1.5,17.25,2.74999999999999));
#3287=CARTESIAN_POINT('',(0.499999999999966,4.99999999999996,15.));
#3288=CARTESIAN_POINT('',(0.499999999999968,5.49999999999996,14.5));
#3289=CARTESIAN_POINT('Origin',(-1.,4.49999999999997,0.));
#3290=CARTESIAN_POINT('',(-0.999999999999996,5.49999999999997,0.));
#3291=CARTESIAN_POINT('',(0.,4.49999999999997,0.));
#3292=CARTESIAN_POINT('Origin',(0.,0.,0.));
#3293=CARTESIAN_POINT('',(0.,0.5,0.));
#3294=CARTESIAN_POINT('Origin',(0.5,0.5,0.));
#3295=CARTESIAN_POINT('',(0.5,0.,0.));
#3296=CARTESIAN_POINT('Origin',(3.5,6.99041239073885E-33,0.));
#3297=CARTESIAN_POINT('',(2.5,0.,0.));
#3298=CARTESIAN_POINT('Origin',(2.5,-1.,0.));
#3299=CARTESIAN_POINT('',(3.5,-0.999999999999999,0.));
#3300=CARTESIAN_POINT('Origin',(3.5,-1.49999999999952,0.));
#3301=CARTESIAN_POINT('Origin',(-0.249999999999987,31.75,14.75));
#3302=CARTESIAN_POINT('',(-1.5,32.,15.));
#3303=CARTESIAN_POINT('',(-1.49999999999994,31.5,14.5));
#3304=CARTESIAN_POINT('',(-1.5,29.75,12.75));
#3305=CARTESIAN_POINT('',(-1.,31.5,14.5));
#3306=CARTESIAN_POINT('',(-0.249999999999987,31.5,14.5));
#3307=CARTESIAN_POINT('',(-1.,32.,15.));
#3308=CARTESIAN_POINT('',(-1.,31.5,14.5));
#3309=CARTESIAN_POINT('',(-0.249999999999986,32.,15.));
#3310=CARTESIAN_POINT('Origin',(-1.,32.5,14.75));
#3311=CARTESIAN_POINT('',(0.,32.5,14.5));
#3312=CARTESIAN_POINT('Origin',(-1.,32.5,14.5));
#3313=CARTESIAN_POINT('',(-0.499999999999999,32.5,15.));
#3314=CARTESIAN_POINT('',(0.,32.5,14.5));
#3315=CARTESIAN_POINT('Origin',(-1.,32.5,15.));
#3316=CARTESIAN_POINT('Origin',(-0.25,33.25,14.75));
#3317=CARTESIAN_POINT('',(0.,36.5,14.5));
#3318=CARTESIAN_POINT('',(-0.5,36.5,15.));
#3319=CARTESIAN_POINT('',(0.,36.5,14.5));
#3320=CARTESIAN_POINT('',(-0.5,33.25,15.));
#3321=CARTESIAN_POINT('',(0.,33.25,14.5));
#3322=CARTESIAN_POINT('Origin',(0.5,36.5,14.75));
#3323=CARTESIAN_POINT('',(0.5,37.,14.5));
#3324=CARTESIAN_POINT('Origin',(0.5,36.5,14.5));
#3325=CARTESIAN_POINT('',(0.5,37.5,15.));
#3326=CARTESIAN_POINT('',(0.5,37.,14.5));
#3327=CARTESIAN_POINT('Origin',(0.5,36.5,15.));
#3328=CARTESIAN_POINT('Origin',(0.499999999999986,37.25,14.75));
#3329=CARTESIAN_POINT('',(2.49999999999994,37.,14.5));
#3330=CARTESIAN_POINT('',(2.49999999999994,37.5,15.));
#3331=CARTESIAN_POINT('',(2.49999999999994,37.,14.5));
#3332=CARTESIAN_POINT('',(0.499999999999986,37.5,15.));
#3333=CARTESIAN_POINT('',(0.499999999999986,37.,14.5));
#3334=CARTESIAN_POINT('Origin',(2.49999999999994,38.,14.75));
#3335=CARTESIAN_POINT('',(3.49999999999994,38.,14.5));
#3336=CARTESIAN_POINT('Origin',(2.49999999999994,38.,14.5));
#3337=CARTESIAN_POINT('',(2.99999999999994,38.,15.));
#3338=CARTESIAN_POINT('',(3.49999999999994,38.,14.5));
#3339=CARTESIAN_POINT('Origin',(2.49999999999994,38.,15.));
#3340=CARTESIAN_POINT('Origin',(3.24999999999995,36.,14.75));
#3341=CARTESIAN_POINT('',(2.99999999999995,36.,15.));
#3342=CARTESIAN_POINT('',(3.49999999999995,36.,14.5));
#3343=CARTESIAN_POINT('Origin',(3.49999999999995,37.,0.));
#3344=CARTESIAN_POINT('',(3.49999999999994,38.,0.));
#3345=CARTESIAN_POINT('Origin',(2.49999999999994,38.,0.));
#3346=CARTESIAN_POINT('',(2.49999999999994,37.,0.));
#3347=CARTESIAN_POINT('Origin',(0.,37.,0.));
#3348=CARTESIAN_POINT('',(0.5,37.,0.));
#3349=CARTESIAN_POINT('Origin',(0.5,36.5,0.));
#3350=CARTESIAN_POINT('',(0.,36.5,0.));
#3351=CARTESIAN_POINT('Origin',(-1.69867021094954E-31,31.5,0.));
#3352=CARTESIAN_POINT('',(0.,32.5,0.));
#3353=CARTESIAN_POINT('Origin',(-1.,32.5,0.));
#3354=CARTESIAN_POINT('',(-1.,31.5,0.));
#3355=CARTESIAN_POINT('Origin',(-1.49999999999994,31.5,0.));
#3356=CARTESIAN_POINT('',(-1.49999999999994,31.5,0.));
#3357=CARTESIAN_POINT('Origin',(16.85,8.25000000000019,0.));
#3358=CARTESIAN_POINT('',(17.85,8.2500000000002,0.));
#3359=CARTESIAN_POINT('',(16.85,7.25000000000019,0.));
#3360=CARTESIAN_POINT('Origin',(16.85,8.25000000000019,0.));
#3361=CARTESIAN_POINT('',(16.85,7.25000000000019,0.));
#3362=CARTESIAN_POINT('',(17.85,8.2500000000002,0.));
#3363=CARTESIAN_POINT('Origin',(17.85,7.2500000000002,0.));
#3364=CARTESIAN_POINT('',(15.3499999999996,7.25000000000017,0.));
#3365=CARTESIAN_POINT('',(17.85,7.2500000000002,0.));
#3366=CARTESIAN_POINT('',(15.3499999999996,7.25000000000017,0.));
#3367=CARTESIAN_POINT('Origin',(13.3499999999997,2.74999999999822,0.));
#3368=CARTESIAN_POINT('',(14.3499999999997,2.74999999999822,0.));
#3369=CARTESIAN_POINT('',(13.3499999999997,1.74999999999822,0.));
#3370=CARTESIAN_POINT('Origin',(13.3499999999997,2.74999999999822,0.));
#3371=CARTESIAN_POINT('',(13.3499999999997,1.74999999999822,0.));
#3372=CARTESIAN_POINT('',(14.3499999999997,2.74999999999822,0.));
#3373=CARTESIAN_POINT('Origin',(14.3499999999997,1.7499999999982,0.));
#3374=CARTESIAN_POINT('',(6.24999999999971,1.74999999999832,0.));
#3375=CARTESIAN_POINT('',(5.24999999999967,1.74999999999833,0.));
#3376=CARTESIAN_POINT('',(6.24999999999971,1.74999999999832,0.));
#3377=CARTESIAN_POINT('Origin',(16.8499999999999,28.7500000000001,0.));
#3378=CARTESIAN_POINT('',(16.8499999999999,29.7500000000001,0.));
#3379=CARTESIAN_POINT('',(17.8499999999999,28.7500000000001,0.));
#3380=CARTESIAN_POINT('Origin',(16.8499999999999,28.7500000000001,0.));
#3381=CARTESIAN_POINT('',(17.8499999999999,28.7500000000001,0.));
#3382=CARTESIAN_POINT('',(16.8499999999999,29.7500000000001,0.));
#3383=CARTESIAN_POINT('Origin',(17.8499999999999,29.7500000000001,0.));
#3384=CARTESIAN_POINT('',(17.8499999999999,29.7500000000001,0.));
#3385=CARTESIAN_POINT('Origin',(13.3499999999995,34.2499999999987,0.));
#3386=CARTESIAN_POINT('',(13.3499999999995,35.2499999999987,0.));
#3387=CARTESIAN_POINT('',(14.3499999999995,34.2499999999987,0.));
#3388=CARTESIAN_POINT('Origin',(13.3499999999995,34.2499999999987,0.));
#3389=CARTESIAN_POINT('',(14.3499999999995,34.2499999999987,0.));
#3390=CARTESIAN_POINT('',(13.3499999999995,35.2499999999987,0.));
#3391=CARTESIAN_POINT('Origin',(14.3499999999995,35.2499999999987,0.));
#3392=CARTESIAN_POINT('',(14.3499999999995,30.7500000000001,0.));
#3393=CARTESIAN_POINT('',(14.3499999999997,1.7499999999982,0.));
#3394=CARTESIAN_POINT('',(14.3499999999995,30.7500000000001,0.));
#3395=CARTESIAN_POINT('Origin',(6.25000000000122,34.2499999999984,0.));
#3396=CARTESIAN_POINT('',(5.25000000000122,34.2499999999984,0.));
#3397=CARTESIAN_POINT('',(6.25000000000118,35.2499999999984,0.));
#3398=CARTESIAN_POINT('Origin',(6.25000000000122,34.2499999999984,0.));
#3399=CARTESIAN_POINT('',(6.25000000000118,35.2499999999984,0.));
#3400=CARTESIAN_POINT('',(5.25000000000122,34.2499999999984,0.));
#3401=CARTESIAN_POINT('Origin',(5.25000000000127,35.2499999999983,0.));
#3402=CARTESIAN_POINT('',(16.1000000000002,35.2499999999988,0.));
#3403=CARTESIAN_POINT('Origin',(2.74999999999989,28.75,0.));
#3404=CARTESIAN_POINT('',(1.74999999999989,28.75,0.));
#3405=CARTESIAN_POINT('',(2.74999999999988,29.75,0.));
#3406=CARTESIAN_POINT('Origin',(2.74999999999989,28.75,0.));
#3407=CARTESIAN_POINT('',(2.74999999999988,29.75,0.));
#3408=CARTESIAN_POINT('',(1.74999999999989,28.75,0.));
#3409=CARTESIAN_POINT('Origin',(1.74999999999987,29.75,0.));
#3410=CARTESIAN_POINT('',(4.25000000000106,29.75,0.));
#3411=CARTESIAN_POINT('',(1.74999999999987,29.75,0.));
#3412=CARTESIAN_POINT('',(4.25000000000106,29.75,0.));
#3413=CARTESIAN_POINT('Origin',(2.7500000000002,8.25000000000003,0.));
#3414=CARTESIAN_POINT('',(2.75000000000021,7.25000000000003,0.));
#3415=CARTESIAN_POINT('',(1.7500000000002,8.25000000000002,0.));
#3416=CARTESIAN_POINT('Origin',(2.7500000000002,8.25000000000003,0.));
#3417=CARTESIAN_POINT('',(1.7500000000002,8.25000000000002,0.));
#3418=CARTESIAN_POINT('',(2.75000000000021,7.25000000000003,0.));
#3419=CARTESIAN_POINT('Origin',(1.75000000000022,7.25000000000002,0.));
#3420=CARTESIAN_POINT('',(1.75000000000022,7.25000000000002,0.));
#3421=CARTESIAN_POINT('Origin',(6.24999999999972,2.74999999999832,0.));
#3422=CARTESIAN_POINT('',(5.24999999999972,2.74999999999837,0.));
#3423=CARTESIAN_POINT('Origin',(6.24999999999972,2.74999999999832,0.));
#3424=CARTESIAN_POINT('',(5.24999999999972,2.74999999999837,0.));
#3425=CARTESIAN_POINT('Origin',(5.24999999999967,1.74999999999833,0.));
#3426=CARTESIAN_POINT('',(5.24999999999989,6.25,0.));
#3427=CARTESIAN_POINT('',(5.25000000000127,35.2499999999983,0.));
#3428=CARTESIAN_POINT('',(5.24999999999989,6.25,0.));
#3429=CARTESIAN_POINT('Origin',(4.24999999999989,6.25000000000005,0.));
#3430=CARTESIAN_POINT('',(4.24999999999988,7.25000000000005,0.));
#3431=CARTESIAN_POINT('Origin',(4.24999999999989,6.25000000000005,0.));
#3432=CARTESIAN_POINT('',(4.24999999999988,7.25000000000005,0.));
#3433=CARTESIAN_POINT('Origin',(15.3499999999997,6.25000000000017,0.));
#3434=CARTESIAN_POINT('',(14.3499999999997,6.25000000000017,0.));
#3435=CARTESIAN_POINT('Origin',(15.3499999999997,6.25000000000017,0.));
#3436=CARTESIAN_POINT('',(14.3499999999997,6.25000000000017,0.));
#3437=CARTESIAN_POINT('Origin',(15.3499999999995,30.7500000000001,0.));
#3438=CARTESIAN_POINT('',(15.3499999999995,29.7500000000001,0.));
#3439=CARTESIAN_POINT('Origin',(15.3499999999995,30.7500000000001,0.));
#3440=CARTESIAN_POINT('',(15.3499999999995,29.7500000000001,0.));
#3441=CARTESIAN_POINT('Origin',(4.25000000000106,30.75,0.));
#3442=CARTESIAN_POINT('',(5.25000000000106,30.75,0.));
#3443=CARTESIAN_POINT('Origin',(4.25000000000106,30.75,0.));
#3444=CARTESIAN_POINT('',(5.25000000000106,30.75,0.));
#3445=CARTESIAN_POINT('Origin',(19.1,0.5,0.));
#3446=CARTESIAN_POINT('',(19.1,0.,0.));
#3447=CARTESIAN_POINT('',(19.6,0.5,0.));
#3448=CARTESIAN_POINT('Origin',(19.6,3.91463093881376E-32,0.));
#3449=CARTESIAN_POINT('',(17.1,0.,0.));
#3450=CARTESIAN_POINT('Origin',(0.999999999999923,1.99999999999998,15.));
#3451=CARTESIAN_POINT('',(-1.5,38.5,15.));
#3452=CARTESIAN_POINT('Origin',(0.,5.49999999999996,0.));
#3453=CARTESIAN_POINT('',(-1.50000000000015,5.49999999999997,0.));
#3454=CARTESIAN_POINT('Origin',(0.999999999999973,35.,15.));
#3455=CARTESIAN_POINT('',(-1.5,38.5,15.));
#3456=CARTESIAN_POINT('Origin',(20.6,4.49999999999989,0.));
#3457=CARTESIAN_POINT('',(19.6,4.49999999999989,0.));
#3458=CARTESIAN_POINT('',(20.6,5.49999999999988,0.));
#3459=CARTESIAN_POINT('Origin',(19.6,5.49999999999989,0.));
#3460=CARTESIAN_POINT('Origin',(17.1,-1.,0.));
#3461=CARTESIAN_POINT('',(16.1,-0.999999999999996,0.));
#3462=CARTESIAN_POINT('Origin',(16.1,0.,0.));
#3463=CARTESIAN_POINT('Origin',(18.6000000000001,35.,15.));
#3464=CARTESIAN_POINT('',(21.1,-1.5,15.));
#3465=CARTESIAN_POINT('Origin',(14.3499999999997,7.25000000000016,0.));
#3466=CARTESIAN_POINT('',(14.3499999999997,1.7499999999982,0.));
#3467=CARTESIAN_POINT('Origin',(14.3499999999995,29.7500000000001,0.));
#3468=CARTESIAN_POINT('',(1.74999999999987,29.75,0.));
#3469=CARTESIAN_POINT('Origin',(5.25000000000101,29.75,0.));
#3470=CARTESIAN_POINT('',(5.25000000000127,35.2499999999983,0.));
#3471=CARTESIAN_POINT('Origin',(5.24999999999994,7.25000000000006,0.));
#3472=CARTESIAN_POINT('',(17.85,7.2500000000002,0.));
#3473=CARTESIAN_POINT('Origin',(-1.5,38.5,0.));
#3474=CARTESIAN_POINT('',(-1.5,38.5,0.));
#3475=CARTESIAN_POINT('Origin',(21.1000000000001,5.49999999999988,0.));
#3476=CARTESIAN_POINT('',(21.1000000000001,5.49999999999988,0.));
#3477=CARTESIAN_POINT('Origin',(21.1,31.4999999999999,0.));
#3478=CARTESIAN_POINT('',(21.1,-1.5,0.));
#3479=CARTESIAN_POINT('Origin',(18.6000000000001,35.,0.));
#3480=UNCERTAINTY_MEASURE_WITH_UNIT(LENGTH_MEASURE(0.01),#3484,
'DISTANCE_ACCURACY_VALUE',
'Maximum model space distance between geometric entities at asserted c
onnectivities');
#3481=UNCERTAINTY_MEASURE_WITH_UNIT(LENGTH_MEASURE(0.01),#3484,
'DISTANCE_ACCURACY_VALUE',
'Maximum model space distance between geometric entities at asserted c
onnectivities');
#3482=(
GEOMETRIC_REPRESENTATION_CONTEXT(3)
GLOBAL_UNCERTAINTY_ASSIGNED_CONTEXT((#3480))
GLOBAL_UNIT_ASSIGNED_CONTEXT((#3484,#3486,#3487))
REPRESENTATION_CONTEXT('','3D')
);
#3483=(
GEOMETRIC_REPRESENTATION_CONTEXT(3)
GLOBAL_UNCERTAINTY_ASSIGNED_CONTEXT((#3481))
GLOBAL_UNIT_ASSIGNED_CONTEXT((#3484,#3486,#3487))
REPRESENTATION_CONTEXT('','3D')
);
#3484=(
LENGTH_UNIT()
NAMED_UNIT(*)
SI_UNIT(.MILLI.,.METRE.)
);
#3485=(
LENGTH_UNIT()
NAMED_UNIT(*)
SI_UNIT($,.METRE.)
);
#3486=(
NAMED_UNIT(*)
PLANE_ANGLE_UNIT()
SI_UNIT($,.RADIAN.)
);
#3487=(
NAMED_UNIT(*)
SI_UNIT($,.STERADIAN.)
SOLID_ANGLE_UNIT()
);
#3488=SHAPE_DEFINITION_REPRESENTATION(#3489,#3490);
#3489=PRODUCT_DEFINITION_SHAPE('',$,#3492);
#3490=SHAPE_REPRESENTATION('',(#2096),#3482);
#3491=PRODUCT_DEFINITION_CONTEXT('part definition',#3496,'design');
#3492=PRODUCT_DEFINITION('ta2','ta2 v1',#3493,#3491);
#3493=PRODUCT_DEFINITION_FORMATION('',$,#3498);
#3494=PRODUCT_RELATED_PRODUCT_CATEGORY('ta2 v1','ta2 v1',(#3498));
#3495=APPLICATION_PROTOCOL_DEFINITION('international standard',
'automotive_design',2009,#3496);
#3496=APPLICATION_CONTEXT(
'Core Data for Automotive Mechanical Design Process');
#3497=PRODUCT_CONTEXT('part definition',#3496,'mechanical');
#3498=PRODUCT('ta2','ta2 v1',$,(#3497));
#3499=PRESENTATION_STYLE_ASSIGNMENT((#3500));
#3500=SURFACE_STYLE_USAGE(.BOTH.,#3501);
#3501=SURFACE_SIDE_STYLE('',(#3502));
#3502=SURFACE_STYLE_FILL_AREA(#3503);
#3503=FILL_AREA_STYLE('Steel - Satin',(#3504));
#3504=FILL_AREA_STYLE_COLOUR('Steel - Satin',#3505);
#3505=COLOUR_RGB('Steel - Satin',0.627450980392157,0.627450980392157,0.627450980392157);
ENDSEC;
END-ISO-10303-21;
